"chebi_id","pathway_kegg","pathway_reactome","pathway_wiki","chebi_name","kegg_id","kegg_name"
"15361","hsa00010;hsa00020;hsa00030;hsa00040;hsa00053;hsa00620;hsa00630;hsa00650;hsa00250;hsa00260;hsa00270;hsa00290;hsa00330;hsa00350;hsa00360;hsa00430;hsa00440;hsa00470;hsa00730;hsa00760;hsa00770;hsa00785;hsa00900;hsa04066;hsa04152;hsa04911;hsa04922;hsa05230;hsa05415;hsa04930;hsa04931","","WP5224;WP5213;WP5031;WP1946;WP4504;WP5178;WP357;WP5211;WP1495;WP5049;WP5166;WP2456;WP4206;WP4742;WP4236;WP5314;WP3965;WP5220;WP3602;WP3580;WP5046;WP5083;WP4141;WP4688;WP2453;WP5050;WP4297;WP2333;WP4595;WP5216","pyruvate","C00022","Pyruvate"
"32816","hsa00010;hsa00020;hsa00030;hsa00040;hsa00053;hsa00620;hsa00630;hsa00650;hsa00250;hsa00260;hsa00270;hsa00290;hsa00330;hsa00350;hsa00360;hsa00430;hsa00440;hsa00470;hsa00730;hsa00760;hsa00770;hsa00785;hsa00900;hsa04066;hsa04152;hsa04911;hsa04922;hsa05230;hsa05415;hsa04930;hsa04931","","WP528;WP4629;WP4628;WP106;WP3925;WP4661;WP3604;WP5030;WP661;WP534;WP2456;WP5355;WP5312;WP4290;WP3602;WP3644;WP5433;WP2453;WP2868;WP2333;WP1584","pyruvic acid","C00022","Pyruvate"
"15351","hsa00010;hsa00020;hsa00620;hsa00630;hsa00640;hsa00650;hsa00562;hsa00061;hsa00062;hsa00071;hsa00280;hsa00290;hsa00310;hsa00360;hsa00380;hsa00410;hsa00430;hsa00480;hsa00785;hsa00900;hsa04066;hsa04152;hsa04216;hsa04922;hsa04976;hsa04725;hsa04714;hsa05230;hsa05415;hsa04936;hsa04931","","WP528;WP106;WP521;WP3925;WP694;WP3604;WP2366;WP4519;WP5238;WP197;WP5329;WP5304;WP4718;WP5193;WP5195;WP5333;WP3996;WP143;WP357;WP4313;WP5211;WP100;WP2533;WP534;WP4206;WP4742;WP4236;WP5044;WP3934;WP3965;WP5355;WP5312;WP4290;WP5220;WP3602;WP4189;WP3963;WP5241;WP5123;WP4317;WP368;WP5083;WP299;WP1941;WP4225;WP78;WP2453;WP5050;WP4321;WP4297;WP465","acetyl-CoA","C00024","Acetyl-CoA"
"4167","hsa00010;hsa00030;hsa00052;hsa00500;hsa00520;hsa00524;hsa02010;hsa04066;hsa04068;hsa04152;hsa04148;hsa04911;hsa04910;hsa04922;hsa04917;hsa04976;hsa04973;hsa04978;hsa04742;hsa05230;hsa05415;hsa04930;hsa04932;hsa04931;hsa04933","","WP3915;WP2456;WP3602;WP5094;WP5394;WP5216","D-glucopyranose","C00031","D-Glucose"
"15366","hsa00010;hsa00620;hsa00630;hsa00920;hsa00430;hsa00440;hsa00534;hsa04973;hsa04974;hsa04725;hsa04936","","WP528;WP5219","acetic acid","C00033","Acetate"
"30089","hsa00010;hsa00620;hsa00630;hsa00920;hsa00430;hsa00440;hsa00534;hsa04973;hsa04974;hsa04725;hsa04936","","WP5219;WP3996;WP4966;WP1589;WP3965;WP4030","acetate","C00033","Acetate"
"16452","hsa00010;hsa00020;hsa00620;hsa00630;hsa00250;hsa00470;hsa04922;hsa04964;hsa05230","R-HSA-8963693;R-HSA-8963693;R-HSA-71403;R-HSA-9856872;R-HSA-9856872;R-HSA-70268;R-HSA-70268;R-HSA-75105;R-HSA-389661;R-HSA-389661;R-HSA-9854311;R-HSA-70263;R-HSA-70263;R-HSA-8964539","WP5401;WP106;WP5031;WP3602;WP2453;WP4595","oxaloacetate(2-)","C00036","Oxaloacetate"
"30744","hsa00010;hsa00020;hsa00620;hsa00630;hsa00250;hsa00470;hsa04922;hsa04964;hsa05230","","WP106;WP3925;WP5213;WP4661;WP3604;WP357;WP534;WP4206;WP4742;WP4236;WP4315;WP5355;WP4290;WP5220;WP3602;WP78;WP2453;WP5050;WP4297","oxaloacetic acid","C00036","Oxaloacetate"
"9532","hsa00010;hsa00020;hsa00620;hsa00640;hsa00280;hsa00310;hsa00730;hsa00785;hsa04977","","WP2453","thiamine(1+) diphosphate","C00068","Thiamin diphosphate"
"18021","hsa00010;hsa00020;hsa00620;hsa00400;hsa00440;hsa04922;hsa04964;hsa05230","","WP5211;WP3602;WP2453;WP5216","phosphoenolpyruvate","C00074","Phosphoenolpyruvate"
"44897","hsa00010;hsa00020;hsa00620;hsa00400;hsa00440;hsa04922;hsa04964;hsa05230","","WP4629;WP4628;WP3925;WP3604;WP534;WP5355;WP4290;WP3602;WP5433;WP2453","phosphoenolpyruvic acid","C00074","Phosphoenolpyruvate"
"15343","hsa00010;hsa00620;hsa00920;hsa00564;hsa00360;hsa00430;hsa00440;hsa00470;hsa05208;hsa04936","","WP3604;WP3996;WP4269;WP1589;WP5043","acetaldehyde","C00084","Acetaldehyde"
"61553","hsa00010;hsa00030;hsa00051;hsa00052;hsa00500;hsa00520;hsa04152;hsa04922;hsa05230;hsa05415;hsa04931","","WP3602;WP134","D-fructofuranose 6-phosphate","C00085","D-Fructose 6-phosphate"
"15946","hsa00010;hsa00030;hsa00051;hsa00052;hsa00500;hsa00520;hsa04152;hsa04922;hsa05230;hsa05415;hsa04931","","WP5380;WP3604;WP1946;WP5211;WP5312;WP5220;WP3602;WP5153;WP134","keto-D-fructose 6-phosphate","C00085","D-Fructose 6-phosphate"
"29042","hsa00010;hsa00040;hsa00052;hsa00500;hsa00520;hsa00561;hsa04922","","WP3604;WP698;WP500;WP5312;WP3602;WP5043;WP4297","alpha-D-glucose 1-phosphate","C00103","D-Glucose 1-phosphate"
"16108","hsa00010;hsa00040;hsa00051;hsa00052;hsa00630;hsa00640;hsa00562;hsa00561;hsa00564;hsa00760","","WP4629;WP4628;WP3604;WP1946;WP5178;WP5275;WP143;WP2533;WP534;WP2456;WP5355;WP3602;WP690;WP4297;WP325","dihydroxyacetone phosphate","C00111","Glycerone phosphate"
"29052","hsa00010;hsa00030;hsa00051;hsa00052;hsa00562;hsa00730;hsa00750;hsa00900;hsa05415","","WP4629;WP4628;WP3604;WP1946;WP5178;WP143;WP534;WP2456;WP5355;WP4290;WP3602;WP134;WP5043;WP690;WP4688;WP4297","D-glyceraldehyde 3-phosphate","C00118","D-Glyceraldehyde 3-phosphate"
"422","hsa00010;hsa00051;hsa00620;hsa00640;hsa04066;hsa04024;hsa04148;hsa04922;hsa05230","R-HSA-418594;R-HSA-197264;R-HSA-9749641;R-HSA-427601;R-HSA-561048;R-HSA-70268;R-HSA-381753;R-HSA-381753;R-HSA-433692;R-HSA-428643;R-HSA-3296197;R-HSA-5619070","WP4629;WP4628;WP3925;WP3604;WP661;WP534;WP2456;WP5355;WP5312;WP4290;WP3644;WP5433;WP2868","(S)-lactic acid","C00186","(S)-Lactate"
"16651","hsa00010;hsa00051;hsa00620;hsa00640;hsa04066;hsa04024;hsa04148;hsa04922;hsa05230","","WP5211;WP2456;WP5239;WP4595","(S)-lactate","C00186","(S)-Lactate"
"17794","hsa00010;hsa00030;hsa00630;hsa00561;hsa00260;hsa00270;hsa04922;hsa05230","","WP3602","3-phospho-D-glyceric acid","C00197","3-Phospho-D-glycerate"
"15903","hsa00010;hsa00030","R-HSA-9694548;R-HSA-9683686","WP1403;WP4629;WP4628;WP3925;WP3604;WP1946;WP176;WP661;WP698;WP500;WP534;WP4521;WP5355;WP5312;WP5433;WP690;WP15;WP1982;WP2868;WP1584;WP1533","beta-D-glucose","C00221","beta-D-Glucose"
"16001","hsa00010;hsa05415","","WP4629;WP4628;WP3604;WP534;WP5355;WP4290;WP3602;WP5433","3-phospho-D-glyceroyl dihydrogen phosphate","C00236","3-Phospho-D-glyceroyl phosphate"
"17925","hsa00010;hsa00051;hsa00052;hsa00520;hsa04964","","","alpha-D-glucose","C00267","alpha-D-Glucose"
"37736","hsa00010;hsa00030;hsa00051;hsa00400;hsa04152;hsa04922;hsa05230","","","D-fructofuranose 1,6-bisphosphate","C00354","D-Fructose 1,6-bisphosphate"
"16905","hsa00010;hsa00030;hsa00051;hsa00400;hsa04152;hsa04922;hsa05230","","WP5220","keto-D-fructose 1,6-bisphosphate","C00354","D-Fructose 1,6-bisphosphate"
"16236","hsa00010;hsa00620;hsa04750;hsa05208;hsa05034;hsa04936","R-HSA-5578768;R-HSA-71384;R-HSA-211999","WP3925;WP2826;WP3585;WP3297;WP3996;WP4269;WP1589;WP241;WP5150","ethanol","C00469","Ethanol"
"17835","hsa00010;hsa00030;hsa00630;hsa00561;hsa00260;hsa04922;hsa05230","","WP3604;WP5178;WP3602","2-phospho-D-glyceric acid","C00631","2-Phospho-D-glycerate"
"17665","hsa00010;hsa00030;hsa00052;hsa00520;hsa04152;hsa04922","","WP5220;WP3602","alpha-D-glucose 6-phosphate","C00668","alpha-D-Glucose 6-phosphate"
"17720","hsa00010","","","2,3-bisphospho-D-glyceric acid","C01159","2,3-Bisphospho-D-glycerate"
"17719","hsa00010;hsa00030;hsa04152;hsa04922","","WP2533","beta-D-glucose 6-phosphate","C01172","beta-D-Glucose 6-phosphate"
"17814","hsa00010;hsa04742","R-HSA-418594;R-HSA-9717207;R-HSA-9717207;R-HSA-420499","","salicin","C01451","Salicin"
"978","hsa00010;hsa00020;hsa00620;hsa00785","","WP2453","2-(1-hydroxyethyl)thiamine diphosphate","C05125","2-(alpha-Hydroxyethyl)thiamine diphosphate"
"18305","hsa00010","R-HSA-418594;R-HSA-9717207;R-HSA-9717207;R-HSA-420499","","hydroquinone O-beta-D-glucopyranoside","C06186","Arbutin"
"2807","hsa00010","","","arbutin 6-phosphate","C06187","Arbutin 6-phosphate"
"9003","hsa00010","","","salicin 6-phosphate","C06188","Salicin 6-phosphate"
"80218","hsa00010;hsa00020;hsa00620;hsa00640;hsa00280;hsa00310;hsa00785","","WP2453","Enzyme N6-(lipoyl)lysine","C15972","Enzyme N6-(lipoyl)lysine"
"80219","hsa00010;hsa00020;hsa00620;hsa00640;hsa00280;hsa00310;hsa00785","","WP2453","Enzyme N6-(dihydrolipoyl)lysine","C15973","Enzyme N6-(dihydrolipoyl)lysine"
"80404","hsa00010;hsa00020;hsa00620;hsa00785","","WP2453","[Dihydrolipoyllysine-residue acetyltransferase] S-acetyldihydrolipoyllysine","C16255","[Dihydrolipoyllysine-residue acetyltransferase] S-acetyldihydrolipoyllysine"
"16810","hsa00020;hsa00040;hsa00053;hsa00630;hsa00650;hsa00250;hsa00310;hsa00220;hsa00340;hsa00430;hsa00470;hsa00785;hsa04066;hsa04922;hsa04976;hsa04964;hsa04727;hsa05230","","WP5352;WP5402;WP5348;WP5224;WP5420;WP106;WP3925;WP4661;WP5190;WP4504;WP3585;WP4157;WP4206;WP4236;WP5355;WP4290;WP3602;WP5083;WP4917;WP4688;WP2453;WP5050;WP4297;WP4595","2-oxoglutarate(2-)","C00026","2-Oxoglutarate"
"30915","hsa00020;hsa00040;hsa00053;hsa00630;hsa00650;hsa00250;hsa00310;hsa00220;hsa00340;hsa00430;hsa00470;hsa00785;hsa04066;hsa04922;hsa04976;hsa04964;hsa04727;hsa05230","","WP4657;WP106;WP5213;WP3604;WP4519;WP4315;WP5355;WP5312;WP5220;WP3602;WP3580;WP78;WP2453","2-oxoglutaric acid","C00026","2-Oxoglutarate"
"15741","hsa00020;hsa00620;hsa00630;hsa00640;hsa00650;hsa00190;hsa00920;hsa00250;hsa00310;hsa00350;hsa00360;hsa00760;hsa04024;hsa04922;hsa04727;hsa05230","","WP5420;WP106;WP3925;WP4661;WP3604;WP111;WP4159;WP3602;WP78;WP2453","succinic acid","C00042","Succinate"
"15380","hsa00020;hsa00630;hsa00640;hsa00650;hsa00280;hsa00360;hsa00785;hsa04980","","WP5420;WP3925;WP4661;WP3604;WP5195;WP561;WP5169;WP4206;WP4236;WP4290;WP5220;WP3602;WP78;WP2453;WP4271;WP1533","succinyl-CoA","C00091","Succinyl-CoA"
"18012","hsa00020;hsa00620;hsa00650;hsa00190;hsa00250;hsa00220;hsa00350;hsa00360;hsa00760;hsa04922;hsa05200;hsa05230;hsa05211","","WP106;WP3925;WP4661;WP3604;WP4236;WP5355;WP4290;WP3602;WP4224;WP78;WP2453;WP4241;WP497","fumaric acid","C00122","Fumarate"
"29806","hsa00020;hsa00620;hsa00650;hsa00190;hsa00250;hsa00220;hsa00350;hsa00360;hsa00760;hsa04922;hsa05200;hsa05230;hsa05211","","WP5420;WP106;WP4583;WP5434;WP4206;WP3602;WP2453;WP5050;WP4506;WP4595;WP497;WP4571","fumarate(2-)","C00122","Fumarate"
"15589","hsa00020;hsa00620;hsa00630;hsa04922;hsa04964;hsa04742;hsa05200;hsa05230;hsa05211","R-HSA-1614517;R-HSA-1614517;R-HSA-71403;R-HSA-9856872;R-HSA-9856872;R-HSA-70268;R-HSA-70268;R-HSA-428643;R-HSA-428643;R-HSA-70263","WP5401;WP4206;WP3602;WP2453;WP4241;WP4595","(S)-malate(2-)","C00149","(S)-Malate"
"30797","hsa00020;hsa00620;hsa00630;hsa04922;hsa04964;hsa04742;hsa05200;hsa05230;hsa05211","","WP3925;WP4661;WP3604;WP5434;WP661;WP4236;WP4315;WP3602;WP5046;WP78;WP2453;WP5050","(S)-malic acid","C00149","(S)-Malate"
"16947","hsa00020;hsa00630;hsa00250;hsa04922;hsa04742;hsa05230","","WP5213;WP357;WP4206;WP5355;WP3602;WP2453","citrate(3-)","C00158","Citrate"
"30769","hsa00020;hsa00630;hsa00250;hsa04922;hsa04742;hsa05230","R-HSA-70171;R-HSA-75105;R-HSA-9729555;R-HSA-9729555;R-HSA-200425;R-HSA-428643;R-HSA-433137;R-HSA-433137;R-HSA-389542","WP106;WP3925;WP4661;WP3604;WP4966;WP4290;WP3602;WP78;WP2453","citric acid","C00158","Citrate"
"16087","hsa00020;hsa00630;hsa04922;hsa05230","","WP4206;WP4290;WP4297","isocitrate(3-)","C00311","Isocitrate"
"30887","hsa00020;hsa00630;hsa04922;hsa05230","","WP3925;WP4661;WP4966;WP3602;WP78;WP2453","isocitric acid","C00311","Isocitrate"
"16383","hsa00020;hsa00630","","","cis-aconitate(3-)","C00417","cis-Aconitate"
"32805","hsa00020;hsa00630","","WP3925;WP4661;WP3604;WP78","cis-aconitic acid","C00417","cis-Aconitate"
"7815","hsa00020","","WP2453","oxalosuccinic acid","C05379","Oxalosuccinate"
"1463","hsa00020;hsa00785","","WP2453","3-carboxy-1-hydroxypropylthiamine diphosphate","C05381","3-Carboxy-1-hydroxypropyl-ThPP"
"80403","hsa00020;hsa00785","","WP2453","[Dihydrolipoyllysine-residue succinyltransferase] S-succinyldihydrolipoyllysine","C16254","[Dihydrolipoyllysine-residue succinyltransferase] S-succinyldihydrolipoyllysine"
"52742","hsa00030;hsa00230;hsa00440;hsa00750;hsa04918","","WP3602;WP4792;WP4224","D-ribofuranose 5-phosphate","C00117","D-Ribose 5-phosphate"
"17797","hsa00030;hsa00230;hsa00440;hsa00750;hsa04918","","WP4290;WP5220;WP3602;WP134","aldehydo-D-ribose 5-phosphate","C00117","D-Ribose 5-phosphate"
"17111","hsa00030;hsa00230;hsa00240;hsa00340;hsa00400;hsa00790","","WP3604;WP4584;WP2485;WP5046;WP3644;WP4792;WP4224;WP4022;WP4225","5-O-phosphono-alpha-D-ribofuranosyl diphosphate","C00119","5-Phospho-alpha-D-ribose 1-diphosphate"
"47013","hsa00030;hsa02010","","WP3604","D-ribofuranose","C00121","D-Ribose"
"16217","hsa00030","","WP3604","D-glucono-1,5-lactone","C00198","D-Glucono-1,5-lactone"
"17363","hsa00030;hsa00040;hsa00740","","WP3604;WP4290;WP5220;WP3602;WP134","D-ribulose 5-phosphate","C00199","D-Ribulose 5-phosphate"
"17032","hsa00030;hsa00040","","","2-dehydro-3-deoxy-D-gluconic acid","C00204","2-Dehydro-3-deoxy-D-gluconate"
"16332","hsa00030;hsa00040;hsa00053;hsa04918","","WP3915;WP3604;WP5220;WP3602;WP5043","D-xylulose 5-phosphate","C00231","D-Xylulose 5-phosphate"
"18391","hsa00030","","","D-gluconate","C00257","D-Gluconic acid"
"33198","hsa00030","","WP3604","D-gluconic acid","C00257","D-Gluconic acid"
"16659","hsa00030;hsa00630;hsa00561;hsa00260","","WP5178;WP5166","D-glycerate","C00258","D-Glycerate"
"32398","hsa00030;hsa00630;hsa00561;hsa00260","","WP3604","D-glyceric acid","C00258","D-Glycerate"
"48153","hsa00030;hsa00400;hsa00750","","WP3604;WP4290;WP134;WP5043","D-erythrose 4-phosphate","C00279","D-Erythrose 4-phosphate"
"48928","hsa00030","","WP3604;WP1946;WP4290;WP3602;WP134;WP5043","6-phospho-D-gluconic acid","C00345","6-Phospho-D-gluconate"
"17378","hsa00030;hsa00051;hsa00052;hsa00561","R-HSA-70350","WP5178","D-glyceraldehyde","C00577","D-Glyceraldehyde"
"16300","hsa00030;hsa00230","","","alpha-D-ribose 1-phosphate","C00620","alpha-D-Ribose 1-phosphate"
"11563","hsa00030;hsa00240","","","2-deoxy-alpha-D-ribose 1-phosphate","C00672","2-Deoxy-D-ribose 1-phosphate"
"28542","hsa00030;hsa00240","","WP4022","2-deoxy-D-ribofuranose 1-phosphate","C00672","2-Deoxy-D-ribose 1-phosphate"
"190741","hsa00030","","","Deoxyribose 5-phosphate","C00673","2-Deoxy-D-ribose 5-phosphate"
"16132","hsa00030","","","2-deoxy-D-ribose 5-phosphate","C00673","2-Deoxy-D-ribose 5-phosphate"
"55513","hsa00030","","","2-deoxy-D-ribofuranose 5-phosphate","C00673","2-Deoxy-D-ribose 5-phosphate"
"68819","hsa00030;hsa00440","","","alpha-D-ribose 1,5-bisphosphate","C01151","D-Ribose 1,5-bisphosphate"
"17994","hsa00030;hsa00440","","","D-ribose 1,5-bisphosphate","C01151","D-Ribose 1,5-bisphosphate"
"16710","hsa00030;hsa00630","","","D-ribulose 1,5-bisphosphate","C01182","D-Ribulose 1,5-bisphosphate"
"2229","hsa00030","","","6-phospho-2-dehydro-D-gluconic acid","C01218","6-Phospho-2-dehydro-D-gluconate"
"16938","hsa00030","","WP3604;WP1946;WP3602;WP134;WP5043","6-O-phosphono-D-glucono-1,5-lactone","C01236","D-Glucono-1,5-lactone 6-phosphate"
"28816","hsa00030","","","2-deoxy-D-ribose","C01801","Deoxyribose"
"167607","hsa00030","","","1,3,4,5,6,7-hexahydroxyheptan-2-one","C02076","Sedoheptulose"
"16802","hsa00030","","WP1946","sedoheptulose","C02076","Sedoheptulose"
"27520","hsa00030","","","beta-D-sedoheptulopyranose","C08355","beta-D-Sedoheptulopyranose"
"27520","hsa00030","","","beta-D-sedoheptulopyranose","C02076","Sedoheptulose"
"17784","hsa00030","","","2-amino-2-deoxy-D-gluconic acid","C03752","2-Amino-2-deoxy-D-gluconate"
"15925","hsa00030","","","2-dehydro-3-deoxy-6-phospho-D-gluconic acid","C04442","2-Dehydro-3-deoxy-6-phospho-D-gluconate"
"15721","hsa00030","R-HSA-71336;R-HSA-163754;R-HSA-6791055","WP4290;WP3602;WP134;WP5043","sedoheptulose 7-phosphate","C05382","Sedoheptulose 7-phosphate"
"27973","hsa00030","","","D-arabino-hex-3-ulose 6-phosphate","C06019","D-arabino-Hex-3-ulose 6-phosphate"
"27469","hsa00030","","","2-dehydro-D-gluconic acid","C06473","2-Keto-D-gluconic acid"
"167608","hsa00040;hsa00052;hsa00053;hsa00500;hsa00520;hsa00561;hsa00524","","WP3602","Uridine 5'-diphosphoglucose","C00029","UDP-glucose"
"18066","hsa00040;hsa00052;hsa00053;hsa00500;hsa00520;hsa00561;hsa00524","","WP5173;WP5314;WP5312;WP3602","UDP-D-glucose","C00029","UDP-glucose"
"46229","hsa00040;hsa00052;hsa00053;hsa00500;hsa00520;hsa00561;hsa00524","","WP3604;WP698;WP500;WP3602;WP4900","UDP-alpha-D-glucose","C00029","UDP-glucose"
"17754","hsa00040;hsa00052;hsa00561;hsa02010;hsa04923;hsa04723;hsa04714","R-HSA-70171;R-HSA-163560;R-HSA-1482883;R-HSA-426048;R-HSA-1483148;R-HSA-75109;R-HSA-192456;R-HSA-432047;R-HSA-432047;R-HSA-432030;R-HSA-432030","WP5420;WP5213;WP3604;WP143;WP661;WP2533;WP3601;WP3602;WP5094;WP4321;WP4746;WP325","glycerol","C00116","Glycerol"
"17200","hsa00040;hsa00053;hsa00520","","WP3604;WP698;WP5312;WP4784;WP3871","UDP-alpha-D-glucuronic acid","C00167","UDP-glucuronate"
"53455","hsa00040;hsa00520;hsa02010","","WP3604","D-xylopyranose","C00181","D-Xylose"
"15936","hsa00040;hsa00520;hsa02010","R-HSA-2024096","","aldehydo-D-xylose","C00181","D-Xylose"
"4178","hsa00040;hsa00053;hsa00520;hsa00562","R-HSA-2024096;R-HSA-2160916","WP4784","D-glucuronic acid","C00191","D-Glucuronate"
"47952","hsa00040;hsa00053;hsa00520;hsa00562","","","D-glucopyranuronic acid","C00191","D-Glucuronate"
"15748","hsa00040;hsa00053;hsa00520;hsa00562","R-HSA-5661270;R-HSA-189483;R-HSA-9754706;R-HSA-156588;R-HSA-2160916;R-HSA-5083627;R-HSA-1855183","","D-glucuronate","C00191","D-Glucuronate"
"46994","hsa00040;hsa00053;hsa00520","","","D-arabinopyranose","C00216","D-Arabinose"
"17108","hsa00040;hsa00053;hsa00520","","","D-arabinose","C00216","D-Arabinose"
"17535","hsa00040;hsa00053;hsa00520;hsa02010","","","L-arabinopyranose","C00259","L-Arabinose"
"17071","hsa00040;hsa00630;hsa00750;hsa00790","","","glycolaldehyde","C00266","Glycolaldehyde"
"17173","hsa00040","","WP3604","D-ribulose","C00309","D-Ribulose"
"17173","hsa00040","","WP3604","D-ribulose","C05052","Ribulose"
"17140","hsa00040","","WP3604","D-xylulose","C00310","D-Xylulose"
"165240","hsa00040","","","Lyxulose","C00312","L-Xylulose"
"17399","hsa00040","R-HSA-5661270;R-HSA-5662853","WP3604","L-xylulose","C00312","L-Xylulose"
"12952","hsa00040;hsa00053;hsa00520;hsa02010","","","aldehydo-D-galacturonate","C00333","D-Galacturonate"
"4153","hsa00040;hsa00053;hsa00520;hsa02010","","","D-galactopyranuronic acid","C00333","D-Galacturonate"
"17151","hsa00040;hsa02010","","WP3604","xylitol","C00379","Xylitol"
"17415","hsa00040;hsa00053;hsa00470","","","2,5-dioxopentanoic acid","C00433","2,5-Dioxopentanoate"
"68837","hsa00040;hsa02010","","","pectate","C00470","Pectate"
"15446","hsa00040;hsa02010","","","[(1->4)-alpha-D-galacturonosyl]n","C00470","Pectate"
"15963","hsa00040;hsa00740","","","ribitol","C00474","Ribitol"
"82838","hsa00040","","","D-lyxopyranose","C00476","D-Lyxose"
"16789","hsa00040","","","aldehydo-D-lyxose","C00476","D-Lyxose"
"48093","hsa00040","","","D-xylonic acid","C00502","D-Xylonate"
"182416","hsa00040","","","(3S,4S)-2-(Hydroxymethyl)oxolane-2,3,4-triol","C00508","L-Ribulose"
"16880","hsa00040","","","L-ribulose","C00508","L-Ribulose"
"17767","hsa00040","","","D-mannonate","C00514","D-Mannonate"
"33076","hsa00040","","","D-mannonic acid","C00514","D-Mannonate"
"18403","hsa00040","","WP3604","L-arabinitol","C00532","L-Arabitol"
"17886","hsa00040;hsa00053;hsa00562","","","D-tagaturonate","C00558","D-Tagaturonate"
"16142","hsa00040;hsa00053","","WP3604","3-dehydro-L-gulonic acid","C00618","3-Dehydro-L-gulonate"
"17309","hsa00040;hsa00520;hsa04973","","","pectin","C00714","Pectin"
"16022","hsa00040;hsa00515","","","CDP-ribitol","C00789","CDP-ribitol"
"13115","hsa00040;hsa00053","","WP5405","L-gulonate","C00800","L-Gulonate"
"16154","hsa00040;hsa00053","","","L-gulonic acid","C00800","L-Gulonate"
"46644","hsa00040","","","D-altronic acid","C00817","D-Altronate"
"17360","hsa00040","","","D-altronate","C00817","D-Altronate"
"4126","hsa00040","","","D-fructofuranuronic acid","C00905","D-Fructuronate"
"16246","hsa00040;hsa00515","","","D-ribitol 5-phosphate","C01068","D-Ribitol 5-phosphate"
"17666","hsa00040;hsa00053","","WP4290;WP134","L-ribulose 5-phosphate","C01101","L-Ribulose 5-phosphate"
"62321","hsa00040","","","L-lyxopyranose","C01508","L-Lyxose"
"28480","hsa00040","","","aldehydo-L-lyxose","C01508","L-Lyxose"
"18333","hsa00040","","","D-arabinitol","C01904","D-Arabitol"
"15867","hsa00040","","","D-xylono-1,5-lactone","C02266","D-Xylonolactone"
"33809","hsa00040;hsa02010","","","digalacturonic acid","C02273","Digalacturonate"
"141006","hsa00040;hsa02010","","","alpha-D-GalpA-(1->4)-D-GalpA","C02273","Digalacturonate"
"27975","hsa00040","","","L-glyceraldehyde","C02426","L-Glyceraldehyde"
"168472","hsa00040;hsa00053;hsa04976","","","Tyramine glucuronide","C03033","beta-D-Glucuronoside"
"169226","hsa00040;hsa00053;hsa04976","","","6-Hydroxy-5-methoxyindole glucuronide","C03033","beta-D-Glucuronoside"
"166759","hsa00040;hsa00053;hsa04976","","","15-Hydroxynorandrostene-3,17-dione glucuronide","C03033","beta-D-Glucuronoside"
"167579","hsa00040;hsa00053;hsa04976","","","2-Phenylethanol glucuronide","C03033","beta-D-Glucuronoside"
"174831","hsa00040;hsa00053;hsa04976","","","Phenethylamine glucuronide","C03033","beta-D-Glucuronoside"
"176746","hsa00040;hsa00053;hsa04976","","","Cholest-5-en-3-yl beta-D-glucopyranosiduronic acid","C03033","beta-D-Glucuronoside"
"15341","hsa00040;hsa00053;hsa04976","","","beta-D-glucosiduronic acid","C03033","beta-D-Glucuronoside"
"16593","hsa00040;hsa00053","","","L-xylulose 5-phosphate","C03291","L-Xylulose 5-phosphate"
"1060","hsa00040;hsa00053","","","2-dehydro-3-deoxy-D-arabinonic acid","C03826","2-Dehydro-3-deoxy-D-xylonate"
"17117","hsa00040","","","5-dehydro-4-deoxy-D-glucuronate","C04053","5-Dehydro-4-deoxy-D-glucuronate"
"17782","hsa00040","","","5-dehydro-4-deoxy-D-glucuronic acid","C04053","5-Dehydro-4-deoxy-D-glucuronate"
"15623","hsa00040","","","3-deoxy-D-glycero-hexo-2,5-diulosonic acid","C04349","(4S)-4,6-Dihydroxy-2,5-dioxohexanoate"
"15622","hsa00040;hsa00053","","WP3604","2,3-diketogulonic acid","C04575","(4R,5S)-4,5,6-Trihydroxy-2,3-dioxohexanoate"
"16787","hsa00040;hsa00053;hsa00520","","WP3604","1-phospho-alpha-D-glucuronic acid","C05385","D-Glucuronate 1-phosphate"
"28547","hsa00040;hsa00053;hsa00520","","","D-glucuronate 1-phosphate","C05385","D-Glucuronate 1-phosphate"
"48092","hsa00040;hsa00053","","","L-xylonic acid","C05411","L-Xylonate"
"6268","hsa00040;hsa00053","","WP3604","L-lyxonic acid","C05412","L-Lyxonate"
"27450","hsa00040","","","4-(4-deoxy-alpha-D-gluc-4-enosyluronic acid)-D-galacturonic acid","C06118","4-(4-Deoxy-alpha-D-gluc-4-enuronosyl)-D-galacturonate"
"28566","hsa00040","","","L-xylulose 1-phosphate","C06441","L-Xylulose 1-phosphate"
"49039","hsa00040;hsa00053","","","3-dehydro-L-gulonic acid 6-phosphate","C14899","3-Dehydro-L-gulonate 6-phosphate"
"37425","hsa00040;hsa00053","","","L-galactonic acid","C15930","L-Galactonate"
"37721","hsa00051;hsa00052;hsa00500;hsa00520;hsa02010;hsa04973;hsa04742;hsa05415;hsa04931","","","D-fructofuranose","C00095","D-Fructose"
"15824","hsa00051;hsa00052;hsa00500;hsa00520;hsa02010;hsa04973;hsa04742;hsa05415;hsa04931","R-HSA-418594;R-HSA-189085;R-HSA-189200;R-HSA-189200;R-HSA-9717207;R-HSA-9717207;R-HSA-196791;R-HSA-211916;R-HSA-420499;R-HSA-5657562;R-HSA-5619047;R-HSA-8981373;R-HSA-8981373;R-HSA-5619098","WP5380","D-fructose","C00095","D-Fructose"
"15820","hsa00051;hsa00053;hsa00520;hsa00510","","","GDP-alpha-D-mannose","C00096","GDP-mannose"
"4208","hsa00051;hsa00052;hsa00520;hsa02010;hsa04142;hsa04625","R-HSA-901032;R-HSA-975578;R-HSA-964827;R-HSA-189200;R-HSA-189200;R-HSA-3000480;R-HSA-8853383;R-HSA-8853383","","D-mannopyranose","C00159","D-Mannose"
"48649","hsa00051","","","L-sorbopyranose","C00247","L-Sorbose"
"48066","hsa00051;hsa00520;hsa04142","","","D-mannopyranose 6-phosphate","C00275","D-Mannose 6-phosphate"
"17369","hsa00051;hsa00520;hsa04142","R-HSA-446205;R-HSA-4043911","","D-mannose 6-phosphate","C00275","D-Mannose 6-phosphate"
"13332","hsa00051;hsa00520","","","GDP-beta-L-fucose","C00325","GDP-L-fucose"
"17009","hsa00051;hsa00520","","","GDP-L-fucose","C00325","GDP-L-fucose"
"16899","hsa00051;hsa02010","","","D-mannitol","C00392","Mannitol"
"18041","hsa00051;hsa00620;hsa00640","","","(S)-lactaldehyde","C00424","(S)-Lactaldehyde"
"28808","hsa00051;hsa04613","R-HSA-5621480;R-HSA-5621480","","mannan","C00464","Mannan"
"62345","hsa00051","","","L-rhamnose","C00507","L-Rhamnose"
"62346","hsa00051","","","L-rhamnopyranose","C00507","L-Rhamnose"
"18205","hsa00051;hsa00520","","","alpha-D-mannose 1-phosphate","C00636","D-Mannose 1-phosphate"
"35374","hsa00051;hsa00520","","WP5153","D-mannose 1-phosphate","C00636","D-Mannose 1-phosphate"
"16298","hsa00051","","","D-mannitol 1-phosphate","C00644","D-Mannitol 1-phosphate"
"28602","hsa00051;hsa04152;hsa04922;hsa05230","R-HSA-5628897;R-HSA-70171;R-HSA-9634600","WP4628;WP3915;WP3604;WP3602","beta-D-fructofuranose 2,6-bisphosphate","C00665","beta-D-Fructose 2,6-bisphosphate"
"17924","hsa00051;hsa00052;hsa02010;hsa05415","","WP3604;WP5283;WP690","D-glucitol","C00794","D-Sorbitol"
"17897","hsa00051","","","L-rhamnulose","C00861","L-Rhamnulose"
"85507","hsa00051;hsa00520","","","GDP-alpha-D-mannuronic acid","C00976","GDP-D-mannuronate"
"2181","hsa00051;hsa00520;hsa04625","R-HSA-975578;R-HSA-3000480","","L-fucopyranose","C01019","L-Fucose"
"18105","hsa00051;hsa00400","","WP5433","keto-D-fructose 1-phosphate","C01094","D-Fructose 1-phosphate"
"37515","hsa00051;hsa00400","","","D-fructofuranose 1-phosphate","C01094","D-Fructose 1-phosphate"
"17044","hsa00051","","","D-glucitol 6-phosphate","C01096","Sorbitol 6-phosphate"
"6220","hsa00051","","","alpha-L-fucose 1-phosphate","C01099","L-Fuculose 1-phosphate"
"16647","hsa00051","","","L-fuculose 1-phosphate","C01099","L-Fuculose 1-phosphate"
"17892","hsa00051","","","L-rhamnulose 1-phosphate","C01131","L-Rhamnulose 1-phosphate"
"16955","hsa00051;hsa00520","","","GDP-4-dehydro-6-deoxy-alpha-D-mannose","C01222","GDP-4-dehydro-6-deoxy-D-mannose"
"28796","hsa00051;hsa00500;hsa04973","","","fructan","C01355","Fructan"
"28796","hsa00051;hsa00500;hsa04973","","","fructan","C06215","Levan"
"4093","hsa00051;hsa02010","","","D-allopyranose","C01487","D-Allose"
"21291","hsa00051","","","L-fuconate","C01720","L-Fuconate"
"17291","hsa00051","","","L-fuconic acid","C01720","L-Fuconate"
"17617","hsa00051","","","L-fuculose","C01721","L-Fuculose"
"17548","hsa00051","","","alginic acid","C01768","(Alginate)n"
"21376","hsa00051","","","rhamnonic acid","C01934","L-Rhamnonate"
"17357","hsa00051","","","L-rhamnonic acid","C01934","L-Rhamnonate"
"16935","hsa00051","","","L-rhamnofuranose","C02431","L-Rhamnofuranose"
"27857","hsa00051","","","(1->4)-beta-D-mannan","C02492","1,4-beta-D-Mannan"
"38342","hsa00051","","","L-sorbose 1-phosphate","C02888","Sorbose 1-phosphate"
"17942","hsa00051","","","D-allose 6-phosphate","C02962","D-Allose 6-phosphate"
"16097","hsa00051;hsa00520","","","GDP-6-deoxy-alpha-D-talose","C02977","GDP-6-deoxy-D-talose"
"12387","hsa00051;hsa00520","","","beta-L-fucose 1-phosphate","C02985","L-Fucose 1-phosphate"
"28319","hsa00051;hsa00520","","","L-fucopyranose 1-phosphate","C02985","L-Fucose 1-phosphate"
"17937","hsa00051","","","L-rhamnono-1,4-lactone","C02991","L-Rhamnono-1,4-lactone"
"17661","hsa00051;hsa00520","","","GDP-6-deoxy-alpha-D-mannose","C03117","GDP-6-deoxy-D-mannose"
"12350","hsa00051","","","beta-D-fructofuranose 2-phosphate","C03267","beta-D-Fructose 2-phosphate"
"16950","hsa00051","","","2-dehydro-3-deoxy-L-fuconic acid","C03827","2-Dehydro-3-deoxy-L-fuconate"
"18078","hsa00051","","","2-dehydro-3-deoxy-L-rhamnonic acid","C03979","2-Dehydro-3-deoxy-L-rhamnonate"
"468","hsa00051","","","poly[(1->4)-beta-D-mannuronic acid]","C05144","(beta-D-Mannuronate)n"
"7765","hsa00051","","","Oligouronides","C05392","Oligouronide with 4-deoxy-alpha-L-erythro-hex-4-enopyranuronosyl group"
"28845","hsa00051","","","ADP-alpha-D-mannose","C06192","ADP-mannose"
"16351","hsa00051","","","2-(alpha-D-mannosyl)-3-phosphoglyceric acid","C11516","2-(alpha-D-Mannosyl)-3-phosphoglycerate"
"15847","hsa00051","","","2-(alpha-D-mannosyl)-D-glyceric acid","C11544","2-O-(alpha-D-Mannosyl)-D-glycerate"
"81457","hsa00051","","","L-fucono-1,5-lactone","C18028","L-Fucono-1,5-lactone"
"81499","hsa00051","","","D-Allulose 6-phosphate","C18096","D-Allulose 6-phosphate"
"67119","hsa00052;hsa00520","","WP5345;WP3604;WP5173","UDP-alpha-D-galactose","C00052","UDP-alpha-D-galactose"
"18307","hsa00052;hsa00520","","WP4784","UDP-D-galactose","C00052","UDP-alpha-D-galactose"
"17992","hsa00052;hsa00500;hsa02010;hsa04973;hsa04742","","WP3604;WP5178","sucrose","C00089","Sucrose"
"4139","hsa00052;hsa04973;hsa04978","","","D-galactopyranose","C00124","D-Galactose"
"17268","hsa00052;hsa00053;hsa00562;hsa02010;hsa04070","","WP4949;WP3604;WP3584","myo-inositol","C00137","myo-Inositol"
"17716","hsa00052;hsa02010;hsa04973","R-HSA-189085;R-HSA-5653890;R-HSA-5659898","","lactose","C00243","Lactose"
"17973","hsa00052;hsa00520","","WP3604;WP5173","alpha-D-galactose 1-phosphate","C00446","alpha-D-Galactose 1-phosphate"
"181444","hsa00052;hsa02010","","","(3R,4S,5R,6R)-2-[[(2R,3S,4S,5R)-6-[(2S,3S,4S,5R)-3,4-Dihydroxy-2,5-bis(hydroxymethyl)oxolan-2-yl]oxy-3,4,5-trihydroxyoxan-2-yl]methoxy]-6-(hydroxymethyl)oxane-3,4,5-triol","C00492","Raffinose"
"16634","hsa00052;hsa02010","","WP4298","raffinose","C00492","Raffinose"
"4249","hsa00052","","","D-tagatopyranose","C00795","D-Tagatose"
"12931","hsa00052","","WP5173","D-galactonate","C00880","D-Galactonate"
"16534","hsa00052","","","D-galactonic acid","C00880","D-Galactonate"
"28061","hsa00052;hsa00520","R-HSA-2024096;R-HSA-9840310;R-HSA-2022857","WP3604;WP4583","alpha-D-galactose","C00984","alpha-D-Galactose"
"28061","hsa00052;hsa00520","R-HSA-2024096;R-HSA-9840310;R-HSA-2022857","WP3604;WP4583","alpha-D-galactose","C01582","Galactose"
"4251","hsa00052","","","D-tagatofuranose 6-phosphate","C01097","D-Tagatose 6-phosphate"
"4141","hsa00052","","","D-galactopyranose 6-phosphate","C01113","D-Galactose 6-phosphate"
"17733","hsa00052","","","aldehydo-D-galactose 6-phosphate","C01113","D-Galactose 6-phosphate"
"28037","hsa00052;hsa00520","R-HSA-2024101;R-HSA-9840310;R-HSA-2022857;R-HSA-3000480;R-HSA-3000480","WP5380","N-acetyl-D-galactosamine","C01132","N-Acetyl-D-galactosamine"
"17028","hsa00052","","","2-dehydro-3-deoxy-D-galactonic acid","C01216","2-Dehydro-3-deoxy-D-galactonate"
"17505","hsa00052","","","alpha-D-galactosyl-(1->3)-1D-myo-inositol","C01235","alpha-D-Galactosyl-(1->3)-1D-myo-inositol"
"17860","hsa00052","","","6-phospho-2-dehydro-3-deoxy-D-galactonic acid","C01286","2-Dehydro-3-deoxy-6-phospho-D-galactonate"
"17164","hsa00052","","","stachyose","C01613","Stachyose"
"16813","hsa00052","","WP5173","galactitol","C01697","Galactitol"
"60312","hsa00052","","","2-amino-2-deoxy-D-galactopyranose","C02262","D-Galactosamine"
"177035","hsa00052","","","D-(+)-Galactosamine","C02262","D-Galactosamine"
"15945","hsa00052","","","D-galactono-1,5-lactone","C02669","D-Galactono-1,5-lactone"
"15945","hsa00052","","","D-galactono-1,5-lactone","C15483","D-Galactonolactone"
"15895","hsa00052","","","D-galactono-1,4-lactone","C03383","D-Galactono-1,4-lactone"
"67118","hsa00052;hsa00520","","","UDP-alpha-D-galactofuranose","C03733","UDP-alpha-D-galactofuranose"
"4250","hsa00052","","","D-tagatofuranose 1,6-bisphosphate","C03785","D-Tagatose 1,6-bisphosphate"
"28339","hsa00052","","","lactose 6'-phosphate","C05396","Lactose 6'-phosphate"
"27527","hsa00052","","","melibiitol","C05399","Melibiitol"
"4808","hsa00052","","","epimelibiose","C05400","Epimelibiose"
"153890","hsa00052","","","alpha-D-Manp-(1->6)-D-Galp","C05400","Epimelibiose"
"191711","hsa00052;hsa00561","","","(2R)-1-O-beta-D-Galactopyranosylglycerol","C05401","3-beta-D-Galactosyl-sn-glycerol"
"15754","hsa00052;hsa00561","","","3-O-beta-D-galactopyranosyl-sn-glycerol","C05401","3-beta-D-Galactosyl-sn-glycerol"
"28053","hsa00052;hsa02010","","","melibiose","C05402","Melibiose"
"31005","hsa00052","","","manninotriose","C05404","D-Gal alpha 1->6D-Gal alpha 1->6D-Glucose"
"27387","hsa00052","","","alpha-D-Galp-(1->6)-alpha-D-Galp-(1->6)-D-Glcp","C05404","D-Gal alpha 1->6D-Gal alpha 1->6D-Glucose"
"37165","hsa00052","","","galactan","C05796","Galactan"
"28663","hsa00052","","","galactitol 1-phosphate","C06311","Galactitol 1-phosphate"
"191640","hsa00052","","","N-Acetylglucosamine 6-phosphate","C06376","N-Acetyl-D-galactosamine 6-phosphate"
"18207","hsa00052","","","N-acetyl-D-galactosamine 6-phosphate","C06376","N-Acetyl-D-galactosamine 6-phosphate"
"18232","hsa00052;hsa00520","","","D-galactosamine 6-phosphate","C06377","D-Galactosamine 6-phosphate"
"29073","hsa00053;hsa00480;hsa04066;hsa04977","R-HSA-1650814","WP3604;WP1995;WP2848;WP15;WP1533","L-ascorbic acid","C00072","Ascorbate"
"38290","hsa00053;hsa00480;hsa04066;hsa04977","R-HSA-1234176;R-HSA-1234176;R-HSA-1234176;R-HSA-1234176;R-HSA-196836;R-HSA-196836;R-HSA-209905;R-HSA-1474151;R-HSA-5221030;R-HSA-1234174;R-HSA-8963684;R-HSA-71262","WP4269;WP15","L-ascorbate","C00072","Ascorbate"
"16501","hsa00053","","","L-arabinonate","C00545","L-Arabinonate"
"33510","hsa00053","","","L-arabinonic acid","C00545","L-Arabinonate"
"16085","hsa00053;hsa00520","","","UDP-alpha-D-galacturonic acid","C00617","UDP-D-galacturonate"
"16292","hsa00053","","","D-arabinono-1,4-lactone","C00652","D-Arabinono-1,4-lactone"
"16369","hsa00053","","","5-dehydro-4-deoxy-D-glucaric acid","C00679","5-Dehydro-4-deoxy-D-glucarate"
"42819","hsa00053","","","5-dehydro-4-deoxy-D-glucarate(2-)","C00679","5-Dehydro-4-deoxy-D-glucarate"
"17647","hsa00053","","","2-dehydro-3-deoxy-L-arabinonic acid","C00684","2-Dehydro-3-deoxy-L-arabinonate"
"16002","hsa00053","","WP3604","D-glucaric acid","C00818","D-Glucarate"
"30612","hsa00053","","","D-glucarate(2-)","C00818","D-Glucarate"
"16157","hsa00053","","","D-arabinonate","C00878","D-Arabinonate"
"30852","hsa00053","","","galactaric acid","C00879","D-Galactarate"
"17587","hsa00053","","WP3604","L-gulono-1,4-lactone","C01040","L-Gulono-1,4-lactone"
"16504","hsa00053","","","monodehydro-L-ascorbic acid","C01041","Monodehydroascorbate"
"17100","hsa00053","","","L-arabinono-1,4-lactone","C01114","L-Arabinono-1,4-lactone"
"17464","hsa00053","","","L-galactono-1,4-lactone","C01115","L-Galactono-1,4-lactone"
"16992","hsa00053;hsa00630","","","2-hydroxy-3-oxopropanoic acid","C01146","2-Hydroxy-3-oxopropanoate"
"49060","hsa00053","","","2,3,4-trihydroxybutanoic acid","C01620","Threonate"
"15908","hsa00053","","","L-threonic acid","C01620","Threonate"
"42905","hsa00053","","","alpha-L-galactose","C01825","L-Galactose"
"42660","hsa00053;hsa00520","","","GDP-beta-L-galactose","C02280","GDP-L-galactose"
"18038","hsa00053;hsa00520","","","GDP-L-galactose","C02280","GDP-L-galactose"
"18268","hsa00053","","WP3604","D-glucurono-6,3-lactone","C02670","D-Glucuronolactone"
"16943","hsa00053","","","(R)-2,4-dihydroxy-3-oxobutanoic acid","C03064","3-Dehydro-L-threonate"
"73681","hsa00053","","","L-xylo-hex-2-ulono-1,4-lactone","C03289","L-xylo-Hexulonolactone"
"17305","hsa00053","","","2-dehydro-3-deoxy-D-glucaric acid","C03921","2-Dehydro-3-deoxy-D-glucarate"
"17543","hsa00053;hsa00520","","","1-phospho-alpha-D-galacturonic acid","C04037","1-Phospho-alpha-D-galacturonate"
"27956","hsa00053;hsa00480","","WP3604","L-dehydroascorbic acid","C05422","Dehydroascorbate"
"17803","hsa00053","","","dehydro-D-arabinono-1,4-lactone","C06316","Dehydro-D-arabinono-1,4-lactone"
"37704","hsa00053","","","L-gulopyranose","C15923","L-Gulose"
"80181","hsa00053","","","L-Gulose 1-phosphate","C15924","L-Gulose 1-phosphate"
"80182","hsa00053;hsa00520","","","GDP-L-gulose","C15925","GDP-L-gulose"
"53072","hsa00053","","","beta-L-galactose 1-phosphate","C15926","beta-L-Galactose 1-phosphate"
"80368","hsa00053","","","L-Ascorbate 6-phosphate","C16186","L-Ascorbate 6-phosphate"
"85532","hsa00053","","","D-galactaro-1,4-lactone","C20896","D-Galactaro-1,4-lactone"
"182410","hsa00053","","","L-Galactono-1,5-lactone","C21955","L-Galactono-1,5-lactone"
"4170","hsa00500;hsa00562;hsa00524;hsa04911;hsa04917;hsa04918;hsa04973;hsa05230;hsa05415;hsa04931","R-HSA-1855183","WP5380;WP3915;WP3604;WP1946;WP5178;WP5173;WP698;WP5314;WP5312;WP4290;WP5153;WP4141;WP134;WP4297;WP5394;WP5216","D-glucopyranose 6-phosphate","C00092","D-Glucose 6-phosphate"
"17057","hsa00500;hsa02010","","","cellobiose","C00185","Cellobiose"
"17306","hsa00500;hsa02010;hsa04973;hsa04742","","","maltose","C00208","Maltose"
"28189","hsa00500","R-HSA-189085;R-HSA-5659898","","isomaltose","C00252","Isomaltose"
"28017","hsa00500;hsa04910;hsa04973;hsa05415;hsa04931","","WP3915","starch","C00369","Starch"
"52071","hsa00500","","","dextran","C00372","Dextran"
"18269","hsa00500","","","(1->6)-alpha-D-glucan","C00372","Dextran"
"62254","hsa00500;hsa00520","","WP3604","GDP-alpha-D-glucose","C00394","GDP-glucose"
"17383","hsa00500;hsa00520","","","GDP-D-glucose","C00394","GDP-glucose"
"29062","hsa00500;hsa00520","","","GDP-glucose","C00394","GDP-glucose"
"15751","hsa00500;hsa00520","","","ADP alpha-D-glucoside","C00498","ADP-glucose"
"28942","hsa00500;hsa00520","","","CDP-alpha-D-glucose","C00501","CDP-glucose"
"16218","hsa00500","","","beta-D-glucose 1-phosphate","C00663","beta-D-Glucose 1-phosphate"
"18283","hsa00500;hsa04723","","","alpha,alpha-trehalose 6-phosphate","C00689","alpha,alpha'-Trehalose 6-phosphate"
"28102","hsa00500","R-HSA-189085","WP3604","amylose","C00718","Amylose"
"28675","hsa00500","","","dextrin","C00721","Dextrin"
"167580","hsa00500;hsa04973","","","Urobiose","C00760","Cellulose"
"18246","hsa00500;hsa04973","","","(1->4)-beta-D-glucan","C00760","Cellulose"
"22798","hsa00500","","","beta-D-glucoside","C00963","beta-D-Glucoside"
"37671","hsa00500;hsa04625","R-HSA-166663;R-HSA-5607764;R-HSA-5607764;R-HSA-3000484;R-HSA-3000484;R-HSA-3000484;R-HSA-166662;R-HSA-2855086;R-HSA-3000480;R-HSA-3000480;R-HSA-3000471;R-HSA-3000471;R-HSA-3000471","WP75","(1->3)-beta-D-glucan","C00965","1,3-beta-D-Glucan"
"229909","hsa00500;hsa02010","","","(1s,3r,5r,6s,8r,10r,11s,15r,16s,20r,21r,22r,23r,24r,25r,26r,27r,28r)-5,10,15,20-tetrakis(hydroxymethyl)-2,4,7,9,12,14,17,19-octaoxapentacyclo[16.2.2.2~3,6~.2~8,11~.2~13,16~]octacosane-21,22,23,24,25,26,27,28-octol","C00973","Cyclomaltodextrin"
"17623","hsa00500;hsa02010","","","cyclomaltodextrin","C00973","Cyclomaltodextrin"
"16551","hsa00500;hsa02010","R-HSA-110362;R-HSA-189085","","alpha,alpha-trehalose","C01083","alpha,alpha-Trehalose"
"18148","hsa00500","","WP3604","alpha-D-glucose 1,6-bisphosphate","C01231","alpha-D-Glucose 1,6-bisphosphate"
"6435","hsa00500","","","Levanbiose","C01725","Levanbiose"
"3523","hsa00500","","","cellodextrin","C01898","Cellodextrin"
"18398","hsa00500;hsa02010","","","linear maltodextrin","C01935","Maltodextrin"
"16308","hsa00500","","","sucrose 6(F)-phosphate","C02591","Sucrose 6'-phosphate"
"15703","hsa00500","","","alpha-maltose 6'-phosphate","C02995","Maltose 6'-phosphate"
"15443","hsa00500","","","inulin","C03323","(2,1-beta-D-Fructosyl)n"
"2233","hsa00500","","","6-phospho-beta-D-glucosyl-(1->4)-beta-D-glucose","C04534","6-Phospho-beta-D-glucosyl-(1,4)-D-glucose"
"17429","hsa00500","","","3-ketosucrose","C05731","3-Ketosucrose"
"16703","hsa00500","","","(2->6)-beta-D-fructan","C06215","Levan"
"131603","hsa00500","","","sucrose 6(G)-phosphate","C16688","Sucrose 6-phosphate"
"16264","hsa00520;hsa00524;hsa05415;hsa04931","","WP3604;WP5220","UDP-N-acetyl-alpha-D-glucosamine","C00043","UDP-N-acetyl-alpha-D-glucosamine"
"16556","hsa00520","","WP5151","CMP-N-acetyl-beta-neuraminic acid","C00128","CMP-N-acetylneuraminate"
"506227","hsa00520;hsa02010","","WP3604","N-acetyl-D-glucosamine","C00140","N-Acetyl-D-glucosamine"
"16082","hsa00520","","WP1600;WP4784","UDP-alpha-D-xylose","C00190","UDP-D-xylose"
"165842","hsa00520","","","Uridine 5'-Diphospho-N-acetylgalactosamine","C00203","UDP-N-acetyl-D-galactosamine"
"67168","hsa00520","","","UDP-N-acetyl-alpha-D-galactosamine","C00203","UDP-N-acetyl-D-galactosamine"
"17012","hsa00520","","WP5151","N-acetylneuraminic acid","C00270","N-Acetylneuraminate"
"47977","hsa00520","","WP3604","2-amino-2-deoxy-D-glucopyranose","C00329","D-Glucosamine"
"47987","hsa00520;hsa00250;hsa05415;hsa04931","","","2-amino-2-deoxy-D-glucopyranose 6-phosphate","C00352","D-Glucosamine 6-phosphate"
"15873","hsa00520;hsa00250;hsa05415;hsa04931","R-HSA-70171;R-HSA-446210","WP3604","alpha-D-glucosamine 6-phosphate","C00352","D-Glucosamine 6-phosphate"
"15784","hsa00520","","WP3604;WP5220","N-acetyl-D-glucosamine 6-phosphate","C00357","N-Acetyl-D-glucosamine 6-phosphate"
"17029","hsa00520","","","chitin","C00461","Chitin"
"63153","hsa00520","","WP3604;WP5151","N-acetyl-D-mannosamine","C00645","N-Acetyl-D-mannosamine"
"17122","hsa00520","","","aldehydo-N-acetyl-D-mannosamine","C00645","N-Acetyl-D-mannosamine"
"16261","hsa00520","","","chitosan","C00734","Chitosan"
"17983","hsa00520","","","UDP-L-arabinose","C00935","UDP-L-arabinose"
"18097","hsa00520","","","ferricytochrome b5","C00996","Ferricytochrome b5"
"70765","hsa00520","","","UDP-N-acetyl-alpha-D-muramic acid","C01050","UDP-N-acetylmuramate"
"68678","hsa00520","","","UDP-N-acetyl-alpha-D-mannosamine","C01170","UDP-N-acetyl-D-mannosamine"
"139396","hsa00520","","","CDP-4-dehydro-6-deoxy-alpha-D-glucose","C01219","CDP-4-dehydro-6-deoxy-D-glucose"
"73886","hsa00520","","","UDP-alpha-D-apiose","C01623","UDP-apiose"
"28681","hsa00520;hsa02010","","","N,N'-diacetylchitobiose","C01674","Chitobiose"
"70799","hsa00520","","","CDP-alpha-D-abequose","C01788","CDP-abequose"
"84725","hsa00520","","","UDP-beta-L-rhamnose","C02199","UDP-L-rhamnose"
"15447","hsa00520","","","(1->4)-beta-D-xylan","C02352","1,4-beta-D-Xylan"
"15447","hsa00520","","","(1->4)-beta-D-xylan","C06016","Pentosan"
"37166","hsa00520;hsa04973","","","xylan","C00707","Xylan"
"37166","hsa00520;hsa04973","","","xylan","C02352","1,4-beta-D-Xylan"
"22590","hsa00520","","","arabinan","C02474","Arabinan"
"21615","hsa00520","R-HSA-6803157;R-HSA-8941413","","N-acetyl-D-muramic acid","C02713","N-Acetylmuramate"
"181907","hsa00520","","","(+)-N-Acetylmuramic acid","C02713","N-Acetylmuramate"
"28881","hsa00520","R-HSA-6803157","","2-acetamido-3-O-[(1R)-1-carboxylatoethyl]-2-deoxy-D-glucopyranose","C02713","N-Acetylmuramate"
"146193","hsa00520","","","N-glycoloylneuraminic acid","C03410","N-Glycoloyl-neuraminate"
"29025","hsa00520","R-HSA-4085001","","N-glycoloylneuraminate","C03410","N-Glycoloyl-neuraminate"
"70802","hsa00520","","","CDP-3,6-dideoxy-alpha-D-glucose","C03598","CDP-3,6-dideoxy-D-glucose"
"88237","hsa00520","","","CDP-3,6-dideoxy-alpha-D-mannose","C03599","CDP-3,6-dideoxy-D-mannose"
"184650","hsa00520","","","(2S,4S,6R)-6-[(1S,2S)-3-[({[(2R,3S,4R,5R)-3,4-dihydroxy-5-(2-hydroxy-4-imino-1,4-dihydropyrimidin-1-yl)oxolan-2-yl]methoxy}(hydroxy)phosphoryl)oxy]-1,2-dihydroxypropyl]-5-[(1,2-dihydroxyethylidene)amino]-2,4-dihydroxyoxane-2-carboxylic acid","C03691","CMP-N-glycoloylneuraminate"
"18098","hsa00520","","","CMP-N-glycoloyl-beta-neuraminic acid","C03691","CMP-N-glycoloylneuraminate"
"15807","hsa00520","","","beta-L-arabinose 1-phosphate","C03906","beta-L-Arabinose 1-phosphate"
"85804","hsa00520","","","UDP-4-dehydro-6-deoxy-alpha-D-glucose","C04089","UDP-4-dehydro-6-deoxy-D-glucose"
"62168","hsa00520","","","N-acetyl-D-mannosamine 6-phosphate","C04257","N-Acetyl-D-mannosamine 6-phosphate"
"28273","hsa00520","R-HSA-4085001","WP5151","aldehydo-N-acetyl-D-mannosamine 6-phosphate","C04257","N-Acetyl-D-mannosamine 6-phosphate"
"70800","hsa00520","","","CDP-4-dehydro-3,6-dideoxy-alpha-D-glucose","C04297","CDP-4-dehydro-3,6-dideoxy-D-glucose"
"16446","hsa00520","","","N-acetyl-alpha-D-glucosamine 1-phosphate","C04501","N-Acetyl-alpha-D-glucosamine 1-phosphate"
"52775","hsa00520","","","UDP-N-acetyl-2-amino-2-deoxy-D-glucuronic acid","C04573","UDP-N-acetyl-2-amino-2-deoxy-D-glucuronate"
"65047","hsa00520","","","UDP-2-acetamido-2-deoxy-alpha-D-glucuronic acid","C04573","UDP-N-acetyl-2-amino-2-deoxy-D-glucuronate"
"15886","hsa00520","","","UDP-N-acetyl-2-amino-2-deoxy-D-glucuronate","C04573","UDP-N-acetyl-2-amino-2-deoxy-D-glucuronate"
"62420","hsa00520","","","UDP-2-acetamido-2,6-dideoxy-alpha-D-xylo-hex-4-ulose","C04613","UDP-2-acetamido-4-dehydro-2,6-dideoxyglucose"
"17867","hsa00520","","","UDP-2-acetamido-4-dehydro-2,6-dideoxy-beta-D-glucose","C04613","UDP-2-acetamido-4-dehydro-2,6-dideoxyglucose"
"63273","hsa00520","","","UDP-2-acetamido-4-amino-2,4,6-trideoxy-alpha-D-glucose","C04630","UDP-2-acetamido-4-amino-2,4,6-trideoxy-alpha-D-glucose"
"68507","hsa00520","","","UDP-N-acetyl-3-O-(1-carboxyvinyl)-alpha-D-glucosamine","C04631","UDP-N-acetyl-3-(1-carboxyvinyl)-D-glucosamine"
"35373","hsa00520","","","D-glucosaminide","C06023","D-Glucosaminide"
"27625","hsa00520;hsa05415;hsa04931","","","alpha-D-glucosamine 1-phosphate","C06156","alpha-D-Glucosamine 1-phosphate"
"70738","hsa00520","","","UDP-N-acetyl-alpha-D-mannosaminouronic acid","C06240","UDP-N-acetyl-D-mannosaminouronate"
"27438","hsa00520","R-HSA-4085001","WP5151","N-acetylneuraminic acid 9-phosphate","C06241","N-Acetylneuraminate 9-phosphate"
"15855","hsa00520;hsa00561","","","UDP-6-sulfoquinovose","C11521","UDP-6-sulfoquinovose"
"35041","hsa00520","","","UDP-N-acetyl-D-galactosaminuronic acid","C13952","UDP-N-acetyl-D-galactosaminuronic acid"
"47025","hsa00520","","","UDP-4-amino-4-deoxy-beta-L-arabinopyranose","C16153","UDP-L-Ara4N"
"47027","hsa00520","","","UDP-4-deoxy-4-formamido-beta-L-arabinopyranose","C16154","UDP-L-Ara4FN"
"47028","hsa00520","","","UDP-beta-L-threo-pentopyranos-4-ulose","C16155","UDP-L-Ara4O"
"53028","hsa00520","","","4-deoxy-4-formamido-alpha-L-arabinopyranosyl ditrans,polycis-undecaprenyl phosphate","C16156","Undecaprenyl phosphate alpha-L-Ara4FN"
"47039","hsa00520","","","4-amino-4-deoxy-alpha-L-arabinopyranosyl undecaprenyl phosphate","C16157","Undecaprenyl phosphate alpha-L-Ara4N"
"47968","hsa00520","","","N-acetylmuramic acid 6-phosphate","C16698","N-Acetylmuramic acid 6-phosphate"
"81010","hsa00520","","","CDP-4-dehydro-3,6-dideoxy-D-glucose epimer","C17326","CDP-4-dehydro-3,6-dideoxy-D-glucose epimer"
"81011","hsa00520","","","CDP-ascarylose","C17327","CDP-ascarylose"
"81012","hsa00520","","","UDP-4-keto-rhamnose","C17328","UDP-4-keto-rhamnose"
"44313","hsa00520","","","N-acetyl-alpha-D-galactosamine 1-phosphate","C18060","N-Acetyl-alpha-D-galactosamine 1-phosphate"
"81497","hsa00520","","","UDP-L-arabinofuranose","C18094","UDP-L-arabinofuranose"
"63422","hsa00520","","","UDP-2,4-diacetamido-2,4,6-trideoxy-beta-L-altrose","C19971","UDP-2,4-bis(acetamido)-2,4,6-trideoxy-beta-L-altropyranose"
"63283","hsa00520","","","2,4-diacetamido-2,4,6-trideoxy-beta-L-altrose","C19972","2,4-Bis(acetamido)-2,4,6-trideoxy-beta-L-altropyranose"
"63281","hsa00520","","","pseudaminic acid","C20082","Pseudaminic acid"
"67178","hsa00520","","","UDP-N,N'-diacetylbacillosamine","C20357","UDP-N,N'-diacetylbacillosamine"
"138229","hsa00520","","","N-acetyl-alpha-D-muramic acid 1-phosphate","C21027","N-Acetylmuramic acid alpha-1-phosphate"
"15740","hsa00620;hsa00630;hsa00910;hsa00440","R-HSA-416476;R-HSA-156590;R-HSA-389599;R-HSA-211976;R-HSA-196757;R-HSA-196757;R-HSA-191273;R-HSA-71240;R-HSA-193144;R-HSA-1474151;R-HSA-1237112;R-HSA-444209","WP5420;WP4917","formate","C00058","Formate"
"30751","hsa00620;hsa00630;hsa00910;hsa00440","","WP3580;WP2485;WP497","formic acid","C00058","Formate"
"15531","hsa00620;hsa00640;hsa00061;hsa00062;hsa00410;hsa04152;hsa04922;hsa04920;hsa04936;hsa04931","","WP1403;WP3604;WP5111;WP357;WP3934;WP4686;WP3965;WP3602;WP4317","malonyl-CoA","C00083","Malonyl-CoA"
"15350","hsa00620;hsa00430","","","acetyl dihydrogen phosphate","C00227","Acetyl phosphate"
"16004","hsa00620","R-HSA-70268","","(R)-lactate","C00256","(R)-Lactate"
"42111","hsa00620","","WP3604;WP4584","(R)-lactic acid","C00256","(R)-Lactate"
"15345","hsa00620;hsa00630;hsa00650;hsa00071;hsa00280;hsa00310;hsa00380;hsa00900","","WP5329;WP4718;WP5195;WP5175;WP143;WP4742;WP5044;WP5355;WP3602;WP4190;WP4189;WP3963;WP5241;WP465","acetoacetyl-CoA","C00332","Acetoacetyl-CoA"
"17158","hsa00620;hsa00640;hsa00260;hsa05415","","WP3604","methylglyoxal","C00546","Methylglyoxal"
"17167","hsa00620","","","(R)-lactaldehyde","C00937","(R)-Lactaldehyde"
"52222","hsa00620","","","(2R)-homocitric acid","C01251","(R)-2-Hydroxybutane-1,2,4-tricarboxylate"
"17852","hsa00620","","","homocitric acid","C01251","(R)-2-Hydroxybutane-1,2,4-tricarboxylate"
"36457","hsa00620","","","homocitrate(3-)","C01251","(R)-2-Hydroxybutane-1,2,4-tricarboxylate"
"15583","hsa00620","","","(R)-2-ethylmalic acid","C02488","(R)-2-Ethylmalate"
"1178","hsa00620;hsa00290","","","(2S)-2-isopropylmalate(2-)","C02504","alpha-Isopropylmalate"
"35128","hsa00620;hsa00290","","","(2S)-2-isopropylmalic acid","C02504","alpha-Isopropylmalate"
"15357","hsa00620","","","acetylenedicarboxylate(2-)","C03248","Acetylenedicarboxylate"
"30781","hsa00620","","","butynedioic acid","C03248","Acetylenedicarboxylate"
"15694","hsa00620","","WP3604","(R)-S-lactoylglutathione","C03451","(R)-S-Lactoylglutathione"
"28394","hsa00620","","","enol-oxaloacetic acid","C03981","2-Hydroxyethylenedicarboxylate"
"37666","hsa00620;hsa00230","","","5'-acetylphosphoadenosine","C05993","Acetyl adenylate"
"28652","hsa00620","","","2-propylmalic acid","C05994","2-Propylmalate"
"25805","hsa00630;hsa00190;hsa00910;hsa04066;hsa04918;hsa05208;hsa05211;hsa05012","","WP5355;WP4746;WP4241","oxygen atom","C00007","Oxygen"
"15379","hsa00630;hsa00190;hsa00910;hsa04066;hsa04918;hsa05208;hsa05211;hsa05012","R-HSA-9753281;R-HSA-5218920;R-HSA-5628897;R-HSA-193368;R-HSA-193368;R-HSA-193368;R-HSA-2046106;R-HSA-2046106;R-HSA-2046106;R-HSA-389887;R-HSA-390247;R-HSA-4420097;R-HSA-1614517;R-HSA-9629569;R-HSA-9629569;R-HSA-9629569;R-HSA-983231;R-HSA-2299718;R-HSA-74259;R-HSA-975634;R-HSA-975634;R-HSA-211981;R-HSA-1660661;R-HSA-611105;R-HSA-9707564;R-HSA-9707564;R-HSA-9707564;R-HSA-197264;R-HSA-71064;R-HSA-2453902;R-HSA-5365859;R-HSA-1234176;R-HSA-1234176;R-HSA-1234176;R-HSA-1234176;R-HSA-2142789;R-HSA-2142789;R-HSA-9749641;R-HSA-9702518;R-HSA-9703465;R-HSA-5625886;R-HSA-9821002;R-HSA-1222556;R-HSA-1222556;R-HSA-1614558;R-HSA-6803205;R-HSA-9725554;R-HSA-203615;R-HSA-389599;R-HSA-1650814;R-HSA-181430;R-HSA-192105;R-HSA-193807;R-HSA-193807;R-HSA-211976;R-HSA-211976;R-HSA-917937;R-HSA-917937;R-HSA-917937;R-HSA-3299685;R-HSA-3299685;R-HSA-3299685;R-HSA-3299685;R-HSA-3299685;R-HSA-189483;R-HSA-9754706;R-HSA-264876;R-HSA-191273;R-HSA-211945;R-HSA-9009391;R-HSA-6807047;R-HSA-6807062;R-HSA-2162123;R-HSA-3214842;R-HSA-193048;R-HSA-193993;R-HSA-193993;R-HSA-209968;R-HSA-5668599;R-HSA-5668599;R-HSA-9673324;R-HSA-193775;R-HSA-193775;R-HSA-196108;R-HSA-75105;R-HSA-112126;R-HSA-5579026;R-HSA-389661;R-HSA-211935;R-HSA-211979;R-HSA-211979;R-HSA-2142691;R-HSA-211958;R-HSA-2142816;R-HSA-5579011;R-HSA-8981607;R-HSA-75109;R-HSA-71240;R-HSA-196791;R-HSA-211916;R-HSA-211916;R-HSA-211916;R-HSA-5579027;R-HSA-209931;R-HSA-112122;R-HSA-5423646;R-HSA-5579005;R-HSA-6782861;R-HSA-2243919;R-HSA-156581;R-HSA-379397;R-HSA-379398;R-HSA-189451;R-HSA-5619060;R-HSA-1236973;R-HSA-2142670;R-HSA-9018681;R-HSA-211957;R-HSA-9027307;R-HSA-5579000;R-HSA-211999;R-HSA-9757110;R-HSA-211994;R-HSA-194002;R-HSA-194002;R-HSA-5579017;R-HSA-5579009;R-HSA-5579028;R-HSA-193144;R-HSA-5579030;R-HSA-5579021;R-HSA-5579010;R-HSA-5578996;R-HSA-5579014;R-HSA-209905;R-HSA-209905;R-HSA-5662702;R-HSA-204626;R-HSA-141334;R-HSA-351200;R-HSA-5221030;R-HSA-1234174;R-HSA-9018682;R-HSA-2168880;R-HSA-2168880;R-HSA-9793528;R-HSA-159740;R-HSA-159740;R-HSA-2046105;R-HSA-9673240;R-HSA-380612;R-HSA-8963684;R-HSA-71262;R-HSA-71262;R-HSA-2142700;R-HSA-217271;R-HSA-5579019;R-HSA-2142696;R-HSA-2142712;R-HSA-9018677;R-HSA-9025106;R-HSA-9026290;R-HSA-2142688;R-HSA-9018676;R-HSA-9018896;R-HSA-9020265;R-HSA-9023661;R-HSA-9026286;R-HSA-9026403;R-HSA-9027604;R-HSA-2142770;R-HSA-8935690;R-HSA-8964208;R-HSA-8964208;R-HSA-1855183;R-HSA-1237112;R-HSA-390918;R-HSA-392154;R-HSA-1237044;R-HSA-1247673;R-HSA-964975;R-HSA-5579004;R-HSA-9026766;R-HSA-1222449;R-HSA-141333;R-HSA-5579012;R-HSA-1222538;R-HSA-1222387;R-HSA-2160456;R-HSA-5579015;R-HSA-140180;R-HSA-9018679;R-HSA-9025094;R-HSA-5579013","WP5348;WP4156;WP688;WP4504;WP2436;WP1995;WP111;WP474;WP4808;WP697;WP5030;WP176;WP561;WP5314;WP3580;WP3937;WP2485;WP4919;WP5373;WP43;WP1941;WP3680;WP15","dioxygen","C00007","Oxygen"
"16526","hsa00630;hsa00910;hsa00230;hsa00260;hsa00220;hsa00785;hsa04970;hsa04971;hsa04972;hsa04976;hsa04973;hsa04974;hsa04964;hsa04966","R-HSA-8963693;R-HSA-2046106;R-HSA-390247;R-HSA-9629569;R-HSA-9629569;R-HSA-9629569;R-HSA-2299718;R-HSA-1660661;R-HSA-71403;R-HSA-71064;R-HSA-1234176;R-HSA-1234176;R-HSA-1234176;R-HSA-1234176;R-HSA-2142789;R-HSA-5625886;R-HSA-9821002;R-HSA-70895;R-HSA-1222556;R-HSA-5661270;R-HSA-1614558;R-HSA-1614558;R-HSA-1483213;R-HSA-389599;R-HSA-1650814;R-HSA-196757;R-HSA-196757;R-HSA-73817;R-HSA-191273;R-HSA-3214842;R-HSA-70921;R-HSA-70268;R-HSA-70268;R-HSA-75105;R-HSA-112126;R-HSA-75876;R-HSA-75876;R-HSA-1475029;R-HSA-1475029;R-HSA-1475029;R-HSA-351143;R-HSA-446199;R-HSA-71240;R-HSA-209931;R-HSA-112122;R-HSA-6782861;R-HSA-6782861;R-HSA-196807;R-HSA-189451;R-HSA-189451;R-HSA-189451;R-HSA-73621;R-HSA-209905;R-HSA-5662702;R-HSA-71032;R-HSA-500753;R-HSA-9861559;R-HSA-6783984;R-HSA-9853506;R-HSA-5221030;R-HSA-70263;R-HSA-70263;R-HSA-1234174;R-HSA-159740;R-HSA-159740;R-HSA-2046105;R-HSA-9673240;R-HSA-8963684;R-HSA-71262;R-HSA-71262;R-HSA-71336;R-HSA-888568;R-HSA-351202;R-HSA-1237044;R-HSA-1237044;R-HSA-1247673;R-HSA-1247673;R-HSA-389542;R-HSA-389542;R-HSA-196783;R-HSA-73943","WP5352;WP5348;WP4949;WP4504;WP5175;WP4259;WP2436;WP5028;WP561;WP4206;WP4742;WP5314;WP5355;WP3580;WP4317;WP2485;WP5043;WP4917;WP2597;WP78;WP4506;WP497","carbon dioxide","C00011","CO2"
"16134","hsa00630;hsa00910;hsa00230;hsa00250;hsa00260;hsa00220;hsa00785;hsa04974;hsa04964;hsa04966;hsa05110;hsa05120","R-HSA-8963693;R-HSA-72200;R-HSA-71064;R-HSA-1442490;R-HSA-8849175;R-HSA-1614603;R-HSA-2408508;R-HSA-75102;R-HSA-1614558;R-HSA-1483213;R-HSA-181430;R-HSA-5683826;R-HSA-211945;R-HSA-6782315;R-HSA-6782315;R-HSA-977347;R-HSA-180689;R-HSA-3247509;R-HSA-3247509;R-HSA-2243919;R-HSA-379397;R-HSA-379398;R-HSA-6783984;R-HSA-8964208;R-HSA-141333;R-HSA-1222538","WP5213;WP2436;WP5028;WP561;WP5314;WP5355;WP4290;WP3602;WP3580;WP5026;WP4506;WP497","ammonia","C00014","Ammonia"
"16015","hsa00630;hsa00650;hsa00910;hsa00250;hsa00220;hsa00330;hsa00340;hsa00430;hsa00470;hsa00480;hsa00860;hsa00524;hsa00970;hsa02010;hsa04068;hsa04072;hsa04080;hsa04216;hsa04540;hsa04974;hsa04964;hsa04724;hsa04727;hsa04720;hsa04730;hsa04723;hsa04721;hsa04742;hsa04713;hsa05230;hsa05014;hsa05016;hsa05017;hsa05022;hsa05030;hsa05031;hsa05033;hsa05034","","WP3925;WP5213;WP4661;WP5029;WP2447;WP3604;WP550;WP3869;WP4259;WP3853;WP4157;WP100;WP4315;WP5355;WP3602;WP3580;WP2485;WP4008;WP5094;WP4222;WP4224;WP2333;WP497","L-glutamic acid","C00025","L-Glutamate"
"16240","hsa00630;hsa04022;hsa04210;hsa04216;hsa04217;hsa04218;hsa04613;hsa04625;hsa04670;hsa04918;hsa04380;hsa05200;hsa05204;hsa05208;hsa05225;hsa05166;hsa05171;hsa05164;hsa05146;hsa05322;hsa05010;hsa05012;hsa05014;hsa05020;hsa05022;hsa05030;hsa05031;hsa05034;hsa05417;hsa05415;hsa04940","R-HSA-5628897;R-HSA-193368;R-HSA-2046106;R-HSA-389887;R-HSA-390247;R-HSA-1614517;R-HSA-9706369;R-HSA-983231;R-HSA-74259;R-HSA-9707564;R-HSA-197264;R-HSA-71064;R-HSA-9702518;R-HSA-9703465;R-HSA-1222556;R-HSA-1222556;R-HSA-1222556;R-HSA-9707616;R-HSA-181430;R-HSA-3299685;R-HSA-3299685;R-HSA-3299685;R-HSA-3299685;R-HSA-3299685;R-HSA-3299685;R-HSA-3299685;R-HSA-3299685;R-HSA-264876;R-HSA-211945;R-HSA-209968;R-HSA-70268;R-HSA-70268;R-HSA-389661;R-HSA-196836;R-HSA-9854311;R-HSA-2243919;R-HSA-379397;R-HSA-379398;R-HSA-189451;R-HSA-9818027;R-HSA-141334;R-HSA-351200;R-HSA-380612;R-HSA-5676934;R-HSA-8964208;R-HSA-390918;R-HSA-964975;R-HSA-8941413;R-HSA-8941413;R-HSA-141333;R-HSA-1222387","WP5420;WP3878;WP5356;WP5124;WP2059;WP2447;WP5233;WP5434;WP2436;WP4313;WP176;WP2533;WP561;WP3877;WP5355;WP3580;WP5083;WP1941;WP3680;WP15;WP4746;WP1981;WP1533;WP4698","hydrogen peroxide","C00027","Hydrogen peroxide"
"15428","hsa00630;hsa00120;hsa00230;hsa00260;hsa00310;hsa00440;hsa00470;hsa00480;hsa00730;hsa00785;hsa00860;hsa00970;hsa02010;hsa04080;hsa04974;hsa04978;hsa04721;hsa05230","","WP715;WP521;WP3925;WP5029;WP3604;WP5190;WP4259;WP3996;WP176;WP4518;WP100;WP1495;WP5028;WP561;WP5169;WP3584;WP5355;WP5312;WP4290;WP4292;WP5083;WP241;WP4917;WP2525","glycine","C00037","Glycine"
"16891","hsa00630;hsa00230;hsa00260;hsa00330;hsa00232","","WP3604;WP1495;WP3602","glyoxylic acid","C00048","Glyoxylate"
"18050","hsa00630;hsa00910;hsa00230;hsa00240;hsa00250;hsa00220;hsa00470;hsa00750;hsa00970;hsa02010;hsa04974;hsa04978;hsa04964;hsa04724;hsa04727;hsa05230","","WP715;WP3925;WP5213;WP3604;WP4313;WP5355;WP5312;WP3602;WP2485;WP4224;WP4022;WP1982;WP2267;WP3953","L-glutamine","C00064","L-Glutamine"
"17115","hsa00630;hsa00920;hsa00564;hsa00600;hsa00260;hsa00270;hsa00470;hsa00970;hsa02010;hsa04071;hsa04974;hsa04978;hsa05230","","WP4628;WP3925;WP5213;WP3604;WP3996;WP176;WP2533;WP5028;WP3933;WP4589;WP5083;WP15;WP4725;WP4726;WP1422;WP2525;WP1533","L-serine","C00065","L-Serine"
"15539","hsa00630;hsa00640;hsa00280;hsa00410","R-HSA-193368;R-HSA-2046106;R-HSA-389887;R-HSA-70895;R-HSA-71032","WP3925;WP3604;WP3871","propionyl-CoA","C00100","Propanoyl-CoA"
"15517","hsa00630;hsa00650;hsa00062;hsa00071;hsa00310","","WP143;WP4673;WP3602;WP5241","butyryl-CoA","C00136","Butanoyl-CoA"
"17497","hsa00630","","WP3604;WP4157","glycolic acid","C00160","Glycolate"
"29805","hsa00630","","WP5166","glycolate","C00160","Glycolate"
"17180","hsa00630;hsa00260","","WP5166","3-hydroxypyruvate","C00168","Hydroxypyruvate"
"30841","hsa00630;hsa00260","","WP3604","3-hydroxypyruvic acid","C00168","Hydroxypyruvate"
"16995","hsa00630;hsa00230","","WP3604;WP1495","oxalic acid","C00209","Oxalate"
"30623","hsa00630;hsa00230","R-HSA-196836","WP5166;WP4917","oxalate(2-)","C00209","Oxalate"
"15535","hsa00630","","","oxalyl-CoA","C00313","Oxalyl-CoA"
"15673","hsa00630","","","meso-tartaric acid","C00552","meso-Tartaric acid"
"15466","hsa00630;hsa00640;hsa00280","R-HSA-71032","WP4236;WP1533","(S)-methylmalonyl-CoA","C00683","(S)-Methylmalonyl-CoA"
"15522","hsa00630","R-HSA-389599","WP5111;WP430","formyl-CoA","C00798","Formyl-CoA"
"15473","hsa00630;hsa00650;hsa00071;hsa00310;hsa00380","","WP3604;WP5044;WP5355;WP3602;WP5241;WP465","crotonoyl-CoA","C00877","Crotonoyl-CoA"
"36926","hsa00630;hsa00650;hsa00071;hsa00310;hsa00380","","WP3602;WP465","but-2-enoyl-CoA","C00877","Crotonoyl-CoA"
"15536","hsa00630","","WP3871","pentanoyl-CoA","C00888","Pentanoyl-CoA"
"15671","hsa00630","","","L-tartaric acid","C00898","(R,R)-Tartaric acid"
"15674","hsa00630","","","2,3-dihydroxybutanedioic acid","C00898","(R,R)-Tartaric acid"
"30924","hsa00630","","","L-tartrate(2-)","C00898","(R,R)-Tartaric acid"
"4593","hsa00630","","","dihydroxyfumaric acid","C00975","Dihydroxyfumarate"
"17795","hsa00630","","","dihydroxyfumarate(2-)","C00975","Dihydroxyfumarate"
"17150","hsa00630","","","2-phosphoglycolic acid","C00988","2-Phosphoglycolate"
"17742","hsa00630","R-HSA-389661","WP5166","4-hydroxy-2-oxoglutarate(2-)","C01127","4-Hydroxy-2-oxoglutarate"
"30923","hsa00630","","WP3604","4-hydroxy-2-oxoglutaric acid","C01127","4-Hydroxy-2-oxoglutarate"
"15465","hsa00630;hsa00640;hsa00280;hsa04980","R-HSA-3359478;R-HSA-71032","WP3925","(R)-methylmalonyl-CoA","C01213","(R)-Methylmalonyl-CoA"
"30742","hsa00630","","","ethylene glycol","C01380","Ethylene glycol"
"30742","hsa00630","","","ethylene glycol","C15588","Glycol"
"16600","hsa00630","","","mesaconic acid","C01732","Mesaconate"
"36986","hsa00630","","","mesaconate(2-)","C01732","Mesaconate"
"15591","hsa00630","","","3-ethylmalic acid","C01989","3-Ethylmalate"
"15593","hsa00630","","","3-oxalomalate(3-)","C01990","3-Oxalomalate"
"30926","hsa00630","","","3-oxalomalic acid","C01990","3-Oxalomalate"
"15594","hsa00630","","","3-propylmalate(2-)","C02123","3-Propylmalate"
"30850","hsa00630","","","3-propylmalic acid","C02123","3-Propylmalate"
"16729","hsa00630","","","formyl dihydrogen phosphate","C02405","Formyl phosphate"
"16278","hsa00630","","","2-hydroxy-3-oxoadipic acid","C03217","2-Hydroxy-3-oxoadipate"
"17778","hsa00630","","","2-hydroxy-3-oxosuccinic acid","C03459","2-Hydroxy-3-oxosuccinate"
"15900","hsa00630","","","trans-2,3-epoxysuccinic acid","C03548","trans-2,3-Epoxysuccinate"
"15452","hsa00630;hsa00650;hsa00071","","WP5355","(R)-3-hydroxybutanoyl-CoA","C03561","(R)-3-Hydroxybutanoyl-CoA"
"47980","hsa00630","","","threo-3-methyl-L-aspartic acid","C03618","L-threo-3-Methylaspartate"
"15454","hsa00630","","","(3S)-3-carboxy-3-hydroxypropanoyl-CoA","C04348","L-Malyl-CoA"
"27969","hsa00630","","","mesaconyl-CoA","C06028","2-Methylfumaryl-CoA"
"7282","hsa00630","","","N-Formylderivatives","C06049","N-Formylderivatives"
"81456","hsa00630","","","Ethylmalonyl-CoA","C18026","(2S)-Ethylmalonyl-CoA"
"81672","hsa00630","","","(2S)-methylsuccinyl-CoA","C18324","(2S)-Methylsuccinyl-CoA"
"16958","hsa00640;hsa00240;hsa00410;hsa00770;hsa04080;hsa04974","","WP106;WP3604;WP5313;WP4157;WP4686;WP4022;WP4486","beta-alanine","C00099","beta-Alanine"
"16763","hsa00640;hsa00260;hsa00270;hsa00290","","WP4504;WP2525","2-oxobutanoate","C00109","2-Oxobutanoate"
"30831","hsa00640;hsa00260;hsa00270;hsa00290","R-HSA-8849175;R-HSA-1614603;R-HSA-2408508;R-HSA-1614558","WP3925;WP3604;WP5355","2-oxobutanoic acid","C00109","2-Oxobutanoate"
"17272","hsa00640;hsa00760;hsa04973;hsa04974","","WP4030","propionate","C00163","Propanoate"
"30768","hsa00640;hsa00760;hsa04973;hsa04974","R-HSA-197264;R-HSA-197264;R-HSA-416476;R-HSA-381753;R-HSA-381753;R-HSA-428643;R-HSA-428643;R-HSA-444209","WP3604","propionic acid","C00163","Propanoate"
"17960","hsa00640;hsa00562;hsa00240;hsa00410","","WP3604;WP4157","3-oxopropanoic acid","C00222","3-Oxopropanoate"
"33190","hsa00640;hsa00562;hsa00240;hsa00410","R-HSA-73621","WP106","3-oxopropanoate","C00222","3-Oxopropanoate"
"17153","hsa00640","","","propanal","C00479","Propanal"
"18308","hsa00640","","","acrylic acid","C00511","Acrylic acid"
"37080","hsa00640","","","acrylate","C00511","Acrylic acid"
"16997","hsa00640","","","propane-1,2-diol","C00583","Propane-1,2-diol"
"15364","hsa00640;hsa00410","","","propynoate","C00804","Propynoate"
"33199","hsa00640;hsa00410","","","propynoic acid","C00804","Propynoate"
"15529","hsa00640","","","lactoyl-CoA","C00827","Lactoyl-CoA"
"15513","hsa00640;hsa00410","","WP3604","acryloyl-CoA","C00894","Propenoyl-CoA"
"16510","hsa00640;hsa00240;hsa00410","","WP4236;WP4686","3-hydroxypropionate","C01013","3-Hydroxypropanoate"
"33404","hsa00640;hsa00240;hsa00410","","WP3604;WP4157;WP4686","3-hydroxypropionic acid","C01013","3-Hydroxypropanoate"
"17453","hsa00640;hsa00240;hsa00280","","WP4686","methylmalonate(2-)","C02170","Methylmalonate"
"30860","hsa00640;hsa00240;hsa00280","","WP4236;WP4686;WP4271;WP1533","methylmalonic acid","C02170","Methylmalonate"
"10860","hsa00640","","WP4686","(2R,3S)-2-methylcitrate(3-)","C02225","2-Methylcitrate"
"30836","hsa00640","","","(2R,3S)-2-methylcitric acid","C02225","2-Methylcitrate"
"15598","hsa00640","","","2-methylcitrate(3-)","C02225","2-Methylcitrate"
"15507","hsa00640;hsa00410","","","beta-alanyl-CoA","C02335","beta-Alanyl-CoA"
"8478","hsa00640","","","propanoyl phosphate","C02876","Propanoyl phosphate"
"16717","hsa00640","","","(Z)-but-2-ene-1,2,3-tricarboxylic acid","C04225","(Z)-But-2-ene-1,2,3-tricarboxylate"
"15607","hsa00640","","","(2S,3R)-3-hydroxybutane-1,2,3-tricarboxylic acid","C04593","(2S,3R)-3-Hydroxybutane-1,2,3-tricarboxylate"
"27957","hsa00640","","","hydroxyacetone","C05235","Hydroxyacetone"
"27762","hsa00640;hsa00410","","WP3604","3-hydroxypropanoyl-CoA","C05668","3-Hydroxypropionyl-CoA"
"28831","hsa00640","","","propan-1-ol","C05979","Propane-1-ol"
"62415","hsa00640","","WP3604","propanoyl-AMP","C05983","Propionyladenylate"
"50613","hsa00640","","WP3604","(S)-2-hydroxybutyric acid","C05984","2-Hydroxybutanoic acid"
"1148","hsa00640","","","2-hydroxybutyric acid","C05984","2-Hydroxybutanoic acid"
"177266","hsa00640","","","Malonyl-CoA semialdehyde","C05989","3-Oxopropionyl-CoA"
"28673","hsa00640","","","3-oxopropanoyl-CoA","C05989","3-Oxopropionyl-CoA"
"27821","hsa00640;hsa00280","","WP3604","(S)-methylmalonaldehydic acid","C06002","(S)-Methylmalonate semialdehyde"
"190398","hsa00640","","","2-(alpha-Hydroxypropyl)thiamine diphosphate","C21017","2-(alpha-Hydroxypropyl)thiamine diphosphate"
"17790","hsa00650","R-HSA-69273;R-HSA-2408508;R-HSA-211945;R-HSA-8964208","","methanol","C00132","Methanol"
"13705","hsa00650;hsa00280;hsa00310;hsa00350","","WP5195;WP5175;WP4686;WP4190;WP4506","acetoacetate","C00164","Acetoacetate"
"15344","hsa00650;hsa00280;hsa00310;hsa00350","","WP3604;WP4742;WP3602","acetoacetic acid","C00164","Acetoacetate"
"15347","hsa00650","","WP5175;WP4742;WP3602","acetone","C00207","Acetone"
"16265","hsa00650;hsa00250;hsa00350;hsa00750;hsa00760","","WP3604;WP4159","succinic semialdehyde","C00232","Succinate semialdehyde"
"17968","hsa00650;hsa04973;hsa04974","","WP2366;WP5273;WP4030;WP465","butyrate","C00246","Butanoic acid"
"30772","hsa00650;hsa04973;hsa04974","","","butyric acid","C00246","Butanoic acid"
"16865","hsa00650;hsa00250;hsa00330;hsa00410;hsa00760;hsa04024;hsa04080;hsa04929;hsa04915;hsa04727;hsa04723;hsa04721;hsa04742;hsa05032;hsa05033","","WP4932;WP5444;WP3604;WP550;WP3869;WP3679;WP5200;WP4549;WP4159;WP5360;WP3584;WP727;WP4486;WP706;WP3871","gamma-aminobutyric acid","C00334","4-Aminobutanoate"
"30566","hsa00650;hsa00250;hsa00330;hsa00410;hsa00760;hsa04024;hsa04080;hsa04929;hsa04915;hsa04727;hsa04723;hsa04721;hsa04742;hsa05032;hsa05033","","WP5420","gamma-aminobutyrate","C00334","4-Aminobutanoate"
"15467","hsa00650;hsa00280;hsa00900;hsa04216","R-HSA-77111","WP3925;WP3604;WP4519;WP197;WP5304;WP4718;WP5193;WP5195;WP5333;WP4313;WP5220;WP3602;WP3963;WP430","(3S)-3-hydroxy-3-methylglutaryl-CoA","C00356","(S)-3-Hydroxy-3-methylglutaryl-CoA"
"15588","hsa00650","","","(R)-malate(2-)","C00497","(R)-Malate"
"30796","hsa00650","","","(R)-malic acid","C00497","(R)-Malate"
"16583","hsa00650","","","butane-2,3-dione","C00741","Diacetyl"
"15686","hsa00650","","","(R)-acetoin","C00810","(R)-Acetoin"
"16724","hsa00650","","WP4157","4-hydroxybutyrate","C00989","4-Hydroxybutanoic acid"
"30830","hsa00650","","WP5420;WP4157;WP4159","4-hydroxybutyric acid","C00989","4-Hydroxybutanoic acid"
"30830","hsa00650","","WP5420;WP4157;WP4159","4-hydroxybutyric acid","C01991","4-Hydroxyacid"
"10983","hsa00650;hsa04024","","WP3602","(R)-3-hydroxybutyrate","C01089","(R)-3-Hydroxybutanoate"
"17066","hsa00650;hsa04024","","WP3925;WP661;WP3602","(R)-3-hydroxybutyric acid","C01089","(R)-3-Hydroxybutanoate"
"15453","hsa00650;hsa00071;hsa00310;hsa00380","R-HSA-77352","WP143;WP5044;WP3602;WP5241;WP465","(S)-3-hydroxybutanoyl-CoA","C01144","(S)-3-Hydroxybutanoyl-CoA"
"18300","hsa00650;hsa00350;hsa00760","","","maleic acid","C01384","Maleic acid"
"15743","hsa00650","","","butanal","C01412","Butanal"
"15687","hsa00650","","","(S)-acetoin","C01769","(S)-Acetoin"
"15688","hsa00650","","","acetoin","C00466","Acetoin"
"15688","hsa00650","","","acetoin","C01769","(S)-Acetoin"
"17824","hsa00650","","","propan-2-ol","C01845","Propan-2-ol"
"15543","hsa00650","","","vinylacetyl-CoA","C02331","Vinylacetyl-CoA"
"15497","hsa00650","","WP3604;WP5044","trans-4-carboxybut-2-enoyl-CoA","C02411","Glutaconyl-1-CoA"
"17260","hsa00650","","","butanoyl dihydrogen phosphate","C02527","Butanoylphosphate"
"17084","hsa00650","","","2-hydroxyglutaric acid","C02630","2-Hydroxyglutarate"
"16982","hsa00650","","","(R,R)-butane-2,3-diol","C03044","(R,R)-Butane-2,3-diol"
"16812","hsa00650","","","(S,S)-butane-2,3-diol","C03046","(S,S)-Butane-2,3-diol"
"28578","hsa00650","","","2-hydroxyglutaryl-CoA","C03058","2-Hydroxyglutaryl-CoA"
"10979","hsa00650","","","(R)-3-[(R)-3-hydroxybutanoyloxy]butanoate","C04546","(R)-3-((R)-3-Hydroxybutanoyloxy)butanoate"
"17663","hsa00650","","","(R)-3-[(R)-3-hydroxybutanoyloxy]butanoic acid","C04546","(R)-3-((R)-3-Hydroxybutanoyloxy)butanoate"
"18409","hsa00650;hsa00290;hsa00770","","","(2S)-2-hydroxy-2-methyl-3-oxobutanoic acid","C06010","(S)-2-Acetolactate"
"28885","hsa00650","","","butan-1-ol","C06142","1-Butanol"
"8295","hsa00650","","","Poly-beta-hydroxybutyrate","C06143","Poly-beta-hydroxybutyrate"
"1461","hsa00650","","","3-butynoic acid","C06144","3-Butynoate"
"62211","hsa00650","","","3-butynoate","C06144","3-Butynoate"
"28180","hsa00650","","","but-3-ynal","C06145","3-Butyn-1-al"
"27444","hsa00650","","","but-3-yn-1-ol","C06146","3-Butyn-1-ol"
"28522","hsa00650","","","4-hydroxybutyryl-CoA","C11062","4-Hydroxybutyryl-CoA"
"77700","hsa00650","","","methyl acetate","C17530","Methyl acetate"
"17815","hsa00562;hsa00561;hsa00564;hsa04070;hsa04730","R-HSA-5673001;R-HSA-1660661;R-HSA-1660661;R-HSA-1660661;R-HSA-114508;R-HSA-114508;R-HSA-1169092;R-HSA-1169092;R-HSA-354192;R-HSA-392517;R-HSA-416476;R-HSA-1169091;R-HSA-163560;R-HSA-163560;R-HSA-418597;R-HSA-1483191;R-HSA-1483191;R-HSA-1483213;R-HSA-114604;R-HSA-4086398;R-HSA-4086398;R-HSA-418217;R-HSA-1250196;R-HSA-983695;R-HSA-1855204;R-HSA-1855204;R-HSA-399997;R-HSA-1482883;R-HSA-426048;R-HSA-75109;R-HSA-416993;R-HSA-5099900;R-HSA-9717207;R-HSA-3000170;R-HSA-419408;R-HSA-2179392;R-HSA-4419969;R-HSA-139853;R-HSA-434316;R-HSA-162710;R-HSA-162710;R-HSA-1483206;R-HSA-114516;R-HSA-76005","WP5224;WP4941;WP4722;WP2533;WP3602;WP2526;WP5411;WP4971","1,2-diacyl-sn-glycerol","C00641","1,2-Diacyl-sn-glycerol"
"17811","hsa00562","","","myo-2-inosose","C00691","2,4,6/3,5-Pentahydroxycyclohexanone"
"18297","hsa00562;hsa02010;hsa04070","R-HSA-1855183;R-HSA-1855183","WP3604","1D-myo-inositol 1-phosphate","C01177","Inositol 1-phosphate"
"16749","hsa00562;hsa00564;hsa00563;hsa04070;hsa04140;hsa04136;hsa05132;hsa05152","","WP4722;WP2533;WP5411","1-phosphatidyl-1D-myo-inositol","C01194","1-Phosphatidyl-D-myo-inositol"
"187038","hsa00562;hsa04070","","","Diphosphoinositol tetrakisphosphate","C01204","Phytic acid"
"17401","hsa00562;hsa04070","","","myo-inositol hexakisphosphate","C01204","Phytic acid"
"191032","hsa00562;hsa04070","","","D-myo-inositol-1,4-diphosphate","C01220","1D-myo-Inositol 1,4-bisphosphate"
"17816","hsa00562;hsa04070","R-HSA-1855183","","1D-myo-inositol 1,4-bisphosphate","C01220","1D-myo-Inositol 1,4-bisphosphate"
"18228","hsa00562;hsa04070","","WP2380;WP35;WP4941","1D-myo-inositol 1,3,4-trisphosphate","C01243","1D-myo-Inositol 1,3,4-trisphosphate"
"16595","hsa00562;hsa04010;hsa04012;hsa04014;hsa04370;hsa04371;hsa04064;hsa04066;hsa04020;hsa04070;hsa04072;hsa04071;hsa04024;hsa04022;hsa04114;hsa04540;hsa04611;hsa04613;hsa04621;hsa04625;hsa04650;hsa04660;hsa04658;hsa04659;hsa04662;hsa04664;hsa04666;hsa04062;hsa04911;hsa04922;hsa04929;hsa04912;hsa04915;hsa04921;hsa04926;hsa04935;hsa04918;hsa04919;hsa04928;hsa04916;hsa04924;hsa04925;hsa04927;hsa04261;hsa04270;hsa04970;hsa04971;hsa04972;hsa04961;hsa04724;hsa04725;hsa04728;hsa04726;hsa04720;hsa04730;hsa04723;hsa04722;hsa04742;hsa04750;hsa04380;hsa05200;hsa05235;hsa05225;hsa05214;hsa05223;hsa05170;hsa05163;hsa05167;hsa05169;hsa05110;hsa05131;hsa05135;hsa05146;hsa05142;hsa05143;hsa05010;hsa05012;hsa05016;hsa05017;hsa05022;hsa05417;hsa04933;hsa04934","","WP5345;WP5365;WP5380;WP4962;WP5124;WP2059;WP3676;WP536;WP5434;WP2795;WP3929;WP2355;WP673;WP5143;WP3958;WP5360;WP5074;WP4871;WP382;WP3301;WP1544;WP5366;WP4255;WP5424;WP5094;WP2889;WP2526;WP4760;WP2571;WP2018;WP4223;WP4838;WP4756;WP722;WP732;WP3863;WP4746;WP4698","1D-myo-inositol 1,4,5-trisphosphate","C01245","D-myo-Inositol 1,4,5-trisphosphate"
"166489","hsa00562;hsa04070","","WP5366","Inositol 1,3,4,5-tetraphosphate","C01272","1D-myo-Inositol 1,3,4,5-tetrakisphosphate"
"16783","hsa00562;hsa04070","","WP536;WP2197;WP5366;WP2583","1D-myo-inositol 1,3,4,5-tetrakisphosphate","C01272","1D-myo-Inositol 1,3,4,5-tetrakisphosphate"
"17526","hsa00562;hsa04070;hsa05134","R-HSA-1482801;R-HSA-1482801;R-HSA-5213460;R-HSA-5620971;R-HSA-8856828;R-HSA-8856828;R-HSA-9710421;R-HSA-201688;R-HSA-5686938;R-HSA-192105;R-HSA-192105;R-HSA-9660826;R-HSA-6811558;R-HSA-9845576;R-HSA-1660499;R-HSA-1660499;R-HSA-448706;R-HSA-1660514;R-HSA-1660516;R-HSA-1483248","WP5380;WP4656","1-phosphatidyl-1D-myo-inositol 4-phosphate","C01277","1-Phosphatidyl-1D-myo-inositol 4-phosphate"
"16322","hsa00562;hsa04070","","","myo-inositol 1,3,4,5,6-pentakisphosphate","C01284","1D-myo-Inositol 1,3,4,5,6-pentakisphosphate"
"166491","hsa00562;hsa04070","","","Inositol 4-phosphate","C03546","myo-Inositol 4-phosphate"
"18384","hsa00562;hsa04070","R-HSA-1855183","","1D-myo-inositol 4-phosphate","C03546","myo-Inositol 4-phosphate"
"18427","hsa00562","","","1D-1-O-methyl-myo-inositol","C03659","D-Bornesitol"
"28310","hsa00562","","","1D-3-O-methyl-myo-inositol","C03660","L-Bornesitol"
"18169","hsa00562;hsa04070","","","1D-myo-inositol 3-phosphate","C04006","1D-myo-Inositol 3-phosphate"
"18225","hsa00562;hsa04070","","","myo-inositol 1,3-bisphosphate","C04062","D-myo-Inositol 1,3-bisphosphate"
"28858","hsa00562;hsa04070","R-HSA-1855183","","1D-myo-inositol 3,4-bisphosphate","C04063","D-myo-Inositol 3,4-bisphosphate"
"16145","hsa00562","","","3,5/4-trihydroxycyclohexane-1,2-dione","C04287","3D-3,5/4-Trihydroxycyclohexane-1,2-dione"
"28446","hsa00562","","","3D-3,5/4-trihydroxycyclohexane-1,2-dione","C04287","3D-3,5/4-Trihydroxycyclohexane-1,2-dione"
"16155","hsa00562;hsa04070","","","myo-inositol 1,3,4,6-tetrakisphosphate","C04477","1D-myo-Inositol 1,3,4,6-tetrakisphosphate"
"15844","hsa00562","","","1D-myo-inositol 3,4,5,6-tetrakisphosphate","C04520","1D-myo-Inositol 3,4,5,6-tetrakisphosphate"
"17283","hsa00562;hsa04070;hsa04144;hsa04145;hsa04140;hsa04136;hsa05132;hsa05131;hsa05152;hsa05010;hsa05014;hsa05016;hsa05017;hsa05022","","WP5124;WP2059;WP4923","1-phosphatidyl-1D-myo-inositol 3-phosphate","C04549","1-Phosphatidyl-1D-myo-inositol 3-phosphate"
"16507","hsa00562","R-HSA-1855231","","1D-myo-inositol 1,2,4,5,6-pentakisphosphate","C04563","D-myo-Inositol 1,2,4,5,6-pentakisphosphate"
"191030","hsa00562","","","D-myo-inositol-1,2,3,5,6-pentaphosphate","C04579","Inositol 1,2,3,5,6-pentakisphosphate"
"18345","hsa00562","","","1D-myo-inositol 1,2,3,4,5-pentakisphosphate","C04579","Inositol 1,2,3,5,6-pentakisphosphate"
"48405","hsa00562","","","1D-myo-inositol 1,2,3,5,6-pentakisphosphate","C04579","Inositol 1,2,3,5,6-pentakisphosphate"
"18348","hsa00562;hsa04070;hsa04072;hsa04151;hsa04144;hsa04510;hsa04810;hsa04666;hsa04670;hsa04929;hsa04725;hsa05131;hsa05135","","WP5223;WP5224;WP5380;WP4962;WP3915;WP4806;WP673;WP306;WP4549;WP2533;WP4656;WP5360;WP4871;WP3935;WP4172;WP5087;WP4838;WP51;WP4698","1-phosphatidyl-1D-myo-inositol 4,5-bisphosphate","C04637","1-Phosphatidyl-D-myo-inositol 4,5-bisphosphate"
"16618","hsa00562;hsa04012;hsa04014;hsa04370;hsa04068;hsa04070;hsa04072;hsa04071;hsa04151;hsa04152;hsa04150;hsa04144;hsa04140;hsa04210;hsa04218;hsa04510;hsa04810;hsa04611;hsa04613;hsa04650;hsa04660;hsa04662;hsa04664;hsa04666;hsa04062;hsa04910;hsa04914;hsa04917;hsa04926;hsa04919;hsa04973;hsa04960;hsa04722;hsa04211;hsa04213;hsa05200;hsa05207;hsa05208;hsa05231;hsa05235;hsa05210;hsa05212;hsa05225;hsa05226;hsa05214;hsa05221;hsa05220;hsa05218;hsa05215;hsa05213;hsa05224;hsa05222;hsa05223;hsa05166;hsa05170;hsa05160;hsa05164;hsa05162;hsa05168;hsa05163;hsa05167;hsa05169;hsa05165;hsa05132;hsa05131;hsa05135;hsa05145;hsa05142;hsa05010;hsa05417;hsa05415;hsa04931","","WP5224;WP5420;WP5293;WP5124;WP2059;WP3915;WP2380;WP4262;WP5434;WP3929;WP4806;WP3931;WP4155;WP673;WP306;WP4549;WP2261;WP4674;WP4656;WP4871;WP3935;WP4205;WP4685;WP3937;WP2038;WP4255;WP5094;WP4172;WP4263;WP5087;WP3303;WP4223;WP51;WP4658;WP4746;WP3981","1-phosphatidyl-1D-myo-inositol 3,4,5-trisphosphate","C05981","Phosphatidylinositol-3,4,5-trisphosphate"
"10642","hsa00562","","","scyllo-inositol","C06153","scyllo-Inositol"
"27972","hsa00562","","","2-deoxy-D-gluc-5-ulosonic acid","C06892","2-Deoxy-5-keto-D-gluconic acid"
"16925","hsa00562","","","6-phospho-5-dehydro-2-deoxy-D-gluconic acid","C06893","2-Deoxy-5-keto-D-gluconic acid 6-phosphate"
"16152","hsa00562;hsa04070;hsa04810;hsa04914;hsa05132","R-HSA-2029482;R-HSA-9664422;R-HSA-8856828;R-HSA-2871837;R-HSA-202424;R-HSA-5607764;R-HSA-1660499;R-HSA-1660514;R-HSA-1660516;R-HSA-2730905;R-HSA-8941237","","1-phosphatidyl-1D-myo-inositol 3,4-bisphosphate","C11554","1-Phosphatidyl-1D-myo-inositol 3,4-bisphosphate"
"16067","hsa00562;hsa04070","R-HSA-1855191;R-HSA-1855231","","1D-myo-inositol 1,4,5,6-tetrakisphosphate","C11555","1D-myo-Inositol 1,4,5,6-tetrakisphosphate"
"16851","hsa00562;hsa04020;hsa04070;hsa04144","","","1-phosphatidyl-1D-myo-inositol 3,5-bisphosphate","C11556","1-Phosphatidyl-1D-myo-inositol 3,5-bisphosphate"
"16500","hsa00562;hsa04070;hsa05131","","","1-phosphatidyl-1D-myo-inositol 5-phosphate","C11557","1-Phosphatidyl-1D-myo-inositol 5-phosphate"
"50923","hsa00562","","","5-deoxy-D-glucuronic acid","C16737","5-Deoxy-D-glucuronate"
"62574","hsa00562","","","bis(1L-myo-inositol) 3,1'-phosphate 1-phosphate","C19799","Bis(1L-myo-inositol)-3,1'-phosphate 1-phosphate"
"195865","hsa00562","","","1-Keto-D-chiro-inositol","C20251","1-Keto-D-chiro-inositol"
"15377","hsa00190;hsa04918;hsa04924;hsa04970;hsa04971;hsa04972;hsa04976;hsa04962;hsa04964;hsa04966;hsa05208;hsa05014;hsa05022;hsa05415","R-HSA-9753281;R-HSA-9734735;R-HSA-9755088;R-HSA-8948751;R-HSA-8963693;R-HSA-9033241;R-HSA-9033241;R-HSA-9013149;R-HSA-9013404;R-HSA-9013423;R-HSA-8878166;R-HSA-9706369;R-HSA-977606;R-HSA-8951664;R-HSA-9861718;R-HSA-9668328;R-HSA-9648002;R-HSA-9748787;R-HSA-936837;R-HSA-975634;R-HSA-975634;R-HSA-975634;R-HSA-977225;R-HSA-9013148;R-HSA-9013405;R-HSA-9707564;R-HSA-9707564;R-HSA-9707564;R-HSA-9836573;R-HSA-8980692;R-HSA-983170;R-HSA-9705671;R-HSA-9035034;R-HSA-9010553;R-HSA-901032;R-HSA-8934593;R-HSA-9013026;R-HSA-9013106;R-HSA-9706019;R-HSA-947581;R-HSA-9749641;R-HSA-9749641;R-HSA-9749641;R-HSA-9821002;R-HSA-8863795;R-HSA-9013406;R-HSA-9013408;R-HSA-9013409;R-HSA-917977;R-HSA-8955332;R-HSA-9837999;R-HSA-9837999;R-HSA-9837999;R-HSA-917937;R-HSA-917937;R-HSA-8964038;R-HSA-8964038;R-HSA-9754706;R-HSA-9754706;R-HSA-9820841;R-HSA-9820865;R-HSA-9694548;R-HSA-9660826;R-HSA-9009391;R-HSA-9664323;R-HSA-8964058;R-HSA-8964058;R-HSA-9840373;R-HSA-9664535;R-HSA-975578;R-HSA-9840310;R-HSA-9840310;R-HSA-9840310;R-HSA-977347;R-HSA-9615933;R-HSA-9636383;R-HSA-9652817;R-HSA-912694;R-HSA-9758274;R-HSA-982772;R-HSA-982772;R-HSA-8963889;R-HSA-9717207;R-HSA-9845614;R-HSA-9845614;R-HSA-9818027;R-HSA-9680350;R-HSA-9828806;R-HSA-9673163;R-HSA-9682706;R-HSA-9682708;R-HSA-9684325;R-HSA-9758881;R-HSA-9635465;R-HSA-936440;R-HSA-9018681;R-HSA-9027307;R-HSA-9757110;R-HSA-9694686;R-HSA-9617324;R-HSA-9617324;R-HSA-9701898;R-HSA-916853;R-HSA-8963896;R-HSA-8983711;R-HSA-8951936;R-HSA-9664873;R-HSA-9018682;R-HSA-9027277;R-HSA-9793528;R-HSA-8963684;R-HSA-9033500;R-HSA-9033500;R-HSA-9726840;R-HSA-9726842;R-HSA-9013419;R-HSA-9013425;R-HSA-9683686;R-HSA-9694301;R-HSA-9694301;R-HSA-9851151;R-HSA-9026290;R-HSA-9018676;R-HSA-9018896;R-HSA-9020265;R-HSA-9023661;R-HSA-9026286;R-HSA-9027604;R-HSA-8935690;R-HSA-8964208;R-HSA-8964208;R-HSA-8956319;R-HSA-9758890;R-HSA-9035968;R-HSA-8964539;R-HSA-9026762;R-HSA-964975;R-HSA-8948747;R-HSA-9828642;R-HSA-8985586;R-HSA-8941413;R-HSA-8941413;R-HSA-9026766;R-HSA-9034015;R-HSA-9634600;R-HSA-9634600;R-HSA-9637698;R-HSA-9694786","WP5352;WP5402;WP4949;WP5224;WP5346;WP2447;WP5233;WP5179;WP688;WP545;WP5090;WP1946;WP4504;WP5219;WP2436;WP111;WP5030;WP176;WP698;WP2533;WP561;WP5355;WP3580;WP4292;WP4317;WP2485;WP4919;WP43;WP1941;WP4971;WP3680;WP4917;WP4224;WP2597;WP15;WP4688;WP4725;WP4726;WP78;WP5085","water","C00001","H2O"
"15422","hsa00190;hsa00230;hsa04066;hsa04020;hsa04080;hsa04142;hsa04148;hsa04217;hsa04611;hsa04621;hsa04911;hsa04917;hsa04924;hsa04721;hsa04742;hsa04750;hsa04714;hsa05133;hsa05012;hsa05022;hsa05410;hsa05415;hsa04930","","WP4950;WP4657;WP5420;WP4629;WP4628;WP715;WP521;WP3604;WP4191;WP3869;WP5283;WP531;WP111;WP5396;WP176;WP4518;WP698;WP2533;WP4206;WP3656;WP4742;WP4236;WP5355;WP3580;WP4292;WP704;WP4317;WP2485;WP1602;WP623;WP4141;WP4195;WP2571;WP4224;WP4900;WP15;WP692;WP2267;WP78;WP4321;WP2333;WP1584","ATP","C00002","ATP"
"15846","hsa00190;hsa00730;hsa00760;hsa00983;hsa04152;hsa04148;hsa04925;hsa04977;hsa04211;hsa05208;hsa04936","","WP5405;WP5345;WP5346;WP4629;WP4628;WP4519;WP1946;WP5219;WP5175;WP111;WP5028;WP5044;WP5355;WP5046;WP5083;WP43;WP1941;WP5026;WP4688;WP5050","NAD(+)","C00003","NAD+"
"16908","hsa00190;hsa04020;hsa04925;hsa04714","","WP5405;WP4629;WP4628;WP4519;WP5283;WP1946;WP5175;WP111;WP698;WP2533;WP5028;WP5355;WP5046;WP3645;WP3644;WP5083;WP43;WP623;WP1941;WP78;WP5050;WP4321;WP1533","NADH","C00004","NADH"
"16761","hsa00190;hsa00230;hsa04068;hsa04152;hsa04080;hsa04142;hsa04611;hsa04924;hsa04742;hsa04714;hsa05012;hsa05014;hsa05022","","WP4950;WP4905;WP4629;WP4628;WP536;WP5283;WP1946;WP466;WP176;WP4518;WP2533;WP3656;WP3933;WP4236;WP5355;WP289;WP623;WP4195;WP2571;WP4224;WP15;WP692;WP2267;WP78;WP4321;WP2333;WP3953","ADP","C00008","ADP"
"26078","hsa00190;hsa02010;hsa04928;hsa04978;hsa05012;hsa05022","","WP4905;WP715;WP521;WP536;WP314;WP698;WP5355;WP3580;WP704;WP78;WP2333;WP1531;WP3658","phosphoric acid","C00009","Orthophosphate"
"18367","hsa00190;hsa02010;hsa04928;hsa04978;hsa05012;hsa05022","R-HSA-9755088;R-HSA-5358346;R-HSA-5362768","WP5355;WP4292;WP322;WP4224;WP2333;WP3953","phosphate(3-)","C00009","Orthophosphate"
"18361","hsa00190;hsa05012;hsa05022","","WP3933;WP5355;WP3580;WP4292","diphosphate(4-)","C00013","Diphosphate"
"29888","hsa00190;hsa05012;hsa05022","","WP4790;WP4941;WP5355;WP2485;WP5037","diphosphoric acid","C00013","Diphosphate"
"24636","hsa00190;hsa04371;hsa04024;hsa04919;hsa04260;hsa04261;hsa04970;hsa04971;hsa04972;hsa04976;hsa04974;hsa04977;hsa04978;hsa04964;hsa04966;hsa04721;hsa04742;hsa04750;hsa04714;hsa05164;hsa05110;hsa05120;hsa05323","R-HSA-2559586;R-HSA-5693548","WP5365","proton","C00080","H+"
"15378","hsa00190;hsa04371;hsa04024;hsa04919;hsa04260;hsa04261;hsa04970;hsa04971;hsa04972;hsa04976;hsa04974;hsa04977;hsa04978;hsa04964;hsa04966;hsa04721;hsa04742;hsa04750;hsa04714;hsa05164;hsa05110;hsa05120;hsa05323","R-HSA-114608;R-HSA-9753281;R-HSA-74217;R-HSA-5628897;R-HSA-5628897;R-HSA-5628897;R-HSA-8963693;R-HSA-8963693;R-HSA-193368;R-HSA-193368;R-HSA-193368;R-HSA-389887;R-HSA-390247;R-HSA-4420097;R-HSA-70171;R-HSA-1614517;R-HSA-1614517;R-HSA-1483166;R-HSA-5210891;R-HSA-4085001;R-HSA-4085001;R-HSA-9861718;R-HSA-9668328;R-HSA-74259;R-HSA-2672351;R-HSA-2672351;R-HSA-2672351;R-HSA-2672351;R-HSA-2672351;R-HSA-2672351;R-HSA-2672351;R-HSA-2672351;R-HSA-2672351;R-HSA-2672351;R-HSA-9748787;R-HSA-5578775;R-HSA-5578775;R-HSA-6809371;R-HSA-936837;R-HSA-936837;R-HSA-936837;R-HSA-936837;R-HSA-975634;R-HSA-975634;R-HSA-975634;R-HSA-211981;R-HSA-1660661;R-HSA-2564830;R-HSA-2187335;R-HSA-2187335;R-HSA-2453864;R-HSA-611105;R-HSA-611105;R-HSA-9707564;R-HSA-9707564;R-HSA-71403;R-HSA-71403;R-HSA-197264;R-HSA-197264;R-HSA-197264;R-HSA-197264;R-HSA-197264;R-HSA-71064;R-HSA-71064;R-HSA-416476;R-HSA-9856872;R-HSA-9856872;R-HSA-171319;R-HSA-2453902;R-HSA-2453902;R-HSA-5365859;R-HSA-5365859;R-HSA-445355;R-HSA-499943;R-HSA-499943;R-HSA-499943;R-HSA-2142789;R-HSA-2142789;R-HSA-947581;R-HSA-8849175;R-HSA-9749641;R-HSA-9749641;R-HSA-9749641;R-HSA-9702518;R-HSA-9703465;R-HSA-9821002;R-HSA-9821993;R-HSA-70895;R-HSA-1222556;R-HSA-1222556;R-HSA-1222556;R-HSA-77387;R-HSA-77387;R-HSA-917977;R-HSA-917977;R-HSA-5661270;R-HSA-1614558;R-HSA-8949215;R-HSA-8949215;R-HSA-6803205;R-HSA-203615;R-HSA-163210;R-HSA-163210;R-HSA-389599;R-HSA-425986;R-HSA-425986;R-HSA-425986;R-HSA-425986;R-HSA-425986;R-HSA-5619092;R-HSA-181429;R-HSA-181429;R-HSA-181430;R-HSA-181430;R-HSA-210500;R-HSA-210500;R-HSA-212676;R-HSA-212676;R-HSA-264642;R-HSA-264642;R-HSA-192105;R-HSA-193807;R-HSA-193807;R-HSA-211976;R-HSA-211976;R-HSA-917937;R-HSA-917937;R-HSA-917937;R-HSA-3299685;R-HSA-3299685;R-HSA-3299685;R-HSA-3299685;R-HSA-196757;R-HSA-196757;R-HSA-9754706;R-HSA-9754706;R-HSA-73817;R-HSA-9683673;R-HSA-9694719;R-HSA-9660826;R-HSA-191273;R-HSA-191273;R-HSA-211945;R-HSA-211945;R-HSA-211945;R-HSA-6807047;R-HSA-6807062;R-HSA-1679131;R-HSA-174414;R-HSA-2162123;R-HSA-2162123;R-HSA-2162123;R-HSA-193048;R-HSA-193993;R-HSA-193993;R-HSA-209968;R-HSA-5668599;R-HSA-9673324;R-HSA-9840310;R-HSA-9840310;R-HSA-9840310;R-HSA-70921;R-HSA-193775;R-HSA-193775;R-HSA-174362;R-HSA-174362;R-HSA-427601;R-HSA-427601;R-HSA-70268;R-HSA-70268;R-HSA-70268;R-HSA-70268;R-HSA-196108;R-HSA-196108;R-HSA-977347;R-HSA-75105;R-HSA-75105;R-HSA-352230;R-HSA-352230;R-HSA-75876;R-HSA-9857492;R-HSA-2393930;R-HSA-2393930;R-HSA-2408557;R-HSA-1475029;R-HSA-1475029;R-HSA-1475029;R-HSA-5250971;R-HSA-2395516;R-HSA-5579026;R-HSA-389661;R-HSA-389661;R-HSA-211935;R-HSA-211979;R-HSA-211979;R-HSA-2142691;R-HSA-2142691;R-HSA-196843;R-HSA-426048;R-HSA-211958;R-HSA-2142816;R-HSA-5579011;R-HSA-429593;R-HSA-429593;R-HSA-71288;R-HSA-425393;R-HSA-425393;R-HSA-425393;R-HSA-425393;R-HSA-1300642;R-HSA-1300642;R-HSA-5223345;R-HSA-5223345;R-HSA-196836;R-HSA-71240;R-HSA-71240;R-HSA-196791;R-HSA-211916;R-HSA-211916;R-HSA-211916;R-HSA-5579027;R-HSA-427975;R-HSA-427975;R-HSA-427975;R-HSA-209931;R-HSA-9854311;R-HSA-2161541;R-HSA-71384;R-HSA-71384;R-HSA-373076;R-HSA-5423646;R-HSA-9845614;R-HSA-5579005;R-HSA-425366;R-HSA-425366;R-HSA-5250958;R-HSA-156581;R-HSA-156581;R-HSA-425410;R-HSA-425410;R-HSA-425410;R-HSA-70350;R-HSA-9729555;R-HSA-9729555;R-HSA-433692;R-HSA-433692;R-HSA-196807;R-HSA-196807;R-HSA-196807;R-HSA-189451;R-HSA-189451;R-HSA-189451;R-HSA-5619060;R-HSA-5362517;R-HSA-9818027;R-HSA-77352;R-HSA-9683610;R-HSA-9694631;R-HSA-9694631;R-HSA-428643;R-HSA-428643;R-HSA-428643;R-HSA-428643;R-HSA-9684325;R-HSA-9678110;R-HSA-73621;R-HSA-428559;R-HSA-428559;R-HSA-5619041;R-HSA-1236973;R-HSA-1663150;R-HSA-2142670;R-HSA-9018681;R-HSA-211957;R-HSA-9027307;R-HSA-5579000;R-HSA-211999;R-HSA-6806664;R-HSA-9757110;R-HSA-211994;R-HSA-194002;R-HSA-194002;R-HSA-5579017;R-HSA-5579009;R-HSA-5579028;R-HSA-193144;R-HSA-193144;R-HSA-5579030;R-HSA-9640463;R-HSA-5579021;R-HSA-5579010;R-HSA-5578996;R-HSA-5579014;R-HSA-209905;R-HSA-77288;R-HSA-5662702;R-HSA-9759218;R-HSA-9759218;R-HSA-1474151;R-HSA-1474151;R-HSA-500753;R-HSA-204626;R-HSA-350864;R-HSA-204174;R-HSA-9861559;R-HSA-6783984;R-HSA-9853506;R-HSA-916853;R-HSA-3560792;R-HSA-5336415;R-HSA-77310;R-HSA-77346;R-HSA-77348;R-HSA-77350;R-HSA-1614635;R-HSA-6787639;R-HSA-8983711;R-HSA-70263;R-HSA-70263;R-HSA-9018682;R-HSA-9793528;R-HSA-380612;R-HSA-8963684;R-HSA-199220;R-HSA-71262;R-HSA-71336;R-HSA-2142700;R-HSA-2142700;R-HSA-5250955;R-HSA-5250968;R-HSA-5250981;R-HSA-5652227;R-HSA-173599;R-HSA-9683686;R-HSA-9683686;R-HSA-217271;R-HSA-5579019;R-HSA-425381;R-HSA-425381;R-HSA-9694301;R-HSA-162710;R-HSA-2142688;R-HSA-9018896;R-HSA-9027604;R-HSA-5250982;R-HSA-2142770;R-HSA-5619076;R-HSA-9840309;R-HSA-9840309;R-HSA-9840309;R-HSA-888568;R-HSA-8964208;R-HSA-8956319;R-HSA-3359474;R-HSA-75896;R-HSA-5619035;R-HSA-446210;R-HSA-1855183;R-HSA-8964539;R-HSA-8964539;R-HSA-1237112;R-HSA-5619052;R-HSA-2408550;R-HSA-77285;R-HSA-77305;R-HSA-1237044;R-HSA-1237044;R-HSA-1247673;R-HSA-1247673;R-HSA-77111;R-HSA-77111;R-HSA-5579004;R-HSA-2978092;R-HSA-389542;R-HSA-389542;R-HSA-8850843;R-HSA-8850843;R-HSA-8850843;R-HSA-77108;R-HSA-8941413;R-HSA-1222449;R-HSA-1222449;R-HSA-1222538;R-HSA-1222541;R-HSA-1222387;R-HSA-6803544;R-HSA-6803544;R-HSA-418359;R-HSA-418359;R-HSA-5619048;R-HSA-549127;R-HSA-549127;R-HSA-5619066;R-HSA-163358;R-HSA-163358;R-HSA-163680;R-HSA-5662853;R-HSA-444411;R-HSA-444411;R-HSA-9634600;R-HSA-196783;R-HSA-70688;R-HSA-5579015;R-HSA-140180;R-HSA-9683683;R-HSA-9694493;R-HSA-5619067;R-HSA-5619062;R-HSA-5619070;R-HSA-5250992;R-HSA-5250989;R-HSA-5263617;R-HSA-167826;R-HSA-167826;R-HSA-167827;R-HSA-167827;R-HSA-9636569;R-HSA-9637698;R-HSA-5579013;R-HSA-168336;R-HSA-168336;R-HSA-9694786","WP5352;WP5402;WP4949;WP5346;WP5029;WP4788;WP688;WP4519;WP5175;WP111;WP698;WP5028;WP561;WP5314;WP5355;WP4190;WP4317;WP2485;WP5083;WP12;WP623;WP2526;WP5043;WP4971;WP5026;WP4917;WP2597;WP4688;WP4321;WP4746","hydron","C00080","H+"
"18036","hsa00190","","","triphosphate(5-)","C00536","Triphosphate"
"39949","hsa00190","","","triphosphoric acid","C00536","Triphosphate"
"25567","hsa00910;hsa02010","R-HSA-1222556","WP1995;WP176;WP15;WP1533","nitrous acid","C00088","Nitrite"
"16301","hsa00910;hsa02010","R-HSA-1222556;R-HSA-1222556;R-HSA-3299685;R-HSA-3299685;R-HSA-8941413;R-HSA-1222538","WP4919","nitrite","C00088","Nitrite"
"17672","hsa00910;hsa00230;hsa00240;hsa00250;hsa00220","","WP3925;WP3604;WP5355;WP3602;WP4022;WP497","carbamoyl phosphate","C00169","Carbamoyl phosphate"
"15429","hsa00910","","","hydroxylamine","C00192","Hydroxylamine"
"48107","hsa00910;hsa02010","","WP4919","nitric acid","C00244","Nitrate"
"17544","hsa00910;hsa00230;hsa02010;hsa04024;hsa04970;hsa04971;hsa04972;hsa04976;hsa04978;hsa04964;hsa04966","R-HSA-2672351;R-HSA-2672351;R-HSA-382556;R-HSA-382556;R-HSA-9662361;R-HSA-70635;R-HSA-70895;R-HSA-427601;R-HSA-427601;R-HSA-70268;R-HSA-75105;R-HSA-1475029;R-HSA-1475029;R-HSA-1475029;R-HSA-200425;R-HSA-500753;R-HSA-5619085;R-HSA-70263;R-HSA-425381;R-HSA-425381;R-HSA-1237044;R-HSA-1237044;R-HSA-1247673;R-HSA-1247673;R-HSA-5619050;R-HSA-5619054","WP5238;WP2596;WP5314;WP4917;WP4224;WP4225;WP2597;WP4595;WP4571","hydrogencarbonate","C00288","HCO3-"
"16397","hsa00910","","","formamide","C00488","Formamide"
"16480","hsa00910;hsa00330;hsa04370;hsa04371;hsa04066;hsa04071;hsa04022;hsa04151;hsa04540;hsa04611;hsa04621;hsa04915;hsa04921;hsa04926;hsa04924;hsa04270;hsa04970;hsa04730;hsa04713;hsa05200;hsa05225;hsa05171;hsa05146;hsa05144;hsa05140;hsa05142;hsa05143;hsa05330;hsa05332;hsa05010;hsa05014;hsa05022;hsa05418;hsa05415;hsa04940;hsa04931","R-HSA-5218920;R-HSA-9707564;R-HSA-445355;R-HSA-445355;R-HSA-445355;R-HSA-1222556;R-HSA-1222556;R-HSA-203615;R-HSA-3299685;R-HSA-3299685;R-HSA-9009391;R-HSA-70268;R-HSA-9854311;R-HSA-392154;R-HSA-392154;R-HSA-1222538","WP5420;WP5356;WP2328;WP5124;WP2059;WP2447;WP5434;WP5344;WP5283;WP1995;WP2197;WP176;WP5285;WP4008;WP4919;WP5083;WP4947;WP4172;WP4222;WP3680;WP4969;WP5258;WP4838;WP15;WP5294;WP2431;WP4595;WP1533;WP3982","nitric oxide","C00533","Nitric oxide"
"17997","hsa00910","","","dinitrogen","C00697","Nitrogen"
"18379","hsa00910","","","nitrile","C00726","Nitrile"
"17045","hsa00910","","WP1533","dinitrogen oxide","C00887","Nitrous oxide"
"28024","hsa00910;hsa02010","","","cyanic acid","C01417","Cyanate"
"29195","hsa00910;hsa02010","","","cyanate","C01417","Cyanate"
"28616","hsa00910;hsa00240","","","carbamic acid","C01563","Carbamate"
"15571","hsa00910;hsa00983","","","hydrazine","C05361","Hydrazine"
"7587","hsa00910","","","nitroalkane","C06058","Nitroalkane"
"17980","hsa00920;hsa00230;hsa00532;hsa00534","","WP5348;WP3604;WP4784;WP692;WP691","3'-phospho-5'-adenylyl sulfate","C00053","3'-Phosphoadenylyl sulfate"
"17985","hsa00920;hsa00230;hsa00532;hsa00534;hsa00770","","WP5348;WP3604;WP698;WP4784;WP692;WP691","adenosine 3',5'-bismonophosphate","C00054","Adenosine 3',5'-bisphosphate"
"26836","hsa00920;hsa00230;hsa00270;hsa02010","","WP3604;WP5055;WP5355;WP4292;WP4507;WP692","sulfuric acid","C00059","Sulfate"
"16189","hsa00920;hsa00230;hsa00270;hsa02010","R-HSA-1614517;R-HSA-1614517;R-HSA-2024096;R-HSA-2024101;R-HSA-9840310;R-HSA-174362;R-HSA-174362;R-HSA-427601;R-HSA-427601;R-HSA-2022857;R-HSA-428643;R-HSA-428643;R-HSA-3560792;R-HSA-433137;R-HSA-433137;R-HSA-196071;R-HSA-3560796","WP4504;WP5030;WP4784;WP4917","sulfate","C00059","Sulfate"
"26833","hsa00920","R-HSA-2564830","WP5152","sulfur atom","C00087","Sulfur"
"17909","hsa00920","","","polysulfur","C00087","Sulfur"
"48854","hsa00920;hsa00270;hsa00430","","WP3604","sulfurous acid","C00094","Sulfite"
"17561","hsa00920;hsa00260;hsa00270;hsa00430;hsa00470;hsa00480;hsa00730;hsa00770;hsa00970;hsa04122;hsa04216;hsa04974;hsa05230","","WP3925;WP5029;WP3604;WP4584;WP176;WP1589;WP100;WP5152;WP5355;WP4487;WP15;WP2333;WP2525;WP1533;WP3953","L-cysteine","C00097","L-Cysteine"
"17588","hsa00920;hsa00270;hsa04621;hsa04980","","WP3925;WP3604;WP3297;WP3996;WP176;WP1589;WP5355;WP3580;WP241;WP15;WP5150;WP2333;WP1533","L-homocysteine","C00155","L-Homocysteine"
"17709","hsa00920;hsa00230","","WP3604;WP692","5'-adenylyl sulfate","C00224","Adenylyl sulfate"
"15891","hsa00920;hsa00120;hsa00430;hsa02010;hsa04080","","WP715;WP3604;WP4504;WP4292;WP2848;WP2333;WP2525","taurine","C00245","Taurine"
"15699","hsa00920;hsa00260;hsa00270","","WP3604","L-homoserine","C00263","L-Homoserine"
"16136","hsa00920;hsa00270","","WP4504;WP5030;WP5355","hydrogen sulfide","C00283","Hydrogen sulfide"
"33539","hsa00920;hsa02010","","","hydroxidodioxidosulfidosulfate(1-)","C00320","Thiosulfate"
"33541","hsa00920;hsa02010","","","thiosulfate(1-)","C00320","Thiosulfate"
"16007","hsa00920;hsa00270","","","methanethiol","C00409","Methanethiol"
"17437","hsa00920","","","dimethyl sulfide","C00580","Dimethyl sulfide"
"17981","hsa00920;hsa00270;hsa04122","","WP3604","O-acetyl-L-serine","C00979","O-Acetyl-L-serine"
"16160","hsa00920;hsa00270","","","O-succinyl-L-homoserine","C01118","O-Succinyl-L-homoserine"
"15987","hsa00920","","","trithionate(2-)","C01861","Trithionate"
"15226","hsa00920","","","tetrathionate(2-)","C02084","Tetrathionate"
"16853","hsa00920","","","tetrathionic acid","C02084","Tetrathionate"
"17827","hsa00920","","","methyl-CoM","C03920","2-(Methylthio)ethanesulfonate"
"16457","hsa00920","","","S,S-dimethyl-beta-propiothetin","C04022","S,S-Dimethyl-beta-propiothetin"
"1438","hsa00920;hsa00270","","WP3580","3-(methylthio)propionic acid","C08276","3-(Methylthio)propanoate"
"9349","hsa00920","","","sulfonyldimethane","C11142","Dimethyl sulfone"
"28262","hsa00920","","","dimethyl sulfoxide","C11143","Dimethyl sulfoxide"
"27376","hsa00920","","","methanesulfonic acid","C11145","Methanesulfonic acid"
"62081","hsa00920;hsa02010","","","1,1-diunsubstituted alkanesulfonate","C15521","Alkanesulfonate"
"52857","hsa00920","","","S-sulfanylglutathione","C17267","S-Sulfanylglutathione"
"15525","hsa00061;hsa00062;hsa00071;hsa00600;hsa01040;hsa00563;hsa04071","","WP3604;WP5179;WP143;WP4722;WP3965;WP3602;WP5241;WP4724;WP5181;WP5315;WP5121;WP4725;WP4726;WP1422;WP5194","palmitoyl-CoA","C00154","Palmitoyl-CoA"
"16018","hsa00061;hsa00561","","","acyl-[acyl-carrier protein]","C00173","Acyl-[acyl-carrier protein]"
"18359","hsa00061;hsa00071;hsa00770;hsa00524","","","holo-[acyl-carrier protein]","C00229","Acyl-carrier protein"
"15756","hsa00061;hsa00062;hsa00071;hsa01040","R-HSA-1989781;R-HSA-1989781;R-HSA-381340;R-HSA-373760;R-HSA-975634;R-HSA-975634;R-HSA-975634;R-HSA-2187335;R-HSA-9707564;R-HSA-1368108;R-HSA-416476;R-HSA-2453902;R-HSA-400253;R-HSA-9707616;R-HSA-203615;R-HSA-381771;R-HSA-1368082;R-HSA-2151201;R-HSA-2426168;R-HSA-400206;R-HSA-75105;R-HSA-75105;R-HSA-5619108;R-HSA-804914;R-HSA-804914;R-HSA-75876;R-HSA-192456;R-HSA-9845614;R-HSA-9845614;R-HSA-400511;R-HSA-434313;R-HSA-434313;R-HSA-434316;R-HSA-75896;R-HSA-112310;R-HSA-444209;R-HSA-444209","WP4853;WP3965;WP3602;WP5241;WP4724;WP5181;WP5315","hexadecanoic acid","C00249","Hexadecanoic acid"
"15792","hsa00061;hsa00240;hsa00410","","WP4686","malonate(2-)","C00383","Malonate"
"30794","hsa00061;hsa00240;hsa00410","","WP3604;WP4686","malonic acid","C00383","Malonate"
"15904","hsa00061;hsa00062;hsa00071;hsa04920","R-HSA-390247;R-HSA-975634;R-HSA-1369062;R-HSA-1369062;R-HSA-77289;R-HSA-77289;R-HSA-8964058;R-HSA-8963901;R-HSA-192456;R-HSA-5684045;R-HSA-3000471;R-HSA-3000471;R-HSA-3000471;R-HSA-167827","WP357;WP5061;WP5323;WP5123;WP368","long-chain fatty acid","C00638","Long-chain fatty acid"
"16196","hsa00061;hsa01040","R-HSA-975634;R-HSA-975634;R-HSA-416476;R-HSA-2453902;R-HSA-381771;R-HSA-9844594;R-HSA-5619108;R-HSA-804914;R-HSA-804914;R-HSA-400511;R-HSA-434316;R-HSA-112310;R-HSA-444209;R-HSA-444209","WP4718;WP4853;WP5241;WP5324;WP4724;WP5181","oleic acid","C00712","(9Z)-Octadecenoic acid"
"17330","hsa00061;hsa00780","","WP357;WP3602;WP4317","carboxyacetyl-[acyl-carrier protein]","C01209","Malonyl-[acyl-carrier protein]"
"25629","hsa00061;hsa01040","","","octadecanoate","C01530","Octadecanoic acid"
"28842","hsa00061;hsa01040","","WP4853;WP5241;WP4724;WP4195","octadecanoic acid","C01530","Octadecanoic acid"
"27689","hsa00061","","","decanoate","C01571","Decanoic acid"
"30813","hsa00061","R-HSA-75105;R-HSA-5619108;R-HSA-804914;R-HSA-804914;R-HSA-422085","","decanoic acid","C01571","Decanoic acid"
"18262","hsa00061","","","dodecanoate","C02679","Dodecanoic acid"
"30805","hsa00061","R-HSA-416476;R-HSA-381771;R-HSA-381753;R-HSA-381753;R-HSA-5619108;R-HSA-804914;R-HSA-804914;R-HSA-211935;R-HSA-400511;R-HSA-434316;R-HSA-112310;R-HSA-444209","WP206;WP5241;WP4724","dodecanoic acid","C02679","Dodecanoic acid"
"33184","hsa00061;hsa00062;hsa05415;hsa04931","R-HSA-390247;R-HSA-77289;R-HSA-77289;R-HSA-77289;R-HSA-390918","","long-chain fatty acyl-CoA","C02843","Long-chain acyl-CoA"
"17093","hsa00061","","WP357;WP3602;WP4317","acetyl-[acyl-carrier protein]","C03939","Acetyl-[acyl-carrier protein]"
"1480","hsa00061","","","3-Decanoyl-[acyl-carrier protein]","C04180","cis-Dec-3-enoyl-[acp]"
"2393","hsa00061","","WP357;WP3602","acetoacetyl-[acp]","C05744","Acetoacetyl-[acp]"
"3247","hsa00061","","WP357;WP3602","Butyryl-[acp]","C05745","Butyryl-[acp]"
"1642","hsa00061","","WP3602","3-Oxohexanoyl-[acp]","C05746","3-Oxohexanoyl-[acp]"
"326","hsa00061","","WP3602","(R)-3-Hydroxyhexanoyl-[acp]","C05747","(3R)-3-Hydroxyhexanoyl-[acyl-carrier protein]"
"10727","hsa00061","","WP3602;WP4317","trans-Hex-2-enoyl-[acp]","C05748","trans-Hex-2-enoyl-[acp]"
"5704","hsa00061","","WP3602","Hexanoyl-[acp]","C05749","Hexanoyl-[acp]"
"1646","hsa00061","","WP3602","3-Oxooctanoyl-[acp]","C05750","3-Oxooctanoyl-[acp]"
"7725","hsa00061;hsa00785","","WP3602;WP4317","octanoyl-[acyl-carrier protein]","C05752","Octanoyl-[acp]"
"1634","hsa00061","","WP3602","3-Oxodecanoyl-[acp]","C05753","3-Oxodecanoyl-[acp]"
"10724","hsa00061","","WP3602","trans-Dec-2-enoyl-[acp]","C05754","trans-Dec-2-enoyl-[acp]"
"4349","hsa00061","","WP3602","decanoyl-[acyl-carrier protein]","C05755","Decanoyl-[acp]"
"1637","hsa00061","","WP3602","3-Oxododecanoyl-[acp]","C05756","3-Oxododecanoyl-[acp]"
"325","hsa00061","","WP3602","(R)-3-Hydroxydodecanoyl-[acp]","C05757","(3R)-3-Hydroxydodecanoyl-[acyl-carrier protein]"
"10725","hsa00061","","WP3602","trans-Dodec-2-enoyl-[acp]","C05758","trans-Dodec-2-enoyl-[acp]"
"1655","hsa00061","","WP3602","3-Oxotetradecanoyl-[acp]","C05759","3-Oxotetradecanoyl-[acp]"
"10735","hsa00061","","","trans-Tetradec-2-enoyl-[acp]","C05760","trans-Tetradec-2-enoyl-[acp]"
"50651","hsa00061","","WP3602","myristoyl-[acyl-carrier protein]","C05761","Tetradecanoyl-[acp]"
"1639","hsa00061","","WP3602","3-oxopalmitoyl-[acyl-carrier protein]","C05762","3-Oxohexadecanoyl-[acp]"
"10729","hsa00061","","WP3602","trans-Hexadec-2-enoyl-[acp]","C05763","trans-Hexadec-2-enoyl-[acp]"
"5697","hsa00061;hsa01040","","WP3602","palmitoyl-[acyl-carrier protein]","C05764","Hexadecanoyl-[acp]"
"28837","hsa00061;hsa00785","R-HSA-381753;R-HSA-381753;R-HSA-422085","","octanoic acid","C06423","Octanoic acid"
"28875","hsa00061","R-HSA-416476;R-HSA-381771;R-HSA-5619108;R-HSA-804914;R-HSA-804914;R-HSA-112310;R-HSA-444209","WP5241;WP4724","tetradecanoic acid","C06424","Tetradecanoic acid"
"30807","hsa00061","","","tetradecanoate","C06424","Tetradecanoic acid"
"28716","hsa00061","R-HSA-416476;R-HSA-381771;R-HSA-444209","WP4718;WP5241;WP4724","palmitoleic acid","C08362","(9Z)-Hexadecenoic acid"
"80386","hsa00061","","","3-Oxostearoyl-[acp]","C16219","3-Oxostearoyl-[acp]"
"80387","hsa00061","","","3-Hydroxyoctadecanoyl-[acp]","C16220","(3R)-3-Hydroxyoctadecanoyl-[acyl-carrier protein]"
"80388","hsa00061","","","(2E)-Octadecenoyl-[acp]","C16221","(2E)-Octadecenoyl-[acp]"
"80547","hsa00061","","","Hexadecenoyl-[acyl-carrier protein]","C16520","Hexadecenoyl-[acyl-carrier protein]"
"17984","hsa00062;hsa00561;hsa00564;hsa04152;hsa04922;hsa04920;hsa04975;hsa04714;hsa04936","","WP4718;WP5275;WP143;WP357;WP4722;WP2533;WP3602;WP5123;WP368;WP4195;WP4321","acyl-CoA","C00040","Acyl-CoA"
"35366","hsa00062;hsa00071;hsa00561;hsa04152;hsa04148;hsa04911;hsa04923;hsa04920;hsa04975;hsa04979;hsa04977;hsa04714;hsa05231;hsa05415;hsa04930;hsa04932;hsa04931","R-HSA-6809371;R-HSA-6809371;R-HSA-6811436;R-HSA-8964038;R-HSA-1482883;R-HSA-426048;R-HSA-8963889;R-HSA-422085;R-HSA-167826;R-HSA-167826","WP5304;WP5175;WP5333;WP5275;WP5111;WP143;WP4206;WP4742;WP3934;WP3965;WP3601;WP5312;WP5220;WP3602;WP4396;WP299;WP4195;WP4030;WP430;WP4321;WP4746","fatty acid","C00162","Fatty acid"
"15489","hsa00062","R-HSA-77289","","3-oxo-fatty acyl-CoA","C00264","3-Oxoacyl-CoA"
"19573","hsa00062","","","2-enoyl-CoA","C00605","2,3-Dehydroacyl-CoA"
"15469","hsa00062","","","alk-2-enoyl-CoA","C00605","2,3-Dehydroacyl-CoA"
"15455","hsa00062","","","(S)-3-hydroxyacyl-CoA","C00640","(3S)-3-Hydroxyacyl-CoA"
"50998","hsa00062","","","trans-2-enoyl-CoA","C00658","trans-2,3-Dehydroacyl-CoA"
"15521","hsa00062;hsa00071","","WP143;WP3602;WP5241","lauroyl-CoA","C01832","Lauroyl-CoA"
"15533","hsa00062;hsa00071;hsa00785","R-HSA-390247;R-HSA-77346;R-HSA-77348","WP3602;WP5241","octanoyl-CoA","C01944","Octanoyl-CoA"
"15532","hsa00062;hsa00071","R-HSA-2514859;R-HSA-2514859;R-HSA-203615;R-HSA-174490;R-HSA-162599;R-HSA-77285;R-HSA-77305","WP143;WP3602;WP5241","myristoyl-CoA","C02593","Tetradecanoyl-CoA"
"15471","hsa00062;hsa00071","","WP143;WP3602;WP5241","trans-dodec-2-enoyl-CoA","C03221","2-trans-Dodecenoyl-CoA"
"27402","hsa00062;hsa00071","R-HSA-77305","WP143;WP3602;WP5241","(S)-3-hydroxypalmitoyl-CoA","C05258","(S)-3-Hydroxyhexadecanoyl-CoA"
"15491","hsa00062;hsa00071","R-HSA-77305","WP143;WP3602;WP5241","3-oxopalmitoyl-CoA","C05259","3-Oxopalmitoyl-CoA"
"27466","hsa00062;hsa00071","R-HSA-77285","WP143;WP3602;WP5241","(S)-3-hydroxytetradecanoyl-CoA","C05260","(S)-3-Hydroxytetradecanoyl-CoA"
"28726","hsa00062;hsa00071","R-HSA-77285","WP3602;WP5241","3-oxotetradecanoyl-CoA","C05261","3-Oxotetradecanoyl-CoA"
"27668","hsa00062;hsa00071","R-HSA-77310","WP3602;WP5241","(S)-3-hydroxylauroyl-CoA","C05262","(S)-3-Hydroxydodecanoyl-CoA"
"27868","hsa00062;hsa00071","R-HSA-77310","WP143;WP5241","3-oxolauroyl-CoA","C05263","3-Oxododecanoyl-CoA"
"28325","hsa00062;hsa00071","R-HSA-77346","WP143;WP3602;WP5241","(S)-3-hydroxydecanoyl-CoA","C05264","(S)-Hydroxydecanoyl-CoA"
"28528","hsa00062;hsa00071","R-HSA-77346","WP3602;WP5241","3-oxodecanoyl-CoA","C05265","3-Oxodecanoyl-CoA"
"28632","hsa00062;hsa00071","R-HSA-77348","WP143;WP3602;WP5241","(S)-3-hydroxyoctanoyl-CoA","C05266","(S)-3-Hydroxyoctanoyl-CoA"
"28264","hsa00062;hsa00071","R-HSA-77348","WP143;WP3602;WP5241","3-oxooctanoyl-CoA","C05267","3-Oxooctanoyl-CoA"
"28276","hsa00062;hsa00071","R-HSA-77350","WP3602;WP5241","(S)-3-hydroxyhexanoyl-CoA","C05268","(S)-Hydroxyhexanoyl-CoA"
"27648","hsa00062;hsa00071","R-HSA-77350","WP143;WP3602;WP5241","3-oxohexanoyl-CoA","C05269","3-Oxohexanoyl-CoA"
"27540","hsa00062;hsa00071","","WP143;WP3602;WP5241","hexanoyl-CoA","C05270","Hexanoyl-CoA"
"28706","hsa00062;hsa00071","","WP143;WP3602;WP5241","trans-hex-2-enoyl-CoA","C05271","trans-Hex-2-enoyl-CoA"
"28935","hsa00062;hsa00071","","WP3602;WP5241","(E)-hexadec-2-enoyl-CoA","C05272","trans-Hexadec-2-enoyl-CoA"
"27721","hsa00062;hsa00071","R-HSA-77285","WP3602;WP5241","trans-tetradec-2-enoyl-CoA","C05273","trans-Tetradec-2-enoyl-CoA"
"28493","hsa00062;hsa00071","R-HSA-77310;R-HSA-77346","WP143;WP3602;WP5241","decanoyl-CoA","C05274","Decanoyl-CoA"
"10723","hsa00062;hsa00071","","WP143;WP3602;WP5241;WP5123;WP368","trans-dec-2-enoyl-CoA","C05275","trans-Dec-2-enoyl-CoA"
"27537","hsa00062;hsa00071","R-HSA-390247;R-HSA-77348","WP143;WP3602;WP5241","trans-oct-2-enoyl-CoA","C05276","trans-Oct-2-enoyl-CoA"
"15346","hsa00071;hsa00770;hsa04216;hsa04975;hsa04977;hsa04725;hsa04714","","WP521;WP694;WP3604;WP4519;WP5195;WP5175;WP3996;WP5275;WP5061;WP5323;WP4313;WP4238;WP4722;WP561;WP5044;WP4673;WP5355;WP5123;WP1941;WP4195;WP78;WP4321","coenzyme A","C00010","CoA"
"17478","hsa00071","","WP4507","aldehyde","C00071","Aldehyde"
"15734","hsa00071","","","primary alcohol","C00226","Primary alcohol"
"17859","hsa00071;hsa00310","","WP3604;WP4519;WP143","glutaric acid","C00489","Glutarate"
"17600","hsa00071","R-HSA-9845614;R-HSA-9845614","WP4142;WP4725;WP4726","hexadecanal","C00517","Hexadecanal"
"15524","hsa00071;hsa00310;hsa00380;hsa00785","","WP3604;WP4519;WP143;WP5044;WP5355;WP465","glutaryl-CoA","C00527","Glutaryl-CoA"
"16125","hsa00071","R-HSA-9640463;R-HSA-9640463;R-HSA-75896","","hexadecan-1-ol","C00823","1-Hexadecanol"
"18310","hsa00071","","","alkane","C01371","Alkane"
"17490","hsa00071","R-HSA-200425;R-HSA-200425;R-HSA-5362517","WP3602","O-palmitoyl-L-carnitine","C02990","L-Palmitoylcarnitine"
"10615","hsa00071","","","omega-hydroxy fatty acid","C03547","omega-Hydroxy fatty acid"
"10283","hsa00071","","","2-hydroxy fatty acid","C05102","alpha-Hydroxy fatty acid"
"28387","hsa00071","R-HSA-77288","WP143;WP5241","(2-trans,6-cis)-dodeca-2,6-dienoyl-CoA","C05279","trans,cis-Lauro-2,6-dienoyl-CoA"
"184652","hsa00071","","","4-({[({[(2R,3S,4R,5R)-5-(6-amino-9H-purin-9-yl)-4-hydroxy-3-(phosphonooxy)oxolan-2-yl]methoxy}(hydroxy)phosphoryl)oxy](hydroxy)phosphoryl}oxy)-N-[2-({2-[(3Z,6Z)-dodeca-3,6-dienoylsulfanyl]ethyl}-C-hydroxycarbonimidoyl)ethyl]-2-hydroxy-3,3-dimethylbutanimidic acid","C05280","cis,cis-3,6-Dodecadienoyl-CoA"
"28002","hsa00071","R-HSA-77288","WP143;WP5241","(3Z,6Z)-dodecadienoyl-CoA","C05280","cis,cis-3,6-Dodecadienoyl-CoA"
"16113","hsa00100;hsa00120;hsa00140;hsa04148;hsa04913;hsa04925;hsa04927;hsa04976;hsa04975;hsa04979;hsa04977;hsa05200;hsa05217;hsa05417;hsa04934","R-HSA-193368;R-HSA-6809371;R-HSA-6809371;R-HSA-975634;R-HSA-975634;R-HSA-975634;R-HSA-975634;R-HSA-975634;R-HSA-8856828;R-HSA-5358346;R-HSA-5362768;R-HSA-163560;R-HSA-8856825;R-HSA-5686938;R-HSA-1369062;R-HSA-1369062;R-HSA-1369062;R-HSA-1369062;R-HSA-1369062;R-HSA-156584;R-HSA-9707616;R-HSA-1655829;R-HSA-202733;R-HSA-192105;R-HSA-193807;R-HSA-211976;R-HSA-211976;R-HSA-3000484;R-HSA-3000484;R-HSA-3000484;R-HSA-8964038;R-HSA-8964038;R-HSA-8964038;R-HSA-8964038;R-HSA-8964038;R-HSA-8964038;R-HSA-8964038;R-HSA-8964038;R-HSA-8964038;R-HSA-8964038;R-HSA-191273;R-HSA-191273;R-HSA-211945;R-HSA-6807047;R-HSA-6807062;R-HSA-8964041;R-HSA-8964058;R-HSA-8964058;R-HSA-8964058;R-HSA-193775;R-HSA-196108;R-HSA-196108;R-HSA-196108;R-HSA-196108;R-HSA-8963901;R-HSA-3000480;R-HSA-3000480;R-HSA-3000480;R-HSA-192456;R-HSA-432142;R-HSA-5682113;R-HSA-8963896;R-HSA-8963896;R-HSA-8963896;R-HSA-2168880;R-HSA-3000497;R-HSA-3000497;R-HSA-8964026;R-HSA-8964026;R-HSA-8964026;R-HSA-8964026;R-HSA-8964026;R-HSA-8964026;R-HSA-3000471;R-HSA-3000471;R-HSA-3000471;R-HSA-8963678;R-HSA-8963678;R-HSA-8964011;R-HSA-8964011;R-HSA-8963888;R-HSA-8963888;R-HSA-8866423;R-HSA-8866423;R-HSA-8964046;R-HSA-8964046;R-HSA-5679090;R-HSA-5679096","WP5224;WP5064;WP4524;WP2263;WP4389;WP3604;WP5434;WP5238;WP197;WP5329;WP4804;WP5304;WP4718;WP5193;WP4523;WP5176;WP2289;WP5333;WP5108;WP5109;WP5110;WP5111;WP5112;WP5323;WP176;WP3601;WP5320;WP4522;WP5220;WP3963;WP299;WP4304;WP4545;WP4756;WP4846;WP15;WP430;WP496;WP5277;WP1982;WP1533;WP1531","cholesterol","C00187","Cholesterol"
"17407","hsa00100;hsa00900","","WP3604;WP197;WP5304;WP4718;WP5193;WP5333;WP4189","2-trans,6-trans-farnesyl diphosphate","C00448","trans,trans-Farnesyl diphosphate"
"15440","hsa00100","R-HSA-198933;R-HSA-191273","WP5346;WP3604;WP197;WP5329;WP5304;WP4718;WP5193;WP5333;WP4313;WP4190;WP4189;WP430","squalene","C00751","Squalene"
"15441","hsa00100","R-HSA-191273","WP3604;WP197;WP5304;WP4718;WP5193;WP5333","(S)-2,3-epoxysqualene","C01054","(S)-2,3-Epoxysqualene"
"17759","hsa00100","R-HSA-6807062;R-HSA-196791","WP5064;WP3604;WP197;WP5329;WP4804;WP5304;WP4718;WP5193;WP5333;WP5133;WP299;WP4545;WP1531;WP4698;WP4342","cholesta-5,7-dien-3beta-ol","C01164","7-Dehydrocholesterol"
"17168","hsa00100","","WP3604;WP197;WP5329;WP4804;WP5304;WP4718;WP5193;WP5333","5alpha-cholest-7-en-3beta-ol","C01189","Lathosterol"
"17933","hsa00100;hsa04928;hsa05152","","WP5133;WP4341;WP1531;WP4698;WP4342","calcidiol","C01561","Calcidiol"
"17823","hsa00100;hsa04928;hsa04978;hsa04961;hsa05152","R-HSA-196791;R-HSA-196791;R-HSA-211916;R-HSA-211916;R-HSA-5579010","WP3604;WP5133;WP4341;WP299;WP4141;WP3664;WP1531","calcitriol","C01673","Calcitriol"
"16933","hsa00100","","WP3604","ergosterol","C01694","Ergosterol"
"16521","hsa00100","R-HSA-211976;R-HSA-191273","WP3604;WP197;WP5329;WP4804;WP5304;WP4718;WP5193;WP5333;WP299","lanosterol","C01724","Lanosterol"
"27693","hsa00100","","","sitosterol","C01753","beta-Sitosterol"
"28623","hsa00100","","","campesterol","C01789","Campesterol"
"17737","hsa00100","R-HSA-6807047","WP3604;WP5329;WP4804;WP5304;WP4718;WP5193;WP5333","desmosterol","C01802","Desmosterol"
"17030","hsa00100","","","cycloartenol","C01902","Cycloartenol"
"17791","hsa00100","","","obtusifoliol","C01943","Obtusifoliol"
"16653","hsa00100","","","cycloeucalenol","C02141","Cycloeucalenol"
"17002","hsa00100;hsa04148;hsa04913;hsa04976;hsa04975;hsa04979;hsa04977;hsa05417","","WP5238;WP5304;WP4718;WP5333;WP5323;WP3601;WP5220;WP430","cholesteryl ester","C02530","Cholesterol ester"
"15442","hsa00100","R-HSA-191273","WP5329;WP4718;WP4189","presqualene diphosphate","C03428","Presqualene diphosphate"
"175094","hsa00100","","WP4718","5a-Cholest-8-en-3b-ol","C03845","5alpha-Cholest-8-en-3beta-ol"
"16608","hsa00100","","WP5329;WP4804;WP5304;WP4718;WP5333","5alpha-cholest-8-en-3beta-ol","C03845","5alpha-Cholest-8-en-3beta-ol"
"17038","hsa00100","","","fecosterol","C04525","Fecosterol"
"1949","hsa00100","","WP4906;WP4718","4alpha-methylzymosterol","C05103","4alpha-Methylzymosterol"
"181919","hsa00100","","","(3S,4S,5S,10S,13R)-4,10,13-Trimethyl-17-[(2R)-6-methylhept-5-en-2-yl]-2,3,4,5,6,7,11,12,14,15,16,17-dodecahydro-1H-cyclopenta[a]phenanthren-3-ol","C05103","4alpha-Methylzymosterol"
"27910","hsa00100","R-HSA-6807047","WP5329;WP4804;WP4718","7-dehydrodesmosterol","C05107","7-Dehydrodesmosterol"
"193304","hsa00100","","","4,4-Dimethyl-5a-cholesta-8,24-dien-3-b-ol","C05108","14-Demethyllanosterol"
"18364","hsa00100","R-HSA-191273;R-HSA-191273","WP3604;WP5329;WP4804;WP4718","14-demethyllanosterol","C05108","14-Demethyllanosterol"
"28113","hsa00100","R-HSA-191273","WP5329;WP5304;WP4718;WP5333","24,25-dihydrolanosterol","C05109","24,25-Dihydrolanosterol"
"18252","hsa00100","","WP3604;WP5329;WP4804;WP5304;WP4718;WP5193;WP5333","zymosterol","C05437","Zymosterol"
"16290","hsa00100","R-HSA-6807047","WP4804;WP4718","5alpha-cholesta-7,24-dien-3beta-ol","C05439","5alpha-Cholesta-7,24-dien-3beta-ol"
"18249","hsa00100","","","ergosta-5,7,22,24(28)-tetraen-3beta-ol","C05440","Ergosta-5,7,22,24(28)-tetraen-3beta-ol"
"28934","hsa00100","","WP3604","vitamin D2","C05441","Vitamin D2"
"28824","hsa00100","","","stigmasterol","C05442","Stigmasterol"
"28940","hsa00100;hsa04977;hsa05323","R-HSA-196791;R-HSA-196791;R-HSA-196791;R-HSA-211916;R-HSA-5579027","WP3604;WP5133;WP322;WP4969;WP4961;WP716;WP1531;WP4698;WP4342","calciol","C05443","Vitamin D3"
"28818","hsa00100","","","(24R)-24,25-dihydroxycalciol","C07712","Secalciferol"
"3168","hsa00100","","","brassicasterol","C08813","Brassicasterol"
"28604","hsa00100","","","isofucosterol","C08821","Isofucosterol"
"1307","hsa00100","","","24-methylenecycloartanol","C08830","24-Methylidenecycloartanol"
"17813","hsa00100","R-HSA-211976;R-HSA-191273;R-HSA-191273","WP5329;WP4804;WP4718","4,4-dimethyl-5alpha-cholesta-8,14,24-trien-3beta-ol","C11455","4,4-Dimethyl-5alpha-cholesta-8,14,24-trien-3beta-ol"
"30109","hsa00100","","","4alpha-methyl-5alpha-ergosta-8,14,24(28)-trien-3beta-ol","C11508","4alpha-Methyl-5alpha-ergosta-8,14,24(28)-trien-3beta-ol"
"29107","hsa00100","","","24-methylidenelophenol","C11522","24-Methylenelophenol"
"80094","hsa00100","","","4alpha-Methylfecosterol","C15776","4alpha-Methylfecosterol"
"50586","hsa00100","","","9xi-episterol","C15777","Episterol"
"52972","hsa00100","","","ergosta-5,7,24(28)-trien-3beta-ol","C15780","5-Dehydroepisterol"
"19812","hsa00100","","","24-methylenecholesterol","C15781","24-Methylenecholesterol"
"166888","hsa00100","","","avenasterol","C15782","Delta7-Avenasterol"
"80097","hsa00100","","","5-Dehydroavenasterol","C15783","5-Dehydroavenasterol"
"50591","hsa00100","","","4beta-methylzymosterol-4alpha-carboxylic acid","C15808","4alpha-Methylzymosterol-4-carboxylate"
"168659","hsa00100","","","4a-Carboxy-4b-methyl-5a-cholesta-8,24-dien-3b-ol","C15808","4alpha-Methylzymosterol-4-carboxylate"
"177277","hsa00100","","","4a-Methylzymosterol-4-carboxylic acid","C15808","4alpha-Methylzymosterol-4-carboxylate"
"50593","hsa00100","","","3-dehydro-4-methylzymosterol","C15816","3-Keto-4-methylzymosterol"
"181923","hsa00100","","","(5S,10S,13R)-4,10,13-trimethyl-17-[(2R)-6-methylhept-5-en-2-yl]-1,2,4,5,6,7,11,12,14,15,16,17-dodecahydrocyclopenta[a]phenanthren-3-one","C15816","3-Keto-4-methylzymosterol"
"212200","hsa00100","","","(3beta,4alpha,5alpha)-4,4-Dimethylcholest-8-en-3-OL","C15915","4,4-Dimethyl-5alpha-cholesta-8-en-3beta-ol"
"87044","hsa00100","","WP5329;WP4804;WP4718","4,4-dimethyl-5alpha-cholest-8-en-3beta-ol","C15915","4,4-Dimethyl-5alpha-cholesta-8-en-3beta-ol"
"47799","hsa00100;hsa04928","","","calcitetrol","C18231","Calcitetrol"
"182951","hsa00100","","","4alpha-Carboxy-stigmasta-7,24(24(1))-dien-3beta-ol","C22120","4alpha-Carboxy-stigmasta-7,24(24(1))-dien-3beta-ol"
"182761","hsa00100","","","Episterone","C22122","Episterone"
"182502","hsa00100","","","Avenastenone","C22123","Avenastenone"
"16359","hsa00120;hsa04976","","WP3604;WP4545;WP430","cholic acid","C00695","Cholic acid"
"16466","hsa00120","R-HSA-193368","WP5176","3alpha,7alpha,12alpha-trihydroxy-5beta-cholestan-26-al","C01301","3alpha,7alpha,12alpha-Trihydroxy-5beta-cholestan-26-al"
"15519","hsa00120","","WP3604;WP5176","choloyl-CoA","C01794","Choloyl-CoA"
"17687","hsa00120;hsa04976;hsa04979","","WP3604;WP5176;WP2289;WP661","glycocholic acid","C01921","Glycocholate"
"29746","hsa00120;hsa04976;hsa04979","","WP5176","glycocholate","C01921","Glycocholate"
"16755","hsa00120;hsa04976","","WP3604;WP4545","chenodeoxycholic acid","C02528","Chenodeoxycholate"
"17500","hsa00120","R-HSA-193368;R-HSA-211976","WP3604;WP5329;WP5304;WP4718;WP5176;WP4545","7alpha-hydroxycholesterol","C03594","7alpha-Hydroxycholesterol"
"182016","hsa00120","","","(6R)-6-[(3R,5S,7R,10S,13R)-3,7-Dihydroxy-10,13-dimethyl-2,3,4,5,6,7,8,9,11,12,14,15,16,17-tetradecahydro-1H-cyclopenta[a]phenanthren-17-yl]-2-methylheptanoic acid","C04554","3alpha,7alpha-Dihydroxy-5beta-cholestanate"
"16577","hsa00120","","WP5176","3alpha,7alpha-dihydroxy-5beta-cholestan-26-oic acid","C04554","3alpha,7alpha-Dihydroxy-5beta-cholestanate"
"85674","hsa00120","","","3alpha,7alpha,12alpha-trihydroxy-5beta-cholestan-26-oate(1-)","C04722","3alpha,7alpha,12alpha-Trihydroxy-5beta-cholestanoate"
"18402","hsa00120","R-HSA-193368;R-HSA-193368","WP5176","3alpha,7alpha,12alpha-trihydroxy-5beta-cholestan-26-oic acid","C04722","3alpha,7alpha,12alpha-Trihydroxy-5beta-cholestanoate"
"181348","hsa00120;hsa00430;hsa04976;hsa04979","","WP2525","2-[[(4R)-4-[(3R,5S,7R,9S,10S,12S,13R,14S,17R)-3,7,12-Trihydroxy-10,13-dimethyl-2,3,4,5,6,7,8,9,11,12,14,15,16,17-tetradecahydro-1H-cyclopenta[a]phenanthren-17-yl]pentanoyl]amino]ethanesulfonic acid","C05122","Taurocholate"
"28865","hsa00120;hsa00430;hsa04976;hsa04979","","WP4906;WP3604;WP2289;WP2525","taurocholic acid","C05122","Taurocholate"
"28701","hsa00120","","WP5176","chenodeoxycholoyl-CoA","C05337","Chenodeoxycholoyl-CoA"
"171981","hsa00120","","","3 alpha,7 alpha,26-Trihydroxy-5beta-cholestane","C05444","3alpha,7alpha,26-Trihydroxy-5beta-cholestane"
"28540","hsa00120","R-HSA-193368;R-HSA-193807;R-HSA-193807","WP5176","5beta-cholestane-3alpha,7alpha,26-triol","C05444","3alpha,7alpha,26-Trihydroxy-5beta-cholestane"
"27428","hsa00120","R-HSA-193368","WP5176","3alpha,7alpha-dihydroxy-5beta-cholestan-26-al","C05445","3alpha,7alpha-Dihydroxy-5beta-cholestan-26-al"
"17278","hsa00120","","WP3604;WP5176","5beta-cholestane-3alpha,7alpha,12alpha,26-tetrol","C05446","3alpha,7alpha,12alpha,26-Tetrahydroxy-5beta-cholestane"
"27393","hsa00120","R-HSA-193368","WP5176","3alpha,7alpha-dihydroxy-5beta-cholest-24-enoyl-CoA","C05447","(24E)-3alpha,7alpha-Dihydroxy-5beta-cholest-24-enoyl-CoA"
"27403","hsa00120","R-HSA-193368;R-HSA-193775;R-HSA-193775","WP5176","3alpha,7alpha,24-trihydroxy-5beta-cholestan-26-oyl-CoA","C05448","(24R,25R)-3alpha,7alpha,24-Trihydroxy-5beta-cholestanoyl-CoA"
"28533","hsa00120","R-HSA-193368","","3alpha,7alpha-dihydroxy-24-oxo-5beta-cholestan-26-oyl-CoA","C05449","3alpha,7alpha-Dihydroxy-5beta-24-oxocholestanoyl-CoA"
"2290","hsa00120","R-HSA-193368","WP3604;WP5176","7alpha-hydroxy-5beta-cholestan-3-one","C05451","7alpha-Hydroxy-5beta-cholestan-3-one"
"28047","hsa00120","R-HSA-193368;R-HSA-193368","WP3604;WP5176","5beta-cholestane-3alpha,7alpha-diol","C05452","3alpha,7alpha-Dihydroxy-5beta-cholestane"
"2288","hsa00120","R-HSA-193368","WP5176;WP4545","7alpha,12alpha-dihydroxy-5beta-cholestan-3-one","C05453","7alpha,12alpha-Dihydroxy-5beta-cholestan-3-one"
"16496","hsa00120","R-HSA-193368;R-HSA-193368;R-HSA-5578996","WP5176;WP4545","5beta-cholestane-3alpha,7alpha,12alpha-triol","C05454","3alpha,7alpha,12alpha-Trihydroxy-5beta-cholestane"
"17899","hsa00120","","WP3604;WP5176;WP4545","7alpha-hydroxycholest-4-en-3-one","C05455","7alpha-Hydroxycholest-4-en-3-one"
"27505","hsa00120","R-HSA-193368","WP5176","3alpha,7alpha,12alpha-trihydroxy-5beta-cholest-24-en-26-oyl-CoA","C05460","(24E)-3alpha,7alpha,12alpha-Trihydroxy-5beta-cholest-24-enoyl-CoA"
"9407","hsa00120;hsa04976;hsa04979","R-HSA-193368;R-HSA-159418;R-HSA-879518;R-HSA-192456","WP2525","taurochenodeoxycholate","C05465","Taurochenodeoxycholate"
"16525","hsa00120;hsa04976;hsa04979","R-HSA-193368;R-HSA-193368;R-HSA-159418;R-HSA-879518;R-HSA-5678520","WP3604;WP5176;WP661;WP2525","taurochenodeoxycholic acid","C05465","Taurochenodeoxycholate"
"36274","hsa00120;hsa04976;hsa04979","","WP5176;WP661","glycochenodeoxycholic acid","C05466","Glycochenodeoxycholate"
"27379","hsa00120","R-HSA-193368","WP5176","3alpha,7alpha,12alpha-trihydroxy-24-oxo-5beta-cholestan-26-oyl-CoA","C05467","3alpha,7alpha,12alpha-Trihydroxy-5beta-24-oxocholestanoyl-CoA"
"2149","hsa00120","","WP3604","5beta-cyprinol sulfate","C05468","5beta-Cyprinolsulfate"
"177282","hsa00120","","","5b-Cyprinol sulfate","C05468","5beta-Cyprinolsulfate"
"181350","hsa00120","","","3alpha,7alpha,12alpha,26,27-Pentahydroxy-5beta-cholestane 26-sulfate","C05468","5beta-Cyprinolsulfate"
"18431","hsa00120","R-HSA-193807","","7alpha,26-dihydroxycholesterol","C06341","7alpha,27-Dihydroxycholesterol"
"34310","hsa00120","","WP5329;WP4718;WP4545","(24S)-24-hydroxycholesterol","C13550","Cerebrosterol"
"37640","hsa00120","R-HSA-211976;R-HSA-193775","WP4545","(24S)-7alpha,24-dihydroxycholesterol","C15518","(24S)-Cholest-5-ene-3beta,7alpha,24-triol"
"42977","hsa00120;hsa04148","R-HSA-192105;R-HSA-192105;R-HSA-192105;R-HSA-192105;R-HSA-211976;R-HSA-5579013","WP5329;WP4718;WP4545;WP4846","25-hydroxycholesterol","C15519","25-Hydroxycholesterol"
"37623","hsa00120","R-HSA-418594;R-HSA-192105;R-HSA-211976;R-HSA-373076","WP4545","7alpha,25-dihydroxycholesterol","C15520","Cholest-5-ene-3beta,7alpha,25-triol"
"17703","hsa00120;hsa04148;hsa04979","R-HSA-156584;R-HSA-193807;R-HSA-193807;R-HSA-193807;R-HSA-211976","WP5329;WP5304;WP4718;WP5176","26-hydroxycholesterol","C15610","Cholest-5-ene-3beta,26-diol"
"37642","hsa00120","R-HSA-193368;R-HSA-193368","WP5176","(25R)-3alpha,7alpha,12alpha-trihydroxy-5beta-cholestan-26-oyl-CoA","C15613","(25R)-3alpha,7alpha,12alpha-Trihydroxy-5beta-cholestan-26-oyl-CoA"
"48701","hsa00120","","","7alpha,24-dihydroxycholest-4-en-3-one","C17331","7alpha,24-Dihydroxy-4-cholesten-3-one"
"171686","hsa00120","","","7 alpha,24-Dihydroxy-4-cholesten-3-one","C17331","7alpha,24-Dihydroxy-4-cholesten-3-one"
"81013","hsa00120","","WP4545","7alpha,25-dihydroxy-4-cholesten-3-one","C17332","7alpha,25-Dihydroxy-4-cholesten-3-one"
"81014","hsa00120","","WP5176","3beta-hydroxycholest-5-en-26-oic acid","C17333","3beta-Hydroxy-5-cholestenoate"
"81015","hsa00120","","WP5176","3beta,7alpha-Dihydroxy-5-cholestenoate","C17335","3beta,7alpha-Dihydroxy-5-cholestenoate"
"48825","hsa00120","","WP5176","7alpha,26-dihydroxycholest-4-en-3-one","C17336","7alpha,26-Dihydroxy-4-cholesten-3-one"
"190406","hsa00120","","","7 alpha,26-Dihydroxy-4-cholesten-3-one","C17336","7alpha,26-Dihydroxy-4-cholesten-3-one"
"28477","hsa00120","R-HSA-193368;R-HSA-211994","WP3604;WP5176;WP4545","7alpha,12alpha-dihydroxycholest-4-en-3-one","C17339","4-Cholesten-7alpha,12alpha-diol-3-one"
"81017","hsa00120","","","(25S)-3alpha,7alpha,12alpha-Trihydroxy-5beta-cholestan-26-oyl-CoA","C17343","(25S)-3alpha,7alpha,12alpha-Trihydroxy-5beta-cholestan-26-oyl-CoA"
"81018","hsa00120","","","(25R)-3alpha,7alpha-Dihydroxy-5beta-cholestanoyl-CoA","C17345","(25R)-3alpha,7alpha-Dihydroxy-5beta-cholestanoyl-CoA"
"81019","hsa00120","","","(25S)-3alpha,7alpha-Dihydroxy-5beta-cholestanoyl-CoA","C17346","(25S)-3alpha,7alpha-Dihydroxy-5beta-cholestanoyl-CoA"
"16422","hsa00140;hsa04913;hsa04917;hsa05200;hsa05215","R-HSA-8940973;R-HSA-8940973;R-HSA-3371497;R-HSA-3371497;R-HSA-5625886;R-HSA-5625886;R-HSA-211976;R-HSA-193048;R-HSA-193144;R-HSA-5579030","WP4524;WP2263;WP3604;WP5434;WP4523;WP5276;WP5320;WP496;WP5368","androst-4-ene-3,17-dione","C00280","Androstenedione"
"17026","hsa00140;hsa04080;hsa04114;hsa04913;hsa04914;hsa04917;hsa04925;hsa04927;hsa05200;hsa05207;hsa05215;hsa05224;hsa04934","","WP4524;WP2263;WP3604;WP4262;WP5434;WP4523;WP5074;WP4871;WP5320;WP2817;WP5279;WP170;WP5094;WP4873;WP98;WP4756;WP496;WP5277","progesterone","C00410","Progesterone"
"17263","hsa00140;hsa04913;hsa04917","","WP2263;WP3604;WP5276;WP697;WP5320;WP496;WP5368","estrone","C00468","Estrone"
"16032","hsa00140","","WP4524;WP3604;WP5320","androsterone","C00523","Androsterone"
"17347","hsa00140;hsa04929;hsa04913;hsa05200;hsa05215","R-HSA-8940973;R-HSA-8940973;R-HSA-211981;R-HSA-3371497;R-HSA-3371497;R-HSA-5625886;R-HSA-5625886;R-HSA-193048;R-HSA-211958;R-HSA-193144","WP4524;WP2263;WP3604;WP5434;WP4523;WP5276;WP5074;WP5320;WP4842;WP5094;WP496;WP5368","testosterone","C00535","Testosterone"
"15994","hsa00140","","WP4524;WP3604","5alpha-androstane-3,17-dione","C00674","5alpha-Androstane-3,17-dione"
"180955","hsa00140;hsa04080;hsa04927;hsa04976;hsa04960;hsa05200;hsa05215;hsa04934","","WP5094","(8S,9S,10R,11S,13S,14S,17S)-11,17-Dihydroxy-17-(2-hydroxyacetyl)-10,13-dimethyl-2,6,7,8,9,11,12,14,15,16-decahydro-1H-cyclopenta[a]phenanthren-3-one","C00735","Cortisol"
"17650","hsa00140;hsa04080;hsa04927;hsa04976;hsa04960;hsa05200;hsa05215;hsa04934","R-HSA-4090294;R-HSA-3371497;R-HSA-3371497;R-HSA-8939902;R-HSA-400253;R-HSA-211976;R-HSA-9615017;R-HSA-194002;R-HSA-194002;R-HSA-194002;R-HSA-8849473;R-HSA-9768777","WP3604;WP5434;WP4523;WP5280;WP5094;WP98;WP5381;WP4482","cortisol","C00735","Cortisol"
"16962","hsa00140;hsa04960;hsa05200;hsa05215","","WP3604;WP5434;WP4523;WP5280;WP98","cortisone","C00762","Cortisone"
"16469","hsa00140;hsa04929;hsa04913;hsa04915;hsa04917;hsa04961;hsa04714;hsa05200;hsa05207;hsa05208;hsa05215;hsa05224","R-HSA-9018519;R-HSA-156584;R-HSA-211976;R-HSA-5579000;R-HSA-193144;R-HSA-193144;R-HSA-193144","WP3604;WP4262;WP5434;WP4523;WP707;WP5235;WP5276;WP712;WP5269;WP4873;WP5368;WP4321;WP1530","17beta-estradiol","C00951","Estradiol-17beta"
"16485","hsa00140;hsa04925","R-HSA-211976;R-HSA-193993;R-HSA-5579009","WP3604;WP4523;WP5279;WP4756","18-hydroxycorticosterone","C01124","18-Hydroxycorticosterone"
"17252","hsa00140;hsa04913;hsa04927;hsa04934","","WP4524;WP2263;WP3604;WP4523;WP5280;WP496;WP5277","17alpha-hydroxyprogesterone","C01176","17alpha-Hydroxyprogesterone"
"28689","hsa00140;hsa04913;hsa05200;hsa05215","R-HSA-156584;R-HSA-193048","WP4524;WP2263;WP3604;WP5434;WP4523;WP5320;WP496;WP5368","dehydroepiandrosterone","C01227","Dehydroepiandrosterone"
"27584","hsa00140;hsa04925;hsa04960","R-HSA-4090294;R-HSA-3371497;R-HSA-3371497;R-HSA-8939902;R-HSA-400253;R-HSA-211976;R-HSA-193993;R-HSA-9615017;R-HSA-194002;R-HSA-8849473;R-HSA-9768777","WP554;WP3604;WP4523;WP5279;WP5133;WP4969;WP4838;WP4756","aldosterone","C01780","Aldosterone"
"16581","hsa00140;hsa04913;hsa04925;hsa04927;hsa04934","","WP4524;WP2263;WP3604;WP4523;WP5320;WP4756;WP496;WP5277","pregnenolone","C01953","Pregnenolone"
"16827","hsa00140;hsa04923;hsa04925;hsa05020","","WP3604;WP4523;WP5279;WP4756","corticosterone","C02140","Corticosterone"
"17998","hsa00140","","","4-methylpentanal","C02373","4-Methylpentanal"
"17160","hsa00140","","WP2263;WP496","17alpha-estradiol","C02537","Estradiol-17alpha"
"17474","hsa00140;hsa04976","R-HSA-156584;R-HSA-879518;R-HSA-879518;R-HSA-561048;R-HSA-561048","WP4906;WP5276;WP697;WP5368","estrone 3-sulfate","C02538","Estrone 3-sulfate"
"16973","hsa00140;hsa04925","","WP554;WP3604;WP4523;WP5279;WP4756;WP3947;WP5277","11-deoxycorticosterone","C03205","11-Deoxycorticosterone"
"28952","hsa00140","","WP5277","5alpha-pregnane-3,20-dione","C03681","5alpha-Pregnane-3,20-dione"
"190408","hsa00140","","","11a-Hydroxyprogesterone","C03747","11alpha-Hydroxyprogesterone"
"16076","hsa00140","","","11alpha-hydroxyprogesterone","C03747","11alpha-Hydroxyprogesterone"
"16985","hsa00140","","WP3604","5beta-androstane-3,17-dione","C03772","5beta-Androstane-3,17-dione"
"18011","hsa00140","","","androstane-3alpha,17beta-diol","C03852","Androstan-3alpha,17beta-diol"
"16330","hsa00140;hsa05200;hsa05215","R-HSA-8940973;R-HSA-8940973;R-HSA-3371497;R-HSA-3371497;R-HSA-5625886;R-HSA-5625886;R-HSA-193048","WP4524;WP2263;WP5434;WP4523;WP5320;WP496","17beta-hydroxy-5alpha-androstan-3-one","C03917","Dihydrotestosterone"
"16784","hsa00140","","","6beta-hydroxy-17beta-estradiol","C03935","6beta-Hydroxy-17beta-estradiol"
"28453","hsa00140","","WP5277","(20S)-20-hydroxypregn-4-en-3-one","C04042","20alpha-Hydroxy-4-pregnen-3-one"
"2710","hsa00140;hsa04913","","WP5320","androst-5-ene-3beta,17beta-diol","C04295","Androstenediol"
"28195","hsa00140","","WP3604;WP5320","3alpha-hydroxy-5beta-androstan-17-one","C04373","Etiocholanolone"
"16418","hsa00140","","","(20S)-17,20-dihydroxypregn-4-en-3-one","C04518","17alpha,20alpha-Dihydroxypregn-4-en-3-one"
"16814","hsa00140;hsa04976","","WP3604;WP5368","dehydroepiandrosterone sulfate","C04555","Dehydroepiandrosterone sulfate"
"18084","hsa00140","","","testololactone","C04676","Testololactone"
"28750","hsa00140;hsa04913;hsa04927;hsa04934","R-HSA-193048;R-HSA-194002","WP2263;WP3604;WP4523;WP5320;WP496;WP5277","17alpha-hydroxypregnenolone","C05138","17alpha-Hydroxypregnenolone"
"27771","hsa00140","","WP3604","16alpha-hydroxydehydroepiandrosterone","C05139","16alpha-Hydroxydehydroepiandrosterone"
"27582","hsa00140","","WP3604","16alpha-hydroxyandrost-4-ene-3,17-dione","C05140","16alpha-Hydroxyandrost-4-ene-3,17-dione"
"27974","hsa00140","R-HSA-9018519","WP3604;WP5276","estriol","C05141","Estriol"
"190716","hsa00140","","","11b-Hydroxyandrost-4-ene-3,17-dione","C05284","11beta-Hydroxyandrost-4-ene-3,17-dione"
"27967","hsa00140","","","11beta-hydroxyandrost-4-ene-3,17-dione","C05284","11beta-Hydroxyandrost-4-ene-3,17-dione"
"2495","hsa00140","","","adrenosterone","C05285","Adrenosterone"
"27576","hsa00140","","WP3604","19-hydroxyandrost-4-ene-3,17-dione","C05290","19-Hydroxyandrost-4-ene-3,17-dione"
"196340","hsa00140","","","7a-Hydroxytestosterone","C05291","7alpha-Hydroxytestosterone"
"2295","hsa00140","","","7alpha -hydroxytestosterone","C05291","7alpha-Hydroxytestosterone"
"2150","hsa00140","","WP5320","5beta-dihydrotestosterone","C05293","5beta-Dihydrotestosterone"
"798","hsa00140","","","19-hydroxytestosterone","C05294","19-Hydroxytestosterone"
"75308","hsa00140","","","19-oxotestosterone","C05295","19-Oxotestosterone"
"27768","hsa00140","","","7alpha-hydroxyandrost-4-ene-3,17-dione","C05296","7alpha-Hydroxyandrost-4-ene-3,17-dione"
"799","hsa00140","","","3,17-dioxoandrost-4-en-19-al","C05297","19-Oxoandrost-4-ene-3,17-dione"
"1156","hsa00140","","WP3604;WP5276;WP697","2-hydroxyestrone","C05298","2-Hydroxyestrone"
"1189","hsa00140","","WP3604;WP5276;WP697","2-methoxyestrone","C05299","2-Methoxyestrone"
"776","hsa00140","","WP3604;WP5276;WP697","16alpha-hydroxyestrone","C05300","16alpha-Hydroxyestrone"
"28744","hsa00140;hsa04913;hsa05208","","WP5276;WP697","2-hydroxy-17beta-estradiol","C05301","2-Hydroxyestradiol"
"28955","hsa00140","","WP5276;WP697;WP2431","2-methoxy-17beta-estradiol","C05302","2-Methoxy-17beta-estradiol"
"18093","hsa00140","","WP3604;WP4523;WP5280","17,21-dihydroxy-5beta-pregnane-3,11,20-trione","C05469","17alpha,21-Dihydroxy-5beta-pregnane-3,11,20-trione"
"9901","hsa00140","","WP5280","Urocortisone","C05470","Tetrahydrocortisone"
"732","hsa00140","","WP3604;WP4523;WP5280","5beta-dihydrocortisol","C05471","Dihydrocortisol"
"28320","hsa00140","","WP4523;WP5280","tetrahydrocortisol","C05472","Urocortisol"
"86389","hsa00140","","","5beta-dihydroaldosterone","C05473","11beta,21-Dihydroxy-3,20-oxo-5beta-pregnan-18-al"
"1684","hsa00140","","WP4259","3alpha,11beta,21-Trihydroxy-20-oxo-5beta-pregnan-18-al","C05474","3alpha,11beta,21-Trihydroxy-20-oxo-5beta-pregnan-18-al"
"173194","hsa00140","","","11b,21-Dihydroxy-5b-pregnane-3,20-dione","C05475","11beta,21-Dihydroxy-5beta-pregnane-3,20-dione"
"86381","hsa00140","","","5beta-dihydrocorticosterone","C05475","11beta,21-Dihydroxy-5beta-pregnane-3,20-dione"
"9481","hsa00140","","WP5279","Tetrahydrocorticosterone","C05476","Tetrahydrocorticosterone"
"1298","hsa00140","","","21-Hydroxy-5beta-pregnane-3,11,20-trione","C05477","21-Hydroxy-5beta-pregnane-3,11,20-trione"
"172122","hsa00140","","","21-Hydroxy-5b-pregnane-3,11,20-trione","C05477","21-Hydroxy-5beta-pregnane-3,11,20-trione"
"1690","hsa00140","","","3alpha,21-Dihydroxy-5beta-pregnane-11,20-dione","C05478","3alpha,21-Dihydroxy-5beta-pregnane-11,20-dione"
"175452","hsa00140","","","3a,21-Dihydroxy-5b-pregnane-11,20-dione","C05478","3alpha,21-Dihydroxy-5beta-pregnane-11,20-dione"
"30154","hsa00140","","WP4523;WP5277","5beta-pregnane-3,20-dione","C05479","5beta-Pregnane-3,20-dione"
"1712","hsa00140","","WP5277","3alpha-hydroxy-5beta-pregnan-20-one","C05480","Pregnanolone"
"3899","hsa00140","","WP3604;WP4523;WP5280","Cortolone","C05481","Cortolone"
"3898","hsa00140","","WP3604;WP5280","Cortol","C05482","Cortol"
"1689","hsa00140","","","3alpha,20alpha,21-Trihydroxy-5beta-pregnane-11-one","C05483","3alpha,20alpha,21-Trihydroxy-5beta-pregnan-11-one"
"8387","hsa00140","","WP3604;WP4523","Pregnanediol","C05484","Pregnanediol"
"177534","hsa00140","","","Pregnane-3,3-diol","C05484","Pregnanediol"
"28043","hsa00140","","WP3604","21-hydroxypregnenolone","C05485","21-Hydroxypregnenolone"
"27832","hsa00140","","WP3604","17alpha,21-dihydroxypregnenolone","C05487","17alpha,21-Dihydroxypregnenolone"
"181455","hsa00140;hsa04927;hsa04934","","","(8R,10R,13S,17R)-17-Hydroxy-17-(2-hydroxyacetyl)-10,13-dimethyl-2,6,7,8,9,11,12,14,15,16-decahydro-1H-cyclopenta[a]phenanthren-3-one","C05488","11-Deoxycortisol"
"28324","hsa00140;hsa04927;hsa04934","R-HSA-211976;R-HSA-194002;R-HSA-194002;R-HSA-5579017","WP3604;WP4523;WP5280;WP5277","11-deoxycortisol","C05488","11-Deoxycortisol"
"171954","hsa00140","","","11b,17a,21-Trihydroxypreg-nenolone","C05489","11beta,17alpha,21-Trihydroxypregnenolone"
"27783","hsa00140","","","11beta,17alpha,21-trihydroxypregnenolone","C05489","11beta,17alpha,21-Trihydroxypregnenolone"
"78600","hsa00140","","","11-dehydrocorticosterone","C05490","11-Dehydrocorticosterone"
"180960","hsa00140","","","(8S,9S,10R,13S,14S,17R)-17-Acetyl-11,17-dihydroxy-10,13-dimethyl-2,6,7,8,9,11,12,14,15,16-decahydro-1H-cyclopenta[a]phenanthren-3-one","C05497","21-Deoxycortisol"
"28697","hsa00140","","WP5280","21-deoxycortisol","C05497","21-Deoxycortisol"
"177269","hsa00140","","","11b-Hydroxyprogesterone","C05498","11beta-Hydroxyprogesterone"
"28247","hsa00140","","","11beta-hydroxyprogesterone","C05498","11beta-Hydroxyprogesterone"
"783","hsa00140","","","(20R)-17alpha,20-dihydroxycholesterol","C05499","17alpha,20alpha-Dihydroxycholesterol"
"1296","hsa00140","","","20-hydroxycholesterol","C05500","20alpha-Hydroxycholesterol"
"1294","hsa00140","","WP3604;WP5277","(20R,22R)-20,22-dihydroxycholesterol","C05501","20alpha,22beta-Dihydroxycholesterol"
"190409","hsa00140","","","20a,22b-Dihydroxycholesterol","C05501","20alpha,22beta-Dihydroxycholesterol"
"67237","hsa00140","","WP3604;WP5277","(22R)-22-hydroxycholesterol","C05502","22(R)-Hydroxycholesterol"
"175586","hsa00140;hsa04976","","","17-beta-Estradiol-3-glucuronide","C05503","Estradiol-17beta 3-glucuronide"
"36489","hsa00140;hsa04976","","WP5276;WP697","17beta-estradiol 3-glucosiduronic acid","C05503","Estradiol-17beta 3-glucuronide"
"766","hsa00140","","","estriol 16-O-(beta-D-glucuronide)","C05504","16-Glucuronide-estriol"
"4866","hsa00140;hsa04976","","WP697;WP5368","17beta-estradiol 3-sulfate","C08357","Estradiol-17beta 3-sulfate"
"166844","hsa00140;hsa04976","","","beta-Estradiol 3-sulfate","C08357","Estradiol-17beta 3-sulfate"
"1191","hsa00140","","","2-methoxyestrone 3-sulfate","C08358","2-Methoxyestrone 3-sulfate"
"1188","hsa00140","","","2-methoxy-17beta-estradiol 3-sulfate","C08359","2-Methoxyestradiol-17beta 3-sulfate"
"36491","hsa00140","","WP5276;WP697","2-methoxy-17beta-estradiol 3-O-(beta-D-glucuronide)","C11131","2-Methoxy-estradiol-17beta 3-glucuronide"
"37450","hsa00140","","WP5276;WP697","2-methoxyestrone 3-O-(beta-D-glucuronide)","C11132","2-Methoxyestrone 3-glucuronide"
"28919","hsa00140","","WP5276;WP697","estrone 3-O-(beta-D-glucuronide)","C11133","Estrone glucuronide"
"28835","hsa00140","","WP5320","testosterone 17-glucosiduronic acid","C11134","Testosterone glucuronide"
"28832","hsa00140","","","androsterone 3-glucosiduronic acid","C11135","Androsterone glucuronide"
"37451","hsa00140","","","3alpha-hydroxy-5beta-androstan-17-one 3-glucosiduronic acid","C11136","Etiocholan-3alpha-ol-17-one 3-glucuronide"
"50169","hsa00140","","WP5277","brexanolone","C13712","Allopregnanolone"
"34461","hsa00140","","","5-alpha-THDOC","C13713","Allotetrahydrodeoxycorticosterone"
"81467","hsa00140","","","7alpha-hydroxypregnenolone","C18038","7alpha-Hydroxypregnenolone"
"30834","hsa00140","","WP3604","aldosterone hemiacetal","C18039","Aldosterone hemiacetal"
"81468","hsa00140","","","5alpha-dihydrodeoxycorticosterone","C18040","5alpha-Dihydrodeoxycorticosterone"
"81469","hsa00140","","","5alpha-Pregnan-20alpha-ol-3-one","C18041","5alpha-Pregnan-20alpha-ol-3-one"
"81470","hsa00140","","","5alpha-Pregnane-3alpha,20alpha-diol","C18042","5alpha-Pregnane-3alpha,20alpha-diol"
"41321","hsa00140","","","cholesterol sulfate","C18043","Cholesterol sulfate"
"35420","hsa00140","R-HSA-156584","","pregnenolone sulfate","C18044","3beta-Hydroxypregn-5-en-20-one sulfate"
"81471","hsa00140","","","7alpha-hydroxydehydroepiandrosterone","C18045","7alpha-Hydroxydehydroepiandrosterone"
"81481","hsa00140","","","11beta-hydroxytestosterone","C18075","11beta,17beta-Dihydroxy-4-androsten-3-one"
"15978","hsa00561;hsa00564;hsa02010;hsa05231","","WP3604;WP143;WP4722;WP2456;WP3602;WP4297;WP325","sn-glycerol 3-phosphate","C00093","sn-Glycerol 3-phosphate"
"16016","hsa00561","","","dihydroxyacetone","C00184","Glycerone"
"16337","hsa00561;hsa00564;hsa04070;hsa04072;hsa04024;hsa04666;hsa04912;hsa04975;hsa05200;hsa05231;hsa05212","","WP5380;WP5434;WP5101;WP5443;WP3602;WP4304;WP5094","phosphatidic acid","C00416","Phosphatidate"
"17855","hsa00561;hsa04923;hsa04975;hsa04979;hsa04977;hsa04714;hsa05417;hsa04931","","WP5304;WP5101;WP5333;WP5066;WP5108;WP5109;WP5110;WP5111;WP5112;WP5102;WP143;WP5323;WP176;WP4722;WP2533;WP2456;WP3965;WP3601;WP3602;WP5094;WP15;WP430;WP4746;WP325;WP1533","triglyceride","C00422","Triacylglycerol"
"16975","hsa00561;hsa00564;hsa04072;hsa04080;hsa04540;hsa04810;hsa04975;hsa04977;hsa05200;hsa05130","","WP5275;WP4722;WP2533;WP2456;WP3602","1-acyl-sn-glycerol 3-phosphate","C00681","1-Acyl-sn-glycerol 3-phosphate"
"17871","hsa00561","","","3-hydroxypropanal","C00969","3-Hydroxypropanal"
"35759","hsa00561;hsa04923;hsa04975;hsa04977;hsa04714","","WP3602;WP4321;WP325","1-monoglyceride","C01885","1-Acylglycerol"
"16826","hsa00561","","","acyl monophosphate","C02133","Acyl phosphate"
"16109","hsa00561","","","propane-1,3-diol","C02457","Propane-1,3-diol"
"17615","hsa00561","","","1,2-diacyl-3-beta-D-galactosyl-sn-glycerol","C03692","1,2-Diacyl-3-beta-D-galactosyl-sn-glycerol"
"18063","hsa00561","","","2-O-acyl-3-O-beta-D-galactosyl-sn-glycerol","C04315","2-Acyl-3-O-(beta-D-galactosyl)-sn-glycerol"
"16599","hsa00561","","","1,2-diacyl-3-[3-(alpha-D-N-acetylneuraminyl)-beta-D-galactosyl]-sn-glycerol","C04872","1,2-Diacyl-3-[3-(alpha-D-N-acetylneuraminyl)-beta-D-galactosyl]-sn-glycerol"
"28396","hsa00561","","","3-[alpha-D-galactosyl-(1->6)-beta-D-galactosyl]-1,2-diacyl-sn-glycerol","C06037","Digalactosyl-diacylglycerol"
"76256","hsa00561","","","1,2-diacyl-3-(6-O-acyl-beta-D-galactosyl)-sn-glycerol","C06038","Acyl1-monogalactosyl-diacylglycerol"
"76264","hsa00561","","","1,2-diacyl-3-O-(beta-D-Glc-(1->6)-beta-D-Glc)-sn-glycerol","C06040","Diglucosyldiacylglycerol"
"17670","hsa00561","","","1,2-diacyl-3-O-(alpha-D-glucosyl)-sn-glycerol","C06364","1,2-Diacyl-3-alpha-D-glucosyl-sn-glycerol"
"32167","hsa00561","","","1,2-diacyl-3-(alpha-D-6-sulfoquinovosyl)-sn-glycerol","C13508","Sulfoquinovosyldiacylglycerol"
"15354","hsa00564;hsa00260;hsa02010;hsa04976;hsa04725;hsa05231","","WP5352;WP4949;WP528;WP3604;WP550;WP5219;WP4722;WP2533;WP3933;WP4288;WP3580;WP241;WP4195;WP706;WP2525","choline","C00114","Choline"
"16110","hsa00564;hsa00590;hsa00591;hsa00592;hsa04723;hsa05231","","WP4304;WP2525","1,2-diacyl-sn-glycero-3-phosphocholine(1+)","C00157","Phosphatidylcholine"
"49183","hsa00564;hsa00590;hsa00591;hsa00592;hsa04723;hsa05231","","WP5221;WP5176;WP4288;WP5121;WP2525","phosphatidylcholine(1+)","C00157","Phosphatidylcholine"
"16000","hsa00564;hsa04723","R-HSA-1483213;R-HSA-2142753;R-HSA-2142753;R-HSA-112310;R-HSA-1483152;R-HSA-1483101","WP3604;WP4722;WP2533;WP3933;WP2525","ethanolamine","C00189","Ethanolamine"
"17962","hsa00564;hsa04070","","WP4722;WP2533;WP5199","CDP-diacylglycerol","C00269","CDP-diacylglycerol"
"16436","hsa00564;hsa05231","R-HSA-1483191","WP4722;WP3933;WP2525","CDP-choline","C00307","CDP-choline"
"17517","hsa00564","","WP4722;WP2533","phosphatidylglycerol","C00344","Phosphatidylglycerol"
"17553","hsa00564;hsa00600;hsa00563;hsa04071","R-HSA-1483213;R-HSA-1483213;R-HSA-9845614","WP3604;WP5090;WP4722;WP2533;WP3933;WP4142;WP4725;WP4726;WP1422;WP5194;WP2525","O-phosphoethanolamine","C00346","Ethanolamine phosphate"
"16038","hsa00564;hsa00563;hsa04140;hsa04136;hsa04723;hsa05167;hsa05130","","WP4923;WP4722;WP2533;WP4863;WP3933;WP4288;WP4304;WP2272;WP5381;WP2525","phosphatidylethanolamine","C00350","Phosphatidylethanolamine"
"132202","hsa00564","","","(2R)-CDP-glycerol","C00513","CDP-glycerol"
"16732","hsa00564","","WP3604;WP4722;WP2533;WP3933;WP2525","CDP-ethanolamine","C00570","CDP-ethanolamine"
"18132","hsa00564;hsa05231","","WP528;WP3604;WP2533;WP3933;WP2525","phosphocholine","C00588","Choline phosphate"
"16221","hsa00564","","","sn-glycerol 1-phosphate","C00623","sn-Glycerol 1-phosphate"
"194386","hsa00564;hsa00565;hsa05231","","","Glycero-3-phosphocholine","C00670","sn-Glycero-3-phosphocholine"
"16870","hsa00564;hsa00565;hsa05231","","WP4949;WP528;WP4195","choline alfoscerate","C00670","sn-Glycero-3-phosphocholine"
"16463","hsa00564","","","N-methylethanolamine phosphate","C01210","N-Methylethanolamine phosphate"
"16929","hsa00564;hsa00565","","","sn-glycero-3-phosphoethanolamine","C01233","sn-Glycero-3-phosphoethanolamine"
"15958","hsa00564","","","phosphatidyl-N-methylethanolamine","C01241","Phosphatidyl-N-methylethanolamine"
"15355","hsa00564;hsa04024;hsa04080;hsa04810;hsa04911;hsa04970;hsa04971;hsa04972;hsa04976;hsa04725;hsa04721;hsa04742;hsa05022;hsa05033","","WP5352;WP5407;WP4942;WP4932;WP528;WP3604;WP550;WP5055;WP536;WP2596;WP5360;WP58;WP4195;WP51;WP2597;WP706;WP2525;WP4698","acetylcholine","C01996","Acetylcholine"
"11750","hsa00564;hsa00260;hsa04148;hsa05146;hsa05140;hsa05322","","WP4722;WP2533;WP3933","3-sn-phosphatidyl-L-serine","C02737","Phosphatidylserine"
"18303","hsa00564;hsa00260;hsa04148;hsa05146;hsa05140;hsa05322","","WP5090;WP5176;WP4304;WP4688;WP2525","phosphatidyl-L-serine","C02737","Phosphatidylserine"
"15835","hsa00564;hsa00565","","WP2533;WP325","1-acylglycerone 3-phosphate","C03372","Acylglycerone phosphate"
"28914","hsa00564","R-HSA-1482922;R-HSA-1482922","","1-acyl-sn-glycero-3-phospho-D-myo-inositol","C03819","1-Acylglycerophosphoinositol"
"16542","hsa00564","","","L-serine phosphoethanolamine","C03872","L-Serine-phosphoethanolamine"
"37393","hsa00564","","WP4722","1-(3-sn-phosphatidyl)-sn-glycerol 3-phosphate","C03892","Phosphatidylglycerophosphate"
"17936","hsa00564","","WP4722","2-acyl-sn-glycero-3-phosphate","C03974","2-Acyl-sn-glycerol 3-phosphate"
"183975","hsa00564;hsa04148;hsa05231","","","1-behenoyl-2-hydroxy-sn-glycero-3-phosphocholine","C04230","1-Acyl-sn-glycero-3-phosphocholine"
"17504","hsa00564;hsa04148;hsa05231","R-HSA-1482788;R-HSA-1482788;R-HSA-1483115;R-HSA-6811436;R-HSA-381771;R-HSA-8964058;R-HSA-2029485;R-HSA-400511;R-HSA-2142753;R-HSA-1482798;R-HSA-111995","","1-O-acyl-sn-glycero-3-phosphocholine(1+)","C04230","1-Acyl-sn-glycero-3-phosphocholine"
"16728","hsa00564","","","2-acyl-sn-glycero-3-phosphocholine(1+)","C04233","2-Acyl-sn-glycero-3-phosphocholine"
"17152","hsa00564","","WP4722","phosphatidyl-N,N-dimethylethanolamine","C04308","Phosphatidyl-N-dimethylethanolamine"
"29017","hsa00564","R-HSA-1482839;R-HSA-1482839;R-HSA-1482798;R-HSA-1483152","WP4722","1-acyl-sn-glycero-3-phosphoethanolamine","C04438","1-Acyl-sn-glycero-3-phosphoethanolamine"
"16206","hsa00564","","","sn-3-O-(geranylgeranyl)glycerol 1-phosphate","C04590","3-(O-Geranylgeranyl)-sn-glycerol 1-phosphate"
"50725","hsa00564","","","2,3-bis-O-(geranylgeranyl)-sn-glycerol 1-phosphate","C04638","2,3-Bis-(O-geranylgeranyl)-sn-glycerol 1-phosphate"
"16266","hsa00564","","","2,3-bis-O-(geranylgeranyl)glycerol 1-phosphate","C04638","2,3-Bis-(O-geranylgeranyl)-sn-glycerol 1-phosphate"
"28936","hsa00564","R-HSA-1482839;R-HSA-1483152","","2-acyl-sn-glycero-3-phosphoethanolamine","C05973","2-Acyl-sn-glycero-3-phosphoethanolamine"
"37646","hsa00564","R-HSA-1482801;R-HSA-1482801","","2-acyl-sn-glycero-3-phosphoserine","C05974","2-Acyl-sn-glycero-3-phosphoserine"
"28494","hsa00564","R-HSA-1483166;R-HSA-5620971;R-HSA-5620971;R-HSA-111457;R-HSA-1482798;R-HSA-1482798;R-HSA-1482798;R-HSA-1483076","WP5380;WP5443;WP4722;WP2533;WP5381","cardiolipin","C05980","Cardiolipin"
"28621","hsa00564","","","triethanolamine","C06771","Triethanolamine"
"28123","hsa00564","","","diethanolamine","C06772","Diethanolamine"
"31997","hsa00564","","","N,N-dimethylethanolamine phosphate","C13482","Phosphodimethylethanolamine"
"50726","hsa00564","","","CDP-2,3-bis-O-(geranylgeranyl)-sn-glycerol","C18059","CDP-2,3-bis-(O-geranylgeranyl)-sn-glycerol"
"60430","hsa00564","","","2-monolysocardiolipin","C18129","Monolysocardiolipin"
"81557","hsa00564","","","Diacylglycerylhomoserine","C18168","Diacylglycerylhomoserine"
"81558","hsa00564","","","Diacylglyceryl-N,N,N-trimethylhomoserine","C18169","Diacylglyceryl-N,N,N-trimethylhomoserine"
"71591","hsa00564","","","2,3-bis-O-(geranylgeranyl)-sn-glycero-3-phospho-L-serine","C20466","2,3-Bis-(O-geranylgeranyl)-sn-glycero-1-phospho-L-serine"
"17810","hsa00565","R-HSA-1482788","WP2533","1-O-(alk-1-enyl)-2-O-acyl-sn-glycero-3-phosphocholine","C00958","Plasmenylcholine"
"17555","hsa00565","","WP2533","1-alkyl-2-acetyl-sn-glycerol 3-phosphate","C01264","2-Acetyl-1-alkyl-sn-glycero-3-phosphate"
"15850","hsa00565","","WP2533","1-O-alkyl-sn-glycerol","C02773","1-Alkyl-sn-glycerol"
"52595","hsa00565","","","1-alkyl-2-acyl-sn-glycerol","C03201","1-Alkyl-2-acylglycerol"
"17197","hsa00565","","","1-alkylglycerone 3-phosphate","C03715","O-Alkylglycerone phosphate"
"16291","hsa00565","","WP2533","1-alkyl-2-acetyl-sn-glycerol","C03820","1-Alkyl-2-acetyl-sn-glycerol"
"17106","hsa00565","","WP2533","1-alkyl-sn-glycerol 3-phosphate","C03968","1-Alkyl-sn-glycero-3-phosphate"
"30909","hsa00565","","","1-alkyl-sn-glycero-3-phosphocholine","C04317","1-Organyl-2-lyso-sn-glycero-3-phosphocholine"
"17473","hsa00565","","","1-alkyl-2-acetyl-3-acyl-sn-glycerol","C04361","1-O-Alkyl-2-acetyl-3-acyl-sn-glycerol"
"36712","hsa00565","","WP2533","1-alkyl-2-acyl-sn-glycero-3-phosphoethanolamine","C04475","1-Alkyl-2-acylglycerophosphoethanolamine"
"17832","hsa00565","","","1-O-(alk-1-enyl)-sn-glycero-3-phosphocholine","C04517","1-(1-Alkenyl)-sn-glycero-3-phosphocholine"
"177262","hsa00565;hsa04080;hsa05310","","","PC(18:1(9Z)e/2:0)","C04598","2-Acetyl-1-alkyl-sn-glycero-3-phosphocholine"
"36707","hsa00565;hsa04080;hsa05310","","WP2533","2-acetyl-1-alkyl-sn-glycero-3-phosphocholine","C04598","2-Acetyl-1-alkyl-sn-glycero-3-phosphocholine"
"15785","hsa00565","","","1-(alk-1-enyl)-sn-glycero-3-phosphoethanolamine","C04635","1-(1-Alkenyl)-sn-glycero-3-phosphoethanolamine"
"17476","hsa00565","R-HSA-1482788","WP2533","1-(alk-1-enyl)-2-acyl-sn-glycero-3-phosphoethanolamine","C04756","O-1-Alk-1-enyl-2-acyl-sn-glycero-3-phosphoethanolamine"
"36702","hsa00565","","WP2533","2-acyl-1-alkyl-sn-glycero-3-phosphocholine","C05212","1-Radyl-2-acyl-sn-glycero-3-phosphocholine"
"73332","hsa00565","","","1-alkyl-2-acyl-sn-glycero-3-phosphate(2-)","C05977","2-Acyl-1-alkyl-sn-glycero-3-phosphate"
"37296","hsa00565","","WP2533","1-alkyl-2-acyl-sn-glycerol 3-phosphate","C05977","2-Acyl-1-alkyl-sn-glycero-3-phosphate"
"73322","hsa00565","","","1-(alk-1-enyl)-sn-glycerol","C15645","1-(1-Alkenyl)-sn-glycerol"
"73423","hsa00565","","","1-(alk-1-enyl)-sn-glycero-3-phosphate","C15646","1-(1-Alkenyl)-sn-glycero-3-phosphate"
"177404","hsa00565","","","(2R)-3-[(1Z)-1-Hexadecen-1-yloxy]-2-hydroxypropyl dihydrogen phosphate","C15646","1-(1-Alkenyl)-sn-glycero-3-phosphate"
"73327","hsa00565","","","1-(alk-1-enyl)-2-acyl-sn-glycero-3-phosphate(2-)","C15647","2-Acyl-1-(1-alkenyl)-sn-glycero-3-phosphate"
"185429","hsa00565","","","PA(P-16:0/18:2(9Z,12Z))","C15647","2-Acyl-1-(1-alkenyl)-sn-glycero-3-phosphate"
"79332","hsa00565","","","1-alkyl-2-acyl-3-(3-O-sulfo-beta-D-galactosyl)-sn-glycerol","C20825","Seminolipid"
"17761","hsa00600;hsa04071;hsa04217;hsa04920;hsa04722;hsa05140;hsa05415;hsa04931;hsa04933","R-HSA-6809371;R-HSA-6809371","WP4153;WP314;WP4288;WP4142;WP2513;WP4577;WP4688;WP5121;WP231","ceramide","C00195","N-Acylsphingosine"
"52639","hsa00600;hsa04071;hsa04217;hsa04920;hsa04722;hsa05140;hsa05415;hsa04931;hsa04933","","WP5292;WP5192;WP5181;WP4725;WP5194","N-acylsphingosine","C00195","N-Acylsphingosine"
"194383","hsa00600;hsa04071;hsa04210;hsa04217","","","C18_Sphingosine*","C00319","Sphingosine"
"16393","hsa00600;hsa04071;hsa04210;hsa04217","","WP3604;WP4153;WP5143;WP4142;WP4846;WP4725;WP4726;WP1422;WP5194","sphingosine","C00319","Sphingosine"
"190464","hsa00600;hsa04071;hsa04217","","","SM(d18:0/22:1(13Z))","C00550","Sphingomyelin"
"184744","hsa00600;hsa04071;hsa04217","","","(2-{[hydroxy({[(2S,3R)-3-hydroxy-2-[(1-hydroxyhexadecylidene)amino]octadecyl]oxy})phosphoryl]oxy}ethyl)trimethylazanium","C00550","Sphingomyelin"
"185051","hsa00600;hsa04071;hsa04217","","","(2-{[hydroxy({[(2S,3R,4E)-3-hydroxy-2-[(1-hydroxyhexacosylidene)amino]octadec-4-en-1-yl]oxy})phosphoryl]oxy}ethyl)trimethylazanium","C00550","Sphingomyelin"
"17636","hsa00600;hsa04071;hsa04217","R-HSA-1369062;R-HSA-1369062;R-HSA-9840310;R-HSA-9840310;R-HSA-9840310;R-HSA-193681","WP4577;WP4304;WP4195","sphingomyelin d18:1","C00550","Sphingomyelin"
"62490","hsa00600;hsa04071;hsa04217","","WP5121;WP5194","sphingomyelin d18:1(1+)","C00550","Sphingomyelin"
"16566","hsa00600;hsa04071","","WP3604;WP4142;WP5121;WP4725;WP4726;WP1422;WP5194","sphinganine","C00836","Sphinganine"
"16893","hsa00600;hsa04080","","WP4142;WP4725;WP4726;WP1422","sphinganine 1-phosphate","C01120","Sphinganine 1-phosphate"
"18368","hsa00600","","WP5292;WP5121;WP4725;WP5194","D-glucosyl-N-acylsphingosine","C01190","Glucosylceramide"
"17950","hsa00600","","WP5299;WP5292;WP5311;WP5303;WP5302","beta-D-galactosyl-(1->4)-beta-D-glucosyl-(1<->1)-N-acylsphingosine","C01290","Lactosylceramide"
"16874","hsa00600","","WP3604","psychosine","C01747","Psychosine"
"176270","hsa00600","","","Galactosylceramide (d18:1/12:0) ","C02686","Galactosylceramide"
"18390","hsa00600","","WP5224;WP5292;WP4725;WP5194","N-acyl-beta-D-galactosylsphingosine","C02686","Galactosylceramide"
"36498","hsa00600","R-HSA-9840310;R-HSA-9845576;R-HSA-9845576;R-HSA-9845576;R-HSA-9840309;R-HSA-9840309","WP4153;WP4142;WP1422","galactosylceramide","C02686","Galactosylceramide"
"17862","hsa00600","","WP3604;WP4142;WP4577;WP5121;WP4725;WP4726;WP1422;WP5194","3-dehydrosphinganine","C02934","3-Dehydrosphinganine"
"16197","hsa00600","R-HSA-9845576;R-HSA-9845576;R-HSA-9840309","WP5192;WP4725","N-acylsphingosine 1-phosphate","C02960","Ceramide 1-phosphate"
"4177","hsa00600","","","D-glucosylsphingosine","C03108","D-Glucosylsphingosine"
"71981","hsa00600","","","beta-D-glucosylsphingosine","C03108","D-Glucosylsphingosine"
"185325","hsa00600","","","(3R,4S,5S,6R)-2-{[(4E)-2-amino-3-hydroxyoctadec-4-en-1-yl]oxy}-6-(hydroxymethyl)oxane-3,4,5-triol","C03108","D-Glucosylsphingosine"
"177780","hsa00600","","","Tetrahexosylceramide (d18:1/26:0)","C03272","Globoside"
"18259","hsa00600","","WP4153","N-acetyl-beta-D-galactosaminyl-(1->3)-alpha-D-galactosyl-(1->4)-beta-D-galactosyl-(1->4)-beta-D-glucosylceramide","C03272","Globoside"
"37986","hsa00600","","","1-(3-O-sulfo-beta-D-galactosyl-(1->4)-beta-D-glucosyl)-N-acylsphingosine","C03405","Lactosylceramide sulfate"
"52897","hsa00600","","","sphingosylphosphocholine acid","C03640","Sphingosyl-phosphocholine"
"180863","hsa00600","","","Ganglioside GM3 (d18:1/20:0)","C04730","GM3"
"15681","hsa00600","","WP5299;WP5292;WP4142","alpha-N-acetylneuraminyl-(2->3)-beta-D-galactosyl-(1->4)-beta-D-glucosyl-(1<->1')-ceramide","C04730","GM3"
"180844","hsa00600;hsa05131","","","Trihexosylceramide (d18:1/9Z-18:1)","C04737","alpha-D-Galactosyl-(1->4)-beta-D-galactosyl-(1->4)-beta-D-glucosyl-(1<->1)-ceramide"
"185377","hsa00600;hsa05131","","","N-[(2S,3R,4E)-1-{[(2R,3R,4R,5S,6R)-5-{[(2S,3R,4R,5R,6R)-3,4-dihydroxy-6-(hydroxymethyl)-5-{[(2R,3R,4S,5R,6R)-3,4,5-trihydroxy-6-(hydroxymethyl)oxan-2-yl]oxy}oxan-2-yl]oxy}-3,4-dihydroxy-6-(hydroxymethyl)oxan-2-yl]oxy}-3-hydroxyoctadec-4-en-2-yl]dodecanimidic acid","C04737","alpha-D-Galactosyl-(1->4)-beta-D-galactosyl-(1->4)-beta-D-glucosyl-(1<->1)-ceramide"
"18313","hsa00600;hsa05131","R-HSA-9845576;R-HSA-9845576;R-HSA-9840309","","alpha-D-galactosyl-(1->4)-beta-D-galactosyl-(1->4)-beta-D-glucosylceramide","C04737","alpha-D-Galactosyl-(1->4)-beta-D-galactosyl-(1->4)-beta-D-glucosyl-(1<->1)-ceramide"
"177482","hsa00600","","","Ganglioside GM2 (d18:1/12:0)","C04884","N-Acetyl-D-galactosaminyl-(N-acetylneuraminyl)-D-galactosyl-D-glucosylceramide"
"177682","hsa00600","","","Ganglioside GM2 (d18:1/18:0)","C04884","N-Acetyl-D-galactosaminyl-(N-acetylneuraminyl)-D-galactosyl-D-glucosylceramide"
"51013","hsa00600","","WP4142","beta-D-GalNAc-(1->4)-[alpha-Neu5Ac-(2->3)]-beta-D-Gal-(1->4)-beta-D-Glc-(1<->1')-Cer","C04884","N-Acetyl-D-galactosaminyl-(N-acetylneuraminyl)-D-galactosyl-D-glucosylceramide"
"177678","hsa00600;hsa05110","","","Ganglioside GM1 (18:1/12:0)","C04911","D-Galactosyl-N-acetyl-D-galactosaminyl-(N-acetylneuraminyl)-D-galactosyl-D-glucosylceramide"
"177701","hsa00600;hsa05110","","","Ganglioside GM1 (18:1/9Z-18:1)","C04911","D-Galactosyl-N-acetyl-D-galactosaminyl-(N-acetylneuraminyl)-D-galactosyl-D-glucosylceramide"
"18216","hsa00600;hsa05110","","WP4298;WP4153;WP4142","alpha-N-acetylneuraminosyl-(2->3)-[beta-D-galactosyl-(1->3)-N-acetyl-beta-D-galactosaminyl-(1->4)]-beta-D-galactosyl-(1->4)-beta-D-glucosyl-(1<->1')-N-acylsphingosine","C04911","D-Galactosyl-N-acetyl-D-galactosaminyl-(N-acetylneuraminyl)-D-galactosyl-D-glucosylceramide"
"28943","hsa00600","","","N-acylsphingosine 1-phosphoethanolamine","C06062","Ceramide phosphoethanolamine"
"37550","hsa00600;hsa04371;hsa04020;hsa04072;hsa04071;hsa04080;hsa04148;hsa04666;hsa05152","","WP5205;WP5143;WP4142;WP5192;WP5121;WP4725;WP4726;WP1422;WP5194","sphingosine 1-phosphate","C06124","Sphingosine 1-phosphate"
"176327","hsa00600","","","3-O-Sulfogalactosylceramide (d18:1/22:0)","C06125","Sulfatide"
"184960","hsa00600","","","(9Z)-N-[(2S,3R,4E)-1-{[(2R,5S,6R)-3,5-dihydroxy-6-(hydroxymethyl)-4-(sulfooxy)oxan-2-yl]oxy}-3-hydroxyoctadec-4-en-2-yl]octadec-9-enimidic acid","C06125","Sulfatide"
"184397","hsa00600","","","(3'-SulfO)galbeta-cer(D18:1/20:0)","C06125","Sulfatide"
"184402","hsa00600","","","(17Z)-N-[(2S,3R,4E)-1-{[(2R,5S,6R)-3,5-dihydroxy-6-(hydroxymethyl)-4-(sulfooxy)oxan-2-yl]oxy}-3-hydroxyoctadec-4-en-2-yl]hexacos-17-enimidic acid","C06125","Sulfatide"
"18318","hsa00600","","WP4304;WP5194","galactosylceramide sulfate","C06125","Sulfatide"
"178201","hsa00600","","","Galabiosylceramide (d18:1/16:0)","C06126","Digalactosylceramide"
"184954","hsa00600","","","N-[(4Z)-1-{[(2R,3R,4R,5R,6R)-3,4-dihydroxy-6-(hydroxymethyl)-5-{[(2R,3R,4S,5R,6R)-3,4,5-trihydroxy-6-(hydroxymethyl)oxan-2-yl]oxy}oxan-2-yl]oxy}-3-hydroxyoctadec-4-en-2-yl]tetracosanimidic acid","C06126","Digalactosylceramide"
"27499","hsa00600","","WP5292;WP5194","N-acetyl-alpha-neuraminosyl-(2->3)-beta-D-galactosylceramide","C06128","GM4"
"27731","hsa00600","","WP4153;WP4142","N-acetyl-beta-D-galactosaminyl-(1->4)-beta-D-galactosyl-(1->4)-beta-D-glucosylceramide","C06135","GA2"
"27938","hsa00600","","WP4153;WP5299;WP4142","beta-D-Gal-(1->3)-beta-D-GalNAc-(1->4)-beta-D-Gal-(1->4)-beta-D-Glc-(1<->1')-Cer","C06136","GA1"
"31488","hsa00600;hsa04071","","WP4142;WP1422;WP5194","N-acylsphinganine","C12126","Dihydroceramide"
"191244","hsa00600","","","4-hydroxysphinganine","C12144","Phytosphingosine"
"46961","hsa00600","","","phytosphingosine","C12144","Phytosphingosine"
"31998","hsa00600","R-HSA-9845614","","N-acylphytosphingosine","C12145","Phytoceramide"
"15843","hsa00590;hsa00591;hsa01040;hsa04216;hsa04217;hsa04611;hsa04664;hsa04666;hsa04923;hsa04912;hsa04913;hsa04921;hsa04925;hsa04270;hsa04726;hsa04730;hsa04723;hsa04750;hsa05146;hsa05140","","WP5420;WP678;WP5155;WP4580;WP3869;WP4216;WP4719;WP4720;WP4721;WP167;WP2197;WP4313;WP5171;WP4853;WP4586;WP5241;WP2513;WP4341;WP4723;WP5424;WP5094;WP2526;WP4195;WP5122;WP5321;WP98;WP2435;WP4969;WP4483;WP15;WP2431;WP231","arachidonic acid","C00219","Arachidonate"
"15554","hsa00590;hsa04611;hsa04921;hsa04726;hsa04723","R-HSA-197264;R-HSA-2162123;R-HSA-2162123;R-HSA-2162123;R-HSA-211979;R-HSA-140180;R-HSA-5579032","WP5155;WP4580;WP4216;WP4719;WP167;WP4586;WP5424;WP5122;WP5321;WP2435;WP15;WP2431","prostaglandin H2","C00427","Prostaglandin H2"
"174978","hsa00590;hsa04024;hsa04080;hsa04148;hsa04625;hsa04923;hsa04921;hsa04924;hsa04976;hsa04726;hsa04750;hsa05200;hsa05163;hsa05165;hsa05146;hsa05140;hsa05143;hsa05323","","","14-hydroxy-E4-neuroprostane","C00584","Prostaglandin E2"
"174980","hsa00590;hsa04024;hsa04080;hsa04148;hsa04625;hsa04923;hsa04921;hsa04924;hsa04976;hsa04726;hsa04750;hsa05200;hsa05163;hsa05165;hsa05146;hsa05140;hsa05143;hsa05323","","","17-hydroxy-E4-neuroprostane","C00584","Prostaglandin E2"
"174982","hsa00590;hsa04024;hsa04080;hsa04148;hsa04625;hsa04923;hsa04921;hsa04924;hsa04976;hsa04726;hsa04750;hsa05200;hsa05163;hsa05165;hsa05146;hsa05140;hsa05143;hsa05323","","","20-hydroxy-E4-neuroprostane","C00584","Prostaglandin E2"
"174983","hsa00590;hsa04024;hsa04080;hsa04148;hsa04625;hsa04923;hsa04921;hsa04924;hsa04976;hsa04726;hsa04750;hsa05200;hsa05163;hsa05165;hsa05146;hsa05140;hsa05143;hsa05323","","","4-hydroxy-D4-neuroprostane","C00584","Prostaglandin E2"
"174985","hsa00590;hsa04024;hsa04080;hsa04148;hsa04625;hsa04923;hsa04921;hsa04924;hsa04976;hsa04726;hsa04750;hsa05200;hsa05163;hsa05165;hsa05146;hsa05140;hsa05143;hsa05323","","","7-hydroxy-D4-neuroprostane","C00584","Prostaglandin E2"
"15551","hsa00590;hsa04024;hsa04080;hsa04148;hsa04625;hsa04923;hsa04921;hsa04924;hsa04976;hsa04726;hsa04750;hsa05200;hsa05163;hsa05165;hsa05146;hsa05140;hsa05143;hsa05323","R-HSA-418594;R-HSA-416476;R-HSA-418555;R-HSA-879518;R-HSA-879518;R-HSA-2162123;R-HSA-2162123;R-HSA-391908;R-HSA-5619095","WP4906;WP5155;WP5434;WP4216;WP5283;WP4719;WP167;WP176;WP5424;WP5095;WP5087;WP5122;WP5321;WP5088;WP2435;WP4969;WP15;WP5078;WP1533","prostaglandin E2","C00584","Prostaglandin E2"
"187232","hsa00590;hsa04072;hsa04080;hsa04913;hsa04921;hsa04976;hsa04726","","","5-trans-PGF2alpha","C00639","Prostaglandin F2alpha"
"15553","hsa00590;hsa04072;hsa04080;hsa04913;hsa04921;hsa04976;hsa04726","R-HSA-416476;R-HSA-879518;R-HSA-879518;R-HSA-2162123;R-HSA-2162123;R-HSA-391908;R-HSA-5619095","WP5155;WP4719;WP167;WP176;WP5424;WP5122;WP5321;WP98;WP2435;WP15;WP1533","prostaglandin F2alpha","C00639","Prostaglandin F2alpha"
"15555","hsa00590;hsa04080;hsa04664;hsa04726;hsa05143;hsa05310","R-HSA-418594;R-HSA-418555;R-HSA-879518;R-HSA-879518;R-HSA-2162123;R-HSA-2162123;R-HSA-2162123;R-HSA-391908;R-HSA-9690406;R-HSA-5619095","WP5155;WP4719;WP167;WP4842;WP5424;WP5122;WP5321;WP98;WP2435;WP15","prostaglandin D2","C00696","Prostaglandin D2"
"15651","hsa00590;hsa04726","R-HSA-2142691;R-HSA-2142700;R-HSA-2142700","WP5155;WP4721;WP167;WP5171;WP4586;WP5424;WP5122;WP5321;WP15","leukotriene A4","C00909","Leukotriene A4"
"15552","hsa00590;hsa04370;hsa04024;hsa04080;hsa04611;hsa04270","R-HSA-197264;R-HSA-418555;R-HSA-392851;R-HSA-392851;R-HSA-2162123;R-HSA-391908;R-HSA-211979","WP5155;WP4580;WP4719;WP167;WP2197;WP5424;WP5095;WP2526;WP5122;WP5321;WP5088;WP98;WP2435;WP4969;WP15","prostaglandin I2","C01312","Prostaglandin I2"
"165291","hsa00590;hsa04080;hsa03320;hsa04976;hsa04726;hsa04750","","","12-Keto-tetrahydro-LTB4","C02165","Leukotriene B4"
"15647","hsa00590;hsa04080;hsa03320;hsa04976;hsa04726;hsa04750","R-HSA-416476;R-HSA-391906;R-HSA-211979;R-HSA-211979;R-HSA-2142691;R-HSA-2142691","WP5155;WP4721;WP167;WP5171;WP5424;WP5122;WP5321;WP5191;WP15","leukotriene B4","C02165","Leukotriene B4"
"16978","hsa00590;hsa04080;hsa04664;hsa04976;hsa04726;hsa05310","","WP5155;WP4721;WP167;WP5171;WP5424;WP5122;WP5321;WP15","leukotriene C4","C02166","Leukotriene C4"
"15627","hsa00590;hsa04080;hsa04611;hsa04726","R-HSA-416482;R-HSA-416476;R-HSA-428930;R-HSA-2162123;R-HSA-391908;R-HSA-211979","WP5155;WP4580;WP4719;WP167;WP176;WP5424;WP5122;WP5321;WP98;WP2435;WP15;WP1533","thromboxane A2","C02198","Thromboxane A2"
"28700","hsa00590","","WP5171","20-hydroxy-leukotriene E4","C03577","20-Hydroxyleukotriene E4"
"15559","hsa00590","R-HSA-2142770","WP5155;WP4721","15-oxo-ETE","C04577","15-OxoETE"
"15550","hsa00590","R-HSA-2162123","WP5155;WP4719;WP5424","13,14-dihydro-15-oxo-prostaglandin E2","C04671","(5Z)-11alpha-Hydroxy-9,15-dioxoprostanoate"
"15547","hsa00590","R-HSA-2162123","WP5155;WP4719;WP5424;WP98","15-dehydro-prostaglandin E2","C04707","(5Z,13E)-11alpha-Hydroxy-9,15-dioxoprost-5,13-dienoate"
"15558","hsa00590;hsa04750","R-HSA-2142770","WP4719;WP167;WP5424;WP15","15(S)-HETE","C04742","(15S)-15-Hydroxy-5,8,11-cis-13-trans-eicosatetraenoate"
"15557","hsa00590","R-HSA-2162123","WP5155;WP4719;WP5424","15-dehydro-prostaglandin D2","C04758","(5Z,13E)-9alpha-Hydroxy-11,15-dioxoprosta-5,13-dienoate"
"28209","hsa00590;hsa04750","R-HSA-2142688;R-HSA-2142688","WP5155;WP167;WP5424;WP15","5(S)-HETE","C04805","5(S)-HETE"
"15629","hsa00590;hsa04726","","","8(R)-HPETE","C04822","8(R)-HPETE"
"15556","hsa00590","","WP167;WP5424","15-dehydro-prostaglandin I2","C04835","(5Z,13E)-6,9alpha-Epoxy-11alpha-hydroxy-15-oxoprosta-5,13-dienoate"
"15646","hsa00590","R-HSA-211979;R-HSA-211979;R-HSA-2142691","WP5155;WP4721;WP5171;WP5424","20-hydroxy-leukotriene B4","C04853","20-OH-Leukotriene B4"
"15632","hsa00590;hsa04913;hsa04726","R-HSA-2142691;R-HSA-2142700;R-HSA-2142688;R-HSA-2142688","WP167;WP5171;WP15","5(S)-HPETE","C05356","5(S)-HPETE"
"27814","hsa00590","R-HSA-2142691","WP4721;WP5171;WP5424","12-dehydro-leukotriene B4","C05949","12-Keto-leukotriene B4"
"27562","hsa00590","R-HSA-2142691","WP5155;WP4721;WP5171;WP5424","20-hydroxy-20-oxoleukotriene B4","C05950","20-COOH-Leukotriene B4"
"28666","hsa00590;hsa04080;hsa04664;hsa05310","R-HSA-418594;R-HSA-416476;R-HSA-391906;R-HSA-9664535;R-HSA-2142691","WP5155;WP4721;WP167;WP5171;WP5424;WP5122;WP5321;WP15","leukotriene D4","C05951","Leukotriene D4"
"15650","hsa00590;hsa04080;hsa04664","R-HSA-418594;R-HSA-416476;R-HSA-391906;R-HSA-9664535;R-HSA-2142691","WP5155;WP4721;WP167;WP5171;WP5424;WP5122;WP5321;WP15","leukotriene E4","C05952","Leukotriene E4"
"27820","hsa00590;hsa04726","R-HSA-2162123;R-HSA-2162123","WP4719;WP5424","prostaglandin A2","C05953","Prostaglandin A2"
"28099","hsa00590;hsa04726","R-HSA-2162123","WP5155;WP4719;WP5424","prostaglandin B2","C05954","Prostaglandin B2"
"27555","hsa00590;hsa04726","R-HSA-2162123","WP5424","prostaglandin C2","C05955","Prostaglandin C2"
"27647","hsa00590;hsa04611;hsa04726","R-HSA-197264;R-HSA-2162123;R-HSA-140180","WP4719;WP167;WP4586;WP5424;WP5122;WP5321;WP2435;WP15","prostaglandin G2","C05956","Prostaglandin G2"
"27485","hsa00590;hsa04726","R-HSA-2162123","WP5155;WP4719;WP167;WP5424","prostaglandin J2","C05957","Prostaglandin J2"
"28130","hsa00590","R-HSA-2162123","WP5155;WP4719;WP5424","13,14-dihydro-Delta(12)-prostaglandin J2","C05958","Delta-12-Prostaglandin J2"
"27595","hsa00590","R-HSA-2162123","WP5155","11-epi-prostaglandin F2alpha","C05959","11-epi-Prostaglandin F2alpha"
"28442","hsa00590","R-HSA-2162123","WP5155;WP4719;WP5424","15-oxoprostaglandin F2alpha","C05960","15-Keto-prostaglandin F2alpha"
"28158","hsa00590","R-HSA-2162123","WP5155;WP4719;WP5424","6-oxoprostaglandin F1alpha","C05961","6-Keto-prostaglandin F1alpha"
"28269","hsa00590","","WP4719;WP5424","6-oxoprostaglandin E1","C05962","6-Keto-prostaglandin E1"
"182522","hsa00590;hsa04976;hsa04726","","","(Z)-7-[(2R,3S,4S,6S)-4,6-Dihydroxy-2-[(E,3S)-3-hydroxyoct-1-enyl]oxan-3-yl]hept-5-enoic acid","C05963","Thromboxane B2"
"28728","hsa00590;hsa04976;hsa04726","R-HSA-2162123","WP5155;WP4719;WP167;WP176;WP5424;WP15;WP1533","thromboxane B2","C05963","Thromboxane B2"
"28667","hsa00590;hsa04726","R-HSA-2162123","WP5155;WP4719;WP5424","11-dehydro-thromboxane B2","C05964","11-Dehydro-thromboxane B2"
"15626","hsa00590;hsa04726;hsa04750","R-HSA-2142712","WP5155;WP4721;WP167;WP5424","12(S)-HPETE","C05965","12(S)-HPETE"
"15628","hsa00590;hsa04913;hsa04726;hsa04750","R-HSA-2142700;R-HSA-2142770","WP4721;WP167;WP5424","15(S)-HPETE","C05966","15(S)-HPETE"
"6498","hsa00590;hsa04080;hsa04148;hsa05145","R-HSA-418594;R-HSA-416476;R-HSA-2142700;R-HSA-2142700;R-HSA-444473","WP5155;WP4721;WP4586;WP5424;WP15","lipoxin A4","C06314","Lipoxin A4"
"6499","hsa00590","R-HSA-2142700;R-HSA-2142700","WP5155;WP4721;WP4586;WP5424;WP15","lipoxin B4","C06315","Lipoxin B4"
"27491","hsa00590","","WP5155;WP5424;WP15","leukotriene F4","C06462","Leukotriene F4"
"34505","hsa00590","","WP176;WP15;WP1533","8-epi-prostaglandin F2alpha","C13809","9,11,15-Trihydroxy-prosta-5,13-dien-1-oic acid"
"34159","hsa00590","","WP5155;WP4719;WP167;WP5424;WP5122;WP5321","15-deoxy-Delta(12,14)-prostaglandin J2","C14717","15-Deoxy-Delta12,14-PGJ2"
"52449","hsa00590","","WP5155;WP4721","5-oxo-ETE","C14732","5-OxoETE"
"34306","hsa00590;hsa04270","","WP5155;WP4720;WP4969","20-HETE","C14748","20-HETE"
"34185","hsa00590","","","19(S)-HETE","C14749","19(S)-HETE"
"34450","hsa00590;hsa04913;hsa04270;hsa04726;hsa04750","","WP678;WP5155;WP4720","5,6-EET","C14768","5,6-EET"
"34490","hsa00590;hsa04913;hsa04270;hsa04726;hsa04750","","WP678;WP5155;WP4720","8,9-EET","C14769","8,9-EET"
"171868","hsa00590;hsa04913;hsa04270;hsa04726","","","11,12-Epoxyeicosatrienoic acid","C14770","11,12-EET"
"34130","hsa00590;hsa04913;hsa04270;hsa04726","","WP5155","11,12-EET","C14770","11,12-EET"
"34157","hsa00590;hsa04270;hsa04726","","WP678;WP5155;WP4720","14,15-EET","C14771","14,15-EET"
"63974","hsa00590;hsa04726","","WP678;WP5155;WP4720","5,6-DHET","C14772","5,6-DHET"
"63970","hsa00590;hsa04726","","WP678;WP5155;WP4720","(5Z,11Z,14Z)-8,9-dihydroxyicosatrienoic acid","C14773","8,9-DHET"
"63969","hsa00590;hsa04726","","WP678;WP5155;WP4720","(5Z,8Z,14Z)-11,12-dihydroxyicosatrienoic acid","C14774","11,12-DHET"
"63966","hsa00590;hsa04726","","WP678;WP5155;WP4720","(5Z,8Z,11Z)-14,15-dihydroxyicosatrienoic acid","C14775","14,15-DHET"
"34486","hsa00590;hsa03320","","WP5155","8(S)-HETE","C14776","8(S)-HETE"
"34146","hsa00590;hsa04913;hsa04925","","WP5155;WP167;WP5424","12(S)-HETE","C14777","12(S)-HETE"
"34162","hsa00590","","","16(R)-HETE","C14778","16(R)-HETE"
"34495","hsa00590","","","9(S)-HETE","C14779","9(S)-HETE"
"34126","hsa00590","","","11(R)-HETE","C14780","11(R)-HETE"
"34160","hsa00590","","","15H-11,12-EETA","C14781","15H-11,12-EETA"
"34128","hsa00590","","","11,12,15-THETA","C14782","11,12,15-THETA"
"34230","hsa00590","","WP5424","2,3-dinor-8-epi-prostaglandin F2alpha","C14794","2,3-Dinor-8-iso prostaglandin F2alpha"
"34229","hsa00590","","","2,3-dinor-8-epi-prostaglandin F1alpha","C14795","2,3-Dinor-8-iso prostaglandin F1alpha"
"34151","hsa00590","","WP5155;WP4721","12-oxo-ETE","C14807","12-OxoETE"
"36190","hsa00590","R-HSA-2142696;R-HSA-2142712","WP5155;WP4721;WP5424","hepoxilin A3","C14808","Hepoxilin A3"
"36203","hsa00590","","WP5155;WP5424","trioxilin A3","C14809","Trioxilin A3"
"34784","hsa00590","R-HSA-2142696","WP5155;WP4721;WP5424","hepoxilin B3","C14810","Hepoxilin B3"
"35032","hsa00590","R-HSA-2142696","WP5155;WP5424","trioxilin B3","C14811","Trioxilin B3"
"182157","hsa00590","","","(5Z,8Z,14Z)-(11R,12R)-10,11,12-Trihydroxyicosa-5,8,14-trienoic acid","C14811","Trioxilin B3"
"34145","hsa00590;hsa04726","","WP4721;WP4586","12(R)-HPETE","C14812","12(R)-HPETE"
"34137","hsa00590","","","11H-14,15-EETA","C14813","11H-14,15-EETA"
"34131","hsa00590","","","11,14,15-trihydroxy-(5Z,8Z,12E)-icosatrienoic acid","C14814","11,14,15-THETA"
"64095","hsa00590","","WP5424;WP15","5,6-Ep-15S-HETE","C14815","5,6-Epoxytetraene"
"34127","hsa00590;hsa04726","","","11(R)-HPETE","C14820","11(R)-HPETE"
"34497","hsa00590;hsa04726","","","9(S)-HPETE","C14821","9(S)-HPETE"
"34144","hsa00590;hsa04925","","","12(R)-HETE","C14822","12(R)-HETE"
"34487","hsa00590;hsa04726","","WP4721","8(S)-HPETE","C14823","8(S)-HPETE"
"34484","hsa00590","","","8(R)-HETE","C14824","8(R)-HETE"
"17351","hsa00591;hsa01040","R-HSA-1989781;R-HSA-1989781;R-HSA-381340;R-HSA-975634;R-HSA-975634;R-HSA-9707564;R-HSA-1368108;R-HSA-2453902;R-HSA-400253;R-HSA-9707616;R-HSA-1368082;R-HSA-2151201;R-HSA-2426168;R-HSA-400206;R-HSA-5619108;R-HSA-804914;R-HSA-804914;R-HSA-2046105","WP4853;WP5137;WP4586;WP5241;WP5324;WP4723;WP5424;WP15","linoleic acid","C01595","Linoleate"
"30245","hsa00591;hsa01040","","","linoleate","C01595","Linoleate"
"53486","hsa00591;hsa01040","R-HSA-416476;R-HSA-381771;R-HSA-444209","WP4853;WP4586;WP4723;WP5424;WP15","all-cis-icosa-8,11,14-trienoic acid","C03242","Dihomo-gamma-linolenate"
"32798","hsa00591","","WP5324","9-cis,11-trans-octadecadienoic acid","C04056","Rumenic acid"
"15655","hsa00591","","WP5324","13(S)-HPODE","C04717","(9Z,11E)-(13S)-13-Hydroperoxyoctadeca-9,11-dienoic acid"
"28661","hsa00591;hsa01040","R-HSA-416476;R-HSA-381771;R-HSA-444209","WP4853;WP4586;WP5241;WP4723;WP5424","gamma-linolenic acid","C06426","(6Z,9Z,12Z)-Octadecatrienoic acid"
"14030","hsa00591","","","crepenynate","C07289","Crepenynate"
"16423","hsa00591","","","(9Z)-octadec-9-en-12-ynoic acid","C07289","Crepenynate"
"15657","hsa00591","","","(11S)-11-hydroperoxylinoleic acid","C07338","(9Z,12Z)-(11S)-11-Hydroperoxyoctadeca-9,12-dienoic acid"
"15658","hsa00591","","","7(S),8(S)-DiHODE","C07354","(7S,8S)-DiHODE"
"34154","hsa00591;hsa03320","R-HSA-381340;R-HSA-8943724","WP5137;WP5324","13(S)-HODE","C14762","13(S)-HODE"
"68947","hsa00591","","WP5137;WP5324","13-oxo-9Z,11E-ODE","C14765","13-OxoODE"
"72842","hsa00591","","WP5137;WP5324","9-oxo-ODE","C14766","9-OxoODE"
"34496","hsa00591;hsa03320","","WP5324","9(S)-HODE","C14767","9(S)-HODE"
"86022","hsa00591","","","(9R,10S)-9(10)-EpOME","C14825","9(10)-EpOME"
"38300","hsa00591","","","(-)-vernolic acid","C08368","Vernolic acid"
"38300","hsa00591","","","(-)-vernolic acid","C14826","12(13)-EpOME"
"34498","hsa00591","","WP5137","9(S)-HPODE","C14827","9(S)-HPODE"
"177850","hsa00591","","","(10E,12Z)-9-Hydroperoxy-10,12-octadecadienoic acid","C14827","9(S)-HPODE"
"72663","hsa00591","","WP5324","9,10-DiHOME","C14828","9,10-DHOME"
"72665","hsa00591","","WP5137;WP5324","12,13-DiHOME","C14829","12,13-DHOME"
"34485","hsa00591","","","8(R)-HPODE","C14831","8(R)-HPODE"
"34148","hsa00591","","","12,13-Epoxy-9-hydroxy-10-octadecenoate","C14832","12,13-Epoxy-9-hydroxy-10-octadecenoate"
"34506","hsa00591","","WP5137","pinellic acid","C14833","9,12,13-TriHOME"
"34504","hsa00591","","WP5324","9,10-Epoxy-13-hydroxy-11-octadecenoate","C14834","9,10-Epoxy-13-hydroxy-11-octadecenoate"
"34499","hsa00591","","WP5137;WP5324","9,10,13-TriHOME","C14835","9,10,13-TriHOME"
"34500","hsa00591","","","9,10-12,13-Diepoxyoctadecanoate","C14836","9,10-12,13-Diepoxyoctadecanoate"
"34503","hsa00591","","","9,10-Dihydroxy-12,13-epoxyoctadecanoate","C14837","9,10-Dihydroxy-12,13-epoxyoctadecanoate"
"15560","hsa00592","","","(15Z)-12-oxophyto-10,15-dienoic acid","C01226","(9S,13S,15Z)-12-Oxophyto-10,15-dienoate"
"15653","hsa00592","","","(9Z,13S,15Z)-12,13-epoxyoctadeca-9,11,15-trienoic acid","C04672","(9Z,15Z)-(13S)-12,13-Epoxyoctadeca-9,11,15-trienoic acid"
"36438","hsa00592","","","(9Z,13S,15Z)-12,13-epoxyoctadeca-9,11,15-trienoate","C04672","(9Z,15Z)-(13S)-12,13-Epoxyoctadeca-9,11,15-trienoic acid"
"137132","hsa00592","","","8-[(1S,2S)-3-oxo-2-{(Z)-pent-2-en-1-yl}cyclopentyl]octanoic acid","C04780","(9S,13S,15Z)-12-Oxo-10,11-dihydrophyto-15-enoate"
"48905","hsa00592","","","(9Z,11E,13S,15Z)-13-hydroperoxyoctadeca-9,11,15-trienoic acid","C04785","13(S)-HPOT"
"27432","hsa00592;hsa01040","R-HSA-1989781;R-HSA-1989781;R-HSA-381340;R-HSA-2046106;R-HSA-9707564;R-HSA-1368108;R-HSA-416476;R-HSA-400253;R-HSA-9707616;R-HSA-381771;R-HSA-1368082;R-HSA-2151201;R-HSA-2426168;R-HSA-400206;R-HSA-444209","WP5136;WP4586;WP5241;WP4723;WP15","alpha-linolenic acid","C06427","(9Z,12Z,15Z)-Octadecatrienoic acid"
"181431","hsa00592","","","3-Oxo-2(R)-(2Z)2-penten-1(R)-yl-cyclopentaneacetic acid","C08491","(-)-Jasmonic acid"
"18292","hsa00592","","","jasmonic acid","C08491","(-)-Jasmonic acid"
"28857","hsa00592","R-HSA-381753;R-HSA-381753","","(Z)-hex-3-en-1-ol","C08492","3-Hexenol"
"15929","hsa00592","","","(-)-methyl jasmonate","C11512","Methyl jasmonate"
"32389","hsa00592","","WP4723","all-cis-octadeca-6,9,12,15-tetraenoic acid","C16300","Stearidonic acid"
"545687","hsa00592","","","traumatic acid","C16308","Traumatic acid"
"19144","hsa00592","","","12-oxo-trans-10-dodecenoic acid","C16309","Traumatin"
"23292","hsa00592","","","cis-3-hexenal","C16310","3-Hexenal"
"19143","hsa00592","","","12-oxo-cis-dodec-9-enoic acid","C16311","12-Oxo-9(Z)-dodecenoic acid"
"84441","hsa00592","","","13(S)-HOTrE","C16316","13(S)-HOT"
"18435","hsa00592","","","(+)-7-isojasmonic acid","C16317","(+)-7-Isojasmonic acid"
"25242","hsa00592","","","methyl (+)-7-isojasmonate","C16318","(+)-7-Isomethyljasmonate"
"80443","hsa00592","","","etherolenic acid","C16319","Etherolenic acid"
"60959","hsa00592","","","colnelenic acid","C16320","Colnelenic acid"
"60961","hsa00592","","WP5136","(9S,10E,12Z,15Z)-9-hydroperoxyoctadeca-10,12,15-trienoic acid","C16321","9(S)-HPOT"
"60962","hsa00592","","","(9S,10E,12Z,15Z)-9-hydroperoxyoctadeca-10,12,15-trienoate","C16321","9(S)-HPOT"
"78700","hsa00592","","","9-oxononanoic acid","C16322","9-Oxononanoic acid"
"80444","hsa00592","","","3,6-Nonadienal","C16323","3,6-Nonadienal"
"80445","hsa00592","","","9,10-EOT","C16324","9,10-EOT"
"80446","hsa00592","","","10-OPDA","C16325","10-OPDA"
"80447","hsa00592","","","9(S)-HOTrE","C16326","9(S)-HOT"
"80448","hsa00592","","","OPC8-CoA","C16327","OPC8-CoA"
"80449","hsa00592","","","trans-2-Enoyl-OPC8-CoA","C16328","trans-2-Enoyl-OPC8-CoA"
"80451","hsa00592","","","3-Oxo-OPC8-CoA","C16330","3-Oxo-OPC8-CoA"
"139105","hsa00592","","","(9S,13S)-1a,1b-dinor-10,11-dihydro-12-oxo-15-phytoenoyl-CoA","C16331","OPC6-CoA"
"80453","hsa00592","","","trans-2-Enoyl-OPC6-CoA","C16332","trans-2-Enoyl-OPC6-CoA"
"80455","hsa00592","","","3-Oxo-OPC6-CoA","C16334","3-Oxo-OPC6-CoA"
"80456","hsa00592","","","OPC4-CoA","C16335","OPC4-CoA"
"80457","hsa00592","","","trans-2-Enoyl-OPC4-CoA","C16336","trans-2-Enoyl-OPC4-CoA"
"80459","hsa00592","","","3-Oxo-OPC4-CoA","C16338","3-Oxo-OPC4-CoA"
"80460","hsa00592","","","(+)-7-Isojasmonic acid CoA","C16339","(+)-7-Isojasmonic acid CoA"
"76236","hsa00592","","","(R)-2-hydroperoxy-alpha-linolenic acid","C16341","2(R)-HPOT"
"76234","hsa00592","","","(R)-2-hydroxy-alpha-linolenic acid","C16342","2(R)-HOT"
"76151","hsa00592","","","(8Z,11Z,14Z)-heptadecatrienal","C16343","Heptadecatrienal"
"177251","hsa00592","","","(all-Z)-8,11,14-Heptadecatrienal","C16343","Heptadecatrienal"
"76235","hsa00592","","","(8Z,11Z,14Z)-heptadecatrienoic acid","C16344","Norlinolenic acid"
"80462","hsa00592","","","Volicitin","C16345","Volicitin"
"80463","hsa00592","","","17-Hydroxylinolenic acid","C16346","17-Hydroxylinolenic acid"
"182960","hsa00592","","","9-Hydroxy-12-oxo-10(E),15(Z)-octadecadienoic acid","C21923","9-Hydroxy-12-oxo-10(E),15(Z)-octadecadienoic acid"
"182622","hsa00592","","","9-Hydroxy-12-oxo-15(Z)-octadecenoic acid","C21924","9-Hydroxy-12-oxo-15(Z)-octadecenoic acid"
"15541","hsa01040","","WP5179;WP4722;WP5241;WP4724;WP4725;WP4726","stearoyl-CoA","C00412","Stearoyl-CoA"
"15534","hsa01040","R-HSA-75105","WP5241;WP4724","oleoyl-CoA","C00510","Oleoyl-CoA"
"15527","hsa01040","","WP5179;WP4722;WP4724;WP4725;WP4726","icosanoyl-CoA","C02041","Eicosanoyl-CoA"
"15530","hsa01040","R-HSA-77288;R-HSA-2046105","WP143;WP4853;WP5241;WP4723","linoleoyl-CoA","C02050","Linoleoyl-CoA"
"15514","hsa01040;hsa04216;hsa04913","","WP4313;WP4853;WP5241;WP4723","arachidonoyl-CoA","C02249","Arachidonyl-CoA"
"15508","hsa01040","R-HSA-2046105","WP4853;WP5241;WP4723","gamma-linolenoyl-CoA","C03035","gamma-Linolenoyl-CoA"
"27979","hsa01040","R-HSA-2046105","","all-cis-icosa-8,11,14-trienoyl-CoA","C03595","8,11,14-Eicosatrienoyl-CoA"
"28822","hsa01040","R-HSA-5619108;R-HSA-804914;R-HSA-804914","WP4724","icosanoic acid","C06425","Icosanoic acid"
"28364","hsa01040","R-HSA-1989781;R-HSA-1989781;R-HSA-381340;R-HSA-9707564;R-HSA-1368108;R-HSA-416476;R-HSA-400253;R-HSA-9707616;R-HSA-381771;R-HSA-1368082;R-HSA-2151201;R-HSA-2426168;R-HSA-400206;R-HSA-9018896;R-HSA-9027604;R-HSA-444209;R-HSA-9018679","WP5241;WP4723;WP15","all-cis-5,8,11,14,17-icosapentaenoic acid","C06428","(5Z,8Z,11Z,14Z,17Z)-Icosapentaenoic acid"
"28125","hsa01040","","WP5241;WP4723;WP15","all-cis-docosa-4,7,10,13,16,19-hexaenoic acid","C06429","(4Z,7Z,10Z,13Z,16Z,19Z)-Docosahexaenoic acid"
"23858","hsa01040","","","behenate","C08281","Docosanoic acid"
"28941","hsa01040","","WP4724","docosanoic acid","C08281","Docosanoic acid"
"28792","hsa01040","","WP4724","erucic acid","C08316","Erucic acid"
"28866","hsa01040","R-HSA-5619108;R-HSA-804914;R-HSA-804914","WP4724","tetracosanoic acid","C08320","Tetracosanoic acid"
"44247","hsa01040","","","(15Z)-tetracosenoic acid","C08323","(15Z)-Tetracosenoic acid"
"80357","hsa01040","","","Linoleoyl-[acyl-carrier protein]","C16160","Linoleoyl-[acyl-carrier protein]"
"80358","hsa01040","","","alpha-Linolenoyl-ACP","C16161","alpha-Linolenoyl-ACP"
"51985","hsa01040","","WP5241;WP4723","alpha-linolenoyl-CoA","C16162","(9Z,12Z,15Z)-Octadecatrienoyl-CoA"
"190939","hsa01040","","","(9z,12z,15z-octadecatrienoyl) coenzyme a","C16162","(9Z,12Z,15Z)-Octadecatrienoyl-CoA"
"63545","hsa01040","","WP4723","(6Z,9Z,12Z,15Z)-octadecatetraenoyl-CoA","C16163","(6Z,9Z,12Z,15Z)-Octadecatetraenoyl-CoA"
"63539","hsa01040","","WP5241;WP4723","(5Z,8Z,11Z,14Z,17Z)-icosapentaenoyl-CoA","C16165","(5Z,8Z,11Z,14Z,17Z)-Icosapentaenoyl-CoA"
"63541","hsa01040","","WP4723","(7Z,10Z,13Z,16Z,19Z)-docosapentaenoyl-CoA","C16166","(7Z,10Z,13Z,16Z,19Z)-Docosapentaenoyl-CoA"
"80359","hsa01040","","","(9Z,12Z,15Z,18Z,21Z)-Tetracosaheptaenoyl-CoA","C16167","(9Z,12Z,15Z,18Z,21Z)-Tetracosapentaenoyl-CoA"
"63540","hsa01040","","WP4723","(6Z,9Z,12Z,15Z,18Z,21Z)-tetracosahexaenoyl-CoA","C16168","(6Z,9Z,12Z,15Z,18Z,21Z)-Tetracosahexaenoyl-CoA"
"63548","hsa01040","","WP4723","(9Z,12Z,15Z,18Z)-tetracosatetraenoyl-CoA","C16171","(9Z,12Z,15Z,18Z)-Tetracosatetraenoyl-CoA"
"63546","hsa01040","","WP4723","(6Z,9Z,12Z,15Z,18Z)-tetracosapentaenoyl-CoA","C16172","(6Z,9Z,12Z,15Z,18Z)-Tetracosapentaenoyl-CoA"
"76450","hsa01040","","","(4Z,7Z,10Z,13Z,16Z)-docosapentaenoyl-CoA","C16173","(4Z,7Z,10Z,13Z,16Z)-Docosapentaenoyl-CoA"
"74606","hsa01040","","WP4723","(11Z,14Z,17Z)-icosatrienoyl-CoA","C16179","(11Z,14Z,17Z)-Icosatrienoyl-CoA"
"76534","hsa01040","","WP4723","(11Z,14Z)-icosadienoyl-CoA","C16180","(11Z,14Z)-Icosadienoyl-CoA"
"53488","hsa01040","","WP4723;WP5424","(7Z,10Z,13Z,16Z,19Z)-docosapentaenoic acid","C16513","(7Z,10Z,13Z,16Z,19Z)-Docosapentaenoic acid"
"53460","hsa01040","R-HSA-416476;R-HSA-381771;R-HSA-444209","WP4723","all-cis-icosa-11,14,17-trienoic acid","C16522","Icosatrienoic acid"
"73731","hsa01040","","WP4723;WP5424","(11Z,14Z)-icosadienoic acid","C16525","Icosadienoic acid"
"32425","hsa01040","","","(11Z)-icos-11-enoic acid","C16526","Icosenoic acid"
"53487","hsa01040;hsa04216","R-HSA-416476;R-HSA-381771;R-HSA-444209","WP4723;WP5424;WP5122;WP5321","all-cis-docosa-7,10,13,16-tetraenoic acid","C16527","Adrenic acid"
"65088","hsa01040","R-HSA-77289","WP5179;WP4724;WP4725;WP4726","docosanoyl-CoA","C16528","Docosanoyl-CoA"
"52974","hsa01040","","WP5179;WP4724;WP1941;WP4725;WP4726","tetracosanoyl-CoA","C16529","Tetracosanoyl-CoA"
"74126","hsa01040","","","(11Z)-eicosenoyl-CoA","C16530","Icosenoyl-CoA"
"74106","hsa01040","","WP4724","erucoyl-CoA","C16531","Docosenoyl-CoA"
"74142","hsa01040","","WP5179;WP4724;WP4725;WP4726","(15Z)-tetracosenoyl-CoA","C16532","Tetracosenoyl-CoA"
"75117","hsa01040","","WP4723","(13Z,16Z)-docosadienoic acid","C16533","(13Z,16Z)-Docosadienoic acid"
"80632","hsa01040","","","(13Z,16Z)-Docosadi-13,16-enoyl-CoA","C16645","(13Z,16Z)-Docosadienoyl-CoA"
"16027","hsa00230;hsa04068;hsa04024;hsa04022;hsa04151;hsa04152;hsa04150;hsa04923;hsa04928;hsa04924;hsa04925;hsa04927;hsa04740;hsa04742;hsa04211;hsa05012;hsa05022;hsa05032;hsa04934","","WP4905;WP4629;WP4628;WP521;WP3604;WP4191;WP5355;WP4292;WP2485;WP4008;WP4172;WP5043;WP2571;WP4784;WP4900;WP4838;WP5037;WP5294","adenosine 5'-monophosphate","C00020","AMP"
"17552","hsa00230;hsa04014;hsa04015;hsa04144;hsa04140;hsa04137","R-HSA-114608;R-HSA-4420097;R-HSA-193648;R-HSA-418594;R-HSA-418594;R-HSA-416482;R-HSA-3928662;R-HSA-8854214;R-HSA-8854214;R-HSA-416476;R-HSA-72086;R-HSA-418597;R-HSA-418597;R-HSA-399955;R-HSA-1445148;R-HSA-416572;R-HSA-381676;R-HSA-416550;R-HSA-3928664;R-HSA-428930;R-HSA-456926;R-HSA-456926;R-HSA-392170;R-HSA-392851;R-HSA-418592;R-HSA-9009391;R-HSA-170670;R-HSA-165054;R-HSA-180746;R-HSA-399997;R-HSA-5624138;R-HSA-434316;R-HSA-1912399","WP5406;WP5222;WP5223;WP5224;WP4962;WP3604;WP585;WP4656;WP4236;WP422;WP4928;WP5366;WP5087;WP4223;WP4539;WP78","GDP","C00035","GDP"
"16991","hsa00230;hsa00240;hsa04613;hsa04623;hsa05200;hsa05225;hsa05226;hsa05014","R-HSA-427413;R-HSA-2559586;R-HSA-2559586;R-HSA-167161;R-HSA-167161;R-HSA-167161;R-HSA-167162;R-HSA-167162;R-HSA-167162;R-HSA-167162;R-HSA-167162;R-HSA-167162;R-HSA-167162;R-HSA-167162;R-HSA-167172;R-HSA-167172;R-HSA-167172;R-HSA-1834949;R-HSA-1834949;R-HSA-1834949;R-HSA-1834949;R-HSA-1834949;R-HSA-1834949;R-HSA-5651801;R-HSA-180910;R-HSA-5601884;R-HSA-1810476;R-HSA-1810476;R-HSA-162592;R-HSA-162592;R-HSA-164843;R-HSA-175567;R-HSA-175567;R-HSA-177539;R-HSA-177539;R-HSA-177539;R-HSA-180689;R-HSA-180689;R-HSA-180689;R-HSA-3248023;R-HSA-3270619;R-HSA-3270619;R-HSA-3270619;R-HSA-3270619;R-HSA-3270619;R-HSA-3270619;R-HSA-5649702;R-HSA-5649702;R-HSA-5649702;R-HSA-5649702;R-HSA-1834941;R-HSA-1834941;R-HSA-1834941;R-HSA-1834941;R-HSA-1834941;R-HSA-6782861;R-HSA-3134973;R-HSA-203927;R-HSA-3134975;R-HSA-3134975;R-HSA-5221030;R-HSA-110373;R-HSA-110373;R-HSA-73930;R-HSA-73933","WP4942;WP4905;WP5434;WP4655;WP5351;WP2813;WP2815;WP2817;WP2814;WP2507;WP268;WP4022;WP4961;WP5362;WP4297;WP3982;WP3981","deoxyribonucleic acid","C00039","DNA"
"15996","hsa00230;hsa00740;hsa00790;hsa04122;hsa04014;hsa04015;hsa04144;hsa04140;hsa04137","R-HSA-114608;R-HSA-2132295;R-HSA-8854214;R-HSA-8854214;R-HSA-8854214;R-HSA-983170;R-HSA-6811438;R-HSA-1445148;R-HSA-5620924;R-HSA-5620922;R-HSA-432040;R-HSA-1660499;R-HSA-5624138;R-HSA-1660514","WP3604;WP585;WP4236;WP4928;WP5366;WP4969;WP4223;WP4539;WP78","GTP","C00044","GTP"
"16039","hsa00230","","","ITP","C00081","ITP"
"16199","hsa00230;hsa00240;hsa00220;hsa00330;hsa00780;hsa02010;hsa05120","R-HSA-70635;R-HSA-70635;R-HSA-351143;R-HSA-425366;R-HSA-425366;R-HSA-432047;R-HSA-432047","WP3925;WP3604;WP4583;WP5355;WP3602;WP5078;WP4595;WP497;WP4571","urea","C00086","Urea"
"17808","hsa00230","","","IDP","C00104","IDP"
"17202","hsa00230;hsa04742","","WP3604;WP4290","IMP","C00130","IMP"
"16284","hsa00230","","WP1403;WP3604;WP536;WP466;WP2197;WP3933;WP289;WP3644;WP2513;WP183;WP1981;WP411","dATP","C00131","dATP"
"17345","hsa00230;hsa04022;hsa04744;hsa04740;hsa04742","R-HSA-3000480;R-HSA-3000480;R-HSA-3000480","WP3604;WP4222;WP5294;WP411","guanosine 5'-monophosphate","C00144","GMP"
"16708","hsa00230","","WP5420;WP3604;WP3580;WP80;WP4792;WP4224;WP5078","adenine","C00147","Adenine"
"16174","hsa00230","","WP3604","dADP","C00206","dADP"
"16335","hsa00230;hsa02010;hsa04071;hsa04024;hsa04022;hsa04080;hsa04923;hsa04924;hsa04270;hsa05012;hsa05032;hsa05034","R-HSA-74217;R-HSA-9734735;R-HSA-418594;R-HSA-74259;R-HSA-74259;R-HSA-418555;R-HSA-2408508;R-HSA-5683826;R-HSA-9660821;R-HSA-187024;R-HSA-2161541;R-HSA-156581;R-HSA-417973;R-HSA-1614635;R-HSA-83936;R-HSA-83936;R-HSA-83936;R-HSA-73943;R-HSA-5619063","WP5408;WP5420;WP3604;WP4504;WP3580;WP4292;WP4485;WP80;WP4792;WP4224;WP4900;WP5078","adenosine","C00212","Adenosine"
"16235","hsa00230","R-HSA-74217;R-HSA-74259;R-HSA-6782315;R-HSA-83936;R-HSA-83936;R-HSA-9734281","WP5420;WP3604;WP4792;WP4224","guanine","C00242","Guanine"
"17368","hsa00230","R-HSA-74217;R-HSA-74259;R-HSA-110331;R-HSA-83936;R-HSA-83936;R-HSA-9734281","WP5420;WP3604;WP661;WP5355;WP4792;WP4224;WP15","hypoxanthine","C00262","Hypoxanthine"
"16497","hsa00230","","WP5420;WP3604;WP466;WP3931;WP2197;WP3655;WP422;WP4792;WP4224;WP2338","dGTP","C00286","dGTP"
"17596","hsa00230;hsa02010","R-HSA-74217;R-HSA-9755088;R-HSA-74259;R-HSA-74259;R-HSA-5683826;R-HSA-2161541;R-HSA-83936;R-HSA-83936;R-HSA-83936;R-HSA-9735763;R-HSA-5619063","WP5420;WP3604;WP4485;WP4792;WP4224","inosine","C00294","Inosine"
"16960","hsa00230","","","ADP-D-ribose","C00301","ADP-ribose"
"17172","hsa00230;hsa02010","","WP5420;WP3604;WP5269;WP4792;WP4224","2'-deoxyguanosine","C00330","Deoxyguanosine"
"17713","hsa00230","","WP3604","2'-deoxyadenosine 5'-monophosphate","C00360","dAMP"
"28862","hsa00230","","WP3604;WP3931;WP3655;WP2253","dGDP","C00361","dGDP"
"16192","hsa00230","","WP3604","2'-deoxyguanosine 5'-monophosphate","C00362","dGMP"
"17775","hsa00230;hsa04976","R-HSA-74259;R-HSA-2672351;R-HSA-2672351;R-HSA-561048;R-HSA-561048;R-HSA-189200;R-HSA-189200;R-HSA-5619071;R-HSA-5619047","WP5420;WP3604;WP5355;WP4507;WP4792;WP4224;WP15","7,9-dihydro-1H-purine-2,6,8(3H)-trione","C00366","Urate"
"48517","hsa00230;hsa00232","","","7H-xanthine","C00385","Xanthine"
"17712","hsa00230;hsa00232","R-HSA-74259","WP5420;WP3604;WP3633;WP4507;WP4792;WP4224;WP15","9H-xanthine","C00385","Xanthine"
"16750","hsa00230;hsa02010","","WP5420;WP3604;WP4485;WP4792;WP4224","guanosine","C00387","Guanosine"
"17536","hsa00230","","","allantoate","C00499","Allantoate"
"30837","hsa00230","","WP3604","allantoic acid","C00499","Allantoate"
"17256","hsa00230;hsa02010","","WP5420;WP3604;WP4792;WP4224","2'-deoxyadenosine","C00559","Deoxyadenosine"
"17489","hsa00230;hsa04010;hsa04014;hsa04015;hsa04340;hsa04371;hsa04020;hsa04072;hsa04024;hsa04022;hsa04114;hsa04540;hsa04611;hsa04670;hsa04062;hsa04911;hsa04910;hsa04922;hsa04923;hsa04912;hsa04913;hsa04915;hsa04914;hsa04921;hsa04926;hsa04935;hsa04918;hsa04919;hsa04928;hsa04916;hsa04924;hsa04925;hsa04927;hsa04261;hsa04270;hsa04970;hsa04971;hsa04972;hsa04976;hsa04962;hsa04960;hsa04961;hsa04724;hsa04727;hsa04725;hsa04728;hsa04726;hsa04720;hsa04723;hsa04740;hsa04742;hsa04750;hsa04211;hsa04213;hsa04710;hsa04713;hsa04714;hsa05200;hsa05207;hsa05166;hsa05165;hsa05110;hsa05133;hsa05146;hsa05142;hsa05012;hsa05020;hsa05030;hsa05031;hsa05032;hsa05034;hsa05414;hsa04934","","WP1403;WP3676;WP3876;WP2380;WP536;WP5434;WP3869;WP5344;WP3929;WP2636;WP2355;WP474;WP4808;WP2197;WP712;WP5318;WP4549;WP35;WP4941;WP500;WP5231;WP5360;WP382;WP3298;WP391;WP289;WP5366;WP4008;WP5083;WP1602;WP5424;WP5094;WP2526;WP5342;WP4222;WP2571;WP5122;WP5321;WP5088;WP4900;WP4223;WP4838;WP5191;WP734;WP4321;WP4746;WP1981;WP5085;WP4149","3',5'-cyclic AMP","C00575","3',5'-Cyclic AMP"
"15412","hsa00230","","WP3604","(-)-ureidoglycolic acid","C00603","(S)-Ureidoglycolate"
"15652","hsa00230","","WP3604","5'-xanthylic acid","C00655","Xanthosine 5'-phosphate"
"10049","hsa00230","","","XTP","C00700","XTP"
"16582","hsa00230","","","oxaluric acid","C00802","Oxalureate"
"16356","hsa00230;hsa04022;hsa04540;hsa04611;hsa04923;hsa04921;hsa04924;hsa04925;hsa04270;hsa04970;hsa04976;hsa04730;hsa04744;hsa04740;hsa04713;hsa04714","R-HSA-2514859;R-HSA-9648002;R-HSA-445355;R-HSA-445355;R-HSA-418457;R-HSA-418457;R-HSA-4086398;R-HSA-4086398;R-HSA-2485179;R-HSA-392154","WP5113;WP2795;WP5344;WP2197;WP4656;WP1544;WP391;WP289;WP4008;WP4222;WP4969;WP5294;WP4321;WP4746","3',5'-cyclic GMP","C00942","3',5'-Cyclic GMP"
"17633","hsa00230","","","guanosine 3',5'-bis(diphosphate)","C01228","Guanosine 3',5'-bis(diphosphate)"
"17422","hsa00230","","","P(1),P(4)-bis(5'-adenosyl) tetraphosphate","C01260","P1,P4-Bis(5'-adenosyl)tetraphosphate"
"15883","hsa00230","R-HSA-3299685","","P(1),P(4)-bis(5'-guanosyl) tetraphosphate","C01261","P1,P4-Bis(5'-guanosyl) tetraphosphate"
"28823","hsa00230","","","2'-deoxyinosine-5'-diphosphate","C01344","dIDP"
"28807","hsa00230","","","dITP","C01345","dITP"
"28931","hsa00230","","WP1403;WP4141;WP4222","3'-AMP","C01367","3'-AMP"
"18058","hsa00230","","","oxamic acid","C01444","Oxamate"
"18107","hsa00230;hsa00232;hsa02010","","WP5420;WP3604;WP4792;WP4224","xanthosine","C01762","Xanthosine"
"59945","hsa00230","","","(S)-2-ureidoglycine","C02091","(S)-Ureidoglycine"
"16282","hsa00230","","","2-ureidoglycine","C02091","(S)-Ureidoglycine"
"15677","hsa00230","","","(R)-(-)-allantoin","C02348","(R)(-)-Allantoin"
"15678","hsa00230","","","(S)-(+)-allantoin","C02350","(S)-Allantoin"
"175195","hsa00230","","","Adenosine 2',3'-cyclic phosphate","C02353","2',3'-Cyclic AMP"
"27844","hsa00230","","","2',3'-cyclic AMP","C02353","2',3'-Cyclic AMP"
"18415","hsa00230","","","N-formimidoylglycine","C02718","N-Formiminoglycine"
"37737","hsa00230;hsa00250","","WP3604","5-phospho-beta-D-ribosylamine","C03090","5-Phosphoribosylamine"
"138560","hsa00230;hsa00730;hsa00860","","WP3604","5-amino-1-(5-phospho-beta-D-ribosyl)imidazole","C03373","Aminoimidazole ribotide"
"18334","hsa00230","","","adenosine 5'-(pentahydrogen tetraphosphate)","C03483","Adenosine tetraphosphate"
"15919","hsa00230;hsa00250","","WP106","N(6)-(1,2-dicarboxyethyl)-AMP","C03794","N6-(1,2-Dicarboxyethyl)-AMP"
"18349","hsa00230","","WP3604;WP4259;WP176","N(1)-(5-phospho-D-ribosyl)glycinamide","C03838","5'-Phosphoribosylglycinamide"
"2030","hsa00230","","WP4259","5-aminoimidazole-4-carboxamide","C04051","5-Amino-4-imidazolecarboxyamide"
"18272","hsa00230","","WP4259;WP176","N(2)-formyl-N(1)-(5-phospho-D-ribosyl)glycinamide","C04376","5'-Phosphoribosyl-N-formylglycinamide"
"28400","hsa00230","","","P(1),P(4)-bis(5'-xanthosyl) tetraphosphate","C04392","P1,P4-Bis(5'-xanthosyl) tetraphosphate"
"16690","hsa00230","","","guanosine 3'-diphosphate 5'-triphosphate","C04494","Guanosine 3'-diphosphate 5'-triphosphate"
"190761","hsa00230","","","Phosphoribosylformylglycineamidine","C04640","2-(Formamido)-N1-(5'-phosphoribosyl)acetamidine"
"18413","hsa00230","","WP3604","2-formamido-N(1)-(5-phospho-D-ribosyl)acetamidine","C04640","2-(Formamido)-N1-(5'-phosphoribosyl)acetamidine"
"18406","hsa00230;hsa00340;hsa04152","","WP3604","AICA ribonucleotide","C04677","1-(5'-Phosphoribosyl)-5-amino-4-imidazolecarboxamide"
"18381","hsa00230","","WP3604;WP4259","5-formamido-1-(5-phospho-D-ribosyl)imidazole-4-carboxamide","C04734","1-(5'-Phosphoribosyl)-5-formamido-4-imidazolecarboxamide"
"28413","hsa00230","","WP3604","5-amino-1-(5-phospho-D-ribosyl)imidazole-4-carboxylic acid","C04751","1-(5-Phospho-D-ribosyl)-5-amino-4-imidazolecarboxylate"
"18319","hsa00230","","WP5420;WP3604;WP4792;WP4224","SAICAR","C04823","1-(5'-Phosphoribosyl)-5-amino-4-(N-succinocarboxamide)-imidazole"
"16607","hsa00230","","","4-aminoimidazole","C05239","5-Aminoimidazole"
"28997","hsa00230;hsa02010","R-HSA-74217;R-HSA-74217;R-HSA-74259;R-HSA-9735763","WP5420;WP4792;WP4224","2'-deoxyinosine","C05512","Deoxyinosine"
"50547","hsa00230","","","3-(beta-D-ribofuranosyl)uric acid","C05513","Urate-3-ribonucleoside"
"27580","hsa00230","","","5-ureidoimidazole-4-carboxylic acid","C05515","5-Ureido-4-imidazole carboxylate"
"28280","hsa00230","","","5-aminoimidazole-4-carboxylic acid","C05516","5-Amino-4-imidazole carboxylate"
"28072","hsa00230","","","guanosine 3'-monophosphate","C06193","Guanosine 3'-phosphate"
"28181","hsa00230","R-HSA-5686938;R-HSA-9824856","","2',3'-cyclic GMP","C06194","2',3'-Cyclic GMP"
"51023","hsa00230","","","1,5-dihydro-4H-imidazol-4-one","C06195","Imidazolone"
"28470","hsa00230","","","3,5-dihydro-4H-imidazol-4-one","C06195","Imidazolone"
"28806","hsa00230","","","2'-deoxyinosine-5'-monophosphate","C06196","2'-Deoxyinosine 5'-phosphate"
"27775","hsa00230","","","P(1),P(3)-bis(5'-adenosyl) triphosphate","C06197","P1,P3-Bis(5'-adenosyl) triphosphate"
"1955","hsa00230","","","5'-benzoylphosphoadenosine","C06433","5'-Benzoylphosphoadenosine"
"156046","hsa00230","","WP521","benzoyl-AMP","C06433","5'-Benzoylphosphoadenosine"
"1956","hsa00230","","","5'-butyrylphosphoinosine","C06435","5'-Butyrylphosphoinosine"
"18072","hsa00230","","","5-hydroxyisouric acid","C11821","5-Hydroxyisourate"
"31132","hsa00230","","","5-hydroxy-2-oxo-4-ureido-2,5-dihydro-1H-imidazole-5-carboxylic acid","C12248","5-Hydroxy-2-oxo-4-ureido-2,5-dihydro-1H-imidazole-5-carboxylate"
"48000","hsa00230","","","5-carboxyamino-1-(5-phospho-D-ribosyl)imidazole","C15667","5-Carboxyamino-1-(5-phospho-D-ribosyl)imidazole"
"17659","hsa00240;hsa04080","R-HSA-9749641;R-HSA-5173214;R-HSA-1650814;R-HSA-5173105;R-HSA-189483;R-HSA-9683673;R-HSA-9694719;R-HSA-156588;R-HSA-9683686;R-HSA-1912399;R-HSA-9840309","WP3604;WP5269;WP698;WP4784;WP4022;WP3871","UDP","C00015","UDP"
"181630","hsa00240","","","Cytidine 5'-(dihydrogen phosphate)","C00055","CMP"
"17361","hsa00240","R-HSA-9683673;R-HSA-9694719","WP3604;WP2533;WP3933;WP4022","cytidine 5'-monophosphate","C00055","CMP"
"17677","hsa00240;hsa00515","","WP3604;WP466;WP2533;WP4022","CTP","C00063","CTP"
"15713","hsa00240;hsa04080;hsa04148","","WP3604;WP466;WP698;WP4900;WP4022","UTP","C00075","UTP"
"16695","hsa00240","","WP3604;WP4784;WP4022","uridine 5'-monophosphate","C00105","UMP"
"17568","hsa00240;hsa00410;hsa00770","R-HSA-110329;R-HSA-73614;R-HSA-73621;R-HSA-83936;R-HSA-83936","WP3604;WP4584;WP4157;WP4022;WP4225;WP5381;WP4595","uracil","C00106","Uracil"
"17239","hsa00240","","WP3604;WP4022","CDP","C00112","CDP"
"17821","hsa00240","R-HSA-110329;R-HSA-73614;R-HSA-73621;R-HSA-83936;R-HSA-83936","WP3604;WP4584;WP4022;WP4225;WP5381","thymine","C00178","Thymine"
"17748","hsa00240","R-HSA-73614;R-HSA-73614;R-HSA-73621;R-HSA-73621;R-HSA-73621;R-HSA-83936;R-HSA-83936;R-HSA-83936;R-HSA-5619063","WP5408;WP3604;WP4584;WP4022;WP4225","thymidine","C00214","Thymidine"
"15918","hsa00240","","WP3604;WP4022","2'-deoxycytosine 5'-monophosphate","C00239","dCMP"
"16742","hsa00240","","WP3604;WP4583;WP4022","orotic acid","C00295","Orotate"
"16704","hsa00240;hsa02010","","WP5408;WP3604;WP4584;WP4485;WP4022;WP4225;WP4595","uridine","C00299","Uridine"
"17025","hsa00240","","WP3925;WP4022","(S)-dihydroorotic acid","C00337","(S)-Dihydroorotate"
"18075","hsa00240","","WP3604;WP4022","dTDP","C00363","dTDP"
"17013","hsa00240","","WP3604;WP4259;WP3996;WP1601;WP241;WP4022;WP2525","dTMP","C00364","dTMP"
"17622","hsa00240","","WP3604;WP4259;WP3996;WP1601;WP241;WP4022;WP2525","dUMP","C00365","dUMP"
"16040","hsa00240","R-HSA-83936;R-HSA-83936","WP3604;WP4584;WP3585","cytosine","C00380","Cytosine"
"15901","hsa00240;hsa00410;hsa00770","R-HSA-110329;R-HSA-73621","WP3604;WP4584;WP4022;WP4225","5,6-dihydrouracil","C00429","5,6-Dihydrouracil"
"15859","hsa00240;hsa00250","","WP106;WP3925;WP3604;WP4022","N-carbamoyl-L-aspartic acid","C00438","N-Carbamoyl-L-aspartate"
"16311","hsa00240","","WP3604;WP466;WP3933;WP4022","dCTP","C00458","dCTP"
"18077","hsa00240","","WP3604;WP4022","dTTP","C00459","dTTP"
"17625","hsa00240","","WP3604;WP466;WP4022","dUTP","C00460","dUTP"
"17562","hsa00240;hsa02010","R-HSA-73614;R-HSA-73621;R-HSA-73621;R-HSA-83936;R-HSA-83936;R-HSA-83936;R-HSA-5619063","WP5408;WP3604;WP4584;WP4485;WP4022;WP4225","cytidine","C00475","Cytidine"
"16450","hsa00240;hsa02010","R-HSA-73614;R-HSA-73614;R-HSA-73621;R-HSA-73621","WP4584;WP4022;WP4225","2'-deoxyuridine","C00526","Deoxyuridine"
"28846","hsa00240","","WP3604;WP4022","dCDP","C00705","dCDP"
"16294","hsa00240","","","barbituric acid","C00813","Barbiturate"
"29745","hsa00240","","","barbiturate","C00813","Barbiturate"
"15698","hsa00240;hsa02010","R-HSA-73614;R-HSA-73614;R-HSA-73621","WP3604;WP4022","2'-deoxycytidine","C00881","Deoxycytidine"
"17065","hsa00240","","","3',5'-cyclic CMP","C00941","3',5'-Cyclic CMP"
"15842","hsa00240","","WP3604;WP5355;WP4022","orotidine 5'-phosphate","C01103","Orotidine 5'-phosphate"
"18116","hsa00240","","","pseudouridine 5'-phosphate","C01168","Pseudouridine 5'-phosphate"
"16320","hsa00240;hsa00280","","WP3604;WP4022","(R)-3-aminoisobutyric acid","C01205","(R)-3-Amino-2-methylpropanoate"
"28850","hsa00240","","WP3604;WP4022","dUDP","C01346","dUDP"
"28895","hsa00240","R-HSA-9694686","","3'-UMP","C01368","3'-UMP"
"17802","hsa00240","R-HSA-73614","WP4485","pseudouridine","C02067","Pseudouridine"
"27652","hsa00240","","","2',3'-cyclic CMP","C02354","2',3'-Cyclic CMP"
"28637","hsa00240","","","2',3'-cyclic UMP","C02355","2',3'-Cyclic UMP"
"27551","hsa00240","R-HSA-427413;R-HSA-427413;R-HSA-212300;R-HSA-5334118;R-HSA-5334118;R-HSA-5334118;R-HSA-73728;R-HSA-9821002;R-HSA-9821002;R-HSA-5221030","WP3585","5-methylcytosine","C02376","5-Methylcytosine"
"18261","hsa00240;hsa00410;hsa00770","","WP3604;WP4022","N-carbamoyl-beta-alanine","C02642","3-Ureidopropionate"
"16952","hsa00240","","","5-hydroxymethyldeoxycytidylic acid","C03997","5-Hydroxymethyldeoxycytidylate"
"28492","hsa00240","","","5-methylbarbituric acid","C05281","5-Methylbarbiturate"
"53013","hsa00240","","","3'-CMP","C05822","3'-CMP"
"27791","hsa00240","","","P(1),P(4)-bis(uridin-5'-yl) tetraphosphate","C06198","P1,P4-Bis(5'-uridyl) tetraphosphate"
"835","hsa00240","","","2'-deoxy-5-hydroxymethyl-CDP","C11038","2'-Deoxy-5-hydroxymethylcytidine-5'-diphosphate"
"836","hsa00240","","","2'-deoxy-5-hydroxymethyl-CTP","C11039","2'-Deoxy-5-hydroxymethylcytidine-5'-triphosphate"
"49049","hsa00240","","","3-oxo-3-ureidopropanoic acid","C15607","3-Oxo-3-ureidopropanoate"
"189756","hsa00240","","","3-Oxo-3-ureidoisobutyrate","C20846","3-Oxo-3-ureidoisobutyrate"
"176874","hsa00240","","WP4022","(R)-5,6-Dihydrothymine","C21028","(R)-5,6-Dihydrothymine"
"182625","hsa00240","","WP4022","(R)-3-Ureidoisobutyrate","C21029","(R)-3-Ureidoisobutyrate"
"16977","hsa00250;hsa00270;hsa00430;hsa00450;hsa00470;hsa00970;hsa04122;hsa02010;hsa04974;hsa04978;hsa05230","","WP106;WP3925;WP4661;WP3604;WP5179;WP4236;WP5355;WP2485;WP4210;WP3953","L-alanine","C00041","L-Alanine"
"17053","hsa00250;hsa00260;hsa00270;hsa00220;hsa00340;hsa00410;hsa00470;hsa00760;hsa00770;hsa00970;hsa02010;hsa04080;hsa04974;hsa05230","","WP106;WP3925;WP5029;WP3604;WP4519;WP534;WP5355;WP3602;WP5083;WP4224;WP497","L-aspartic acid","C00049","L-Aspartate"
"17196","hsa00250;hsa00970;hsa04974;hsa04978;hsa05230","","WP106;WP3925;WP3604;WP4290;WP3953","L-asparagine","C00152","L-Asparagine"
"17364","hsa00250;hsa00470","R-HSA-389661;R-HSA-425393;R-HSA-425393;R-HSA-5619067;R-HSA-5619062","WP106;WP5029;WP4315","D-aspartic acid","C00402","D-Aspartate"
"16769","hsa00250","","","2-oxoglutaramate","C00940","2-Oxoglutaramate"
"30882","hsa00250","R-HSA-8964539","","2-oxoglutaramic acid","C00940","2-Oxoglutaramate"
"21547","hsa00250","R-HSA-8963693;R-HSA-8963693;R-HSA-8964539","WP4519","N-acetyl-L-aspartic acid","C01042","N-Acetyl-L-aspartate"
"16953","hsa00250","","WP5365","N-acetyl-L-aspartate(2-)","C01042","N-Acetyl-L-aspartate"
"16327","hsa00250","","","2-oxosuccinamic acid","C02362","2-Oxosuccinamate"
"184023","hsa00250;hsa00220","","WP497","Argininosuccinic acid","C03406","N-(L-Arginino)succinate"
"15682","hsa00250;hsa00220","","WP106;WP3925;WP3604;WP5355;WP3602;WP497","(N(omega)-L-arginino)succinic acid","C03406","N-(L-Arginino)succinate"
"371","hsa00250;hsa00330","","WP3604;WP497","(S)-1-pyrroline-5-carboxylic acid","C03912","(S)-1-Pyrroline-5-carboxylate"
"17388","hsa00250;hsa00330","R-HSA-8964539;R-HSA-8964539;R-HSA-70688","WP5026;WP4595;WP497;WP4228","(S)-1-pyrroline-5-carboxylate","C03912","(S)-1-Pyrroline-5-carboxylate"
"73688","hsa00250;hsa04080","","","Ac-Asp-Glu","C12270","N-Acetylaspartylglutamate"
"191259","hsa00250;hsa04080","","","N-Acetyl-aspartyl-glutamate","C12270","N-Acetylaspartylglutamate"
"16828","hsa00260;hsa00380;hsa00400;hsa00970;hsa04974;hsa04978;hsa04726;hsa05230;hsa05143","","WP3925;WP3604;WP550;WP4156;WP4519;WP5414;WP727;WP2485;WP3645;WP3644;WP4220;WP5087;WP15;WP1455;WP706;WP4210;WP465;WP3953","L-tryptophan","C00078","L-Tryptophan"
"20506","hsa00260;hsa00785;hsa00790;hsa00670;hsa00970;hsa04980","","WP3604;WP4259;WP176;WP1589;WP3580;WP241;WP15;WP5150;WP2333;WP2525;WP4271;WP1533","5,6,7,8-tetrahydrofolic acid","C00101","Tetrahydrofolate"
"15635","hsa00260;hsa00785;hsa00790;hsa00670;hsa00970;hsa04980","R-HSA-5368286;R-HSA-196757;R-HSA-6783984","WP241;WP2333;WP2525","(6S)-5,6,7,8-tetrahydrofolic acid","C00101","Tetrahydrofolate"
"1989","hsa00260;hsa00785;hsa00670","","WP4259;WP5028;WP4288;WP5355;WP2525","(6R)-5,10-methylenetetrahydrofolic acid","C00143","5,10-Methylenetetrahydrofolate"
"16857","hsa00260;hsa00290;hsa00470;hsa00860;hsa00970;hsa02010;hsa04974;hsa04978","","WP3925;WP3604;WP4583;WP3953","L-threonine","C00188","L-Threonine"
"15611","hsa00260;hsa00330","","WP3604;WP4292;WP2525;WP497","sarcosine","C00213","Sarcosine"
"16919","hsa00260;hsa00330","","WP4628;WP3604;WP5190;WP1495;WP5355;WP497","creatine","C00300","Creatine"
"17549","hsa00260;hsa00860;hsa02010","","WP3604;WP5169;WP4506","5-aminolevulinic acid","C00430","5-Aminolevulinate"
"13086","hsa00260;hsa00270;hsa00330;hsa00400","","","L-aspartate 4-semialdehyde","C00441","L-Aspartate 4-semialdehyde"
"18051","hsa00260;hsa00270;hsa00330;hsa00400","","","L-aspartic acid 4-semialdehyde","C00441","L-Aspartate 4-semialdehyde"
"15710","hsa00260","R-HSA-6798163","WP3604;WP5219;WP4288","betaine aldehyde","C00576","Betaine aldehyde"
"16344","hsa00260;hsa00330","R-HSA-71288;R-HSA-71288","WP3925;WP3604;WP5190;WP5355;WP497","guanidinoacetic acid","C00581","Guanidinoacetate"
"17750","hsa00260;hsa02010","R-HSA-352230;R-HSA-352230;R-HSA-442660;R-HSA-442660;R-HSA-6798163;R-HSA-6798163;R-HSA-1614635;R-HSA-888593;R-HSA-888593","WP5420;WP4504;WP5219;WP4288;WP4292;WP241;WP4195;WP2525","glycine betaine","C00719","Betaine"
"16523","hsa00260;hsa00470;hsa04742","R-HSA-5673001;R-HSA-977347;R-HSA-352230;R-HSA-352230;R-HSA-438066;R-HSA-438066;R-HSA-442982;R-HSA-9617324;R-HSA-9620244","WP3584","D-serine","C00740","D-Serine"
"15725","hsa00260;hsa00330;hsa00410","R-HSA-204626","","trimethylenediamine","C00986","1,3-Diaminopropane"
"15811","hsa00260;hsa00270;hsa00970","R-HSA-977347","WP5213;WP3604;WP5355;WP2525","O-phospho-L-serine","C01005","O-Phospho-L-serine"
"17724","hsa00260","","WP3604;WP5219;WP4288;WP3580;WP2525","N,N-dimethylglycine","C01026","N,N-Dimethylglycine"
"15961","hsa00260","","","O-phospho-L-homoserine","C01102","O-Phospho-L-homoserine"
"16882","hsa00260;hsa00785","","","S(8)-aminomethyldihydrolipoylprotein","C01242","[Protein]-S8-aminomethyldihydrolipoyllysine"
"17906","hsa00260","","WP3604","aminoacetone","C01888","Aminoacetone"
"15804","hsa00260;hsa00785","","","lipoylprotein","C02051","Lipoylprotein"
"17482","hsa00260;hsa00270","R-HSA-1614603","WP3925;WP176;WP1589;WP5355;WP4292;WP15;WP2525;WP1533","L-cystathionine","C02291","L-Cystathionine"
"16194","hsa00260;hsa00785","","","dihydrolipoylprotein","C02972","Dihydrolipoylprotein"
"15836","hsa00260;hsa00270","","","4-phospho-L-aspartic acid","C03082","4-Phospho-L-aspartate"
"15675","hsa00260;hsa00860","","","(2R)-1-aminopropan-2-ol","C03194","(R)-1-Aminopropan-2-ol"
"18110","hsa00260;hsa00270","","WP5213;WP4290;WP5083;WP4688","3-phosphonatooxypyruvate(3-)","C03232","3-Phosphonooxypyruvate"
"30933","hsa00260;hsa00270","R-HSA-977347","WP3604;WP5355;WP2525","3-phosphonooxypyruvic acid","C03232","3-Phosphonooxypyruvate"
"48950","hsa00260","","","L-2,4-diaminobutyric acid","C03283","L-2,4-Diaminobutanoate"
"16944","hsa00260","","","L-2-amino-3-oxobutanoate","C03508","L-2-Amino-3-oxobutanoic acid"
"40673","hsa00260","","WP3604","L-2-amino-3-oxobutanoic acid","C03508","L-2-Amino-3-oxobutanoic acid"
"28718","hsa00260","","","L-allothreonine","C05519","L-Allothreonine"
"27592","hsa00260","","","ectoine","C06231","Ectoine"
"7351","hsa00260","","","N(4)-acetyl-L-2,4-diaminobutyric acid","C06442","N(gamma)-Acetyldiaminobutyrate"
"49432","hsa00260","","","5-hydroxyectoine","C16432","5-Hydroxyectoine"
"67040","hsa00270;hsa00330;hsa04122;hsa04148;hsa05208","","WP4259;WP3933;WP4288;WP5355;WP4292;WP241;WP5150;WP2333;WP2525","S-adenosyl-L-methioninate","C00019","S-Adenosyl-L-methionine"
"15414","hsa00270;hsa00330;hsa04122;hsa04148;hsa05208","","WP4932;WP5233;WP3604;WP4156;WP5190;WP2436;WP3996;WP176;WP2533;WP3933;WP5355;WP3580;WP704;WP3391;WP2333;WP2525;WP4271;WP1533","S-adenosyl-L-methionine","C00019","S-Adenosyl-L-methionine"
"181457","hsa00270;hsa05208","","WP3933;WP2333;WP2525","(2S)-2-Amino-4-[[(2S,3S,4R,5R)-5-(6-aminopurin-9-yl)-3,4-dihydroxyoxolan-2-yl]methylsulfanyl]butanoic acid","C00021","S-Adenosyl-L-homocysteine"
"16680","hsa00270;hsa05208","","WP4932;WP5420;WP5233;WP3604;WP5190;WP4259;WP2436;WP3996;WP176;WP1589;WP2533;WP3933;WP4288;WP5355;WP3580;WP4292;WP704;WP241;WP3391;WP2333;WP2525;WP4271;WP1533","S-adenosyl-L-homocysteine","C00021","S-Adenosyl-L-homocysteine"
"16856","hsa00270;hsa00480;hsa02010;hsa04216;hsa04918;hsa04976;hsa05208;hsa05415","","WP4233;WP3925;WP5213;WP5233;WP3604;WP4584;WP5238;WP2436;WP314;WP4313;WP4518;WP100;WP1495;WP1438;WP5171;WP4290;WP4487;WP3287;WP4900;WP15;WP692;WP2333;WP2525","glutathione","C00051","Glutathione"
"16643","hsa00270;hsa00470;hsa00970;hsa04148;hsa04974;hsa04980;hsa04978;hsa05230","","WP3925;WP3604;WP4583;WP4259;WP3996;WP4313;WP176;WP1589;WP661;WP3580;WP4292;WP704;WP241;WP15;WP5150;WP2333;WP2525;WP1533","L-methionine","C00073","L-Methionine"
"180963","hsa00270","","","beta-D-Ribofuranose, 1-(6-amino-9H-purin-9-yl)-1-deoxy-5-S-methyl-5-thio-","C00170","5'-Methylthioadenosine"
"17509","hsa00270","R-HSA-6790901;R-HSA-5358493;R-HSA-6782861;R-HSA-351202;R-HSA-1237112","WP3580;WP4485","5'-S-methyl-5'-thioadenosine","C00170","5'-Methylthioadenosine"
"16283","hsa00270;hsa02010;hsa04216;hsa04974","R-HSA-352230;R-HSA-352230;R-HSA-5619113;R-HSA-5660883;R-HSA-425393;R-HSA-425393;R-HSA-5223345;R-HSA-5223345","WP3604","L-cystine","C00491","L-Cystine"
"17285","hsa00270;hsa00430;hsa04080","","","L-cysteic acid","C00506","L-Cysteate"
"16345","hsa00270;hsa00430","","WP3604;WP2525","3-sulfino-L-alanine","C00606","3-Sulfino-L-alanine"
"16375","hsa00270;hsa00470","","","D-cysteine","C00793","D-Cysteine"
"16208","hsa00270","R-HSA-1614558;R-HSA-1614558","WP3925;WP3604","3-mercaptopyruvic acid","C00957","Mercaptopyruvate"
"16288","hsa00270","","","O-acetyl-L-homoserine","C01077","O-Acetyl-L-homoserine"
"15625","hsa00270;hsa00330","","WP3580","S-adenosylmethioninamine","C01137","S-Adenosylmethioninamine"
"16723","hsa00270;hsa00470","","","4-methylthio-2-oxobutanoate","C01180","4-Methylthio-2-oxobutanoic acid"
"33574","hsa00270;hsa00470","","WP3580","4-methylthio-2-oxobutanoic acid","C01180","4-Methylthio-2-oxobutanoic acid"
"18053","hsa00270","","","1-aminocyclopropanecarboxylic acid","C01234","1-Aminocyclopropane-1-carboxylate"
"30526","hsa00270","","","1-aminocyclopropanecarboxylate","C01234","1-Aminocyclopropane-1-carboxylate"
"141698","hsa00270","","","L,L-homocystine","C01817","L-Homocystine"
"17485","hsa00270","","WP241","homocystine","C01817","L-Homocystine"
"28839","hsa00270","","WP3604","3-disulfanyl-L-alanine","C01962","Thiocysteine"
"17123","hsa00270","","","2-aminoacrylic acid","C02218","Dehydroalanine"
"74359","hsa00270","","","L-alpha-aminobutyrate zwitterion","C02356","(S)-2-Aminobutanoate"
"28340","hsa00270","","","L-2-aminobutyrate","C02356","(S)-2-Aminobutanoate"
"35619","hsa00270","","WP4487;WP2525","L-alpha-aminobutyric acid","C02356","(S)-2-Aminobutanoate"
"17016","hsa00270","","WP3604;WP3580;WP15","L-methionine S-oxide","C02989","L-Methionine S-oxide"
"16552","hsa00270","","","N-formyl-L-methionine","C03145","N-Formylmethionine"
"17010","hsa00270","","","S-inosyl-L-homocysteine","C03431","S-Inosyl-L-homocysteine"
"165241","hsa00270","","","5-Methylthioribose 1-phosphate","C04188","S-Methyl-5-thio-D-ribose 1-phosphate"
"27859","hsa00270","","WP3580","S-methyl-5-thio-alpha-D-ribose 1-phosphate","C04188","S-Methyl-5-thio-D-ribose 1-phosphate"
"28096","hsa00270","","WP3580","S-methyl-5-thio-D-ribulose 1-phosphate","C04582","S-Methyl-5-thio-D-ribulose 1-phosphate"
"17721","hsa00270","","","(S,S,S)-nicotianamine","C05324","Nicotianamine"
"21264","hsa00270","","","L-cysteine glutathione disulfide","C05526","S-Glutathionyl-L-cysteine"
"8959","hsa00270","","","S-Glutathionyl-L-cysteine","C05526","S-Glutathionyl-L-cysteine"
"1665","hsa00270","","WP3604;WP5355","3-sulfinylpyruvic acid","C05527","3-Sulfinylpyruvate"
"16894","hsa00270","","","3-sulfopyruvic acid","C05528","3-Sulfopyruvate"
"197142","hsa00270","","","b-Mercaptolactic acid","C05823","3-Mercaptolactate"
"28580","hsa00270","","","3-mercaptolactic acid","C05823","3-Mercaptolactate"
"27891","hsa00270","","WP4504;WP4292","S-sulfo-L-cysteine","C05824","S-Sulfo-L-cysteine"
"18153","hsa00270;hsa05204","","","ethene","C06547","Ethylene"
"18422","hsa00270","","","sulfur dioxide","C09306","Sulfur dioxide"
"16493","hsa00270;hsa00730;hsa00900","","","1-deoxy-D-xylulose 5-phosphate","C11437","1-Deoxy-D-xylulose 5-phosphate"
"17137","hsa00270","","","hydrogensulfite","C11481","HSO3-"
"61289","hsa00270","","","(S)-3-sulfonatolactate(2-)","C11499","(S)-3-Sulfolactate"
"16712","hsa00270","","","(S)-3-sulfolactic acid","C11499","(S)-3-Sulfolactate"
"48291","hsa00270","","","(R)-3-sulfolactic acid","C11537","(2R)-3-Sulfolactate"
"49252","hsa00270","","WP3580","1,2-dihydroxy-5-(methylthio)pent-1-en-3-one","C15606","1,2-Dihydroxy-5-(methylthio)pent-1-en-3-one"
"50604","hsa00270","","WP3580","5-(methylsulfanyl)-2,3-dioxopentyl phosphate","C15650","2,3-Diketo-5-methylthiopentyl-1-phosphate"
"50605","hsa00270","","","2-hydroxy-5-(methylsulfanyl)-3-oxopent-1-enyl phosphate","C15651","2-Hydroxy-3-keto-5-methylthiopentenyl-1-phosphate"
"55474","hsa00270","","","N-acyl-L-homoserine lactone","C18049","N-Acyl-L-homoserine lactone"
"176875","hsa00270","","","gamma-L-Glutamyl-L-2-aminobutyrate","C21015","gamma-L-Glutamyl-L-2-aminobutyrate"
"15603","hsa00280;hsa00290;hsa00970;hsa02010;hsa04150;hsa04974;hsa04978;hsa05230;hsa05131","","WP3925;WP3604;WP5175;WP4686;WP3953","L-leucine","C00123","L-Leucine"
"11851","hsa00280;hsa00290;hsa00770;hsa00785","","WP3925;WP4686","3-methyl-2-oxobutanoate","C00141","3-Methyl-2-oxobutanoic acid"
"16530","hsa00280;hsa00290;hsa00770;hsa00785","R-HSA-70895","WP3604","3-methyl-2-oxobutanoic acid","C00141","3-Methyl-2-oxobutanoic acid"
"16414","hsa00280;hsa00290;hsa00770;hsa00970;hsa02010;hsa04974;hsa04978;hsa05230","","WP4233;WP3925;WP3604;WP661;WP3953","L-valine","C00183","L-Valine"
"17865","hsa00280;hsa00290;hsa00785","","WP3925;WP4686","4-methyl-2-oxopentanoate","C00233","4-Methyl-2-oxopentanoate"
"48430","hsa00280;hsa00290;hsa00785","","WP3604","4-methyl-2-oxopentanoic acid","C00233","4-Methyl-2-oxopentanoate"
"16256","hsa00280","","WP3925","2-methyl-3-oxopropanoic acid","C00349","2-Methyl-3-oxopropanoate"
"17191","hsa00280;hsa00290;hsa00970;hsa02010;hsa04974;hsa04978;hsa05230;hsa05131","","WP3925;WP3604;WP661;WP4686;WP3953","L-isoleucine","C00407","L-Isoleucine"
"15479","hsa00280;hsa00785","","WP3925;WP3604;WP4686","isobutyryl-CoA","C00630","2-Methylpropanoyl-CoA"
"15614","hsa00280;hsa00290;hsa00785","","WP3604","(S)-3-methyl-2-oxovaleric acid","C00671","(S)-3-Methyl-2-oxopentanoic acid"
"35146","hsa00280;hsa00290;hsa00785","","","(S)-3-methyl-2-oxovalerate","C00671","(S)-3-Methyl-2-oxopentanoic acid"
"15487","hsa00280;hsa00785","","WP3925;WP3604","isovaleryl-CoA","C02939","3-Methylbutanoyl-CoA"
"15486","hsa00280","","WP3925;WP3604","3-methylbut-2-enoyl-CoA","C03069","3-Methylcrotonyl-CoA"
"15488","hsa00280","R-HSA-70895","WP3925;WP3604","trans-3-methylglutaconyl-CoA","C03231","3-Methylglutaconyl-CoA"
"33094","hsa00280","","WP3604","(S)-3-aminoisobutyric acid","C03284","L-3-Aminoisobutanoate"
"18188","hsa00280","","","(S)-3-aminoisobutyrate","C03284","L-3-Aminoisobutanoate"
"15476","hsa00280","R-HSA-70895","WP3925;WP3604","2-methylacetoacetyl-CoA","C03344","2-Methylacetoacetyl-CoA"
"15478","hsa00280","R-HSA-70895","WP3925;WP3604;WP4686","2-methylcrotonoyl-CoA","C03345","2-Methylbut-2-enoyl-CoA"
"27754","hsa00280","R-HSA-70895","WP3925;WP3604","methacrylyl-CoA","C03460","2-Methylprop-2-enoyl-CoA"
"165613","hsa00280","","WP4686","2-Methyl-3-hydroxybutyryl-CoA","C04405","(2S,3S)-3-Hydroxy-2-methylbutanoyl-CoA"
"15449","hsa00280","R-HSA-70895","WP3925;WP3604","(2S,3S)-3-hydroxy-2-methylbutanoyl-CoA","C04405","(2S,3S)-3-Hydroxy-2-methylbutanoyl-CoA"
"35819","hsa00280;hsa04974","","WP3965","branched-chain fatty acid","C05996","Branched chain fatty acid"
"28291","hsa00280","","WP3925;WP3604","3-hydroxyisovaleryl-CoA","C05998","3-Hydroxyisovaleryl-CoA"
"28259","hsa00280","R-HSA-70895","WP3925;WP3604","(S)-3-hydroxyisobutyryl-CoA","C06000","(S)-3-Hydroxyisobutyryl-CoA"
"37373","hsa00280","","WP3604","(S)-3-hydroxyisobutyric acid","C06001","(S)-3-Hydroxyisobutyrate"
"62638","hsa00280","","WP4686","(S)-3-hydroxyisobutyrate","C06001","(S)-3-Hydroxyisobutyrate"
"80220","hsa00280;hsa00785","","","3-Methyl-1-hydroxybutyl-ThPP","C15974","3-Methyl-1-hydroxybutyl-ThPP"
"80221","hsa00280;hsa00785","","","[Dihydrolipoyllysine-residue (2-methylpropanoyl)transferase] S-(3-methylbutanoyl)dihydrolipoyllysine","C15975","[Dihydrolipoyllysine-residue (2-methylpropanoyl)transferase] S-(3-methylbutanoyl)dihydrolipoyllysine"
"48522","hsa00280;hsa00785","","","2-methyl-1-hydroxypropylthiamine diphosphate","C15976","2-Methyl-1-hydroxypropyl-ThPP"
"80222","hsa00280;hsa00785","","","[Dihydrolipoyllysine-residue (2-methylpropanoyl)transferase] S-(2-methylpropanoyl)dihydrolipoyllysine","C15977","[Dihydrolipoyllysine-residue (2-methylpropanoyl)transferase] S-(2-methylpropanoyl)dihydrolipoyllysine"
"80223","hsa00280;hsa00785","","","2-Methyl-1-hydroxybutyl-ThPP","C15978","2-Methyl-1-hydroxybutyl-ThPP"
"80224","hsa00280;hsa00785","","","[Dihydrolipoyllysine-residue (2-methylpropanoyl)transferase] S-(2-methylbutanoyl)dihydrolipoyllysine","C15979","[Dihydrolipoyllysine-residue (2-methylpropanoyl)transferase] S-(2-methylbutanoyl)dihydrolipoyllysine"
"90222","hsa00280;hsa00785","","WP3925;WP3604","(S)-2-methylbutanoyl-CoA","C15980","(S)-2-Methylbutanoyl-CoA"
"30719","hsa00290","","","citraconate(2-)","C02226","2-Methylmaleate"
"17626","hsa00290","","","citraconic acid","C02226","2-Methylmaleate"
"15586","hsa00290","","","D-citramalic acid","C02612","(R)-2-Methylmalate"
"30934","hsa00290","","","D-citramalate(2-)","C02612","(R)-2-Methylmalate"
"17275","hsa00290","","","2-isopropylmaleic acid","C02631","2-Isopropylmaleate"
"11812","hsa00290","","","3-hydroxy-3-methyl-2-oxobutanoate","C04181","3-Hydroxy-3-methyl-2-oxobutanoic acid"
"17667","hsa00290","","","3-hydroxy-3-methyl-2-oxobutanoic acid","C04181","3-Hydroxy-3-methyl-2-oxobutanoic acid"
"1467","hsa00290","","","(2S)-2-isopropyl-3-oxosuccinic acid","C04236","(2S)-2-Isopropyl-3-oxosuccinate"
"49072","hsa00290;hsa00770","","","(R)-2,3-dihydroxy-3-methylbutanoate","C04272","(R)-2,3-Dihydroxy-3-methylbutanoate"
"15684","hsa00290;hsa00770","","","(R)-2,3-dihydroxy-3-methylbutanoic acid","C04272","(R)-2,3-Dihydroxy-3-methylbutanoate"
"35121","hsa00290","","","(2R,3S)-3-isopropylmalate(2-)","C04411","(2R,3S)-3-Isopropylmalate"
"43468","hsa00290","","","(2R,3S)-3-isopropylmalic acid","C04411","(2R,3S)-3-Isopropylmalate"
"49256","hsa00290","","","(S)-2-acetyl-2-hydroxybutanoate","C06006","(S)-2-Aceto-2-hydroxybutanoate"
"27681","hsa00290","","","(S)-2-acetyl-2-hydroxybutanoic acid","C06006","(S)-2-Aceto-2-hydroxybutanoate"
"49258","hsa00290","","","(2R,3R)-2,3-dihydroxy-3-methylpentanoate","C06007","(R)-2,3-Dihydroxy-3-methylpentanoate"
"27512","hsa00290","","","(2R,3R)-2,3-dihydroxy-3-methylpentanoic acid","C06007","(R)-2,3-Dihydroxy-3-methylpentanoate"
"27394","hsa00290","","","D-erythro-3-methylmalic acid","C06032","D-erythro-3-Methylmalate"
"34008","hsa00290","","","(R)-3-hydroxy-3-methyl-2-oxopentanoic acid","C14463","(R)-3-Hydroxy-3-methyl-2-oxopentanoate"
"49257","hsa00290","","","(R)-3-hydroxy-3-methyl-2-oxopentanoate","C14463","(R)-3-Hydroxy-3-methyl-2-oxopentanoate"
"18019","hsa00310;hsa00470;hsa00780;hsa00970;hsa02010;hsa04974","","WP3604;WP661;WP5355;WP4228","L-lysine","C00047","L-Lysine"
"15753","hsa00310;hsa00380;hsa00785","","WP3604;WP4519;WP5355","2-oxoadipic acid","C00322","2-Oxoadipate"
"30633","hsa00310","","","L-pipecolate","C00408","L-Pipecolate"
"30913","hsa00310","","WP3604;WP5355;WP4228","L-pipecolic acid","C00408","L-Pipecolate"
"15887","hsa00310;hsa00330;hsa00470","","","5-aminopentanoic acid","C00431","5-Aminopentanoate"
"16927","hsa00310","","WP3604;WP5355;WP4228","L-saccharopine","C00449","N6-(L-1,3-Dicarboxypropyl)-L-lysine"
"49014","hsa00310","","WP3604;WP5355","(S)-1-piperideine-6-carboxylic acid","C00450","(S)-2,3,4,5-Tetrahydropyridine-2-carboxylate"
"58769","hsa00310","","","(S)-1-piperideine-6-carboxylate","C00450","(S)-2,3,4,5-Tetrahydropyridine-2-carboxylate"
"3424","hsa00310;hsa02010","","WP5123;WP4321","carnitinium","C00487","Carnitine"
"17126","hsa00310;hsa02010","","WP5219","carnitine","C00487","Carnitine"
"16855","hsa00310;hsa00470","","","D-lysine","C00739","D-Lysine"
"37023","hsa00310","","WP3604;WP5355","L-2-aminoadipic acid","C00956","L-2-Aminoadipate"
"18120","hsa00310","","","5-aminopentanamide","C00990","5-Aminopentanamide"
"15801","hsa00310","","WP5224;WP4519;WP4157","(R)-2-hydroxyglutarate(2-)","C01087","(R)-2-Hydroxyglutarate"
"32796","hsa00310","R-HSA-880009;R-HSA-2978092","WP3604","(R)-2-hydroxyglutaric acid","C01087","(R)-2-Hydroxyglutarate"
"15613","hsa00310","","","(3S)-3,6-diaminohexanoic acid","C01142","(3S)-3,6-Diaminohexanoate"
"18020","hsa00310","","","4-trimethylammoniobutanal","C01149","4-Trimethylammoniobutanal"
"1941","hsa00310;hsa02010","","","4-(trimethylammonio)butanoic acid","C01181","4-Trimethylammoniobutanoate"
"15616","hsa00310","","","(3S,5S)-3,5-diaminohexanoic acid","C01186","(3S,5S)-3,5-Diaminohexanoate"
"51807","hsa00310","","","procollagen 5-hydroxy-L-lysine","C01211","Procollagen 5-hydroxy-L-lysine"
"15786","hsa00310","","","3-hydroxy-N(6),N(6),N(6)-trimethyl-L-lysine","C01259","(3S)-3-Hydroxy-N6,N6,N6-trimethyl-L-lysine"
"18127","hsa00310;hsa00470;hsa00480;hsa04974","","","cadaverine","C01672","Cadaverine"
"17752","hsa00310","","WP3604","N(6)-acetyl-L-lysine","C02727","N6-Acetyl-L-lysine"
"2024","hsa00310","","","5-acetamidopentanoic acid","C03087","5-Acetamidopentanoate"
"16782","hsa00310","","","(S)-2-hydroxyglutarate(2-)","C03196","(S)-2-Hydroxyglutarate"
"32797","hsa00310","R-HSA-880009","WP4519","(S)-2-hydroxyglutaric acid","C03196","(S)-2-Hydroxyglutarate"
"17534","hsa00310;hsa00470","","WP3604;WP4228","6-amino-2-oxohexanoic acid","C03239","6-Amino-2-oxohexanoate"
"16120","hsa00310","","","5-oxopentanoate","C03273","5-Oxopentanoate"
"39153","hsa00310","","","5-oxopentanoic acid","C03273","5-Oxopentanoate"
"16752","hsa00310","","","erythro-5-phosphonooxy-L-lysine","C03366","5-Phosphooxy-L-lysine"
"27713","hsa00310","","","(5S)-5-amino-3-oxohexanoic acid","C03656","(S)-5-Amino-3-oxohexanoic acid"
"165870","hsa00310","","","N-6-Trimethyllysine","C03793","N6,N6,N6-Trimethyl-L-lysine"
"17311","hsa00310","","","N(6),N(6),N(6)-trimethyl-L-lysine","C03793","N6,N6,N6-Trimethyl-L-lysine"
"17213","hsa00310","","","D-lysopine","C04020","D-Lysopine"
"17917","hsa00310","","WP3604;WP5355","L-allysine","C04076","L-2-Aminoadipate 6-semialdehyde"
"30912","hsa00310","","WP3604","1-piperideine-2-carboxylic acid","C04092","Delta1-Piperideine-2-carboxylate"
"16926","hsa00310;hsa00470","","","2,5-diaminohexanoic acid","C05161","(2R,5S)-2,5-Diaminohexanoate"
"15512","hsa00310","","","L-3-aminobutanoyl-CoA","C05231","L-3-Aminobutyryl-CoA"
"8555","hsa00310","","","Protein N6-methyl-L-lysine","C05544","Protein N6-methyl-L-lysine"
"8552","hsa00310","","","Protein N6,N6-dimethyl-L-lysine","C05545","Protein N6,N6-dimethyl-L-lysine"
"172425","hsa00310","","","Ne,Ne dimethyllysine","C05545","Protein N6,N6-dimethyl-L-lysine"
"8551","hsa00310","","","Protein N6,N6,N6-trimethyl-L-lysine","C05546","Protein N6,N6,N6-trimethyl-L-lysine"
"28376","hsa00310","","WP3604","6-acetamido-2-oxohexanoic acid","C05548","6-Acetamido-2-oxohexanoate"
"19450","hsa00310;hsa00470","","","2-amino-5-oxohexanoic acid","C05825","2-Amino-5-oxohexanoate"
"1010","hsa00310;hsa00470","","","2-amino-5-oxohexanoate","C05825","2-Amino-5-oxohexanoate"
"28391","hsa00310;hsa00785","","","S(8)-glutaryldihydrolipoamide","C06157","[Dihydrolipoyllysine-residue succinyltransferase] S-glutaryldihydrolipoyllysine"
"31130","hsa00310","","","5-aminopentanal","C12455","5-Aminopentanal"
"18040","hsa00310","","WP3604","erythro-5-hydroxy-L-lysine","C16741","L-Hydroxylysine"
"16467","hsa00220;hsa00330;hsa00470;hsa00970;hsa02010;hsa04150;hsa04148;hsa04974;hsa05230;hsa05146;hsa05142;hsa05014;hsa05022","","WP5356;WP3925;WP2447;WP3604;WP1995;WP2197;WP176;WP661;WP3602;WP4008;WP4919;WP4947;WP3680;WP4969;WP497","L-arginine","C00062","L-Arginine"
"15729","hsa00220;hsa00330;hsa00470;hsa00480;hsa02010;hsa04148","","WP4657;WP3925;WP3604;WP661;WP5355;WP3602;WP3580;WP5078;WP2525;WP497","L-ornithine","C00077","L-Ornithine"
"16349","hsa00220","","WP3925;WP3604;WP1995;WP2197;WP661;WP5355;WP3602;WP4008;WP497","L-citrulline","C00327","L-Citrulline"
"181895","hsa00220","","WP497","N-Acetyl-ornithine","C00437","N-Acetylornithine"
"16543","hsa00220","","WP497","N(2)-acetyl-L-ornithine","C00437","N-Acetylornithine"
"172431","hsa00220;hsa00470","","WP497","Acetyl-Glu","C00624","N-Acetyl-L-glutamate"
"17533","hsa00220;hsa00470","R-HSA-70635","WP497","N-acetyl-L-glutamic acid","C00624","N-Acetyl-L-glutamate"
"44337","hsa00220;hsa00470","","WP4583;WP4595;WP497;WP4571","N-acetyl-L-glutamate(2-)","C00624","N-Acetyl-L-glutamate"
"9889","hsa00220","","WP497","urea-1-carboxylic acid","C01010","Urea-1-carboxylate"
"15832","hsa00220","","WP497","urea-1-carboxylate","C01010","Urea-1-carboxylate"
"29123","hsa00220;hsa00330","","","2-acetamido-5-oxopentanoate","C01250","N-Acetyl-L-glutamate 5-semialdehyde"
"16319","hsa00220;hsa00330","","","2-acetamido-5-oxopentanoic acid","C01250","N-Acetyl-L-glutamate 5-semialdehyde"
"16878","hsa00220","","","N-acetyl-L-gamma-glutamyl phosphate","C04133","N-Acetyl-L-glutamate 5-phosphate"
"49002","hsa00220","","","N-acetyl-L-citrulline","C15532","N-Acetyl-L-citrulline"
"16670","hsa00330;hsa05022","","","peptide","C00012","Peptide"
"17148","hsa00330;hsa00470;hsa00480;hsa02010;hsa04148;hsa04974","","WP3925;WP3604;WP4157;WP3580;WP2525;WP497","putrescine","C00134","Putrescine"
"17203","hsa00330;hsa00470;hsa00970;hsa02010;hsa04974;hsa04978;hsa05230","","WP3925;WP3604;WP5312;WP497;WP4228","L-proline","C00148","L-Proline"
"17431","hsa00330","","","agmatine","C00179","Agmatine"
"15499","hsa00330;hsa00130","","","4-coumaroyl-CoA","C00223","p-Coumaroyl-CoA"
"16610","hsa00330;hsa00410;hsa00480;hsa02010;hsa04976","","WP3925;WP3604;WP3580;WP2525;WP497","spermidine","C00315","Spermidine"
"15511","hsa00330","","","trans-feruloyl-CoA","C00406","Feruloyl-CoA"
"17902","hsa00330","","","N-carbamoylputrescine","C00436","N-Carbamoylputrescine"
"17769","hsa00330;hsa00410","","WP3604","4-aminobutanal","C00555","4-Aminobutyraldehyde"
"15746","hsa00330;hsa00410;hsa00480;hsa00770;hsa04976","","WP3925;WP3604;WP3580;WP2525;WP497","spermine","C00750","Spermine"
"16313","hsa00330;hsa00470","","WP3604","D-proline","C00763","D-Proline"
"16737","hsa00330","","WP5190;WP497;WP1533","creatinine","C00791","Creatinine"
"85981","hsa00330","","WP4157;WP4486","L-homocarnosine","C00884","Homocarnosine"
"15728","hsa00330","","","4-guanidinobutanoic acid","C01035","4-Guanidinobutanoate"
"15737","hsa00330","","WP497","N-carbamoylsarcosine","C01043","N-Carbamoylsarcosine"
"49268","hsa00330;hsa00470","","WP3604","5-amino-2-oxopentanoic acid","C01110","5-Amino-2-oxopentanoic acid"
"17572","hsa00330;hsa00470","","","5-amino-2-oxopentanoate","C01110","5-Amino-2-oxopentanoic acid"
"18095","hsa00330;hsa00470;hsa02010","","WP3925;WP5166","trans-4-hydroxy-L-proline","C01157","Hydroxyproline"
"17232","hsa00330","","WP4657;WP3604;WP5190;WP5312;WP497","L-glutamic 5-semialdehyde","C01165","L-Glutamate 5-semialdehyde"
"17249","hsa00330;hsa02010","","","D-nopaline","C01682","Nopaline"
"17287","hsa00330","","WP4628;WP3925;WP3604;WP5190;WP497","N-phosphocreatine","C02305","Phosphocreatine"
"16354","hsa00330","","WP497","N-methylhydantoin","C02565","N-Methylhydantoin"
"16671","hsa00330","","","4-guanidinobutanal","C02647","4-Guanidinobutanal"
"17768","hsa00330","","WP4157","N-acetylputrescine","C02714","N-Acetylputrescine"
"11951","hsa00330","","","4-acetamidobutanoate","C02946","4-Acetamidobutanoate"
"17645","hsa00330","","WP4157","4-acetamidobutanoic acid","C02946","4-Acetamidobutanoate"
"18062","hsa00330","","","4-guanidinobutanamide","C03078","4-Guanidinobutanamide"
"16034","hsa00330","","WP3925;WP3604;WP5190;WP497","phosphoguanidinoacetic acid","C03166","Phosphoguanidinoacetate"
"17798","hsa00330","","WP3604","L-gamma-glutamyl phosphate","C03287","L-Glutamyl 5-phosphate"
"17705","hsa00330","","","N(2)-succinyl-L-arginine","C03296","N2-Succinyl-L-arginine"
"16841","hsa00330","","","bis(3-aminopropyl)amine","C03375","Norspermidine"
"27574","hsa00330","","","N(2)-succinyl-L-ornithine","C03415","N2-Succinyl-L-ornithine"
"17425","hsa00330;hsa00470","","","1-pyrroline-2-carboxylate","C03564","1-Pyrroline-2-carboxylate"
"36761","hsa00330;hsa00470","","WP3925;WP3604","1-pyrroline-2-carboxylic acid","C03564","1-Pyrroline-2-carboxylate"
"18253","hsa00330;hsa00470","","","5-guanidino-2-oxopentanoate","C03771","5-Guanidino-2-oxopentanoate"
"28116","hsa00330;hsa00470","","","5-guanidino-2-oxopentanoic acid","C03771","5-Guanidino-2-oxopentanoate"
"177806","hsa00330;hsa02010","","","N2-(D-1-Carboxyethyl)-L-arginine","C04137","Octopine"
"182149","hsa00330;hsa02010","","","5-(Amidinoamino)-2-[(carboxyethyl)amino]pentanoic acid","C04137","Octopine"
"15805","hsa00330;hsa02010","","","D-octopine","C04137","Octopine"
"6151","hsa00330","","","(3R,5S)-1-pyrroline-3-hydroxy-5-carboxylic acid","C04281","L-1-Pyrroline-3-hydroxy-5-carboxylate"
"27391","hsa00330","","WP3604","1-pyrroline-3-hydroxy-5-carboxylic acid","C04281","L-1-Pyrroline-3-hydroxy-5-carboxylate"
"16889","hsa00330","","","trans-3-hydroxy-L-proline","C05147","trans-3-Hydroxy-L-proline"
"48957","hsa00330","","","N(2)-succinyl-L-glutamic acid","C05931","N-Succinyl-L-glutamate"
"27657","hsa00330","","","N-succinyl-L-glutamic 5-semialdehyde","C05932","N-Succinyl-L-glutamate 5-semialdehyde"
"7101","hsa00330","","","N(5)-[(Z)-amino(hydroxyimino)methyl]ornithine","C05933","N(omega)-Hydroxyarginine"
"7386","hsa00330","","WP4157","4-acetamidobutanal","C05936","N4-Acetylaminobutanal"
"27809","hsa00330","","WP3604","L-4-hydroxyglutamic semialdehyde","C05938","L-4-Hydroxyglutamate semialdehyde"
"18412","hsa00330","","","N(omega)-phospho-L-arginine","C05945","L-Arginine phosphate"
"4083","hsa00330","","","D-4-hydroxy-2-oxoglutaric acid","C05946","(4R)-4-Hydroxy-2-oxoglutarate"
"62213","hsa00330","","","D-4-hydroxy-2-oxoglutarate(2-)","C05946","(4R)-4-Hydroxy-2-oxoglutarate"
"21285","hsa00330","","WP3604","erythro-4-hydroxy-L-glutamic acid","C05947","L-erythro-4-Hydroxyglutamate"
"6331","hsa00330","","WP5166","erythro-4-hydroxy-L-glutamate(1-)","C05947","L-erythro-4-Hydroxyglutamate"
"197035","hsa00330","","","(4R)-4-Hydroxy-L-glutamic acid","C05947","L-erythro-4-Hydroxyglutamate"
"9299","hsa00330","","","Subaphyllin","C10497","Feruloylputrescine"
"48005","hsa00330","","","gamma-L-glutamylputrescine","C15699","gamma-L-Glutamylputrescine"
"61521","hsa00330","","","gamma-glutamyl-gamma-aminobutyraldehyde","C15700","gamma-Glutamyl-gamma-aminobutyraldehyde"
"49260","hsa00330","","","4-(L-gamma-glutamylamino)butanoic acid","C15767","4-(L-gamma-Glutamylamino)butanoate"
"178402","hsa00330","","","L-N-(3-Carboxypropyl)glutamine","C15767","4-(L-gamma-Glutamylamino)butanoate"
"66868","hsa00330","","","carboxyspermidine","C18172","Carboxyspermidine"
"67204","hsa00330","","","carboxynorspermidine","C18174","Carboxynorspermidine"
"70431","hsa00330","","","p-coumaroylputrescine","C18326","p-Coumaroylputrescine"
"55479","hsa00330","","","cis-3-hydroxy-L-proline","C19706","cis-3-Hydroxy-L-proline"
"15971","hsa00340;hsa00410;hsa00470;hsa00970;hsa02010;hsa04974;hsa05230","","WP3925;WP4661;WP3604;WP550;WP5313;WP661;WP4486","L-histidine","C00135","L-Histidine"
"15727","hsa00340;hsa00410","","WP106;WP5313;WP4486","carnosine","C00386","Carnosine"
"18295","hsa00340;hsa04080;hsa04664;hsa04971;hsa04974;hsa04721;hsa04750;hsa05310","","WP3925;WP3604;WP550;WP5097;WP455;WP2596;WP58;WP4545;WP4486","histamine","C00388","Histamine"
"7274","hsa00340","","WP3604","N-formimidoyl-L-glutamic acid","C00439","N-Formimino-L-glutamate"
"18327","hsa00340","R-HSA-70921","WP4661","N-formimidoyl-L-glutamate(2-)","C00439","N-Formimino-L-glutamate"
"27247","hsa00340","","","urocanate","C00785","Urocanate"
"30817","hsa00340","R-HSA-70921","WP4661;WP3604","trans-urocanic acid","C00785","Urocanate"
"16255","hsa00340","","","L-histidinol","C00860","L-Histidinol"
"48429","hsa00340","","","N-formyl-L-aspartic acid","C01044","N-Formyl-L-aspartate"
"48309","hsa00340","","","N-formyl-L-glutamic acid","C01045","N-Formyl-L-glutamate"
"16996","hsa00340","","","L-histidinol phosphate","C01100","L-Histidinol phosphate"
"27596","hsa00340","","","N(pros)-methyl-L-histidine","C01152","N(pi)-Methyl-L-histidine"
"18323","hsa00340;hsa00410","","WP4486","anserine","C01262","beta-Alanyl-N(pi)-methyl-L-histidine"
"16426","hsa00340","","","3-(imidazol-4-yl)-2-oxopropyl dihydrogen phosphate","C01267","3-(Imidazol-4-yl)-2-oxopropyl phosphate"
"27676","hsa00340","","","L-histidinal","C01929","L-Histidinal"
"73200","hsa00340","","","1-(5-phospho-beta-D-ribosyl)-ATP","C02739","1-(5-Phospho-D-ribosyl)-ATP"
"18374","hsa00340","","","1-(5-phospho-beta-D-ribosyl)-5'-AMP","C02741","Phosphoribosyl-AMP"
"16974","hsa00340","","WP5420","imidazol-4-ylacetic acid","C02835","Imidazole-4-acetate"
"17406","hsa00340","","","3-(imidazol-5-yl)pyruvic acid","C03277","Imidazol-5-yl-pyruvate"
"48427","hsa00340","","","N-formimidoyl-L-aspartic acid","C03409","N-Formimino-L-aspartate"
"27384","hsa00340","R-HSA-70921","WP4661;WP3604","3-(4-oxo-4,5-dihydro-1H-imidazol-5-yl)propanoic acid","C03680","4-Imidazolone-5-propanoate"
"16805","hsa00340","","","[1-(5-phosphoribosyl)imidazol-4-yl]acetic acid","C04437","1-(5-Phosphoribosyl)imidazole-4-acetate"
"17805","hsa00340","","","D-erythro-1-(imidazol-4-yl)glycerol 3-phosphate","C04666","D-erythro-1-(Imidazol-4-yl)glycerol 3-phosphate"
"18302","hsa00340","","","1-(5-phospho-beta-D-ribosyl)-5-[(5-phospho-beta-D-ribosylamino)methylideneamino]imidazole-4-carboxamide","C04896","5-(5-Phospho-D-ribosylaminoformimino)-1-(5-phosphoribosyl)-imidazole-4-carboxamide"
"27735","hsa00340","","","5-[(5-phospho-1-deoxy-D-ribulos-1-ylimino)methylamino]-1-(5-phospho-beta-D-ribosyl)imidazole-4-carboxamide","C04916","N-(5'-Phospho-D-1'-ribulosylformimino)-5-amino-1-(5''-phospho-D-ribosyl)-4-imidazolecarboxamide"
"29009","hsa00340","R-HSA-2408508;R-HSA-70921","WP5420;WP3925;WP3604","N(tele)-methylhistamine","C05127","N-Methylhistamine"
"27398","hsa00340","R-HSA-211945","WP5420;WP3925","imidazole-4-acetaldehyde","C05130","Imidazole-4-acetaldehyde"
"141","hsa00340","","","(1-Ribosylimidazole)-4-acetate","C05131","(1-Ribosylimidazole)-4-acetate"
"27850","hsa00340","","","4-oxo-4,5-dihydroimidazole-5-acetic acid","C05133","4-Imidazolone-5-acetate"
"28483","hsa00340","","","N-acetylhistamine","C05135","4-(beta-Acetylaminoethyl)imidazole"
"28297","hsa00340","","WP3604","hydantoin-5-propionic acid","C05565","Hydantoin-5-propionate"
"24773","hsa00340","","","3-(imidazol-5-yl)lactate","C05568","Imidazole lactate"
"27487","hsa00340","","","3-(imidazol-5-yl)lactic acid","C05568","Imidazole lactate"
"4828","hsa00340","","","ergothioneine","C05570","Ergothioneine"
"82707","hsa00340","","","ergothioneine thione form","C05570","Ergothioneine"
"9572","hsa00340","","","Thiourocanic acid","C05571","Thiourocanic acid"
"27467","hsa00340","","","4-oxoglutaramate","C05572","4-Oxoglutaramate"
"30883","hsa00340","","","4-oxoglutaramic acid","C05572","4-Oxoglutaramate"
"67049","hsa00340","","","N(alpha),N(alpha),N(alpha)-trimethyl-L-histidinium(1+)","C05575","Hercynine"
"168124","hsa00340","","","L-Histidine trimethylbetaine","C05575","Hercynine"
"15781","hsa00340","","","N(alpha),N(alpha),N(alpha)-trimethyl-L-histidine","C05575","Hercynine"
"28104","hsa00340","","","1-methylimidazole-4-acetaldehyde","C05827","Methylimidazole acetaldehyde"
"1606","hsa00340","","","1-methyl-4-imidazoleacetic acid","C05828","Methylimidazoleacetic acid"
"71028","hsa00340","","WP3604","carglumic acid","C05829","N-Carbamyl-L-glutamate"
"190595","hsa00340","","","N-Carbamyl-L-glutamicacid","C05829","N-Carbamyl-L-glutamate"
"21305","hsa00340","","","isoglutamine","C16673","Isoglutamine"
"80654","hsa00340","","","Formylisoglutamine","C16674","Formylisoglutamine"
"17895","hsa00350;hsa00360;hsa00400;hsa00730;hsa00130;hsa00970;hsa04917;hsa04916;hsa04974;hsa04728;hsa05230;hsa05012;hsa05030;hsa05031;hsa05034","","WP3925;WP3604;WP550;WP4583;WP4156;WP2436;WP4941;WP661;WP1602;WP2371;WP706;WP1981;WP3953","L-tyrosine","C00082","L-Tyrosine"
"15882","hsa00350;hsa04974;hsa05208","R-HSA-9749641;R-HSA-156584;R-HSA-156588;R-HSA-211999","WP3891","phenol","C00146","Phenol"
"15882","hsa00350;hsa04974;hsa05208","R-HSA-9749641;R-HSA-156584;R-HSA-156588;R-HSA-211999","WP3891","phenol","C15584","Phenol"
"15765","hsa00350;hsa04917;hsa04728;hsa05012;hsa05030;hsa05031;hsa05034","","WP5376;WP3604;WP550;WP4156;WP2436;WP4941;WP1602;WP2371;WP706","L-dopa","C00355","3,4-Dihydroxy-L-phenylalanine"
"15760","hsa00350;hsa04080;hsa04974","R-HSA-211945;R-HSA-141333","WP465","tyramine","C00483","Tyramine"
"17594","hsa00350;hsa05208","R-HSA-211945","WP3891","hydroquinone","C00530","Hydroquinone"
"17594","hsa00350;hsa05208","R-HSA-211945","WP3891","hydroquinone","C15603","Hydroquinone"
"16169","hsa00350;hsa00130","R-HSA-8963684","WP3925;WP4506","homogentisate","C00544","Homogentisate"
"44747","hsa00350;hsa00130","","WP3604","homogentisic acid","C00544","Homogentisate"
"18357","hsa00350;hsa04024;hsa04080;hsa04540;hsa04923;hsa04924;hsa04261;hsa04270;hsa04970;hsa04721;hsa04742;hsa04714;hsa05207","","WP4657;WP4932;WP3925;WP3604;WP550;WP3584;WP58;WP727;WP4321","(R)-noradrenaline","C00547","L-Noradrenaline"
"17189","hsa00350","","","2,5-dihydroxybenzoic acid","C00628","2,5-Dihydroxybenzoate"
"18101","hsa00350;hsa00360","","WP4238;WP4506","4-hydroxyphenylacetic acid","C00642","4-Hydroxyphenylacetate"
"28918","hsa00350;hsa04024;hsa04080;hsa04923;hsa04924;hsa04261;hsa05207","","WP5420;WP3925;WP3604;WP550;WP4156;WP536;WP4589;WP58;WP727;WP4220;WP1603;WP5094","(R)-adrenaline","C00788","L-Adrenaline"
"32374","hsa00350;hsa00130","","WP5274;WP4189","trans-4-coumaric acid","C00811","4-Coumarate"
"16852","hsa00350","","WP3604;WP2436;WP4941;WP3998","L-dopaquinone","C00822","Dopaquinone"
"17105","hsa00350","","WP4506","4-maleylacetoacetate","C01036","4-Maleylacetoacetate"
"47904","hsa00350","","WP3604","4-maleylacetoacetic acid","C01036","4-Maleylacetoacetate"
"15768","hsa00350;hsa04918","","WP3604","3,5-diiodo-L-tyrosine","C01060","3,5-Diiodo-L-tyrosine"
"18034","hsa00350","","","4-fumarylacetoacetate(2-)","C01061","4-Fumarylacetoacetate"
"30907","hsa00350","","WP3604","4-fumarylacetoacetic acid","C01061","4-Fumarylacetoacetate"
"17612","hsa00350;hsa04728;hsa05030;hsa05031;hsa05034","R-HSA-379398","","(3,4-dihydroxyphenyl)acetate","C01161","3,4-Dihydroxyphenylacetate"
"41941","hsa00350;hsa04728;hsa05030;hsa05031;hsa05034","","WP4657;WP5420;WP2436;WP4238;WP4220","(3,4-dihydroxyphenyl)acetic acid","C01161","3,4-Dihydroxyphenylacetate"
"15999","hsa00350;hsa00400;hsa00130","","WP3604;WP5274","4-hydroxyphenylpyruvic acid","C01179","3-(4-Hydroxyphenyl)pyruvate"
"36242","hsa00350;hsa00400;hsa00130","R-HSA-8963684","WP4506","3-(4-hydroxyphenyl)pyruvate","C01179","3-(4-Hydroxyphenyl)pyruvate"
"15772","hsa00350","","WP2436","L-dopachrome","C01693","L-Dopachrome"
"18332","hsa00350;hsa04080;hsa04918;hsa04919;hsa04976;hsa05320","R-HSA-879518;R-HSA-879518;R-HSA-209968;R-HSA-350864","WP3925;WP3915;WP3604;WP5385;WP5231;WP5373;WP1981","L-thyroxine","C01829","Thyroxine"
"50371","hsa00350","","","(R)-rosmarinic acid","C01850","Rosmarinate"
"16727","hsa00350","","","3-maleylpyruvate(2-)","C02167","Maleylpyruvate"
"30859","hsa00350","","","3-maleylpyruvic acid","C02167","Maleylpyruvate"
"17458","hsa00350","","","N-methyltyramine","C02442","N-Methyltyramine"
"18258","hsa00350;hsa04080;hsa04918;hsa04919;hsa04976;hsa04714;hsa05320","","WP3915;WP3604;WP5385;WP5231;WP4304;WP5373;WP15;WP4746;WP1981","3,3',5-triiodo-L-thyronine","C02465","Triiodothyronine"
"1506","hsa00350","","","3-fumarylpyruvic acid","C02514","3-Fumarylpyruvate"
"16854","hsa00350","","","3-fumarylpyruvate(2-)","C02514","3-Fumarylpyruvate"
"27847","hsa00350;hsa04918","R-HSA-209968","WP3604","3-iodo-L-tyrosine","C02515","3-Iodo-L-tyrosine"
"1254","hsa00350","","","cis-2-oxohept-3-enedioic acid","C03063","2-Oxohept-3-enedioate"
"17205","hsa00350","","","2-oxohept-3-enedioate","C03063","2-Oxohept-3-enedioate"
"16237","hsa00350","","","4-chlorophenylacetate","C03077","4-Chlorophenylacetate"
"30749","hsa00350","","","4-chlorophenylacetic acid","C03077","4-Chlorophenylacetate"
"18243","hsa00350;hsa04024;hsa04080;hsa04540;hsa04917;hsa04976;hsa04728;hsa04721;hsa05012;hsa05030;hsa05031;hsa05032;hsa05034","","WP5376;WP4657;WP4932;WP3925;WP3604;WP550;WP4156;WP2636;WP2436;WP455;WP4941;WP5372;WP3584;WP58;WP727;WP1602;WP2371;WP4222;WP706;WP2267","dopamine","C03758","Dopamine"
"15621","hsa00350","R-HSA-211945;R-HSA-141333","","(4-hydroxyphenyl)acetaldehyde","C03765","4-Hydroxyphenylacetaldehyde"
"10980","hsa00350;hsa00130","","","(R)-3-(4-hydroxyphenyl)lactate","C03964","(R)-3-(4-Hydroxyphenyl)lactate"
"16003","hsa00350;hsa00130","","","(R)-3-(4-hydroxyphenyl)lactic acid","C03964","(R)-3-(4-Hydroxyphenyl)lactate"
"27978","hsa00350;hsa05012","","WP5420;WP2436;WP5372","3,4-dihydroxyphenylacetaldehyde","C04043","3,4-Dihydroxyphenylacetaldehyde"
"19891","hsa00350","","","3,4-dihydroxyphenylpyruvic acid","C04045","3-(3,4-Dihydroxyphenyl)pyruvate"
"15924","hsa00350","","","5-oxopent-3-ene-1,2,5-tricarboxylic acid","C04052","5-Carboxy-2-oxohept-3-enedioate"
"2003","hsa00350","","WP2436;WP4941","5,6-dihydroxyindole-2-carboxylic acid","C04185","5,6-Dihydroxyindole-2-carboxylate"
"2040","hsa00350","","","(2Z,4E)-5-hydroxypenta-2,4-diene-1,2,5-tricarboxylic acid","C04186","5-Carboxymethyl-2-hydroxymuconate"
"16939","hsa00350","","","3-amino-3-(4-hydroxyphenyl)propanoic acid","C04368","3-Amino-3-(4-hydroxyphenyl)propanoate"
"17142","hsa00350","","","5-formyl-2-hydroxyhepta-2,4-dienedioic acid","C04642","2-Hydroxy-5-carboxymethylmuconate semialdehyde"
"16098","hsa00350","","","4-(L-alanin-3-yl)-2-hydroxy-cis,cis-muconate 6-semialdehyde","C04796","4-(L-Alanin-3-yl)-2-hydroxy-cis,cis-muconate 6-semialdehyde"
"16098","hsa00350","","","4-(L-alanin-3-yl)-2-hydroxy-cis,cis-muconate 6-semialdehyde","C17758","4,5-seco-Dopa"
"17671","hsa00350","","","5-(L-alanin-3-yl)-2-hydroxy-cis,cis-muconate 6-semialdehyde","C04797","5-(L-Alanin-3-yl)-2-hydroxy-cis,cis-muconate 6-semialdehyde"
"185055","hsa00350","","","4-({[({[(2R,3S,4R,5R)-5-(6-amino-9H-purin-9-yl)-4-hydroxy-3-(phosphonooxy)oxolan-2-yl]methoxy}(hydroxy)phosphoryl)oxy](hydroxy)phosphoryl}oxy)-2-hydroxy-N-{2-[(2-{[2-(4-hydroxyphenyl)acetyl]sulfanyl}ethyl)-C-hydroxycarbonimidoyl]ethyl}-3,3-dimethylbutanimidic acid","C05338","4-Hydroxyphenylacetyl-CoA"
"28773","hsa00350","","","4-hydroxyphenylacetyl-CoA","C05338","4-Hydroxyphenylacetyl-CoA"
"27683","hsa00350","","","2-hydroxy-3-(4-hydroxyphenyl)prop-2-enoic acid","C05350","2-Hydroxy-3-(4-hydroxyphenyl)propenoate"
"1387","hsa00350","","WP5420","3,4-dihydroxyphenylethyleneglycol","C05576","3,4-Dihydroxyphenylethyleneglycol"
"27852","hsa00350","R-HSA-181430","","3,4-dihydroxymandelaldehyde","C05577","3,4-Dihydroxymandelaldehyde"
"27404","hsa00350","R-HSA-5662702","WP2436;WP4941","5,6-dihydroxyindole","C05578","5,6-Dihydroxyindole"
"27406","hsa00350","","WP3604;WP4941","indole-5,6-quinone","C05579","Indole-5,6-quinone"
"27637","hsa00350","","WP5420","3,4-dihydroxymandelic acid","C05580","3,4-Dihydroxymandelate"
"28111","hsa00350","","WP2436","(4-hydroxy-3-methoxyphenyl)acetaldehyde","C05581","3-Methoxy-4-hydroxyphenylacetaldehyde"
"545959","hsa00350;hsa04728","R-HSA-379397;R-HSA-379398","WP4657;WP5420;WP4156;WP2436;WP4238;WP4220","homovanillic acid","C05582","Homovanillate"
"27932","hsa00350","","","3-methoxy-4-hydroxyphenylglycolaldehyde","C05583","3-Methoxy-4-hydroxyphenylglycolaldehyde"
"20106","hsa00350","","WP4156","vanillylmandelic acid","C05584","3-Methoxy-4-hydroxymandelate"
"27622","hsa00350","","WP5420;WP4220","vanillylmandelate","C05584","3-Methoxy-4-hydroxymandelate"
"28508","hsa00350","","","2,5-dihydroxybenzaldehyde","C05585","Gentisate aldehyde"
"1582","hsa00350;hsa04728","R-HSA-379397","WP4657;WP5420;WP4220","3-methoxytyramine","C05587","3-Methoxytyramine"
"6270","hsa00350","","","L-Metanephrine","C05588","L-Metanephrine"
"6277","hsa00350","","","L-Normetanephrine","C05589","L-Normetanephrine"
"17445","hsa00350;hsa00360","","","3-hydroxyphenylacetic acid","C05593","3-Hydroxyphenylacetate"
"1576","hsa00350","","WP5420;WP4156;WP4220","3-Methoxy-4-hydroxyphenylethyleneglycol","C05594","3-Methoxy-4-hydroxyphenylethyleneglycol"
"28036","hsa00350","","","N-4-hydroxyphenylacetylglutamic acid","C05595","4-Hydroxyphenylacetylglutamic acid"
"28595","hsa00350","","","4-hydroxyphenylacetylglycine","C05596","p-Hydroxyphenylacetylglycine"
"1162","hsa00350","","","2-hydroxyhepta-2,4-dienedioic acid","C05600","2-Hydroxyhepta-2,4-dienedioate"
"60872","hsa00350","","WP2436","leucodopachrome","C05604","2-Carboxy-2,3-dihydro-5,6-dihydroxyindole"
"1879","hsa00350","","","2-(4-hydroxyphenyl)ethanol","C06044","4-Hydroxyphenylethanol"
"9009","hsa00350","","","Salidroside","C06046","Salidroside"
"9274","hsa00350","","","Stizolobate","C06047","Stizolobate"
"177665","hsa00350","","","Stizolobic acid","C06047","Stizolobate"
"9275","hsa00350","","","Stizolobinate","C06048","Stizolobinate"
"181950","hsa00350","","","Stizolobinic acid","C06048","Stizolobinate"
"5764","hsa00350","","","hordenine","C06199","Hordenine"
"915","hsa00350","","","2,4-dihydroxyhept-2-enedioic acid","C06201","2,4-Dihydroxyhept-2-enedioate"
"58936","hsa00350","","","2,4-dihydroxyhept-2-enedioate","C06201","2,4-Dihydroxyhept-2-enedioate"
"165377","hsa00350","","","2,4-Dihydroxy-2-heptenedioic acid","C06201","2,4-Dihydroxyhept-2-enedioate"
"48400","hsa00350","","","3-(3,4-dihydroxyphenyl)propanoic acid","C10447","3,4-Dihydroxyphenylpropanoate"
"81392","hsa00350","","","Cysteinyldopa","C17935","Cysteinyldopa"
"81393","hsa00350","","","Phaeomelanin","C17936","Phaeomelanin"
"81394","hsa00350","","","indole-5,6-quinone-2-carboxylic acid","C17938","5,6-Indolequinone-2-carboxylic acid"
"17295","hsa00360;hsa00400;hsa00470;hsa00970;hsa02010;hsa04974;hsa04978;hsa05230","","WP3925;WP3604;WP550;WP4156;WP661;WP706;WP4506","L-phenylalanine","C00079","L-Phenylalanine"
"18005","hsa00360;hsa00400;hsa00470","","","keto-phenylpyruvate","C00166","Phenylpyruvate"
"30851","hsa00360;hsa00400;hsa00470","","WP3604","keto-phenylpyruvic acid","C00166","Phenylpyruvate"
"15669","hsa00360;hsa00130","","","trans-cinnamate","C00423","trans-Cinnamate"
"35697","hsa00360;hsa00130","","","trans-cinnamic acid","C00423","trans-Cinnamate"
"35697","hsa00360;hsa00130","","","trans-cinnamic acid","C10438","Cinnamic acid"
"15515","hsa00360","","WP521","benzoyl-CoA","C00512","Benzoyl-CoA"
"15537","hsa00360","","","phenylacetyl-CoA","C00582","Phenylacetyl-CoA"
"1113","hsa00360","","","cis-2-hydroxypenta-2,4-dienoic acid","C00596","2-Hydroxy-2,4-pentadienoate"
"11641","hsa00360","","","2-oxopent-4-enoate","C00596","2-Hydroxy-2,4-pentadienoate"
"37319","hsa00360","","","2-hydroxypenta-2,4-dienoate","C00596","2-Hydroxy-2,4-pentadienoate"
"16424","hsa00360","R-HSA-381753;R-HSA-381753;R-HSA-141333","WP5420","phenylacetaldehyde","C00601","Phenylacetaldehyde"
"16104","hsa00360","","","3-(2-hydroxyphenyl)propanoic acid","C01198","3-(2-Hydroxyphenyl)propanoate"
"46957","hsa00360","","","3-(2-hydroxyphenyl)propanoate","C01198","3-(2-Hydroxyphenyl)propanoate"
"18125","hsa00360","","","trans-2-coumaric acid","C01772","trans-2-Hydroxycinnamate"
"18280","hsa00360","","","phenylglyoxylic acid","C02137","alpha-Oxo-benzeneacetic acid"
"15490","hsa00360","","","3-oxoadipyl-CoA","C02232","3-Oxoadipyl-CoA"
"16998","hsa00360;hsa00470;hsa04742","","","D-phenylalanine","C02265","D-Phenylalanine"
"16562","hsa00360","","","2-phenylacetamide","C02505","2-Phenylacetamide"
"16815","hsa00360","","","enol-phenylpyruvate","C02763","2-Hydroxy-3-phenylpropenoate"
"32815","hsa00360","","","enol-phenylpyruvic acid","C02763","2-Hydroxy-3-phenylpropenoate"
"16259","hsa00360","","","N-acetyl-L-phenylalanine","C03519","N-Acetyl-L-phenylalanine"
"17655","hsa00360","","","4-hydroxy-2-oxopentanoic acid","C03589","4-Hydroxy-2-oxopentanoate"
"18136","hsa00360","","","3-(2,3-dihydroxyphenyl)propanoic acid","C04044","3-(2,3-Dihydroxyphenyl)propanoate"
"46951","hsa00360","","","3-(2,3-dihydroxyphenyl)propanoate","C04044","3-(2,3-Dihydroxyphenyl)propanoate"
"8087","hsa00360","","","N(2)-phenylacetylglutamine","C04148","Phenylacetylglutamine"
"17884","hsa00360","","","N(2)-phenylacetyl-L-glutamine","C04148","Phenylacetylglutamine"
"61470","hsa00360","","","(2E,4Z)-2-hydroxy-6-oxonona-2,4-dienedioic acid","C04479","2-Hydroxy-6-oxonona-2,4-diene-1,9-dioate"
"18397","hsa00360","R-HSA-418555;R-HSA-375280;R-HSA-141333","","2-phenylethylamine","C05332","Phenethylamine"
"27480","hsa00360","","","phenylacetylglycine","C05598","Phenylacetylglycine"
"32978","hsa00360","","","(R)-3-phenyllactic acid","C05607","Phenyllactate"
"28631","hsa00360","","WP4238","3-phenylpropionic acid","C05629","Phenylpropanoate"
"28478","hsa00360","","","(2-hydroxyphenyl)acetic acid","C05852","2-Hydroxyphenylacetate"
"49000","hsa00360","","","2-phenylethanol","C05853","Phenylethyl alcohol"
"952","hsa00360","","","(2,6-dihydroxyphenyl)acetic acid","C06207","2,6-Dihydroxyphenylacetate"
"28440","hsa00360","","","(2,6-dihydroxyphenyl)acetate","C06207","2,6-Dihydroxyphenylacetate"
"30745","hsa00360","","WP4238","phenylacetic acid","C07086","Phenylacetic acid"
"1427","hsa00360","","WP4238","3-(3-hydroxyphenyl)propanoic acid","C11457","3-(3-Hydroxyphenyl)propanoic acid"
"10472","hsa00360","","","3-[(5S,6R)-5,6-dihydroxycyclohexa-1,3-dienyl]propanoic acid","C11588","cis-3-(Carboxy-ethyl)-3,5-cyclo-hexadiene-1,2-diol"
"32357","hsa00360","","WP4238","trans-3-coumaric acid","C12621","trans-3-Hydroxycinnamate"
"61462","hsa00360","","","(E)-3-[(5S,6R)-5,6-dihydroxycyclohexa-1,3-dienyl]acrylic acid","C12622","cis-3-(3-Carboxyethenyl)-3,5-cyclohexadiene-1,2-diol"
"32356","hsa00360","","","2,3-dihydroxy-trans-cinnamic acid","C12623","trans-2,3-Dihydroxycinnamate"
"31082","hsa00360","","","2-hydroxy-6-oxonona-2,4,7-trienedioic acid","C12624","2-Hydroxy-6-ketononatrienedioate"
"66939","hsa00360","","","(2Z,4E,7E)-2-hydroxy-6-oxonona-2,4,7-trienedioic acid","C12624","2-Hydroxy-6-ketononatrienedioate"
"34453","hsa00360","","","5-Carboxy-2-pentenoyl-CoA","C14144","5-Carboxy-2-pentenoyl-CoA"
"34002","hsa00360","","","(3S)-3-Hydroxyadipyl-CoA","C14145","(3S)-3-Hydroxyadipyl-CoA"
"50117","hsa00360","","","phenylglyoxylyl-CoA","C15524","Phenylglyoxylyl-CoA"
"16567","hsa00380;hsa00400","","WP5420;WP465","anthranilate","C00108","Anthranilate"
"30754","hsa00380;hsa00400","","WP3604;WP5414;WP5044;WP4210","anthranilic acid","C00108","Anthranilate"
"16946","hsa00380;hsa05143","","WP3604;WP2485;WP3645;WP15;WP4210","L-kynurenine","C00328","L-Kynurenine"
"29750","hsa00380","","WP3604;WP465","3-(indol-3-yl)pyruvic acid","C00331","Indolepyruvate"
"16765","hsa00380;hsa04080","","WP3925;WP3604;WP465","tryptamine","C00398","Tryptamine"
"16881","hsa00380;hsa00400;hsa04974","","WP3627","1H-indole","C00463","Indole"
"15793","hsa00380","R-HSA-71240","WP5420;WP3604;WP5414;WP5044;WP2485;WP3645;WP4210","3-hydroxyanthranilic acid","C00632","3-Hydroxyanthranilate"
"36559","hsa00380","","WP465","3-hydroxyanthranilate","C00632","3-Hydroxyanthranilate"
"18086","hsa00380","","WP3925;WP3604;WP465","indol-3-ylacetaldehyde","C00637","Indole-3-acetaldehyde"
"17780","hsa00380;hsa04726","","WP3925;WP3604;WP550;WP4220;WP706;WP465","5-hydroxy-L-tryptophan","C00643","5-Hydroxy-L-tryptophan"
"28790","hsa00380;hsa04024;hsa04080;hsa04540;hsa04976;hsa04726;hsa04721;hsa04742;hsa04750;hsa05207","","WP4932;WP3925;WP3604;WP550;WP4156;WP455;WP3584;WP3298;WP58;WP727;WP4220;WP4462;WP722;WP3944;WP732;WP734;WP1455;WP706;WP2267;WP4210;WP465","serotonin","C00780","Serotonin"
"16411","hsa00380","","WP3925;WP3604;WP4210","indole-3-acetic acid","C00954","Indole-3-acetate"
"17890","hsa00380","","WP465","tryptophol","C00955","Indole-3-ethanol"
"17697","hsa00380","R-HSA-209931","WP5420;WP550;WP4156;WP3298;WP465","N-acetylserotonin","C00978","N-Acetylserotonin"
"17508","hsa00380","","","7,8-dihydroxykynurenic acid","C01111","7,8-Dihydroxykynurenate"
"17109","hsa00380","","","7,8-dihydro-7,8-dihydroxykynurenic acid","C01249","7,8-Dihydro-7,8-dihydroxykynurenate"
"17442","hsa00380","R-HSA-71240;R-HSA-71240;R-HSA-71240","","4-(2-aminophenyl)-2,4-dioxobutanoic acid","C01252","4-(2-Aminophenyl)-2,4-dioxobutanoate"
"16796","hsa00380;hsa04080;hsa04713","","WP5420;WP550;WP4156;WP455;WP5044;WP3584;WP3298;WP4220;WP247;WP5381;WP465","melatonin","C01598","Melatonin"
"18344","hsa00380","R-HSA-71240;R-HSA-71240;R-HSA-373076","WP5224;WP3604;WP5414;WP5044;WP4210;WP465","kynurenic acid","C01717","4-Hydroxy-2-quinolinecarboxylic acid"
"18112","hsa00380","","","2-aminophenol","C01987","2-Aminophenol"
"17293","hsa00380","","","2-aminophenoxazin-3-one","C02161","2-Aminophenoxazin-3-one"
"16050","hsa00380","","","N-acetylisatin","C02172","N-Acetylisatin"
"16886","hsa00380","","WP465","2-aminomuconic acid","C02220","2-Aminomuconate"
"15363","hsa00380","","","N-acetylindoxyl","C02298","N-Acetylindoxyl"
"71201","hsa00380","","","xanthurenate","C02470","Xanthurenic acid"
"16031","hsa00380","","WP465","indole-3-acetamide","C02693","(Indol-3-yl)acetamide"
"30249","hsa00380","","WP4210","N-formyl-L-kynurenine","C02700","L-Formylkynurenine"
"17828","hsa00380","","","2,3-dihydroxyindole","C02775","2,3-Dihydroxyindole"
"17545","hsa00380","","","(E)-indol-3-ylacetaldehyde oxime","C02937","Indole-3-acetaldehyde oxime"
"17566","hsa00380","","","indole-3-acetonitrile","C02938","3-Indoleacetonitrile"
"17380","hsa00380","R-HSA-71240","WP3604;WP2485;WP465","3-hydroxy-L-kynurenine","C03227","3-Hydroxy-L-kynurenine"
"15976","hsa00380","","","3-indoleglycolaldehyde","C03230","(Indol-3-yl)glycolaldehyde"
"16967","hsa00380","","","(Z)-5-oxohex-2-enedioate","C03453","gamma-Oxalocrotonate"
"32808","hsa00380","","","(Z)-5-oxohex-2-enedioic acid","C03453","gamma-Oxalocrotonate"
"18033","hsa00380","","","2-formylphenylformamide","C03574","2-Formylaminobenzaldehyde"
"16675","hsa00380;hsa00410;hsa00760","","WP5420;WP3604;WP5414;WP5044;WP2485;WP3645;WP15;WP4210","quinolinic acid","C03722","Quinolinate"
"15745","hsa00380","","WP3604;WP5044;WP465","2-aminomuconic 6-semialdehyde","C03824","2-Aminomuconate semialdehyde"
"995","hsa00380","","WP3604;WP5044;WP2485;WP3645;WP4210;WP465","cis,cis-2-amino-3-(3-oxoprop-1-enyl)but-2-enedioic acid","C04409","2-Amino-3-carboxymuconate semialdehyde"
"50157","hsa00380","","WP5420;WP3604;WP4220;WP465","(5-hydroxyindol-3-yl)acetaldehyde","C05634","5-Hydroxyindoleacetaldehyde"
"27823","hsa00380;hsa04726","R-HSA-380612","WP5420;WP3925;WP3604;WP4156;WP3298;WP4220;WP706","(5-hydroxyindol-3-yl)acetic acid","C05635","5-Hydroxyindoleacetate"
"27421","hsa00380","","","3-hydroxykynurenamine","C05636","3-Hydroxykynurenamine"
"28883","hsa00380","","WP465","quinoline-4,8-diol","C05637","4,8-Dihydroxyquinoline"
"28715","hsa00380","","","5-hydroxykynurenamine","C05638","5-Hydroxykynurenamine"
"28799","hsa00380","","WP465","quinoline-4,6-diol","C05639","4,6-Dihydroxyquinoline"
"3715","hsa00380","","WP5044;WP465","Cinnavalininate","C05640","Cinnavalininate"
"2012","hsa00380","","","5-(3'-carboxy-3'-oxopropenyl)-4,6-dihydroxypicolinic acid","C05641","5-(3'-Carboxy-3'-oxopropenyl)-4,6-dihydroxypicolinate"
"86002","hsa00380","","","5-(3-carboxy-3-oxoprop-1-en-1-yl)-4-hydroxy-6-oxo-1,6-dihydropyridine-2-carboxylate","C05641","5-(3'-Carboxy-3'-oxopropenyl)-4,6-dihydroxypicolinate"
"194285","hsa00380","","","N-gamma-Acetyl-N-2-Formyl-5-Methoxykynurenamine","C05642","Formyl-N-acetyl-5-methoxykynurenamine"
"2198","hsa00380","","WP3298;WP465","6-hydroxymelatonin","C05643","6-Hydroxymelatonin"
"28549","hsa00380","","","3-(indol-3-yl)-2-oxobutyric acid","C05644","3-Methylindolepyruvate"
"27593","hsa00380","","WP465","4-(2-amino-3-hydroxyphenyl)-2,4-dioxobutanoic acid","C05645","4-(2-Amino-3-hydroxyphenyl)-2,4-dioxobutanoate"
"27597","hsa00380","","","3-(5-hydroxyindol-3-yl)pyruvic acid","C05646","5-Hydroxyindolepyruvate"
"28736","hsa00380","","WP465","formyl-5-hydroxykynurenamine","C05647","Formyl-5-hydroxykynurenamine"
"2065","hsa00380","","WP465","5-hydroxy-N-formylkynurenine","C05648","5-Hydroxy-N-formylkynurenine"
"36407","hsa00380","","","5-hydroxy-N-formyl-L-kynurenine","C05648","5-Hydroxy-N-formylkynurenine"
"36408","hsa00380","","","5-hydroxy-L-kynurenine","C05651","5-Hydroxykynurenine"
"36575","hsa00380","","","N-formylanthranilic acid","C05653","Formylanthranilate"
"2010","hsa00380","","","5-(2'-formylethyl)-4,6-dihydroxypicolinic acid","C05654","5-(2'-Formylethyl)-4,6-dihydroxypicolinate"
"86003","hsa00380","","","5-(2'-formylethyl)-4,6-dihydroxypicolinate","C05654","5-(2'-Formylethyl)-4,6-dihydroxypicolinate"
"2009","hsa00380","","","5-(2'-carboxyethyl)-4,6-dihydroxypicolinate","C05655","5-(2'-Carboxyethyl)-4,6-dihydroxypicolinate"
"86004","hsa00380","","","5-(2'-carboxyethyl)-4,6-dihydroxypicolinic acid","C05655","5-(2'-Carboxyethyl)-4,6-dihydroxypicolinate"
"2013","hsa00380","","","5-(3'-carboxy-3'-oxopropyl)-4,6-dihydroxypicolinate","C05656","5-(3'-Carboxy-3'-oxopropyl)-4,6-dihydroxypicolinate"
"86005","hsa00380","","","5-(3'-carboxy-3'-oxopropyl)-4,6-dihydroxypicolinic acid","C05656","5-(3'-Carboxy-3'-oxopropyl)-4,6-dihydroxypicolinate"
"17840","hsa00380","","WP3627","indoxyl","C05658","Indoxyl"
"2089","hsa00380","","WP5420;WP3298","5-methoxytryptamine","C05659","5-Methoxytryptamine"
"28281","hsa00380","","","5-methoxyindole-3-acetic acid","C05660","5-Methoxyindoleacetate"
"2195","hsa00380","","","6-Hydroxykynurenic acid","C08480","6-Hydroxykynurenic acid"
"2195","hsa00380","","","6-Hydroxykynurenic acid","C05663","6-Hydroxykynurenate"
"2323","hsa00380","","","4-hydroxy-8-methoxyquinaldic acid","C05830","8-Methoxykynurenate"
"20109","hsa00380","","","3-methoxyanthranilate","C05831","3-Methoxyanthranilate"
"27440","hsa00380","","","3-methoxyanthranilic acid","C05831","3-Methoxyanthranilate"
"27631","hsa00380","","","5-hydroxyindoleacetylglycine","C05832","5-Hydroxyindoleacetylglycine"
"28254","hsa00380","","","3-hydroxy-3-methyloxindole","C05834","3-Methyldioxyindole"
"1098","hsa00380","","","2-Formaminobenzoylacetate","C05835","2-Formaminobenzoylacetate"
"64962","hsa00380","","","glucobrassicin(1-)","C05837","Glucobrassicin"
"29028","hsa00380","","","glucobrassicin","C05837","Glucobrassicin"
"48294","hsa00380","","WP2436;WP465","N-methylserotonin","C06212","N-Methylserotonin"
"28136","hsa00380","","WP465","N-methyltryptamine","C06213","N-Methyltryptamine"
"9171","hsa00380","R-HSA-211981","WP465","skatole","C08313","Skatole"
"28747","hsa00380","","WP5420;WP3604;WP5414;WP5044;WP465","picolinic acid","C10164","Picolinic acid"
"80544","hsa00380","","","Indolylmethylthiohydroximate","C16516","Indolylmethylthiohydroximate"
"80545","hsa00380","","","indolylmethyl desulfoglucosinolate","C16517","Indolylmethyl-desulfoglucosinolate"
"80546","hsa00380","","","S-(Indolylmethylthiohydroximoyl)-L-cysteine","C16518","S-(Indolylmethylthiohydroximoyl)-L-cysteine"
"80959","hsa00380","","","N-Hydroxyl-tryptamine","C17203","N-Hydroxyl-tryptamine"
"36062","hsa00400","","WP4238","3,4-dihydroxybenzoic acid","C00230","3,4-Dihydroxybenzoate"
"36241","hsa00400","","","3,4-dihydroxybenzoate","C00230","3,4-Dihydroxybenzoate"
"17333","hsa00400;hsa00790;hsa00130","","","chorismic acid","C00251","Chorismate"
"84387","hsa00400","","","(1s,4s)-prephenic acid","C00254","Prephenate"
"29934","hsa00400","","","(1s,4s)-prephenate(2-)","C00254","Prephenate"
"17521","hsa00400","","","(-)-quinic acid","C00296","Quinate"
"29751","hsa00400","","","(-)-quinate","C00296","Quinate"
"16119","hsa00400","","","shikimic acid","C00493","Shikimate"
"16193","hsa00400","","","3-hydroxybenzoate","C00587","3-Hydroxybenzoate"
"30764","hsa00400","","WP4238","3-hydroxybenzoic acid","C00587","3-Hydroxybenzoate"
"17530","hsa00400","","","L-arogenic acid","C00826","L-Arogenate"
"17947","hsa00400","","","3-dehydroquinic acid","C00944","3-Dehydroquinate"
"32364","hsa00400","","","3-dehydroquinate","C00944","3-Dehydroquinate"
"16257","hsa00400","","","5-O-(1-carboxyvinyl)-3-phosphoshikimic acid","C01269","5-O-(1-Carboxyvinyl)-3-phosphoshikimate"
"29112","hsa00400","","","1-(2-carboxyphenylamino)-1-deoxy-D-ribulose 5-phosphate","C01302","1-(2-Carboxyphenylamino)-1-deoxy-D-ribulose 5-phosphate"
"16630","hsa00400","","","3-dehydroshikimate","C02637","3-Dehydroshikimate"
"30918","hsa00400","","","3-dehydroshikimic acid","C02637","3-Dehydroshikimate"
"17052","hsa00400","","","3-phosphoshikimic acid","C03175","Shikimate 3-phosphate"
"51793","hsa00400","","","(1S,2R)-1-C-(indol-3-yl)glycerol 3-phosphate","C03506","Indoleglycerol phosphate"
"18299","hsa00400","","","1-C-(indol-3-yl)glycerol 3-phosphate","C03506","Indoleglycerol phosphate"
"7091","hsa00400","","","N-(5-phospho-beta-D-ribosyl)anthranilic acid","C04302","N-(5-Phospho-D-ribosyl)anthranilate"
"18277","hsa00400","","","N-(5-phosphonato-beta-D-ribosyl)anthranilate","C04302","N-(5-Phospho-D-ribosyl)anthranilate"
"18150","hsa00400","","","7-phospho-2-dehydro-3-deoxy-D-arabino-heptonic acid","C04691","2-Dehydro-3-deoxy-D-arabino-heptonate 7-phosphate"
"51284","hsa00400","","","1-deoxy-D-threo-hexo-2,5-diulose 6-phosphate","C16848","6-Deoxy-5-ketofructose 1-phosphate"
"51282","hsa00400","","","2-amino-2,3,7-trideoxy-D-lyxo-hept-6-ulosonic acid","C16850","2-Amino-3,7-dideoxy-D-threo-hept-6-ulosonic acid"
"43103","hsa00400","","","L-homophenylalanine","C17235","L-Homophenylalanine"
"181422","hsa00400","","","2-Oxo-4-phenylbutyric acid","C20327","2-Oxo-4-phenylbutyric acid"
"181931","hsa00400","","","2-Benzylmalate","C20653","2-Benzylmalic acid"
"179102","hsa00400","","","3-Benzylmalic acid","C20654","3-Benzylmalic acid"
"7916","hsa00410;hsa00770;hsa04977","","","pantothenic acid","C00864","Pantothenate"
"46905","hsa00410;hsa00770;hsa04977","","WP3604","(R)-pantothenic acid","C00864","Pantothenate"
"16682","hsa00410","","","N-acetyl-beta-alanine","C01073","N-Acetyl-beta-alanine"
"15905","hsa00410;hsa00770","","WP3604","(R)-4'-phosphopantothenic acid","C03492","D-4'-Phosphopantothenate"
"28712","hsa00410","","","beta-alanyl-L-arginine","C05340","beta-Alanyl-L-arginine"
"27749","hsa00410","","","beta-alanyl-L-lysine","C05341","beta-Alanyl-L-lysine"
"18090","hsa00410;hsa00770","","","3-aminopropanal","C05665","3-Aminopropanal"
"16348","hsa00410","","","3-nitropropanoic acid","C05669","beta-Nitropropanoate"
"27413","hsa00410","","","beta-aminopropionitrile","C05670","3-Aminopropiononitrile"
"16668","hsa00430","","WP3604;WP4292;WP2525","hypotaurine","C00519","Hypotaurine"
"17717","hsa00430","","","sulfoacetaldehyde","C00593","Sulfoacetaldehyde"
"17141","hsa00430","","","cysteamine","C01678","Cysteamine"
"17228","hsa00430","","","taurocyamine","C01959","Taurocyamine"
"16621","hsa00430","","","N-phosphotaurocyamine","C03149","N-Phosphotaurocyamine"
"1157","hsa00430","","","isethionic acid","C05123","2-Hydroxyethanesulfonate"
"27694","hsa00430","","","glutaurine","C05844","5-L-Glutamyl-taurine"
"17628","hsa00430","","","2-aminoacetaldehyde","C06735","Aminoacetaldehyde"
"50519","hsa00430","","","sulfoacetic acid","C14179","Sulfoacetate"
"16183","hsa00440;hsa04974","","","methane","C01438","Methane"
"30935","hsa00440","","","3-phosphonopyruvic acid","C02798","3-Phosphonopyruvate"
"18124","hsa00440","","","phosphonoacetaldehyde","C03167","Phosphonoacetaldehyde"
"15573","hsa00440;hsa02010","","","(2-aminoethyl)phosphonic acid","C03557","2-Aminoethylphosphonate"
"142852","hsa00440","","","glufosinate-P","C04650","L-Phosphinothricin"
"28388","hsa00440","","","2-amino-3-phosphonopropanoic acid","C05672","2-Amino-3-phosphonopropanoate"
"3276","hsa00440","","","CMP-2-aminoethylphosphonate","C05673","CMP-2-aminoethylphosphonate"
"3281","hsa00440","","","CMP-2-trimethylaminoethylphosphonate","C05674","CMP-N-trimethyl-2-aminoethylphosphonate"
"631","hsa00440","","","1-hydroxy-2-aminoethylphosphonic acid","C05678","(2-Amino-1-hydroxyethyl)phosphonate"
"7328","hsa00440","","","2-methylaminoethylphosphonic acid","C05679","N-Monomethyl-2-aminoethylphosphonate"
"7265","hsa00440","","","2-dimethylaminoethylphosphonic acid","C05680","N-Dimethyl-2-aminoethylphosphonate"
"15732","hsa00440","","","phosphonoacetic acid","C05682","Phosphonoacetate"
"1019","hsa00440","","","N-(2-phosphonoethyl)cholamide","C05683","Ciliatocholate"
"17056","hsa00440","","","1-carboxyvinyl carboxyphosphonate","C06367","1-Carboxyvinyl carboxyphosphonate"
"18007","hsa00440","","","3-[hydroxy(oxido)phosphoranyl]pyruvic acid","C06368","3-(Hydrohydroxyphosphoryl)pyruvate"
"1159","hsa00440","","","2-hydroxyethylphosphonic acid","C06451","2-Hydroxyethylphosphonate"
"5810","hsa00440","","","hydroxymethylphosphonic acid","C06455","Hydroxymethylphosphonate"
"127780","hsa00440","","","phosphonoformic acid","C06456","Phosphonoformate"
"3088","hsa00440","","","bilanafos","C06457","Bialaphos"
"7347","hsa00440","","","2-trimethylaminoethylphosphonic acid","C06459","N-Trimethyl-2-aminoethylphosphonate"
"81396","hsa00440","","","Rhizocticin B","C17940","Rhizocticin B"
"81397","hsa00440","","","2-Oxo-4-phosphonobutanoate","C17941","2-Oxo-4-phosphonobutanoate"
"81398","hsa00440","","","FR 900098","C17942","FR 900098"
"81399","hsa00440","","","Formylphosphonate","C17943","Formylphosphonate"
"81400","hsa00440","","","Rhizocticin A","C17944","Rhizocticin A"
"131759","hsa00440","","","CMP-5'-phosphonoformic acid","C17945","Phosphonoformyl-CMP"
"81403","hsa00440","","","2-phosphinomethylmalic acid","C17947","2-Phosphinomethylmalate"
"81404","hsa00440","","","Deamino-alpha-keto-demethylphosphinothricin","C17948","Deamino-alpha-keto-demethylphosphinothricin"
"81405","hsa00440","","","N-Acetyldemethylphosphinothricin","C17949","N-Acetyldemethylphosphinothricin"
"81406","hsa00440","","","N-Acetyldemethylphosphinothricin tripeptide","C17950","N-Acetyldemethylphosphinothricin tripeptide"
"81407","hsa00440","","","N-Acetylbialaphos","C17951","N-Acetylbialaphos"
"131436","hsa00440","","","N-acetyl-L-phosphinothricin","C17952","N-Acetylphosphinothricin"
"81412","hsa00440","","","Rhizocticin C","C17960","Rhizocticin C"
"81413","hsa00440","","","Rhizocticin D","C17961","Rhizocticin D"
"81414","hsa00440","","","Demethylphosphinothricin","C17962","Demethylphosphinothricin"
"190720","hsa00440","","","2-Acetamidoethylphosphonate","C21403","2-Acetamidoethylphosphonate"
"16541","hsa00450;hsa05022","R-HSA-5419276;R-HSA-1169408","","protein polypeptide chain","C00017","Protein"
"16503","hsa00450","R-HSA-2408508;R-HSA-2408508;R-HSA-2408557;R-HSA-2408550","WP28","selane","C01528","Hydrogen selenide"
"4610","hsa00450","","","dimethylselenide","C02535","Dimethyl selenide"
"29269","hsa00450","","","selenophosphoric acid","C05172","Selenophosphoric acid"
"64331","hsa00450","","","phosphoroselenoic acid","C05172","Selenophosphoric acid"
"30021","hsa00450","","WP28","L-selenomethionine","C05335","L-Selenomethionine"
"9100","hsa00450","R-HSA-2408522","","Sem-tRNA(Met)","C05336","Selenomethionyl-tRNA(Met)"
"18212","hsa00450","","","selenite(2-)","C05684","Selenite"
"16633","hsa00450","","WP28;WP15","L-selenocysteine","C05688","L-Selenocysteine"
"27812","hsa00450","R-HSA-2408508","","Se-methyl-L-selenocysteine","C05689","Se-Methyl-L-selenocysteine"
"28513","hsa00450","","","Se-methyl-L-selenomethionine","C05690","Se-Methylselenomethionine"
"28776","hsa00450","","","gamma-glutamyl-Se-methylselenocysteine","C05695","gamma-Glutamyl-Se-methylselenocysteine"
"18170","hsa00450","","","selenic acid","C05697","Selenate"
"9096","hsa00450","R-HSA-2408508","","L-selenohomocysteine","C05698","Selenohomocysteine"
"27760","hsa00450","R-HSA-2408508","","L-selenocystathionine","C05699","L-Selenocystathionine"
"64685","hsa00450","R-HSA-2408508;R-HSA-2408552;R-HSA-5263617","WP28","methylselenol","C05703","Methaneselenol"
"13170","hsa00450;hsa00970","","","Ser-tRNA(Sec)","C06481","L-Seryl-tRNA(Sec)"
"13166","hsa00450;hsa00970","","","Sec-tRNA(Sec)","C06482","L-Selenocysteinyl-tRNA(Sec)"
"80628","hsa00450;hsa00970","","","O-Phosphoseryl-tRNA(Sec)","C16638","O-Phosphoseryl-tRNA(Sec)"
"26634","hsa00450","","","selenodiglutathione","C18870","Selenodiglutathione"
"64729","hsa00450","R-HSA-2408550","","glutathioselenol","C18871","Glutathioselenol"
"77058","hsa00450","","","trimethylselenonium","C18872","Trimethylselenonium"
"77010","hsa00450","","","1beta-methylseleno-N-acetyl-D-galactosamine","C18893","1-Methylseleno-N-acetyl-D-galactosamine"
"77012","hsa00450","","","methylseleninic acid","C18902","Methylselenic acid"
"82049","hsa00450","","","Methylselenopyruvate","C18904","Methylselenopyruvate"
"82050","hsa00450","","","Methylselenocysteine Se-oxide","C18905","Methylselenocysteine Se-oxide"
"15570","hsa00470;hsa04742","R-HSA-352230;R-HSA-352230","WP106;WP3602","D-alanine","C00133","D-Alanine"
"15966","hsa00470","","WP5304;WP5333;WP2525","D-glutamic acid","C00217","D-Glutamate"
"16176","hsa00470","","WP4657","D-ornithine","C00515","D-Ornithine"
"16026","hsa00470","","","LL-2,6-diaminopimelic acid","C00666","LL-2,6-Diaminoheptanedioate"
"47031","hsa00470","","","LL-2,6-diaminopimelate(2-)","C00666","LL-2,6-Diaminoheptanedioate"
"16488","hsa00470","","","meso-2,6-diaminopimelic acid","C00680","meso-2,6-Diaminoheptanedioate"
"30308","hsa00470","","","meso-2,6-diaminopimelate(2-)","C00680","meso-2,6-Diaminoheptanedioate"
"46143","hsa00470","","","UDP-N-acetyl-alpha-muramoyl-L-alanyl-D-glutamic acid","C00692","UDP-N-acetylmuramoyl-L-alanyl-D-glutamate"
"16970","hsa00470","","","UDP-N-acetylmuramoyl-L-alanyl-D-glutamic acid","C00692","UDP-N-acetylmuramoyl-L-alanyl-D-glutamate"
"15816","hsa00470","","","D-arginine","C00792","D-Arginine"
"17061","hsa00470","","WP2868","D-glutamine","C00819","D-Glutamine"
"16398","hsa00470","","","D-threonine","C00820","D-Threonine"
"16867","hsa00470;hsa02010","","","D-methionine","C00855","D-Methionine"
"16576","hsa00470","","","D-alanyl-D-alanine","C00993","D-Alanyl-D-alanine"
"28669","hsa00470;hsa02010","","","bacitracin","C01667","Bacitracin"
"32969","hsa00470","","","D-lombricine","C01726","D-Lombricine"
"16924","hsa00470","","WP100;WP2525","5-oxo-D-proline","C02237","5-Oxo-D-proline"
"35265","hsa00470","","","N-phospho-D-lombricine","C02855","N-Phospho-D-lombricine"
"15914","hsa00470","","","2-amino-4-oxopentanoic acid","C03341","2-Amino-4-oxopentanoic acid"
"16231","hsa00470","","WP3604","cis-4-hydroxy-D-proline","C03440","cis-4-Hydroxy-D-proline"
"4280","hsa00470","","","(2R,4S)-2,4-diaminopentanoic acid","C03943","(2R,4S)-2,4-Diaminopentanoate"
"16352","hsa00470","","WP3604","4-hydroxy-1-pyrroline-2-carboxylic acid","C04282","1-Pyrroline-4-hydroxy-2-carboxylate"
"15798","hsa00470","","","D-alanyl-L-alanyl poly(glycerol phosphate)","C04457","D-Alanyl-alanyl-poly(glycerolphosphate)"
"28203","hsa00470","","","N-acetyl-D-phenylalanine","C05620","N-Acetyl-D-phenylalanine"
"28004","hsa00470","","","linatine","C05939","Linatine"
"1241","hsa00470","","","2-Oxo-4-hydroxy-5-aminovalerate","C05941","2-Oxo-4-hydroxy-5-aminovalerate"
"36751","hsa00470","","WP3604","pyrrole-2-carboxylic acid","C05942","Pyrrole-2-carboxylate"
"27947","hsa00470","","","D-histidine","C06419","D-Histidine"
"16474","hsa00480;hsa04918;hsa04925;hsa05208;hsa05415;hsa04936","R-HSA-2046106;R-HSA-390247;R-HSA-211981;R-HSA-71064;R-HSA-5365859;R-HSA-389599;R-HSA-3299685;R-HSA-189483;R-HSA-191273;R-HSA-209968;R-HSA-389661;R-HSA-211935;R-HSA-211979;R-HSA-211958;R-HSA-2142816;R-HSA-5579011;R-HSA-211916;R-HSA-156581;R-HSA-1236973;R-HSA-211957;R-HSA-211999;R-HSA-2046105;R-HSA-217271;R-HSA-5579019;R-HSA-389542;R-HSA-5579015","WP4156;WP688;WP4519;WP5283;WP176;WP5211;WP100;WP2533;WP5314;WP5355;WP5220;WP4190;WP4317;WP2485;WP3644;WP4008;WP4919;WP43;WP5043;WP5026;WP15;WP692;WP78;WP5050;WP4746;WP2525;WP4271;WP1533;WP5186","NADPH","C00005","NADPH"
"18009","hsa00480;hsa00760;hsa00983;hsa04918;hsa04925;hsa05208;hsa05415;hsa04936","","WP5345;WP5283;WP2533;WP5220;WP4190;WP4008;WP4919;WP43;WP5043;WP5050;WP4746;WP2525;WP4271;WP5186","NADP(+)","C00006","NADP+"
"167606","hsa00480;hsa04216;hsa04918;hsa05208;hsa05415","","WP100;WP2525","Oxiglutathione","C00127","Glutathione disulfide"
"17858","hsa00480;hsa04216;hsa04918;hsa05208;hsa05415","","WP3925;WP5233;WP3604;WP2289;WP4313;WP100;WP692;WP2525","glutathione disulfide","C00127","Glutathione disulfide"
"15705","hsa00480;hsa02010","","WP100;WP3602","L-alpha-amino acid","C00151","L-Amino acid"
"17515","hsa00480;hsa04216","","WP3925;WP3604;WP4313;WP4518;WP100;WP4487;WP2525","L-gamma-glutamyl-L-cysteine","C00669","gamma-L-Glutamyl-L-cysteine"
"17792","hsa00480","","","organohalogen compound","C01322","RX"
"4047","hsa00480","","WP4518;WP100","L-cysteinylglycine","C01419","Cys-Gly"
"18183","hsa00480","","WP100;WP2525","5-oxo-L-proline","C01879","5-Oxoproline"
"17842","hsa00480","","","trypanothione","C02090","Trypanothione"
"17021","hsa00480;hsa00983","","WP3925;WP100","S-substituted glutathione","C02320","R-S-Glutathione"
"35490","hsa00480","","","trypanothione disulfide","C03170","Trypanothione disulfide"
"17257","hsa00480","","WP100","bis-gamma-glutamylcystine","C03646","Bis-gamma-glutamylcystine"
"47910","hsa00480","","WP100","S-substituted L-cysteine","C05726","S-Substituted L-cysteine"
"47911","hsa00480","","WP100","S-substituted N-acetyl-L-cysteine","C05727","S-Substituted N-acetyl-L-cysteine"
"8744","hsa00480","","WP100","R-S-Alanylglycine","C05729","R-S-Cysteinylglycine"
"16613","hsa00480","","WP100","glutathionylspermidine","C05730","Glutathionylspermidine"
"80568","hsa00480","","","Glutathionylspermine","C16562","Glutathionylspermine"
"80569","hsa00480","","","Bis(glutathionyl)spermine","C16563","Bis(glutathionyl)spermine"
"80570","hsa00480","","","Bis(glutathionyl)spermine disulfide","C16564","Bis(glutathionyl)spermine disulfide"
"64860","hsa00480","","","aminopropylcadaverine","C16565","Aminopropylcadaverine"
"80571","hsa00480","","","Glutathionylaminopropylcadaverine","C16566","Glutathionylaminopropylcadaverine"
"80572","hsa00480","","","Homotrypanothione","C16567","Homotrypanothione"
"80573","hsa00480","","","Homotrypanothione disulfide","C16568","Homotrypanothione disulfide"
"80649","hsa00480","","","Tryparedoxin","C16663","Tryparedoxin"
"80650","hsa00480","","","Tryparedoxin disulfide","C16664","Tryparedoxin disulfide"
"16214","hsa00510","","WP5153","dolichyl phosphate","C00110","Dolichyl phosphate"
"16091","hsa00510","R-HSA-446199;R-HSA-4755583","WP4521","dolichol","C00381","Dolichol"
"15750","hsa00510","R-HSA-446199;R-HSA-4717374;R-HSA-4719360;R-HSA-4719377","WP4521;WP5153","dolichyl diphosphate","C00621","Dolichyl diphosphate"
"172697","hsa00510","","","Dolichyl b-D-glucosyl phosphate","C01246","Dolichyl beta-D-glucosyl phosphate"
"15812","hsa00510","R-HSA-446193;R-HSA-446193;R-HSA-901032;R-HSA-480985;R-HSA-480985;R-HSA-4724289;R-HSA-4724325","WP5153","dolichyl beta-D-glucosyl phosphate","C01246","Dolichyl beta-D-glucosyl phosphate"
"15809","hsa00510","","","dolichyl D-mannosyl phosphate","C03862","Dolichyl phosphate D-mannose"
"26199","hsa00510;hsa00900","","WP5153","polyprenol","C06081","Polyprenol"
"8572","hsa00512;hsa00515;hsa00532;hsa00534","","","Protein serine","C02189","[Protein]-L-serine"
"16137","hsa00532","","WP5395","chondroitin D-glucuronate","C00401","Chondroitin"
"4439","hsa00532","","WP5395","dermatan","C01490","Dermatan"
"18376","hsa00531;hsa05205","","WP4657;WP4815;WP5395;WP5312","dermatan sulfate","C00426","Dermatan sulfate"
"18250","hsa00531;hsa05144","","WP5395","chondroitin 4'-sulfate","C00634","Chondroitin 4-sulfate"
"28815","hsa00531;hsa03260;hsa03264;hsa05205;hsa05418","R-HSA-1257604;R-HSA-5673001;R-HSA-2219530;R-HSA-6811558;R-HSA-190370;R-HSA-190373;R-HSA-5654693;R-HSA-5654700;R-HSA-5654706;R-HSA-5654712;R-HSA-109704;R-HSA-5654689;R-HSA-5654695;R-HSA-5654710;R-HSA-5654720;R-HSA-5654726;R-HSA-5654727;R-HSA-5654732;R-HSA-5654733;R-HSA-5655253;R-HSA-5655302;R-HSA-5655332;R-HSA-210991;R-HSA-190377;R-HSA-1307965;R-HSA-5654228;R-HSA-5654719;R-HSA-5658623;R-HSA-1839122;R-HSA-1839130;R-HSA-190322;R-HSA-190371;R-HSA-190372;R-HSA-190375;R-HSA-2033519;R-HSA-5654219;R-HSA-5654221;R-HSA-5654227;R-HSA-5654687;R-HSA-5654688;R-HSA-5654699;R-HSA-5654704;R-HSA-8851708;R-HSA-190374","WP2806;WP4815;WP5074;WP5312;WP4846","heparan sulfate","C00925","Heparan sulfate"
"18405","hsa00730;hsa00750;hsa04977","","WP176;WP4157;WP5355;WP3580;WP4220;WP241;WP15;WP4688;WP1533;WP4228","pyridoxal 5'-phosphate","C00018","Pyridoxal phosphate"
"18385","hsa00730;hsa04122;hsa02010;hsa04977","R-HSA-196819;R-HSA-196819","","thiamine(1+)","C00378","Thiamine"
"9533","hsa00730","","WP4297","thiamine(1+) monophosphate","C01081","Thiamin monophosphate"
"16892","hsa00730;hsa02010","","","4-amino-5-hydroxymethyl-2-methylpyrimidine","C01279","4-Amino-5-hydroxymethyl-2-methylpyrimidine"
"18306","hsa00730","","","thiamine(1+) carboxylic acid","C02892","Thiamine acetic acid"
"9534","hsa00730","R-HSA-196819","","thiamine(1+) triphosphate","C03028","Thiamin triphosphate"
"17957","hsa00730","","","5-(2-hydroxyethyl)-4-methylthiazole","C04294","5-(2-Hydroxyethyl)-4-methylthiazole"
"17857","hsa00730","","","4-methyl-5-(2-phosphonooxyethyl)thiazole","C04327","4-Methyl-5-(2-phosphooxyethyl)thiazole"
"18032","hsa00730","","","4-amino-2-methyl-5-phosphooxymethylpyrimidine","C04556","4-Amino-2-methyl-5-(phosphooxymethyl)pyrimidine"
"16629","hsa00730","","","4-amino-2-methyl-5-diphosphooxymethylpyrimidine","C04752","4-Amino-5-hydroxymethyl-2-methylpyrimidine diphosphate"
"27824","hsa00730","","","thiamine(1+) aldehyde","C05856","Thiamine aldehyde"
"53647","hsa00730","","","dehydroglycine","C15809","Iminoglycine"
"80100","hsa00730","","","C15810","C15810","Sulfur-carrier protein"
"194810","hsa00730","","","5-Fluoroindole-3-acetic acid","C15811","[Enzyme]-cysteine"
"80101","hsa00730","","","C15813","C15813","Adenylyl-[sulfur-carrier protein]"
"80102","hsa00730","","","C15814","C15814","Thiocarboxy-[sulfur-carrier protein]"
"85895","hsa00730;hsa02010","","","4-amino-5-formamidomethyl-2-methylpyrimidine","C19872","N-Formyl-4-amino-5-aminomethyl-2-methylpyrimidine"
"134196","hsa00730","","","(2R,5Z)-4-methyl-5-[2-(phosphonooxy)ethylidene]-2,5-dihydro-1,3-thiazole-2-carboxylic acid","C20246","2-[(2R,5Z)-2-Carboxy-4-methylthiazol-5(2H)-ylidene]ethyl phosphate"
"134399","hsa00730","","","ADP-5-ethyl-4-methylthiazole-2-carboxylic acid","C20784","ADP-5-ethyl-4-methylthiazole-2-carboxylate"
"16238","hsa00740;hsa04977","","WP688;WP4519;WP5219;WP2436;WP111;WP176;WP5166;WP5355;WP3580;WP4920;WP5026;WP5037;WP15;WP4271;WP1533","FAD","C00016","FAD"
"17621","hsa00740;hsa04977","","WP176;WP5037;WP15;WP4271","FMN","C00061","FMN"
"16057","hsa00740;hsa00900","R-HSA-191273;R-HSA-6782315;R-HSA-6787450","WP197;WP5304;WP4718;WP5193;WP5333;WP4189;WP3963","prenyl diphosphate","C00235","Dimethylallyl diphosphate"
"16057","hsa00740;hsa00900","R-HSA-191273;R-HSA-6782315;R-HSA-6787450","WP197;WP5304;WP4718;WP5193;WP5333;WP4189;WP3963","prenyl diphosphate","C17627","Prenyl diphosphate"
"17015","hsa00740;hsa02010;hsa04977","","WP5420;WP176;WP241;WP5037;WP15;WP1533","riboflavin","C00255","Riboflavin"
"169293","hsa00740","","","10-[(2R,3R,4R)-2,3,4,5-tetrahydroxypentyl]benzo[g]pteridine-2,4-dione","C01007","Reduced riboflavin"
"230553","hsa00740","","","5-deoxy-5-(7,8-dimethyl-2,4-dioxo-3,4,4a,5-tetrahydrobenzo[g]pteridin-10(2h)-yl)-d-ribitol","C01007","Reduced riboflavin"
"17607","hsa00740","","","1,5-dihydroriboflavin","C01007","Reduced riboflavin"
"18337","hsa00740","","","5-amino-6-(5-phospho-beta-D-ribosylamino)uracil","C01268","5-Amino-6-(5'-phosphoribosylamino)uracil"
"59546","hsa00740;hsa00790","","","2,5-diamino-6-(1-D-ribosylamino)pyrimidin-4(3H)-one 5'-phosphate","C01304","2,5-Diamino-6-(5-phospho-D-ribosylamino)pyrimidin-4(3H)-one"
"29114","hsa00740;hsa00790","","","2,5-diamino-4-hydroxy-6-(5-phosphoribosylamino)pyrimidine","C01304","2,5-Diamino-6-(5-phospho-D-ribosylamino)pyrimidin-4(3H)-one"
"17877","hsa00740;hsa04714","","WP688;WP4519;WP111;WP3644;WP5026;WP4321","FADH2","C01352","FADH2"
"16019","hsa00740","","","prenol","C01390","Prenol"
"16019","hsa00740","","","prenol","C17628","Prenol"
"17781","hsa00740","","","lumichrome","C01727","Lumichrome"
"16048","hsa00740","","","FMNH2","C01847","Reduced FMN"
"15890","hsa00740;hsa00860","","","5,6-dimethylbenzimidazole","C03114","Dimethylbenzimidazole"
"17601","hsa00740","","","6,7-dimethyl-8-(1-D-ribityl)lumazine","C04332","6,7-Dimethyl-8-(D-ribityl)lumazine"
"18247","hsa00740","","","5-amino-6-(5-phospho-D-ribitylamino)uracil","C04454","5-Amino-6-(5'-phospho-D-ribitylamino)uracil"
"15934","hsa00740","","","5-amino-6-(D-ribitylamino)uracil","C04732","5-Amino-6-(1-D-ribitylamino)uracil"
"27581","hsa00740","","","7-hydroxy-6-methyl-8-(1-D-ribityl)lumazine","C05995","7-Hydroxy-6-methyl-8-ribityllumazine"
"50606","hsa00740","","","2-hydroxy-3-oxobutyl phosphate","C15556","L-3,4-Dihydroxybutan-2-one 4-phosphate"
"11515","hsa00740","","","2-amino-5-formylamino-6-(1-D-ribosylamino)pyrimidin-4(3H)-one 5'-phosphate","C15563","2-Amino-5-formylamino-6-(5-phospho-D-ribosylamino)pyrimidin-4(3H)-one"
"52402","hsa00740","","","2,5-diamino-6-(5-phosphono)ribitylamino-4(3H)-pyrimidinone","C18910","2,5-Diamino-6-(5-phospho-D-ribitylamino)pyrimidin-4(3H)-one"
"17310","hsa00750;hsa04977","","WP5420;WP4228","pyridoxal","C00250","Pyridoxal"
"16709","hsa00750","","WP4228","pyridoxine","C00314","Pyridoxine"
"16410","hsa00750;hsa04977","R-HSA-964975","","pyridoxamine","C00534","Pyridoxamine"
"28803","hsa00750","R-HSA-964975","WP5420;WP4228","pyridoxine 5'-phosphate","C00627","Pyridoxine phosphate"
"18335","hsa00750;hsa04977","R-HSA-964975","WP5420;WP15;WP4228","pyridoxamine 5'-phosphate","C00647","Pyridoxamine phosphate"
"17405","hsa00750","R-HSA-964975","WP5420","4-pyridoxic acid","C00847","4-Pyridoxate"
"16871","hsa00750","","","4-pyridoxolactone","C00971","4-Pyridoxolactone"
"16253","hsa00750","","","2-(acetamidomethylidene)succinic acid","C01215","2-(Acetamidomethylene)succinate"
"15821","hsa00750","","","5-hydroxy-6-methylpyridine-3-carboxylic acid","C01270","3-Hydroxy-2-methylpyridine-5-carboxylate"
"49003","hsa00750","","","4-phospho-D-erythronic acid","C03393","4-Phospho-D-erythronate"
"17413","hsa00750","","","2-(hydroxymethyl)-4-oxobutanoic acid","C04106","2-(Hydroxymethyl)-4-oxobutanoate"
"17978","hsa00750","","","5-hydroxy-6-methylpyridine-3,4-dicarboxylic acid","C04604","3-Hydroxy-2-methylpyridine-4,5-dicarboxylate"
"16216","hsa00750","","","3-(acetamidomethylidene)-2-(hydroxymethyl)succinic acid","C04690","2-(Hydroxymethyl)-3-(acetamidomethylene)succinate"
"16409","hsa00750","","","5-pyridoxic acid","C04773","3-Hydroxy-4-hydroxymethyl-2-methylpyridine-5-carboxylate"
"30960","hsa00750","","","5-pyridoxate","C04773","3-Hydroxy-4-hydroxymethyl-2-methylpyridine-5-carboxylate"
"140633","hsa00750","","","5-formyl-3-hydroxy-2-methylpyridine-4-carboxylate","C06050","2-Methyl-3-hydroxy-5-formylpyridine-4-carboxylate"
"28038","hsa00750","","","5-formyl-3-hydroxy-2-methylpyridine-4-carboxylic acid","C06050","2-Methyl-3-hydroxy-5-formylpyridine-4-carboxylate"
"17889","hsa00750","","","isopyridoxal","C06051","Isopyridoxal"
"2124","hsa00750","","","5-pyridoxolactone","C06052","5-Pyridoxolactone"
"27951","hsa00750","","","(R)-3-hydroxy-2-oxo-4-phosphonooxybutanoic acid","C06054","2-Oxo-3-hydroxy-4-phosphobutanoate"
"18336","hsa00750","","","4-(phosphonooxy)-L-threonine","C06055","O-Phospho-4-hydroxy-L-threonine"
"28330","hsa00750","","","4-hydroxy-L-threonine","C06056","4-Hydroxy-L-threonine"
"64186","hsa00750","","","(2S)-2-amino-3-oxo-4-(phosphonooxy)butanoic acid","C07335","2-Amino-3-oxo-4-phosphonooxybutyrate"
"1449","hsa00750","","","3-amino-2-oxopropyl phosphate","C11638","3-Amino-2-oxopropyl phosphate"
"17154","hsa00760;hsa04977","","WP5346;WP5046;WP3645;WP3644;WP2848;WP15;WP4210","nicotinamide","C00153","Nicotinamide"
"15940","hsa00760;hsa05133","R-HSA-418594;R-HSA-197264;R-HSA-427601;R-HSA-373076;R-HSA-428643;R-HSA-3296197","WP3645;WP3644;WP15","nicotinic acid","C00253","Nicotinate"
"32544","hsa00760;hsa05133","R-HSA-197264;R-HSA-427601;R-HSA-428643","","nicotinate","C00253","Nicotinate"
"16171","hsa00760","","WP5046;WP3645;WP3644","NMN zwitterion","C00455","Nicotinamide D-ribonucleotide"
"17688","hsa00760;hsa00980;hsa04714;hsa05207;hsa05033","R-HSA-156588","WP1603;WP1602;WP1600;WP706;WP4321","(S)-nicotine","C00745","Nicotine"
"18304","hsa00760","R-HSA-196807;R-HSA-196807;R-HSA-196807","WP5044;WP2485;WP3645","deamido-NAD(+)","C00857","Deamino-NAD+"
"23812","hsa00760","","","dimethylmaleic acid","C00922","2,3-Dimethylmaleate"
"17081","hsa00760","","","dimethylmaleate(2-)","C00922","2,3-Dimethylmaleate"
"16168","hsa00760","","","6-hydroxynicotinic acid","C01020","6-Hydroxynicotinate"
"17532","hsa00760","","","(S)-6-hydroxynicotine","C01056","(S)-6-Hydroxynicotine"
"16364","hsa00760","","","pyridine-2,5-diol","C01059","2,5-Dihydroxypyridine"
"15763","hsa00760","R-HSA-197264;R-HSA-196807;R-HSA-196807;R-HSA-196807","WP5044;WP2485;WP3645;WP3644","nicotinic acid D-ribonucleotide","C01185","Nicotinate D-ribonucleotide"
"37754","hsa00760","","","6-hydroxypseudooxynicotine","C01297","6-Hydroxypseudooxynicotine"
"29045","hsa00760","","","maleamic acid","C01596","Maleamate"
"16093","hsa00760","","","2-methylene-3-methylsuccinic acid","C02295","Methylitaconate"
"16797","hsa00760;hsa04976","","","1-methylnicotinamide","C02918","1-Methylnicotinamide"
"17207","hsa00760","","","2-methylideneglutaric acid","C02930","2-Methyleneglutarate"
"18226","hsa00760","","","(R)-6-hydroxynicotine","C03043","(R)-6-Hydroxynicotine"
"17681","hsa00760","","","pyridine-2,6-diol","C03056","2,6-Dihydroxypyridine"
"15927","hsa00760","R-HSA-9660826;R-HSA-211945;R-HSA-196807;R-HSA-196807","WP3630;WP3645;WP3644;WP4210","N-ribosylnicotinamide","C03150","Nicotinamide-beta-riboside"
"16683","hsa00760","","","2,3,6-trihydroxypyridine","C03458","2,3,6-Trihydroxypyridine"
"15582","hsa00760","","","(2R,3S)-2,3-dimethylmalic acid","C03652","(2R,3S)-2,3-Dimethylmalate"
"16453","hsa00760","","","1,4,5,6-tetrahydro-6-oxonicotinic acid","C04226","6-Oxo-1,4,5,6-tetrahydronicotinate"
"7563","hsa00760","","WP4210","N-nicotinoylglycine","C05380","Nicotinurate"
"50616","hsa00760","","","iminoaspartic acid","C05840","Iminoaspartate"
"27748","hsa00760","","","D-ribosylnicotinic acid","C05841","Nicotinate D-ribonucleoside"
"27410","hsa00760","","","N-methyl-6-pyridone-3-carboxamide","C05842","N1-Methyl-2-pyridone-5-carboxamide"
"27838","hsa00760","","","N-methyl-4-pyridone-3-carboxamide","C05843","N1-Methyl-4-pyridone-5-carboxamide"
"27435","hsa00760","","","1-methylpyrrolinium","C06178","1-Methylpyrrolinium"
"49087","hsa00760","","","2,6-dihydroxynicotinic acid","C15523","2,6-Dihydroxynicotinate"
"28220","hsa00760","","","1-(6-hydroxy-3-pyridyl)-4-(methylamino)butan-1-one","C15986","2,6-Dihydroxypseudooxynicotine"
"37755","hsa00760","","","4-(methylamino)butyric acid","C15987","4-Methylaminobutyrate"
"80354","hsa00760","","","2,6-Dihydroxy-N-methylmyosmine","C16151","2,6-Dihydroxy-N-methylmyosmine"
"80355","hsa00760","","","Blue pigment","C16152","Blue pigment"
"49075","hsa00760","","","2-formylglutaric acid","C16159","2-Formylglutarate"
"39162","hsa00760","","","(R)-nicotine","C16386","(R)-Nicotine"
"49076","hsa00760","","","(S)-2-hydroxymethylglutaric acid","C16390","(S)-2-(Hydroxymethyl)glutarate"
"49077","hsa00760","","","2-hydroxymethylglutaric acid","C16390","(S)-2-(Hydroxymethyl)glutarate"
"59930","hsa00760","","","N-formylmaleamic acid","C18232","N-Formylmaleamic acid"
"66879","hsa00760;hsa00980;hsa05204","","","4-oxo-4-(pyridin-3-yl)butanal","C19567","4-Oxo-1-(3-pyridyl)-1-butanone"
"66951","hsa00760;hsa00980;hsa05204","","","4-oxo-4-(pyridin-3-yl)butanoic acid","C19569","3-Succinoylpyridine"
"190393","hsa00760","","","N-Methylmyosmine","C21154","N-Methylmyosmine"
"18697","hsa00770","","","(R)-pantoic acid","C00522","(R)-Pantoate"
"14737","hsa00770","","","pantoic acid","C00522","(R)-Pantoate"
"15980","hsa00770","","","(R)-pantoate","C00522","(R)-Pantoate"
"16753","hsa00770","","WP5345;WP3604","pantetheine","C00831","Pantetheine"
"15468","hsa00770","","WP3604","3'-dephospho-CoA","C00882","Dephospho-CoA"
"11561","hsa00770","","","2-dehydropantoate","C00966","2-Dehydropantoate"
"17094","hsa00770","","","2-dehydropantoic acid","C00966","2-Dehydropantoate"
"16654","hsa00770","","","(R)-4-dehydropantoic acid","C01053","(R)-4-Dehydropantoate"
"15587","hsa00770","","","(R)-3,3-dimethylmalic acid","C01088","(R)-3,3-Dimethylmalate"
"4222","hsa00770","","WP3604","D-pantetheine 4'-phosphate","C01134","Pantetheine 4'-phosphate"
"16858","hsa00770","","","pantetheine 4'-phosphate","C01134","Pantetheine 4'-phosphate"
"16139","hsa00770","","","apo-[acyl-carrier protein]","C03688","Apo-[acyl-carrier protein]"
"18416","hsa00770","","","N-[(R)-pantothenoyl]-L-cysteine","C04079","N-((R)-Pantothenoyl)-L-cysteine"
"15769","hsa00770","","WP3604","N-[(R)-4-phosphopantothenoyl]-L-cysteine","C04352","(R)-4'-Phosphopantothenoyl-L-cysteine"
"27373","hsa00770","","WP3604","pantothenol","C05944","Pantothenol"
"61291","hsa00770","","","(R)-4-phosphopantoic acid","C18911","(R)-4-Phosphopantoate"
"15956","hsa00780;hsa02010;hsa04977","R-HSA-196780;R-HSA-196780;R-HSA-196780;R-HSA-3371599;R-HSA-425397;R-HSA-425397","WP5031;WP4686;WP5355","biotin","C00120","Biotin"
"2247","hsa00780","","","7,8-diaminononanoic acid","C01037","7,8-Diaminononanoate"
"17830","hsa00780","","","7,8-diaminononanoate","C01037","7,8-Diaminononanoate"
"15504","hsa00780","","","pimeloyl-CoA","C01063","Pimeloyl-CoA"
"12266","hsa00780","","","8-amino-7-oxononanoate","C01092","8-Amino-7-oxononanoate"
"15830","hsa00780","","","8-amino-7-oxononanoic acid","C01092","8-Amino-7-oxononanoate"
"15516","hsa00780","","","biotinyl-CoA","C01894","Biotinyl-CoA"
"16691","hsa00780","","","dethiobiotin","C01909","Dethiobiotin"
"30531","hsa00780","","","pimelic acid","C02656","Pimelate"
"27870","hsa00780;hsa04977","R-HSA-196780;R-HSA-196780;R-HSA-196780;R-HSA-3371598","WP5031;WP5355","biocytin","C05552","Biocytin"
"3110","hsa00780","","","biotinyl-5'-AMP","C05921","Biotinyl-5'-AMP"
"133909","hsa00780","","","tetranorbiotin","C20385","Tetranorbiotin"
"18047","hsa00785","","WP5355;WP15","dihydrolipoic acid","C02147","Dihydrolipoate"
"55451","hsa00785","","","lipoyl-AMP","C16238","Lipoyl-AMP"
"30314","hsa00785","","WP5028;WP5355;WP15","(R)-lipoic acid","C00725","Lipoate"
"30314","hsa00785","","WP5028;WP5355;WP15","(R)-lipoic acid","C16241","(R)-Lipoate"
"17879","hsa00790;hsa00130","","","4-hydroxybenzoate","C00156","4-Hydroxybenzoate"
"30763","hsa00790;hsa00130","","WP5274;WP4238;WP5037","4-hydroxybenzoic acid","C00156","4-Hydroxybenzoate"
"43120","hsa00790","","WP5420;WP4156;WP4220","(6R)-L-erythro-6,7-dihydrobiopterin","C00268","Dihydrobiopterin"
"15372","hsa00790;hsa05418","","WP5420;WP4313;WP5044","5,6,7,8-tetrahydrobiopterin","C00272","Tetrahydrobiopterin"
"59560","hsa00790;hsa05418","","WP5420;WP2436;WP176;WP4506","sapropterin","C00272","Tetrahydrobiopterin"
"15633","hsa00790;hsa00670","","WP3604;WP4259;WP3996;WP1601;WP176;WP241;WP2525","dihydrofolic acid","C00415","Dihydrofolate"
"27470","hsa00790;hsa00670;hsa04976;hsa04977","R-HSA-196757;R-HSA-196757","WP5420;WP4259;WP3996;WP176;WP241;WP15;WP5150;WP2525","folic acid","C00504","Folate"
"17836","hsa00790","","","4-aminobenzoate","C00568","4-Aminobenzoate"
"30753","hsa00790","R-HSA-156582","WP465","4-aminobenzoic acid","C00568","4-Aminobenzoate"
"16095","hsa00790","R-HSA-203615;R-HSA-1474151","WP5420;WP4156","sepiapterin","C00835","Sepiapterin"
"4581","hsa00790","","","7,8-dihydropteroic acid","C00921","Dihydropteroate"
"17839","hsa00790","","","7,8-dihydropteroate","C00921","Dihydropteroate"
"17321","hsa00790","","","5,6,7,8-tetrahydromethanopterin","C01217","5,6,7,8-Tetrahydromethanopterin"
"44841","hsa00790","","","2-amino-6-(hydroxymethyl)-7,8-dihydropteridin-4-one","C01300","6-(Hydroxymethyl)-7,8-dihydropterin"
"17083","hsa00790","","","2-amino-6-(hydroxymethyl)-7,8-dihydropteridin-4-ol","C01300","6-(Hydroxymethyl)-7,8-dihydropterin"
"64277","hsa00790","","WP4156;WP4259","7,8-dihydrobiopterin","C02953","7,8-Dihydrobiopterin"
"28624","hsa00790","R-HSA-196757;R-HSA-196757","WP5420","tetrahydrofolyl-poly(glutamic acid) macromolecule","C03541","THF-polyglutamate"
"17804","hsa00790","R-HSA-1474151","WP5420","dyspropterin","C03684","6-Pyruvoyltetrahydropterin"
"17248","hsa00790","","WP5420","6-lactoyl-5,6,7,8-tetrahydropterin","C04244","6-Lactoyl-5,6,7,8-tetrahydropterin"
"73083","hsa00790","","","(7,8-dihydropterin-6-yl)methyl diphosphate","C04807","6-Hydroxymethyl-7,8-dihydropterin diphosphate"
"15998","hsa00790","","","(2-amino-4-hydroxy-7,8-dihydropteridin-6-yl)methyl trihydrogen diphosphate","C04807","6-Hydroxymethyl-7,8-dihydropterin diphosphate"
"17001","hsa00790","","","7,8-dihydroneopterin","C04874","7,8-Dihydroneopterin"
"18372","hsa00790","","WP5420","7,8-dihydroneopterin 3'-triphosphate","C04895","7,8-Dihydroneopterin 3'-triphosphate"
"929","hsa00790","","","2,5-diamino-6-ribosylamino-4(3H)pyrimidinone 5'-triphosphate","C05923","2,5-Diaminopyrimidine nucleoside triphosphate"
"44074","hsa00790;hsa04122","R-HSA-74259;R-HSA-9748787;R-HSA-964975","WP4507","molybdopterin","C05924","Molybdopterin"
"48954","hsa00790","","","7,8-dihydroneopterin 3'-phosphate","C05925","Dihydroneopterin phosphate"
"2251","hsa00790","","","7,8-dihydromethanopterin","C05927","7,8-Dihydromethanopterin"
"15373","hsa00790","","WP5420","biopterin","C06313","Biopterin"
"27650","hsa00790","","","5,6,7,8-tetrahydrofolyl-L-glutamic acid","C09332","THF-L-glutamate"
"18198","hsa00790","","","4-amino-4-deoxychorismic acid","C11355","4-Amino-4-deoxychorismate"
"35181","hsa00790","","","4-amino-4-deoxychorismate(2-)","C11355","4-Amino-4-deoxychorismate"
"15642","hsa00790","","WP5420;WP4156;WP2436;WP4506","4a-hydroxy-L-erythro-5,6,7,8-tetrahydrobiopterin","C15522","4a-Hydroxytetrahydrobiopterin"
"45075","hsa00790","","","7-cyano-7-deazaguanine","C15996","7-Cyano-7-carbaguanine"
"45126","hsa00790","","","7-aminomethyl-7-deazaguanine","C16675","7-Aminomethyl-7-carbaguanine"
"21437","hsa00790;hsa04122","R-HSA-211945","WP4507","Mo-molybdopterin cofactor","C18237","Molybdoenzyme molybdenum cofactor"
"60210","hsa00790;hsa04122","","","precursor Z hydrate","C18239","Precursor Z"
"59345","hsa00790","","","5,6,7,8-tetrahydrosarcinapterin","C18802","Tetrahydrosarcinapterin"
"15637","hsa00670;hsa00970","","WP5420;WP3604;WP4259;WP176;WP241;WP4224;WP5150;WP2525","10-formyltetrahydrofolic acid","C00234","10-Formyltetrahydrofolate"
"15641","hsa00670;hsa04980","","WP5420;WP3604;WP4259;WP3996;WP176;WP1589;WP4288;WP3580;WP241;WP15;WP5150;WP2333;WP2525;WP4271;WP1533","5-methyltetrahydrofolic acid","C00440","5-Methyltetrahydrofolate"
"15638","hsa00670","","WP4259;WP241;WP2525","(6R)-5,10-methenyltetrahydrofolic acid","C00445","5,10-Methenyltetrahydrofolate"
"168563","hsa00670","","","5-Formiminotetrahydrofolic acid","C00664","5-Formiminotetrahydrofolate"
"15639","hsa00670","R-HSA-70921","WP3604;WP4259","5-formimidoyltetrahydrofolic acid","C00664","5-Formiminotetrahydrofolate"
"15640","hsa00670","","WP4259;WP1601","5-formyltetrahydrofolic acid","C03479","Folinic acid"
"17898","hsa00830;hsa04977;hsa04744","","WP5402;WP5188;WP716;WP5397","all-trans-retinal","C00376","Retinal"
"17336","hsa00830;hsa04977","R-HSA-975634;R-HSA-975634;R-HSA-975634;R-HSA-975634;R-HSA-975634;R-HSA-975634;R-HSA-2187335;R-HSA-2187335;R-HSA-2187335;R-HSA-2453864;R-HSA-2453864;R-HSA-2453902;R-HSA-2453902;R-HSA-2453902;R-HSA-2453902;R-HSA-5365859;R-HSA-5365859;R-HSA-163560;R-HSA-192456;R-HSA-9640463;R-HSA-6809583","WP2848;WP5188;WP716;WP5397;WP4342","all-trans-retinol","C00473","Retinol"
"17336","hsa00830;hsa04977","R-HSA-975634;R-HSA-975634;R-HSA-975634;R-HSA-975634;R-HSA-975634;R-HSA-975634;R-HSA-2187335;R-HSA-2187335;R-HSA-2187335;R-HSA-2453864;R-HSA-2453864;R-HSA-2453902;R-HSA-2453902;R-HSA-2453902;R-HSA-2453902;R-HSA-5365859;R-HSA-5365859;R-HSA-163560;R-HSA-192456;R-HSA-9640463;R-HSA-6809583","WP2848;WP5188;WP716;WP5397;WP4342","all-trans-retinol","C17276","Retinol-(cellular-retinol-binding-protein)"
"177281","hsa00830;hsa04659;hsa04672;hsa05200;hsa05226;hsa05222;hsa05223","","","9,13-cis-Retinoic acid","C00777","Retinoate"
"15367","hsa00830;hsa04659;hsa04672;hsa05200;hsa05226;hsa05222;hsa05223","","WP3879;WP5293;WP5434;WP2406;WP2855;WP299;WP2848;WP716;WP5397","all-trans-retinoic acid","C00777","Retinoate"
"16302","hsa00830","R-HSA-2187335;R-HSA-2187335;R-HSA-2187335;R-HSA-2187335;R-HSA-2187335;R-HSA-2453864;R-HSA-2453902;R-HSA-5365859","WP5188;WP716","11-cis-retinol","C00899","11-cis-Retinol"
"63410","hsa00830;hsa04977","","WP5188","all-trans-retinyl ester","C02075","Retinyl ester"
"17579","hsa00830;hsa04977","R-HSA-975634;R-HSA-975634","WP5188;WP716;WP5397;WP4342","beta-carotene","C02094","beta-Carotene"
"16066","hsa00830;hsa04744","R-HSA-2187335;R-HSA-2453864;R-HSA-2453902;R-HSA-2453902;R-HSA-5365859","WP5402;WP5188;WP716","11-cis-retinal","C02110","11-cis-Retinal"
"17616","hsa00830","R-HSA-975634;R-HSA-975634;R-HSA-975634;R-HSA-975634;R-HSA-975634;R-HSA-975634;R-HSA-975634;R-HSA-2453902;R-HSA-163560;R-HSA-192456;R-HSA-9640463","","all-trans-retinyl palmitate","C02588","Retinyl palmitate"
"16254","hsa00830","R-HSA-2187335;R-HSA-2187335","WP5188","11-cis-retinyl palmitate","C03455","11-cis-Retinyl palmitate"
"2998","hsa00830","","","Bathorhodopsin","C05914","Bathorhodopsin"
"6562","hsa00830","","","Lumirhodopsin","C05915","Lumirhodopsin"
"6796","hsa00830","","","Metarhodopsin","C05916","Metarhodopsin"
"5949","hsa00830","","WP5188","Iodopsin","C05917","Iodopsin"
"28870","hsa00830","","","1-O-all-trans-retinoyl-beta-glucuronic acid","C11061","all-trans-Retinoyl-beta-glucuronide"
"52075","hsa00830","","WP716","all-trans-13,14-dihydroretinol","C15492","all-trans-13,14-Dihydroretinol"
"50648","hsa00830;hsa04672;hsa04920;hsa03320;hsa05200;hsa05226;hsa05222;hsa05223","","WP3942;WP4342","9-cis-retinoic acid","C15493","9-cis-Retinoic acid"
"63795","hsa00830","","WP4657;WP5188","all-trans-4-hydroxyretinoic acid","C16677","all-trans-4-Hydroxyretinoic acid"
"80656","hsa00830","","WP4657;WP5188;WP716","all-trans-4-oxoretinoic acid","C16678","all-trans-4-Oxoretinoic acid"
"80657","hsa00830","","WP5188","all-trans-18-hydroxyretinoic acid","C16679","all-trans-18-Hydroxyretinoic acid"
"80658","hsa00830","","","5,6-epoxyretinoic acid","C16680","all-trans-5,6-Epoxyretinoic acid"
"78273","hsa00830","","WP5188;WP716","9-cis-retinal","C16681","9-cis-Retinal"
"78272","hsa00830","","WP5188;WP716","9-cis-retinol","C16682","9-cis-Retinol"
"44597","hsa00830","","","all-trans-4-oxoretinol","C16683","4-Oxoretinol"
"132246","hsa00830","","","all-trans-3,4-didehydroretinol","C21797","all-trans-3,4-Didehydroretinol"
"26355","hsa00860;hsa02010;hsa04216;hsa04978","R-HSA-611105;R-HSA-71403;R-HSA-197264;R-HSA-917977;R-HSA-2162123;R-HSA-9854311;R-HSA-2168880;R-HSA-9018677;R-HSA-9027604;R-HSA-2142770;R-HSA-140180;R-HSA-9018679;R-HSA-9025094","WP561;WP5169;WP4922","heme b","C00032","Heme"
"17627","hsa00860;hsa02010;hsa04216;hsa04978","","WP5113;WP3604;WP176;WP561;WP15","ferroheme b","C00032","Heme"
"30413","hsa00860;hsa02010;hsa04216;hsa04978","","WP5113;WP4313;WP1495;WP4495","heme","C00032","Heme"
"18408","hsa00860;hsa04977;hsa04980","R-HSA-3359475;R-HSA-3359478;R-HSA-71032;R-HSA-9759218","WP5420;WP1533","cobamamide","C00194","Cobamide coenzyme"
"16990","hsa00860;hsa04976","","WP2289;WP4495","bilirubin IXalpha","C00486","Bilirubin"
"188102","hsa00860","","","Biliverdin IX","C00500","Biliverdin"
"17033","hsa00860","","WP5113;WP4495","biliverdin","C00500","Biliverdin"
"18070","hsa00860","","WP111;WP4864;WP5115;WP4873;WP4838","cytochrome c","C00524","Cytochrome c"
"16304","hsa00860;hsa04980","R-HSA-9759218;R-HSA-9759218;R-HSA-3359473;R-HSA-3359467","WP5420;WP4271","cob(II)alamin","C00541","Cob(II)alamin"
"28599","hsa00860","","","siroheme","C00748","Siroheme"
"15982","hsa00860","","WP5420;WP1533","cob(I)alamin","C00853","Cob(I)alamin"
"17381","hsa00860","","WP3604;WP561;WP5169;WP4506","porphobilinogen","C00931","Porphobilinogen"
"15852","hsa00860","","","aquacob(III)alamin","C00992","Aquacob(III)alamin"
"16645","hsa00860","","WP3604;WP561","preuroporphyrinogen","C01024","Hydroxymethylbilane"
"15437","hsa00860","","WP3604;WP561;WP5169","uroporphyrinogen III","C01051","Uroporphyrinogen III"
"15435","hsa00860","","WP3604;WP5169","protoporphyrinogen","C01079","Protoporphyrinogen IX"
"5656","hsa00860","","","deoxyhemoglobin","C01708","Hemoglobin"
"16900","hsa00860","","","chlorophyllide a","C02139","Chlorophyllide"
"15430","hsa00860","","WP3604;WP561","protoporphyrin","C02191","Protoporphyrin"
"50602","hsa00860","","","precorrin-2","C02463","Precorrin 2"
"15436","hsa00860","","WP3604","uroporphyrin III","C02469","Uroporphyrin III"
"17204","hsa00860","","","4,5-dioxopentanoic acid","C02800","4,5-Dioxopentanoate"
"17439","hsa00860;hsa04977;hsa04980","R-HSA-9759218;R-HSA-3359474","","cyanocob(III)alamin","C02823","Cyanocobalamin"
"16673","hsa00860","","","protochlorophyllide","C02880","Protochlorophyllide"
"29157","hsa00860;hsa00970","R-HSA-379716;R-HSA-5389840;R-HSA-379726;R-HSA-156902;R-HSA-192823;R-HSA-156842","WP3925","Glu-tRNA(Glu)","C02987","L-Glutamyl-tRNA(Glu)"
"15439","hsa00860","","WP3604;WP561;WP5169","coproporphyrinogen III","C03263","Coproporphyrinogen III"
"15431","hsa00860","","","magnesium protoporphyrin","C03516","Magnesium protoporphyrin"
"15757","hsa00860","","WP3925","(S)-4-amino-5-oxopentanoic acid","C03741","(S)-4-Amino-5-oxopentanoate"
"28390","hsa00860","","","(R)-1-aminopropan-2-yl phosphate","C04122","D-1-Aminopropan-2-ol O-phosphate"
"15432","hsa00860","","","magnesium protoporphyrin 13-monomethyl ester","C04536","Magnesium protoporphyrin monomethyl ester"
"16837","hsa00860","","","alpha-ribazole 5'-phosphate","C04778","N1-(5-Phospho-alpha-D-ribosyl)-5,6-dimethylbenzimidazole"
"18230","hsa00860","","","chlorophyll a","C05306","Chlorophyll a"
"27888","hsa00860","","","chlorophyll b","C05307","Chlorophyll b"
"28766","hsa00860","","WP3604;WP5169","uroporphyrinogen I","C05766","Uroporphyrinogen I"
"27484","hsa00860","","WP3604","uroporphyrin I","C05767","Uroporphyrin I"
"28607","hsa00860","","WP3604;WP5169","coproporphyrinogen I","C05768","Coproporphyrinogen I"
"28421","hsa00860","","WP3604","coproporphyrin I","C05769","Coproporphyrin I"
"27609","hsa00860","","WP3604","coproporphyrin III","C05770","Coproporphyrin III"
"28307","hsa00860","","","precorrin-3A","C05772","Precorrin 3A"
"33907","hsa00860","","","cob(III)yrinic acid","C05773","Cobyrinate"
"28956","hsa00860","","","cobinamide","C05774","Cobinamide"
"10329","hsa00860","","","alpha-ribazole","C05775","alpha-Ribazole"
"177263","hsa00860","","","N1-(alpha-D-ribosyl)-5,6-dimethyl-benzimidazole","C05775","alpha-Ribazole"
"28265","hsa00860","","","coenzyme F430","C05777","Coenzyme F430"
"18023","hsa00860","","","sirohydrochlorin","C05778","Sirohydrochlorin"
"2784","hsa00860","","","Apoferritin","C05779","Apoferritin"
"2786","hsa00860","","","Apotransferrin","C05780","Apotransferrin"
"7861","hsa00860","","","oxyhemoglobin","C05781","Oxyhemoglobin"
"7044","hsa00860","","","myoglobin","C05782","Myoglobin"
"8027","hsa00860","","","Peroxidase","C05785","Peroxidase"
"15617","hsa00860","","","(2R,3Z)-phycocyanobilin","C05786","(3Z)-Phycocyanobilin"
"18392","hsa00860","","","bis(beta-glucosyluronic acid)bilirubin","C05787","Bilirubin beta-diglucuronide"
"6320","hsa00860","","","(-)-stercobilinogen","C05789","L-Urobilinogen"
"36479","hsa00860","","","stercobilinogen","C05789","L-Urobilinogen"
"29026","hsa00860","","","urobilinogen","C05790","I-Urobilinogen"
"4260","hsa00860","R-HSA-189483","","D-Urobilinogen","C05791","D-Urobilinogen"
"29023","hsa00860","","","(-)-stercobilin","C05793","L-Urobilin"
"181920","hsa00860","","","3-[(2E)-2-[[3-(2-Carboxyethyl)-5-[(3-ethyl-4-methyl-5-oxo-1,2-dihydropyrrol-2-yl)methyl]-4-methyl-1H-pyrrol-2-yl]methylene]-5-[(4-ethyl-3-methyl-5-oxo-1,2-dihydropyrrol-2-yl)methyl]-4-methyl-pyrrol-3-yl]propanoic acid","C05794","Urobilin"
"36378","hsa00860","R-HSA-189483","","urobilin","C05794","Urobilin"
"4259","hsa00860","","","D-Urobilin","C05795","D-Urobilin"
"8108","hsa00860","","","pheophytin","C05797","Pheophytin a"
"44898","hsa00860","","","pheophytin a","C05797","Pheophytin a"
"2978","hsa00860","","","Bacterio-pheophytins","C05798","Bacteriopheophytin"
"15618","hsa00860","","","(3Z)-phycoerythrobilin","C05912","(3Z)-Phycoerythrobilin"
"15619","hsa00860","","","(3Z)-phytochromobilin","C05913","(3Z)-Phytochromobilin"
"27858","hsa00860","","","precorrin-6Y","C06319","Precorrin 6Y"
"27513","hsa00860","","","precorrin-6X","C06320","Precorrin 6X"
"17926","hsa00860","","","hydrogenobyrinic acid","C06399","Hydrogenobyrinate"
"27711","hsa00860","","","precorrin-3B","C06406","Precorrin 3B"
"16430","hsa00860","","","precorrin-4","C06407","Precorrin 4"
"28629","hsa00860","","","precorrin-8X","C06408","Precorrin 8X"
"27630","hsa00860","","","precorrin-5","C06416","Precorrin 5"
"27914","hsa00860","","","hydrogenobyrinic acid a,c-diamide","C06503","Hydrogenobyrinate a,c diamide"
"27937","hsa00860","","","cob(II)yrinic acid a,c diamide","C06504","Cob(II)yrinate a,c diamide"
"28531","hsa00860","","","cob(I)yrinic acid a,c diamide","C06505","Cob(I)yrinate a,c diamide"
"2482","hsa00860","","","adenosylcob(III)yrinic acid a,c-diamide","C06506","Adenosyl cobyrinate a,c diamide"
"2483","hsa00860","","","adenosylcobyric acid","C06507","Adenosyl cobyrinate hexaamide"
"2480","hsa00860","","","adenosylcobinamide","C06508","Adenosyl cobinamide"
"2481","hsa00860","","","adenosylcobinamide phosphate","C06509","Adenosyl cobinamide phosphate"
"2479","hsa00860","","","adenosylcobinamide guanosyl diphosphate","C06510","Adenosine-GDP-cobinamide"
"30033","hsa00860","","","bacteriochlorophyll a","C11242","Bacteriochlorophyll a"
"30034","hsa00860","","","(7R,8Z)-bacteriochlorophyll b","C11243","Bacteriochlorophyll b"
"3790","hsa00860","","","cobalt-precorrin-2","C11538","Cobalt-sirohydrochlorin"
"52491","hsa00860","","","cobalt-sirohydrochlorin","C11538","Cobalt-sirohydrochlorin"
"3792","hsa00860","","","cobalt-precorrin-4","C11540","Cobalt-precorrin 4"
"3794","hsa00860","","","cobalt-precorrin-6A","C11542","Cobalt-precorrin 6"
"3789","hsa00860","","","cobalt-precorrin-6B","C11543","Cobalt-dihydro-precorrin 6"
"3795","hsa00860","","","cobalt-precorrin-8","C11545","Cobalt-precorrin 8"
"181358","hsa00860","","","15,16-Dihydrobiliverdin ixa","C11630","15,16-Dihydrobiliverdin"
"16790","hsa00860","","","15,16-dihydrobiliverdin","C11630","15,16-Dihydrobiliverdin"
"15434","hsa00860","","","magnesium 13(1)-hydroxyprotoporphyrin 13-monomethyl ester","C11829","13(1)-Hydroxy-magnesium-protoporphyrin IX 13-monomethyl ester"
"15433","hsa00860","","","magnesium 13(1)-oxoprotoporphyrin 13-monomethyl ester","C11830","13(1)-Oxo-magnesium-protoporphyrin IX 13-monomethyl ester"
"30619","hsa00860","","","2,4-divinyl protochlorophyllide a","C11831","Divinylprotochlorophyllide"
"38259","hsa00860","","","divinyl chlorophyllide a","C11832","Divinyl chlorophyllide a"
"73113","hsa00860","","","divinyl chlorophyll a","C11850","Divinylchlorophyll a"
"29709","hsa00860","","","Zn-Bacterio-chlorophyll a","C11851","Zn-Bacteriochlorophyll a"
"190018","hsa00860","","","O-phosphonothreonine","C12147","L-Threonine O-3-phosphate"
"37525","hsa00860","","","O-phospho-L-threonine","C12147","L-Threonine O-3-phosphate"
"29033","hsa00860;hsa02010;hsa04066;hsa04216;hsa04978;hsa05010","R-HSA-9629569;R-HSA-9629569;R-HSA-9629569;R-HSA-2299718;R-HSA-2559580;R-HSA-975634;R-HSA-975634;R-HSA-1660661;R-HSA-9707564;R-HSA-1234176;R-HSA-1234176;R-HSA-1234176;R-HSA-1234176;R-HSA-180024;R-HSA-2142789;R-HSA-2142789;R-HSA-9821002;R-HSA-1222556;R-HSA-1222556;R-HSA-917977;R-HSA-917977;R-HSA-1614558;R-HSA-389599;R-HSA-1650814;R-HSA-1650814;R-HSA-192105;R-HSA-917937;R-HSA-917937;R-HSA-917937;R-HSA-189483;R-HSA-73817;R-HSA-6782315;R-HSA-112126;R-HSA-1362409;R-HSA-1362409;R-HSA-1362409;R-HSA-2142691;R-HSA-2142691;R-HSA-71240;R-HSA-209931;R-HSA-112122;R-HSA-9854311;R-HSA-6782861;R-HSA-425410;R-HSA-425410;R-HSA-425410;R-HSA-189451;R-HSA-5619049;R-HSA-5619060;R-HSA-209905;R-HSA-1474151;R-HSA-204626;R-HSA-5221030;R-HSA-1234174;R-HSA-8963684;R-HSA-71262;R-HSA-71262;R-HSA-71336;R-HSA-2142700;R-HSA-2142700;R-HSA-2142696;R-HSA-2142712;R-HSA-9018677;R-HSA-9025106;R-HSA-9026290;R-HSA-2142688;R-HSA-2142770;R-HSA-8964208;R-HSA-1855183;R-HSA-1237112;R-HSA-8941413;R-HSA-1222449;R-HSA-1222449;R-HSA-1222387;R-HSA-6803544;R-HSA-6803544;R-HSA-5619048;R-HSA-2160456;R-HSA-211897;R-HSA-73943","WP5348;WP4906;WP5420;WP5124;WP2059;WP5113;WP2436;WP4313;WP176;WP561;WP5172;WP2007;WP3580;WP2513;WP4577;WP43;WP5037","iron(2+)","C14818","Fe2+"
"29034","hsa00860;hsa02010;hsa04350;hsa04216;hsa04978","R-HSA-1660661;R-HSA-8856828;R-HSA-8856828;R-HSA-180024;R-HSA-499943;R-HSA-8856825;R-HSA-1222556;R-HSA-917977;R-HSA-917977;R-HSA-917977;R-HSA-917977;R-HSA-2871809;R-HSA-2871809;R-HSA-917937;R-HSA-917937;R-HSA-917937;R-HSA-4086398;R-HSA-4086398;R-HSA-5607763;R-HSA-5607763;R-HSA-9857492;R-HSA-3000480;R-HSA-3000480;R-HSA-1474151;R-HSA-2025928;R-HSA-2025928;R-HSA-5655799;R-HSA-6799990;R-HSA-6799990;R-HSA-1222449;R-HSA-1222449;R-HSA-1222449;R-HSA-211897","WP4313;WP4206;WP5172;WP2007;WP4577;WP43","iron(3+)","C14819","Fe3+"
"36163","hsa00860","","","ferroheme a","C15670","Heme A"
"24480","hsa00860","","WP4922","heme o","C15672","Heme O"
"52488","hsa00860","","","cobalt-precorrin-5A","C16242","Cobalt-precorrin 5A"
"52489","hsa00860","","","cobalt-precorrin-5B","C16243","Cobalt-precorrin 5B"
"52490","hsa00860","","","cobalt-precorrin-7","C16244","Cobalt-precorrin 7"
"48396","hsa00860","","","7(1)-hydroxychlorophyllide a","C16540","7(1)-Hydroxychlorophyllide a"
"38209","hsa00860","","","chlorophyllide b","C16541","Chlorophyllide b"
"73373","hsa00860","","","cobalt(II)-factor III","C17401","Cobalt-factor III"
"38257","hsa00860","","","pheophorbide a","C18021","Pheophorbide a"
"47899","hsa00860","","","red chlorophyll catabolite","C18022","Red chlorophyll catabolite"
"48398","hsa00860","","","pyropheophorbide a","C18064","Pyropheophorbide a"
"47951","hsa00860","","","primary fluorescent chlorophyll catabolite","C18098","Primary fluorescent chlorophyll catabolite"
"76032","hsa00860","","","7(1)-hydroxychlorophyll a","C18151","7(1)-Hydroxychlorophyll a"
"74628","hsa00860","","","3-vinylbacteriochlorophyllide a","C18152","3-Vinylbacteriochlorophyllide a"
"81544","hsa00860","","","3-(1-hydroxyethyl)bacteriochlorophyllide a","C18153","3-Hydroxyethylbacteriochlorophyllide a"
"81545","hsa00860","","","3-(1-hydroxyethyl)chlorophyllide a","C18154","3-Hydroxyethylchlorophyllide a"
"81546","hsa00860","","","bacteriochlorophyllide a","C18155","Bacteriochlorophyllide a"
"81547","hsa00860","","","Bacteriochlorophyllide b","C18156","Bacteriochlorophyllide b"
"81548","hsa00860","","","3-vinylbacteriochlorophyllide d","C18157","8-Ethyl-12-methyl-3-vinylbacteriochlorophyllide d"
"81551","hsa00860","","","bacteriochlorophyllide d","C18160","Bacteriochlorophyllide d"
"81553","hsa00860","","","Bacteriochlorophyll d","C18162","Bacteriochlorophyll d"
"60197","hsa00860","","","bacteriochlorophyll c","C18163","Bacteriochlorophyll c"
"82594","hsa00860","","","Ferritin","C19608","Ferritin"
"176951","hsa00860","","","8-Ethyl-12-methylbacteriochlorophyllide d","C21431","8-Ethyl-12-methylbacteriochlorophyllide d"
"190282","hsa00860","","","8,12-Diethylbacteriochlorophyllide D","C21432","8,12-Diethylbacteriochlorophyllide d"
"137678","hsa00860","","","nickel-sirohydrochlorin","C21510","Nickel-sirohydrochlorin"
"137696","hsa00860","","","nickel-sirohydrochlorin a,c-diamide","C21511","Nickel-sirohydrochlorin a,c-diamide"
"17211","hsa00130;hsa00900","","WP3604;WP5329;WP4718;WP5193;WP4189;WP3963","geranyl diphosphate","C00341","Geranyl diphosphate"
"48861","hsa00130;hsa00900","","WP197;WP5304;WP5333;WP4189","2-trans,6-trans,10-trans-geranylgeranyl diphosphate","C00353","Geranylgeranyl diphosphate"
"17976","hsa00130","","WP5037","ubiquinol","C00390","Ubiquinol"
"16374","hsa00130;hsa04977","","WP5273;WP5186","menaquinone","C00828","Menaquinone"
"29780","hsa00130","","","isochorismate(2-)","C00885","Isochorismate"
"17582","hsa00130","","","isochorismic acid","C00885","Isochorismate"
"18067","hsa00130;hsa04977","","WP5186","phylloquinone","C02059","Phylloquinone"
"18145","hsa00130;hsa04216;hsa04977","","WP4313;WP15;WP1533","(R,R,R)-alpha-tocopherol","C02477","alpha-Tocopherol"
"18185","hsa00130","","","gamma-tocopherol","C02483","gamma-Tocopherol"
"18325","hsa00130","","","2-succinatobenzoate","C02730","2-Succinylbenzoate"
"44788","hsa00130","","","2-succinylbenzoic acid","C02730","2-Succinylbenzoate"
"15500","hsa00130","","","4-hydroxybenzoyl-CoA","C02949","4-Hydroxybenzoyl-CoA"
"15509","hsa00130","","","4-(2-carboxyphenyl)-4-oxobutanoyl-CoA","C03160","2-Succinylbenzoyl-CoA"
"28433","hsa00130","","WP5273;WP5186","phyllohydroquinone","C03313","Phylloquinol"
"18094","hsa00130","","","1,4-dihydroxy-2-naphthoic acid","C03657","1,4-Dihydroxy-2-naphthoate"
"11935","hsa00130","","","4-(beta-D-glucosyloxy)benzoate","C03993","4-(beta-D-Glucosyloxy)benzoate"
"16741","hsa00130","","","4-(beta-D-glucosyloxy)benzoic acid","C03993","4-(beta-D-Glucosyloxy)benzoate"
"18144","hsa00130;hsa00900","","","all-trans-nonaprenyl diphosphate","C04145","all-trans-Nonaprenyl diphosphate"
"75837","hsa00130;hsa00900","","","phytyl diphosphate","C05427","Phytyl diphosphate"
"177421","hsa00130","","","Phenol, 2-(3,7-dimethylocta-2,6-dienyl)-","C05807","2-Polyprenylphenol"
"1269","hsa00130","","","2-polyprenylphenol","C05807","2-Polyprenylphenol"
"39564","hsa00130","","","(1R,6R)-2-succinyl-6-hydroxycyclohexa-2,4-diene-1-carboxylic acid","C05817","(1R,6R)-6-Hydroxy-2-succinylcyclohexa-2,4-diene-1-carboxylate"
"18151","hsa00130","","","menaquinol","C05819","Menaquinol"
"55337","hsa00130","","WP4718","all-trans-polyprenyl diphosphate","C05847","all-trans-Polyprenyl diphosphate"
"37531","hsa00130","R-HSA-446199","","polyprenyl diphosphate","C05847","all-trans-Polyprenyl diphosphate"
"1845","hsa00130","","","4-hydroxy-3-polyprenylbenzoic acid","C05848","4-Hydroxy-3-polyprenylbenzoate"
"78396","hsa00130","","","4-hydroxy-3-polyprenylbenzoate","C05848","4-Hydroxy-3-polyprenylbenzoate"
"28371","hsa00130","","","vitamin K epoxide","C05849","Vitamin K1 epoxide"
"28371","hsa00130","","","vitamin K epoxide","C16711","Vitamin K epoxide"
"9239","hsa00130","","","Spirodilactone","C06986","Spirodilactone"
"24233","hsa00130","","","geranylhydroquinone","C10793","Geranylhydroquinone"
"31087","hsa00130","","","2-phytyl-1,4-naphthoquinone","C13309","2-Phytyl-1,4-naphthoquinone"
"47772","hsa00130","","","delta-tocopherol","C14151","delta-Tocopherol"
"182172","hsa00130","","","(2R)-2,5,8-Trimethyl-2-(4,8,12-trimethyltridecyl)chroman-6-ol","C14152","beta-Tocopherol"
"47771","hsa00130","","","beta-tocopherol","C14152","beta-Tocopherol"
"33270","hsa00130","","","alpha-tocotrienol","C14153","alpha-Tocotrienol"
"33275","hsa00130","","","beta-tocotrienol","C14154","beta-Tocotrienol"
"33277","hsa00130","","","gamma-tocotrienol","C14155","gamma-Tocotrienol"
"33276","hsa00130","","","delta-tocotrienol","C14156","delta-Tocotrienol"
"52668","hsa00130","","","1,4-dihydroxy-2-naphthoyl-CoA","C15547","1,4-Dihydroxy-2-naphthoyl-CoA"
"75406","hsa00130","","","2-methyl-6-phytylhydroquinone","C15882","2-Methyl-6-phytylquinol"
"75920","hsa00130","","","(R,R)-2-methyl-6-phytylhydroquinone","C15882","2-Methyl-6-phytylquinol"
"75407","hsa00130","","","2,3-dimethyl-6-phytylhydroquinone","C15883","2,3-Dimethyl-5-phytylquinol"
"50271","hsa00130","","","(1R,2S,5S,6S)-2-(3-carboxypropanoyl)-5-[(1-carboxyvinyl)oxy]-6-hydroxycyclohex-3-ene-1-carboxylic acid","C16519","2-Succinyl-5-enolpyruvyl-6-hydroxy-3-cyclohexene-1-carboxylate"
"28026","hsa00130","","","plastoquinol-9","C16695","Plastoquinol-9"
"51310","hsa00130","","","futalosine","C16999","Futalosine"
"51312","hsa00130","","","dehypoxanthine futalosine","C17010","Dehypoxanthine futalosine"
"64252","hsa00130","","","cyclic dehypoxanthinylfutalosine","C17017","Cyclic dehypoxanthine futalosine"
"182408","hsa00130","","","(3'S,4'R)-3',4',5'-Trihydroxy-8-oxospiro[6,7-dihydronaphthalene-5,2'-oxolane]-2-carboxylic acid","C17017","Cyclic dehypoxanthine futalosine"
"64284","hsa00130","","","1,4-dihydroxy-6-naphthoic acid","C17018","1,4-Dihydroxy-6-naphthoate"
"81068","hsa00130","","","Shikonin","C17412","Shikonin"
"81178","hsa00130","","","2-Polyprenyl-6-hydroxyphenol","C17551","2-Polyprenyl-6-hydroxyphenol"
"81179","hsa00130","","","2-Polyprenyl-6-methoxyphenol","C17552","2-Polyprenyl-6-methoxyphenol"
"64694","hsa00130","","","3,4-dihydroxy-5-polyprenylbenzoate","C17554","3,4-Dihydroxy-5-polyprenylbenzoate"
"174768","hsa00130","","","3-Polyprenyl-4,5-dihydroxybenzoate","C17554","3,4-Dihydroxy-5-polyprenylbenzoate"
"81182","hsa00130","","","3-Polyprenyl-4-hydroxy-5-methoxybenzoate","C17559","3-Methoxy-4-hydroxy-5-polyprenylbenzoate"
"75402","hsa00130","","","2-methyl-6-all-trans-nonaprenyl-1,4-benzoquinone","C17570","2-Methyl-6-solanyl-1,4-benzoquinol"
"61122","hsa00130","","","3-geranyl-4-hydroxybenzoic acid","C18131","Geranyl-hydroxybenzoate"
"61158","hsa00130","","","3''-hydroxy-geranylhydroquinone","C18132","3''-Hydroxy-geranylhydroquinone"
"81530","hsa00130","","","Deoxyshikonin","C18133","Deoxyshikonin"
"81531","hsa00130","","","Dihydroechinofuran","C18134","Dihydroechinofuran"
"81532","hsa00130","","","Dihydroshikonofuran","C18135","Dihydroshikonofuran"
"55437","hsa00130","","","2-demethylmenaquinol","C19847","Demethylmenaquinol"
"138846","hsa00130","","","2,3-epoxymenaquinone","C20265","2,3-Epoxymenaquinone"
"16584","hsa00900;hsa04216","","WP3604;WP197;WP5329;WP5304;WP4718;WP5333;WP4189","isopentenyl diphosphate","C00129","Isopentenyl diphosphate"
"17710","hsa00900;hsa04216","","WP3604;WP197;WP5304;WP4718;WP5193;WP5333;WP4313;WP4521","(R)-mevalonic acid","C00418","(R)-Mevalonate"
"36464","hsa00900;hsa04216","R-HSA-191273","WP4190","(R)-mevalonate","C00418","(R)-Mevalonate"
"17436","hsa00900","","WP3604;WP197;WP5304;WP4718;WP5193;WP5333;WP4189;WP3963","(R)-5-phosphomevalonic acid","C01107","(R)-5-Phosphomevalonate"
"16619","hsa00900","","","(2-trans,6-trans)-farnesol","C01126","(2E,6E)-Farnesol"
"15899","hsa00900","R-HSA-191273;R-HSA-446199","WP3604;WP4718;WP3963","(R)-5-diphosphomevalonic acid","C01143","(R)-5-Diphosphomevalonate"
"17528","hsa00900","","","all-trans-hexaprenyl diphosphate","C01230","all-trans-Hexaprenyl diphosphate"
"28798","hsa00900","","","rubber particle","C02321","cis-1,4-Polyisoprene"
"15894","hsa00900","","","(2-trans,6-trans)-farnesal","C03461","2-trans,6-trans-Farnesal"
"16275","hsa00900","","","all-trans-octaprenyl diphosphate","C04146","all-trans-Octaprenyl diphosphate"
"17613","hsa00900","","","all-trans-heptaprenyl diphosphate","C04216","all-trans-Heptaprenyl diphosphate"
"18197","hsa00900","","","ditrans,polycis-undecaprenyl diphosphate","C04574","di-trans,poly-cis-Undecaprenyl diphosphate"
"17764","hsa00900","","","2-C-methyl-D-erythritol 4-(dihydrogen phosphate)","C11434","2-C-Methyl-D-erythritol 4-phosphate"
"16578","hsa00900","","","4-CDP-2-C-methyl-D-erythritol","C11435","4-(Cytidine 5'-diphospho)-2-C-methyl-D-erythritol"
"16840","hsa00900","","","4-CDP-2-C-methyl-D-erythritol 2-phosphate","C11436","2-Phospho-4-(cytidine 5'-diphospho)-2-C-methyl-D-erythritol"
"18425","hsa00900","","","2-C-methyl-D-erythritol 2,4-cyclic diphosphate","C11453","2-C-Methyl-D-erythritol 2,4-cyclodiphosphate"
"15664","hsa00900","","","(2E)-4-hydroxy-3-methylbut-2-en-1-yl diphosphate","C11811","1-Hydroxy-2-methyl-2-butenyl 4-diphosphate"
"35194","hsa00900","","","isoprene","C16521","Isoprene"
"19515","hsa00900","","","2-cis,6-trans-farnesyl diphosphate","C16826","2-cis,6-trans-Farnesyl diphosphate"
"61011","hsa00900","","WP5037","all-trans-decaprenyl diphosphate","C17432","all-trans-Decaprenyl diphosphate"
"81671","hsa00900","","","(2Z,6Z,10Z,14Z,18Z,22Z,26Z,30Z,34E)-decaprenyl diphosphate","C18321","trans,octacis-Decaprenyl diphosphate"
"70764","hsa00900","","","tritrans,heptacis-undecaprenyl phosphate","C19852","tritrans,heptacis-Undecaprenyl diphosphate"
"90236","hsa00900","","","(2E,6E)-farnesyl monophosphate","C20121","trans,trans-Farnesyl phosphate"
"28177","hsa00232","","WP4900","theophylline","C07130","Theophylline"
"28946","hsa00232","","WP3633","theobromine","C07480","Theobromine"
"27732","hsa00232","R-HSA-418594;R-HSA-9717207;R-HSA-9717207;R-HSA-211957;R-HSA-420499","WP3633;WP707;WP4222;WP4900;WP1530","caffeine","C07481","Caffeine"
"25858","hsa00232","R-HSA-156582;R-HSA-211957","WP3633","1,7-dimethylxanthine","C13747","1,7-Dimethylxanthine"
"49310","hsa00232","","","7-methylxanthosine","C16352","7-Methylxanthosine"
"48991","hsa00232","","WP3633","7-methylxanthine","C16353","7-Methylxanthine"
"80470","hsa00232","","","7-Methyluric acid","C16355","7-Methyluric acid"
"68449","hsa00232","","WP3633","1,7-dimethyluric acid","C16356","1,7-Dimethyluric acid"
"62207","hsa00232","","","3-methyl-9H-xanthine","C16357","3-Methylxanthine"
"62208","hsa00232","","","3-methyl-7H-xanthine","C16357","3-Methylxanthine"
"68444","hsa00232","","WP3633","1-methyl-7H-xanthine","C16358","1-Methylxanthine"
"68441","hsa00232","","WP3633","1-methyluric acid","C16359","1-Methyluric acid"
"68531","hsa00232","","WP3633","3,7-dimethyluric acid","C16360","3,7-Dimethyluric acid"
"691622","hsa00232","","","1,3,7-trimethyluric acid","C16361","1,3,7-Trimethyluric acid"
"80471","hsa00232","","","3,6,8-Trimethylallantoin","C16362","3,6,8-Trimethylallantoin"
"44383","hsa00232","","","N-methyl urea","C16363","N-Methylurea"
"80472","hsa00232","","","N,N'-dimethylurea","C16364","N,N'-Dimethylurea"
"32643","hsa00232","R-HSA-156582","WP3633","5-acetamido-6-formamido-3-methyluracil","C16365","5-Acetylamino-6-formylamino-3-methyluracil"
"80473","hsa00232","","","5-Acetylamino-6-amino-3-methyluracil","C16366","5-Acetylamino-6-amino-3-methyluracil"
"28864","hsa00524","","","tobramycin","C00397","Tobramycin"
"28098","hsa00524","","","kanamycin B","C00825","Kanamycin B"
"7934","hsa00524","","","paromomycin","C00832","Paromomycin"
"27784","hsa00524","","","gentamycin C1a","C00908","Gentamicin C1a"
"7489","hsa00524","","","neamine","C01441","Neamine"
"2790","hsa00524","","","apramycin","C01555","Apramycin"
"7508","hsa00524","","","framycetin","C01737","Neomycin B"
"7933","hsa00524","","","paromamine","C01743","Paromamine"
"45257","hsa00524","","","ribostamycin","C01759","Ribostamycin"
"17630","hsa00524","","","kanamycin A","C01822","Kanamycin A"
"28185","hsa00524","","","kanamycin C","C01823","Kanamycin C"
"28418","hsa00524","","","gentamycin A","C01917","Gentamicin A"
"28292","hsa00524","","","gentamycin C2","C02033","Gentamicin C2"
"28295","hsa00524","","","2-deoxystreptamine","C02627","2-Deoxystreptamine"
"27412","hsa00524","","","gentamycin C1","C07656","Gentamicin C1"
"32274","hsa00524","","","UDP-3-keto-alpha-D-glucose","C12210","UDP-3-ketoglucose"
"32275","hsa00524","","","UDP-alpha-D-kanosamine","C12211","UDP-kanosamine"
"53634","hsa00524","","","neomycin C","C15652","Neomycin C"
"64796","hsa00524","","","2-deoxy-scyllo-inosose","C17209","2-Deoxy-scyllo-inosose"
"65046","hsa00524","","","2-deoxy-scyllo-inosamine","C17580","2-Deoxy-scyllo-inosamine"
"65027","hsa00524","","","3-amino-2,3-dideoxy-scyllo-inosose","C17581","3-Amino-2,3-dideoxy-scyllo-inosose"
"65018","hsa00524","","","2'-N-acetylparomamine","C17582","2'-N-Acetylparomamine"
"65008","hsa00524","","","6'-oxoparomamine","C17583","6'-Dehydro-6'-oxoparomamine"
"81199","hsa00524","","","Xylostasin","C17584","Xylostasin"
"65112","hsa00524","","","butirosin A","C17585","Butirosin A"
"65110","hsa00524","","","butirosin B","C17586","Butirosin B"
"65044","hsa00524","","","2'''-acetyl-6'''-hydroxyneomycin C","C17587","2'''-N-Acetyl-6'''-deamino-6'''-hydroxyneomycin C"
"65043","hsa00524","","","6'''-hydroxyneomycin C","C17588","6'''-Deamino-6'''-hydroxyneomycin C"
"65098","hsa00524","","","6'''-oxoneomycin C","C17589","6'''-Deamino-6'''-oxoneomycin C"
"81279","hsa00524","","","Gentamicin A2","C17701","Gentamicin A2"
"81280","hsa00524","","","Gentamicin X2","C17702","Gentamicin X2"
"42768","hsa00524","","","geneticin","C17703","Antibiotic G-418"
"81281","hsa00524","","","Antibiotic JI-20A","C17704","Antibiotic JI-20A"
"81282","hsa00524","","","Antibiotic JI-20B","C17705","Antibiotic JI-20B"
"81283","hsa00524","","","Gentamicin C2b","C17706","Gentamicin C2b"
"71961","hsa00524","","","lividomycin A","C17707","Lividomycin A"
"81287","hsa00524","","","Paromomycin II","C17712","Paromomycin II"
"81448","hsa00524","","","Oxyapramycin","C17997","Oxyapramycin"
"177756","hsa00524","","","Nebramycin IV","C18000","Nebramycin factor 4"
"73686","hsa00524","","","nebramycin 5'","C18001","Nebramycin 5'"
"81450","hsa00524","","","5-Ribosylparomamine","C18002","5-Ribosylparomamine"
"71962","hsa00524","","","lividomycin B","C18003","Lividomycin B"
"65113","hsa00524","","","5''-phosphoribostamycin","C18004","5''-Phosphoribostamycin"
"65108","hsa00524","","","gamma-L-glutamylbutirosin B","C18005","gamma-L-Glutamyl-butirosin B"
"81451","hsa00524","","","gamma-L-Glutamyl-[acp]","C18006","gamma-L-Glutamyl-[acp]"
"81452","hsa00524","","","4-Aminobutyryl-[acp]","C18007","4-Aminobutyryl-[acp]"
"81453","hsa00524","","","gamma-L-Glutamyl-4-aminobutyryl-[acp]","C18008","4-(gamma-L-Glutamylamino)butanoyl-[acp]"
"81454","hsa00524","","","gamma-L-Glutamyl-4-amino-2-hydroxybutyryl-[acp]","C18009","4-(gamma-L-Glutamylamino)-(2S)-2-hydroxybutanoyl-[acp]"
"190254","hsa00524","","","6'-Oxokanamycin X","C21251","6'-Oxokanamycin X"
"182400","hsa00524","","","6'-Oxokanamycin C","C21252","6'-Oxokanamycin C"
"176943","hsa00524","","","Lividamine","C21255","Lividamine"
"182959","hsa00524","","","6'-Oxolividamine","C21256","6'-Oxolividamine"
"132423","hsa00524","","","4'-oxolividamine","C21257","4'-Oxolividamine"
"176944","hsa00524","","","4'-Oxonebramine","C21258","4'-Oxonebramine"
"190395","hsa00524","","","Nebramine","C21259","Nebramine"
"182964","hsa00524","","","5''-Phosphoribosylparomamine","C21260","5''-Phosphoribosylparomamine"
"190268","hsa00524","","","2'''-N-Acetyl-6'''-deamino-6'''-hydroxyparomomycin II","C21261","2'''-N-Acetyl-6'''-deamino-6'''-hydroxyparomomycin II"
"190275","hsa00524","","","6'''-Deamino-6'''-hydroxyparomomycin II","C21262","6'''-Deamino-6'''-hydroxyparomomycin II"
"190279","hsa00524","","","6'''-Deamino-6'''-oxoparomomycin II","C21263","6'''-Deamino-6'''-oxoparomomycin II"
"190280","hsa00524","","","3''-Oxogentamicin A2","C21265","3''-Oxogentamicin A2"
"190728","hsa00524","","","3''-Amino-3''-deoxygentamicin A2","C21266","3''-Amino-3''-deoxygentamicin A2"
"190267","hsa00524","","","6'-Oxogentamicin X2","C21267","6'-Oxogentamicin X2"
"172916","hsa00524","",""," 6'-Oxo-G418","C21268","6'-Oxo-G418"
"201571","hsa00524","","","Gentamicin C2a","C21270","Gentamicin C2a"
"16482","hsa00980","","","naphthalene","C00829","Naphthalene"
"27418","hsa00980","","","1,4-naphthoquinone","C02617","1,4-Naphthoquinone"
"17435","hsa00980;hsa05204","","","naphthalene-1,2-diol","C03012","Naphthalene-1,2-diol"
"28516","hsa00980","","","1,2-dihydronaphthalene-1,2-diol","C06205","1,2-Dihydronaphthalene-1,2-diol"
"27869","hsa00980","","WP3666","chloroacetic acid","C06755","Chloroacetic acid"
"16602","hsa00980;hsa05207","","","trichloroethene","C06790","Trichloroethene"
"2504","hsa00980;hsa05204;hsa05225","R-HSA-211981;R-HSA-5423646","WP699","aflatoxin B1","C06800","Aflatoxin B1"
"28142","hsa00980","","","chloral hydrate","C06899","Chloral hydrate"
"28094","hsa00980","","","2,2,2-trichloroethanol","C07490","Trichloroethanol"
"29865","hsa00980;hsa05204;hsa05207;hsa05208","","WP696","benzo[a]pyrene","C07535","Benzo[a]pyrene"
"3179","hsa00980","","","bromobenzene","C11036","Bromobenzene"
"28534","hsa00980","","","1,2-dibromoethane","C11088","1,2-Dibromoethane"
"28888","hsa00980","","","trichloroepoxyethane","C11148","TCE epoxide"
"36386","hsa00980","","","dichloroacetic acid","C11149","Dichloroacetate"
"30956","hsa00980;hsa05207","","","trichloroacetic acid","C11150","Trichloroacetate"
"2505","hsa00980","R-HSA-156590","WP699","8,9-dihydro-8-(S-glutathionyl)-9-hydroxyaflatoxin B1","C11278","Aflatoxin B1exo-8,9-epoxide-GSH"
"10432","hsa00980","","","2-naphthol","C11713","2-Naphthol"
"10319","hsa00980","","","1-naphthol","C11714","1-Naphthol"
"34031","hsa00980","","WP3666","1,1-dichloroethene","C14039","1,1-Dichloroethylene"
"34104","hsa00980","","","1-nitronaphthalene","C14040","1-Nitronaphthalene"
"47248","hsa00980","","","4-bromophenol","C14453","4-Bromophenol"
"34512","hsa00980;hsa05204","","","9-Hydroxybenzo[a]pyrene","C14556","9-Hydroxybenzo[a]pyrene"
"34055","hsa00980;hsa05204","","","1,2-naphthoquinone","C14783","1,2-Naphthoquinone"
"34048","hsa00980","","","1,2-dihydroxy-3,4-epoxy-1,2,3,4-tetrahydronaphthalene","C14784","1,2-Dihydroxy-3,4-epoxy-1,2,3,4-tetrahydronaphthalene"
"34063","hsa00980","","","naphthalene-1,4-diol","C14785","1,4-Dihydroxynaphthalene"
"33998","hsa00980","","","(1R,2S)-naphthalene 1,2-oxide","C14786","(1R,2S)-Naphthalene 1,2-oxide"
"34001","hsa00980","","","(1S,2R)-naphthalene 1,2-oxide","C14787","(1S,2R)-Naphthalene 1,2-oxide"
"34108","hsa00980","","","1-Nitrosonaphthalene","C14788","1-Nitrosonaphthalene"
"34871","hsa00980","","","N-hydroxynaphthalen-1-amine","C14789","N-Hydroxy-1-aminonaphthalene"
"50450","hsa00980","","","1-naphthylamine","C14790","1-Naphthylamine"
"33995","hsa00980","","","(1R)-Hydroxy-(2R)-glutathionyl-1,2-dihydronaphthalene","C14791","(1R)-Hydroxy-(2R)-glutathionyl-1,2-dihydronaphthalene"
"34000","hsa00980","","","(1S)-Hydroxy-(2S)-glutathionyl-1,2-dihydronaphthalene","C14792","(1S)-Hydroxy-(2S)-glutathionyl-1,2-dihydronaphthalene"
"33993","hsa00980","","","(1R)-Glutathionyl-(2R)-hydroxy-1,2-dihydronaphthalene","C14793","(1R)-Glutathionyl-(2R)-hydroxy-1,2-dihydronaphthalene"
"33994","hsa00980","","","(1R)-Hydroxy-(2R)-N-acetyl-L-cysteinyl-1,2-dihydronaphthalene","C14796","(1R)-Hydroxy-(2R)-N-acetyl-L-cysteinyl-1,2-dihydronaphthalene"
"33996","hsa00980","","","(1R)-N-Acetyl-L-cysteinyl-(2R)-hydroxy-1,2-dihydronaphthalene","C14797","(1R)-N-Acetyl-L-cysteinyl-(2R)-hydroxy-1,2-dihydronaphthalene"
"33999","hsa00980","","","(1S)-Hydroxy-(2S)-N-acetyl-L-cysteinyl-1,2-dihydronaphthalene","C14798","(1S)-Hydroxy-(2S)-N-acetyl-L-cysteinyl-1,2-dihydronaphthalene"
"33997","hsa00980","","","(1R,2R)-3-[(1,2-Dihydro-2-hydroxy-1-naphthalenyl)thio]-2-oxopropanoic acid","C14799","(1R,2R)-3-[(1,2-Dihydro-2-hydroxy-1-naphthalenyl)thio]-2-oxopropanoic acid"
"34105","hsa00980","","","1-Nitronaphthalene-5,6-oxide","C14800","1-Nitronaphthalene-5,6-oxide"
"34099","hsa00980","","","1-Nitro-5,6-dihydroxy-dihydronaphthalene","C14801","1-Nitro-5,6-dihydroxy-dihydronaphthalene"
"34106","hsa00980","","","1-Nitronaphthalene-7,8-oxide","C14802","1-Nitronaphthalene-7,8-oxide"
"34103","hsa00980","","","1-Nitro-7-hydroxy-8-glutathionyl-7,8-dihydronaphthalene","C14803","1-Nitro-7-hydroxy-8-glutathionyl-7,8-dihydronaphthalene"
"34102","hsa00980","","","1-Nitro-7-glutathionyl-8-hydroxy-7,8-dihydronaphthalene","C14804","1-Nitro-7-glutathionyl-8-hydroxy-7,8-dihydronaphthalene"
"34101","hsa00980","","","1-Nitro-5-hydroxy-6-glutathionyl-5,6-dihydronaphthalene","C14805","1-Nitro-5-hydroxy-6-glutathionyl-5,6-dihydronaphthalene"
"34100","hsa00980","","","1-Nitro-5-glutathionyl-6-hydroxy-5,6-dihydronaphthalene","C14806","1-Nitro-5-glutathionyl-6-hydroxy-5,6-dihydronaphthalene"
"34589","hsa00980","","","Bromobenzene-3,4-oxide","C14839","Bromobenzene-3,4-oxide"
"34587","hsa00980","","","Bromobenzene-2,3-oxide","C14840","Bromobenzene-2,3-oxide"
"34264","hsa00980","","","2-bromophenol","C14841","2-Bromophenol"
"34586","hsa00980","","","Bromobenzene-2,3-dihydrodiol","C14842","Bromobenzene-2,3-dihydrodiol"
"34388","hsa00980","","","4-Bromocatechol","C14843","4-Bromocatechol"
"34588","hsa00980","","","Bromobenzene-3,4-dihydrodiol","C14844","Bromobenzene-3,4-dihydrodiol"
"34390","hsa00980","","","4-Bromophenol-2,3-epoxide","C14845","4-Bromophenol-2,3-epoxide"
"34387","hsa00980","","","4-Bromo-3,5-cyclohexadiene-1,2-dione","C14846","4-Bromo-3,5-cyclohexadiene-1,2-dione"
"34324","hsa00980","","","3,4-Dihydro-3-hydroxy-4-S-glutathionyl bromobenzene","C14847","3,4-Dihydro-3-hydroxy-4-S-glutathionyl bromobenzene"
"34228","hsa00980","","","2,3-Dihydro-2-S-glutathionyl-3-hydroxy bromobenzene","C14848","2,3-Dihydro-2-S-glutathionyl-3-hydroxy bromobenzene"
"34564","hsa00980;hsa05204","","","Benzo[a]pyrene-9,10-oxide","C14849","Benzo[a]pyrene-9,10-oxide"
"34563","hsa00980;hsa05204;hsa05208","","","Benzo[a]pyrene-7,8-oxide","C14850","Benzo[a]pyrene-7,8-oxide"
"34560","hsa00980;hsa05204","","","Benzo[a]pyrene-4,5-oxide","C14851","Benzo[a]pyrene-4,5-oxide"
"34562","hsa00980;hsa05204;hsa05208","","WP696","Benzo[a]pyrene-7,8-diol","C14852","Benzo[a]pyrene-7,8-dihydrodiol"
"30614","hsa00980;hsa05204","","","benzo[a]pyrene diol epoxide I","C14853","Benzo[a]pyrene-7,8-dihydrodiol-9,10-oxide"
"34513","hsa00980;hsa05204","","","9-Hydroxybenzo[a]pyrene-4,5-oxide","C14854","9-Hydroxybenzo[a]pyrene-4,5-oxide"
"34374","hsa00980;hsa05204","","","4,5-Dihydro-4-hydroxy-5-S-glutathionyl-benzo[a]pyrene","C14855","4,5-Dihydro-4-hydroxy-5-S-glutathionyl-benzo[a]pyrene"
"34479","hsa00980;hsa05204","","","7,8-dihydro-7-hydroxy-8S-glutathionylbenzo[a]pyrene","C14856","7,8-Dihydro-7-hydroxy-8-S-glutathionyl-benzo[a]pyrene"
"34032","hsa00980","","","1,1-Dichloroethylene epoxide","C14857","1,1-Dichloroethylene epoxide"
"34214","hsa00980","","","2,2-Dichloroacetaldehyde","C14858","2,2-Dichloroacetaldehyde"
"34624","hsa00980","","","Chloroacetyl chloride","C14859","Chloroacetyl chloride"
"34213","hsa00980","","WP3666","2,2-Dichloro-1,1-ethanediol","C14860","2,2-Dichloro-1,1-ethanediol"
"34958","hsa00980","","WP3666","S-(2,2-Dichloro-1-hydroxy)ethyl glutathione","C14861","S-(2,2-Dichloro-1-hydroxy)ethyl glutathione"
"34302","hsa00980","","WP3666","2-S-Glutathionyl acetate","C14862","2-S-Glutathionyl acetate"
"34254","hsa00980","","","2-(S-Glutathionyl)acetyl glutathione","C14863","2-(S-Glutathionyl)acetyl glutathione"
"34959","hsa00980","","WP3666","S-(2-Chloroacetyl)glutathione","C14864","S-(2-Chloroacetyl)glutathione"
"34253","hsa00980","","WP3666","2-(S-Glutathionyl)acetyl chloride","C14865","2-(S-Glutathionyl)acetyl chloride"
"48814","hsa00980","","","trichloroacetaldehyde","C14866","Chloral"
"34688","hsa00980","","","dichloroacetyl chloride","C14867","Dichloroacetyl chloride"
"34957","hsa00980","","","S-(1,2-Dichlorovinyl)glutathione","C14868","S-(1,2-Dichlorovinyl)glutathione"
"35021","hsa00980","","","Trichloroethanol glucuronide","C14869","Trichloroethanol glucuronide"
"34263","hsa00980","","","2-Bromoacetaldehyde","C14870","2-Bromoacetaldehyde"
"34962","hsa00980","","","S-(Formylmethyl)glutathione","C14871","S-(Formylmethyl)glutathione"
"35012","hsa00980","","","thiodiacetic acid","C14872","Thiodiacetic acid"
"35013","hsa00980","","","thiodiacetic acid sulfoxide","C14873","Thiodiacetic acid sulfoxide"
"34777","hsa00980;hsa05204","","","Glutathione episulfonium ion","C14874","Glutathione episulfonium ion"
"35896","hsa00980","","","S-(2-hydroxyethyl)glutathione","C14875","S-(2-Hydroxyethyl)glutathione"
"34960","hsa00980","","","S-(2-Hydroxyethyl)-N-acetyl-L-cysteine","C14876","S-(2-Hydroxyethyl)-N-acetyl-L-cysteine"
"34964","hsa00980","","","S-[2-(N7-Guanyl)ethyl]-N-acetyl-L-cysteine","C14877","S-[2-(N7-Guanyl)ethyl]-N-acetyl-L-cysteine"
"32692","hsa00980;hsa05204;hsa05207;hsa05208","","","4-(N-nitrosomethylamino)-1-(3-pyridyl)butan-1-one","C16453","4-(N-Nitrosomethylamino)-1-(3-pyridyl)-1-butanone"
"78576","hsa00980","","WP699","aflatoxin M1","C16756","Aflatoxin M1"
"254496","hsa00980;hsa05204","","","7,12-dimethyltetraphene","C19488","7,12-Dimethylbenz[a]anthracene"
"82517","hsa00980;hsa05204","","","1a,11b-Dihydro-4,9-dimethylbenz[a]anthra[3,4-b]oxirene","C19489","1a,11b-Dihydro-4,9-dimethylbenz[a]anthra[3,4-b]oxirene"
"82518","hsa00980;hsa05204","","","trans-3,4-Dihydro-3,4-dihydroxy-7,12-dimethylbenz[a]anthracene","C19490","trans-3,4-Dihydro-3,4-dihydroxy-7,12-dimethylbenz[a]anthracene"
"82558","hsa00980;hsa05204","","","(1aalpha,2beta,3alpha,11calpha)-1a,2,3,11c-Tetrahydro-6,11-dimethylbenzo[6,7]phenanthro[3,4-b]oxirene-2,3-diol","C19559","(1aalpha,2beta,3alpha,11calpha)-1a,2,3,11c-Tetrahydro-6,11-dimethylbenzo[6,7]phenanthro[3,4-b]oxirene-2,3-diol"
"82559","hsa00980;hsa05204","","","7-Hydroxymethyl-12-methylbenz[a]anthracene","C19561","7-Hydroxymethyl-12-methylbenz[a]anthracene"
"82560","hsa00980;hsa05204","","","7-Hydroxymethyl-12-methylbenz[a]anthracene sulfate","C19562","7-Hydroxymethyl-12-methylbenz[a]anthracene sulfate"
"82561","hsa00980;hsa05204","","","4-[(Hydroxymethyl)nitrosoamino]-1-(3-pyridinyl)-1-butanone","C19563","4-[(Hydroxymethyl)nitrosoamino]-1-(3-pyridinyl)-1-butanone"
"82562","hsa00980;hsa05204","","","4-(Nitrosoamino)-1-(3-pyridinyl)-1-butanone","C19564","4-(Nitrosoamino)-1-(3-pyridinyl)-1-butanone"
"82563","hsa00980;hsa05204","","","4-Hydroxy-1-(3-pyridinyl)-1-butanone","C19565","4-Hydroxy-1-(3-pyridinyl)-1-butanone"
"82564","hsa00980;hsa05204","","","4-Hydroxy-4-(methylnitrosoamino)-1-(3-pyridinyl)-1-butanone","C19566","4-Hydroxy-4-(methylnitrosoamino)-1-(3-pyridinyl)-1-butanone"
"82565","hsa00980;hsa05204","","","N-nitrosomethanamine","C19568","N-Nitrosomethanamine"
"82569","hsa00980;hsa05204","","","4-(methylnitrosamino)-1-(3-pyridyl)-1-butanol","C19574","4-(Methylnitrosamino)-1-(3-pyridyl)-1-butanol"
"82571","hsa00980;hsa05204","","","1-(Methylnitrosoamino)-4-(3-pyridinyl)-1,4-butanediol","C19577","1-(Methylnitrosoamino)-4-(3-pyridinyl)-1,4-butanediol"
"82572","hsa00980;hsa05204","","","5-(3-Pyridyl)-2-hydroxytetrahydrofuran","C19578","5-(3-Pyridyl)-2-hydroxytetrahydrofuran"
"82573","hsa00980;hsa05204","","","gamma-Hydroxy-3-pyridinebutanoate","C19579","gamma-Hydroxy-3-pyridinebutanoate"
"82574","hsa00980;hsa05204","","","alpha-[3-[(Hydroxymethyl)nitrosoamino]propyl]-3-pyridinemethanol","C19580","alpha-[3-[(Hydroxymethyl)nitrosoamino]propyl]-3-pyridinemethanol"
"82575","hsa00980;hsa05204","","","alpha-[3-(Nitrosoamino)propyl]-3-pyridinemethanol","C19581","alpha-[3-(Nitrosoamino)propyl]-3-pyridinemethanol"
"82576","hsa00980;hsa05204","","","1-(3-Pyridinyl)-1,4-butanediol","C19582","1-(3-Pyridinyl)-1,4-butanediol"
"78582","hsa00980","","WP699","aflatoxin Q1","C19585","Aflatoxin Q1"
"30725","hsa00980;hsa05204","R-HSA-211981;R-HSA-156590;R-HSA-5423646;R-HSA-5423646","WP699","aflatoxin B1 exo-8,9-epoxide","C19586","Aflatoxin B1-exo-8,9-epoxide"
"82580","hsa00980","","","Aflatoxin B1 diol","C19588","Aflatoxin B1 diol"
"82581","hsa00980","","","6-[2,3-Dihydroxy-1-(hydroxymethyl)propyl]-1,2-dihydro-7-hydroxy-9-methoxy-cyclopenta[c][1]benzopyran-3,4-dione","C19590","6-[2,3-Dihydroxy-1-(hydroxymethyl)propyl]-1,2-dihydro-7-hydroxy-9-methoxy-cyclopenta[c][1]benzopyran-3,4-dione"
"82582","hsa00980","","","1,2,3,4-Tetrahydro-alpha,7-dihydroxy-beta-(hydroxymethyl)-9-methoxy-3,4-dioxocyclopenta[c][1]benzopyran-6-propanal","C19591","1,2,3,4-Tetrahydro-alpha,7-dihydroxy-beta-(hydroxymethyl)-9-methoxy-3,4-dioxocyclopenta[c][1]benzopyran-6-propanal"
"82583","hsa00980","","","alpha-(1,2-Dihydroxyethyl)-1,2,3,4-tetrahydro-7-hydroxy-9-methoxy-3,4-dioxocyclopenta[c][1]benzopyran-6-acetaldehyde","C19592","alpha-(1,2-Dihydroxyethyl)-1,2,3,4-tetrahydro-7-hydroxy-9-methoxy-3,4-dioxocyclopenta[c][1]benzopyran-6-acetaldehyde"
"78577","hsa00980","","","aflatoxin M1 8,9-epoxide","C19594","Aflatoxin-M1-8,9-epoxide"
"82584","hsa00980","","","Aflatoxin-M1-8,9-epoxide","C19594","Aflatoxin-M1-8,9-epoxide"
"78586","hsa00980","","","aflatoxin B1 endo-8,9-oxide","C19595","Aflatoxin B1-endo-8,9-epoxide"
"82585","hsa00980","","","Aflatoxin B1-endo-8,9-epoxide","C19595","Aflatoxin B1-endo-8,9-epoxide"
"82588","hsa00980;hsa05204","","","4-(Methylnitrosamino)-1-(1-oxido-3-pyridinyl)-1-butanone","C19602","4-(Methylnitrosamino)-1-(1-oxido-3-pyridinyl)-1-butanone"
"82589","hsa00980;hsa05204","","","4-(Methylnitrosamino)-1-(3-pyridyl-N-oxide)-1-butanol","C19603","4-(Methylnitrosamino)-1-(3-pyridyl-N-oxide)-1-butanol"
"82590","hsa00980","","","7,12-Dimethylbenz[a]anthracene 5,6-oxide","C19604","7,12-Dimethylbenz[a]anthracene 5,6-oxide"
"82591","hsa00980;hsa05204","","","4-(Methylnitrosamino)-1-(3-pyridyl)-1-butanol glucuronide","C19605","4-(Methylnitrosamino)-1-(3-pyridyl)-1-butanol glucuronide"
"82592","hsa00980;hsa05204","","","NNAL-N-glucuronide","C19606","NNAL-N-glucuronide"
"82593","hsa00980","","","trans-5,6-Dihydro-5,6-dihydroxy-7,12-dimethylbenz[a]anthracene","C19607","trans-5,6-Dihydro-5,6-dihydroxy-7,12-dimethylbenz[a]anthracene"
"15368","hsa00982;hsa05200;hsa05225","","WP5434","acrolein","C01471","Acrolein"
"17303","hsa00982;hsa04080","","WP1604;WP2645","morphine","C01516","Morphine"
"44616","hsa00982","","WP3879;WP691","afimoxifene","C05011","Hydroxytamoxifen"
"16714","hsa00982","","WP1604","codeine","C06174","Codeine"
"27871","hsa00982;hsa05204","","","chloroacetaldehyde","C06754","Chloroacetaldehyde"
"3387","hsa00982","","","carbamazepine","C06868","Carbamazepine"
"5864","hsa00982","","","ifosfamide","C07047","Ifosfamide"
"6456","hsa00982","","WP2646","lidocaine","C07073","Lidocaine"
"41774","hsa00982","R-HSA-156588;R-HSA-217271","WP5318;WP691","tamoxifen","C07108","Tamoxifen"
"6807","hsa00982","","","methadone","C07163","Methadone"
"39867","hsa00982;hsa04976","","WP3871","valproic acid","C07185","Valproic acid"
"7824","hsa00982","","","oxcarbazepine","C07492","Oxcarbazepine"
"701","hsa00982","","","licarbazepine","C07493","10-Hydroxycarbazepine"
"4592","hsa00982","","","Dihydroxycarbazepine","C07495","Dihydroxycarbazepine"
"3388","hsa00982","","","carbamazepine-10,11-epoxide","C07496","Carbamazepine-10,11-epoxide"
"4995","hsa00982","","WP2816","felbamate","C07501","Felbamate"
"3723","hsa00982","","WP727","citalopram","C07572","Citalopram"
"77397","hsa00982","","WP727;WP1455","1-[3-(dimethylamino)propyl]-1-(4-fluorophenyl)-1,3-dihydro-2-benzofuran-5-carbonitrile","C07572","Citalopram"
"1864","hsa00982","R-HSA-211981","","4-hydroxycyclophosphamide","C07643","4-Hydroxycyclophosphamide"
"1887","hsa00982","","","4-Ketocyclophosphamide","C07644","4-Ketocyclophosphamide"
"2560","hsa00982","","","Aldophosphamide","C07645","Aldophosphamide"
"3410","hsa00982","","","Carboxyphosphamide","C07646","Carboxyphosphamide"
"8163","hsa00982","","","phosphoramide mustard","C07647","Phosphoramide mustard"
"4027","hsa00982","","","cyclophosphamide","C07888","Cyclophosphamide"
"6441","hsa00982","","","levacetylmethadol","C08012","Levomethadyl acetate"
"28738","hsa00982","","WP2646","2,6-dimethylaniline","C11004","2,6-Dimethylaniline"
"1831","hsa00982","","","4-Glutathionyl cyclophosphamide","C11583","4-Glutathionyl cyclophosphamide"
"7633","hsa00982","","","Normorphine","C11785","Normorphine"
"80553","hsa00982","","WP691","alpha-Hydroxytamoxifen","C16544","alpha-Hydroxytamoxifen"
"63825","hsa00982","","WP691","tamoxifen N-oxide","C16545","Tamoxifen N-oxide"
"80554","hsa00982","","","N-Desmethyltamoxifen","C16546","N-Desmethyltamoxifen"
"80555","hsa00982","","","4-Hydroxy-N-desmethyltamoxifen","C16547","Endoxifen"
"80556","hsa00982","","WP691","N,N-Didesmethyltamoxifen","C16548","N,N-Didesmethyltamoxifen"
"80557","hsa00982","","WP691","alpha-Hydroxy-N-desmethyltamoxifen","C16549","alpha-Hydroxy-N-desmethyltamoxifen"
"80558","hsa00982","","","Dechloroethylcyclophosphamide","C16550","Dechloroethylcyclophosphamide"
"80559","hsa00982","","","Alcophosphamide","C16551","Alcophosphamide"
"37599","hsa00982","","","bis(2-chloroethyl)amine","C16552","Nornitrogen mustard"
"80560","hsa00982","","","4-Hydroxyifosfamide","C16553","4-Hydroxyifosfamide"
"80561","hsa00982","","","4-Ketoifosfamide","C16554","4-Ketoifosfamide"
"80562","hsa00982","","","2-Dechloroethylifosfamide","C16555","2-Dechloroethylifosfamide"
"80563","hsa00982","","","Aldoifosfamide","C16556","Aldoifosfamide"
"80564","hsa00982","","","Carboxyifosfamide","C16557","Carboxyifosfamide"
"80565","hsa00982","","","Alcoifosfamide","C16558","Alcoifosfamide"
"80566","hsa00982","","","Isophosphamide mustard","C16559","Isophosphoramide mustard"
"80567","hsa00982","","WP2646","3-Hydroxylidocaine","C16560","3-Hydroxylidocaine"
"222828","hsa00982","","WP2646","monoethylglycinexylidide","C16561","Monoethylglycinexylidide"
"357241","hsa00982","","WP2646","glycinexylidide","C16569","Glycinexylidide"
"55545","hsa00982","","WP2646","4-hydroxy-2,6-dimethylaniline","C16570","4-Hydroxy-2,6-dimethylaniline"
"80574","hsa00982","","","2-Amino-3-methylbenzoate","C16571","2-Amino-3-methylbenzoate"
"80575","hsa00982","","WP2646","3-Hydroxymonoethylglycinexylidide","C16572","3-Hydroxymonoethylglycinexylidide"
"80579","hsa00982","","WP1604","norcodeine","C16576","Norcodeine"
"80580","hsa00982","","WP1604","Codeine-6-glucuronide","C16577","Codeine-6-glucuronide"
"80581","hsa00982;hsa04976","","WP1604","Morphine-6-glucuronide","C16578","Morphine-6-glucuronide"
"80583","hsa00982","","WP2816","2-Hydroxyfelbamate","C16582","2-Hydroxyfelbamate"
"80584","hsa00982","","WP2816","p-Hydroxyfelbamate","C16584","p-Hydroxyfelbamate"
"80585","hsa00982","","WP2816","2-Phenyl-1,3-propanediol monocarbamate","C16586","2-Phenyl-1,3-propanediol monocarbamate"
"80586","hsa00982","","WP2816","3-Carbamoyl-2-phenylpropionaldehyde","C16587","3-Carbamoyl-2-phenylpropionaldehyde"
"80589","hsa00982","","WP2816","3-Carbamoyl-2-phenylpropionic acid","C16591","3-Carbamoyl-2-phenylpropionic acid"
"80590","hsa00982","","WP2816","Atropaldehyde","C16592","Atropaldehyde"
"80593","hsa00982","","","4-Hydroxy-5-phenyltetrahydro-1,3-oxazin-2-one","C16595","4-Hydroxy-5-phenyltetrahydro-1,3-oxazin-2-one"
"80594","hsa00982","","","5-Phenyl-1,3-oxazinane-2,4-dione","C16596","5-Phenyl-1,3-oxazinane-2,4-dione"
"80596","hsa00982","","","2-Hydroxycarbamazepine","C16601","2-Hydroxycarbamazepine"
"80597","hsa00982","","","3-Hydroxycarbamazepine","C16602","3-Hydroxycarbamazepine"
"80598","hsa00982","","","2,3-Dihydroxycarbamazepine","C16603","2,3-Dihydroxycarbamazepine"
"80599","hsa00982","","","5H-dibenzo[b,f]azepin-2-ol","C16604","2-Hydroxyiminostilbene"
"80600","hsa00982","","","2H-Dibenz[b,f]azepin-2-one","C16605","2H-Dibenz[b,f]azepin-2-one"
"80601","hsa00982","","","Carbamazepine-o-quinone","C16606","Carbamazepine-o-quinone"
"80602","hsa00982","","","Citalopram N-oxide","C16607","Citalopram N-oxide"
"80603","hsa00982","","","Demethylcitalopram","C16608","Demethylcitalopram"
"80604","hsa00982","","","Didemethylcitalopram","C16609","Didemethylcitalopram"
"80605","hsa00982","","","Citalopram propionic acid","C16610","Citalopram propionic acid"
"80607","hsa00982","","","Citalopram aldehyde","C16612","Citalopram aldehyde"
"80631","hsa00982;hsa04976","","","Morphine-3-glucuronide","C16643","Morphine-3-glucuronide"
"80634","hsa00982","","","2-n-Propyl-4-pentenoic acid","C16648","2-n-Propyl-4-pentenoic acid"
"80635","hsa00982","","WP3871","4-Hydroxyvalproic acid","C16649","4-Hydroxyvalproic acid"
"80636","hsa00982","","WP3871","5-Hydroxyvalproic acid","C16650","5-Hydroxyvalproic acid"
"80637","hsa00982","","WP3871","3-Hydroxyvalproic acid","C16651","3-Hydroxyvalproic acid"
"80638","hsa00982","","WP3871","3-Oxovalproic acid","C16652","3-Oxovalproic acid"
"80639","hsa00982","","","2-n-Propyl-2-pentenoic acid","C16653","2-n-Propyl-2-pentenoic acid"
"80640","hsa00982","","","2-n-Propyl-3-pentenoic acid","C16654","2-n-Propyl-3-pentenoic acid"
"80641","hsa00982","","","2-n-Propyl-4-oxopentanoic acid","C16655","2-n-Propyl-4-oxopentanoic acid"
"80642","hsa00982","","WP3871","2-Propyl-2,4-pentadienoic acid","C16656","2-Propyl-2,4-pentadienoic acid"
"80643","hsa00982","","","2-Propylsuccinic acid","C16657","2-Propylsuccinic acid"
"80644","hsa00982","","WP3871","2-Propylglutaric acid","C16658","2-Propylglutaric acid"
"80645","hsa00982","","","2-Ethylidene-1,5-dimethyl-3,3-diphenylpyrrolidine","C16659","2-Ethylidene-1,5-dimethyl-3,3-diphenylpyrrolidine"
"80646","hsa00982","","","2-Ethyl-5-methyl-3,3-diphenyl-1-pyrroline","C16660","2-Ethyl-5-methyl-3,3-diphenyl-1-pyrroline"
"80647","hsa00982","","","L-alpha-Acetyl-N-normethadol","C16661","L-alpha-Acetyl-N-normethadol"
"80648","hsa00982","","","L-alpha-Acetyl-N,N-dinormethadol","C16662","L-alpha-Acetyl-N,N-dinormethadol"
"2208","hsa00983;hsa04976","R-HSA-156581;R-HSA-156581;R-HSA-5578995","","purine-6-thiol","C02380","6-Mercaptopurine"
"2208","hsa00983;hsa04976","R-HSA-156581;R-HSA-156581;R-HSA-5578995","","purine-6-thiol","C01756","Thiopurine"
"50667","hsa00983;hsa04976","","WP4224","mercaptopurine","C02380","6-Mercaptopurine"
"2129","hsa00983","","WP1601","5-fluorodeoxyuridine monophosphate","C04242","5-Fluorodeoxyuridine monophosphate"
"2332","hsa00983","R-HSA-9748787","","9-(5-phosphoribofuranosyl)-6-mercaptopurine","C04646","6-Thioinosine-5'-monophosphate"
"18172","hsa00983","","","fluoroacetate","C06108","Fluoroacetate"
"30775","hsa00983","","WP4966","fluoroacetic acid","C06108","Fluoroacetate"
"2948","hsa00983","","","azathioprine","C06837","Azathioprine"
"6030","hsa00983","","","isoniazide","C07054","Isoniazid"
"6032","hsa00983","","","isonicotinic acid","C07446","Isonicotinic acid"
"2422","hsa00983","","","acetohydrazide","C07447","Acetylhydrazine"
"7207","hsa00983","","","N'-acetylisoniazid","C07585","N-Acetylisoniazid"
"9555","hsa00983","","","tioguanine","C07648","Thioguanine"
"46345","hsa00983;hsa04976","","WP1601","5-fluorouracil","C07649","5-FU"
"8988","hsa00983","","WP229","SN-38","C11173","SN-38"
"8990","hsa00983","","WP229","SN38 glucuronide","C11376","SN38 glucuronide"
"60761","hsa00983","","WP1601","floxuridine","C11736","5-Fluorodeoxyuridine"
"31348","hsa00983","","WP1601","capecitabine","C12650","Capecitabine"
"32188","hsa00983","","WP1601","Tegafur","C12673","Tegafur"
"31521","hsa00983","","WP1601","doxifluridine","C12739","5'-Deoxy-5-fluorouridine"
"80551","hsa00983","","WP229","APC","C16542","APC"
"80552","hsa00983","","WP229","NPC","C16543","NPC"
"80608","hsa00983","","","6-Thiourate","C16613","6-Thiourate"
"28279","hsa00983","R-HSA-9748787;R-HSA-156581;R-HSA-156581","WP4224","6-methylthiopurine","C16614","6-Methylmercaptopurine"
"80609","hsa00983","","","6-Methylthiopurine 5'-monophosphate ribonucleotide","C16615","6-Methylthiopurine 5'-monophosphate ribonucleotide"
"80610","hsa00983","","","6-Mercaptopurine ribonucleoside 5'-diphosphate","C16616","6-Mercaptopurine ribonucleoside 5'-diphosphate"
"80611","hsa00983","","","6-Mercaptopurine ribonucleoside triphosphate","C16617","6-Mercaptopurine ribonucleoside triphosphate"
"80612","hsa00983","","","6-Thioxanthine 5'-monophosphate","C16618","6-Thioxanthine 5'-monophosphate"
"80613","hsa00983","","","6-Thioguanosine monophosphate","C16619","6-Thioguanosine monophosphate"
"80614","hsa00983","","","6-Methylthioguanosine monophosphate","C16620","6-Methylthioguanosine monophosphate"
"80615","hsa00983","","","1-Methyl-4-nitroimidazole","C16621","1-Methyl-4-nitroimidazole"
"80616","hsa00983","","","N,N'-Diacetylhydrazine","C16622","N,N'-Diacetylhydrazine"
"80617","hsa00983","","","Isonicotinylglycine","C16623","Isonicotinylglycine"
"80618","hsa00983","","","Isoniazid pyruvate","C16624","Isoniazid pyruvate"
"80619","hsa00983","","","Isoniazid alpha-ketoglutaric acid","C16625","Isoniazid alpha-ketoglutaric acid"
"80624","hsa00983","","WP1601","5,6-Dihydro-5-fluorouracil","C16630","5,6-Dihydro-5-fluorouracil"
"80625","hsa00983","","WP1601","alpha-Fluoro-beta-ureidopropionic acid","C16631","alpha-Fluoro-beta-ureidopropionic acid"
"80626","hsa00983","","WP1601","alpha-Fluoro-beta-alanine","C16632","alpha-Fluoro-beta-alanine"
"40154","hsa00983","","","5-fluorouridine","C16633","5-Fluorouridine"
"40101","hsa00983","","WP1601","5-fluorouridine 5'-monophosphate","C16634","5-Fluorouridine monophosphate"
"80627","hsa00983","","WP1601","5'-Deoxy-5-fluorocytidine","C16635","5'-Deoxy-5-fluorocytidine"
"80630","hsa00983","","WP229","irinotecan","C16641","Irinotecan"
"17732","hsa00970","R-HSA-379716;R-HSA-5389840;R-HSA-379726;R-HSA-156902;R-HSA-192823;R-HSA-156842","WP3925","Ala-tRNA(Ala)","C00886","L-Alanyl-tRNA"
"16047","hsa00970","R-HSA-379716;R-HSA-5389840;R-HSA-379726;R-HSA-156902;R-HSA-192823;R-HSA-156842","","Lys-tRNA(Lys)","C01931","L-Lysyl-tRNA"
"16624","hsa00970","","WP3925","Leu-tRNA(Leu)","C02047","L-Leucyl-tRNA"
"18366","hsa00970","R-HSA-379716;R-HSA-5389840;R-HSA-379726;R-HSA-156902;R-HSA-192823;R-HSA-156842","WP3925","Arg-tRNA(Arg)","C02163","L-Arginyl-tRNA(Arg)"
"29166","hsa00970","R-HSA-379716;R-HSA-5389840;R-HSA-379726;R-HSA-156902;R-HSA-192823;R-HSA-156842","","Gln-tRNA(Gln)","C02282","Glutaminyl-tRNA"
"29156","hsa00970","R-HSA-379716;R-HSA-5389840;R-HSA-379726;R-HSA-156902;R-HSA-192823;R-HSA-156842","","Gly-tRNA(Gly)","C02412","Glycyl-tRNA(Gly)"
"16635","hsa00970","","WP3925","Met-tRNA(Met)","C02430","L-Methionyl-tRNA"
"29162","hsa00970","R-HSA-379716;R-HSA-5389840;R-HSA-379726;R-HSA-156902;R-HSA-192823;R-HSA-156842","","Ser-tRNA(Ser)","C02553","L-Seryl-tRNA(Ser)"
"29164","hsa00970","R-HSA-379716;R-HSA-5389840;R-HSA-379726;R-HSA-156902;R-HSA-192823;R-HSA-156842","WP3925","Val-tRNA(Val)","C02554","L-Valyl-tRNA(Val)"
"29154","hsa00970","R-HSA-379716;R-HSA-5389840;R-HSA-379726;R-HSA-156902;R-HSA-192823;R-HSA-156842","","Pro-tRNA(Pro)","C02702","L-Prolyl-tRNA(Pro)"
"29161","hsa00970","R-HSA-379716;R-HSA-5389840;R-HSA-379726;R-HSA-156902;R-HSA-192823;R-HSA-156842","WP3925","Tyr-tRNA(Tyr)","C02839","L-Tyrosyl-tRNA(Tyr)"
"29158","hsa00970","R-HSA-379716;R-HSA-5389840;R-HSA-379726;R-HSA-156902;R-HSA-192823;R-HSA-156842","","Asp-tRNA(Asp)","C02984","L-Aspartyl-tRNA(Asp)"
"29155","hsa00970","R-HSA-379716;R-HSA-5389840;R-HSA-379726;R-HSA-156902;R-HSA-192823;R-HSA-156842","WP3925","His-tRNA(His)","C02988","L-Histidyl-tRNA(His)"
"29163","hsa00970","R-HSA-379716;R-HSA-5389840;R-HSA-379726;R-HSA-156902;R-HSA-192823;R-HSA-156842","","Thr-tRNA(Thr)","C02992","L-Threonyl-tRNA(Thr)"
"29152","hsa00970","R-HSA-379716;R-HSA-5389840;R-HSA-379726;R-HSA-156902;R-HSA-192823;R-HSA-156842","","Cys-tRNA(Cys)","C03125","L-Cysteinyl-tRNA(Cys)"
"29160","hsa00970","R-HSA-379716;R-HSA-5389840;R-HSA-379726;R-HSA-156902;R-HSA-192823;R-HSA-156842","WP3925","Ile-tRNA(Ile)","C03127","L-Isoleucyl-tRNA(Ile)"
"17119","hsa00970","","","fMet-tRNA(fMet)","C03294","N-Formylmethionyl-tRNA"
"29265","hsa00970","","","Asn-tRNA(Asn)","C03402","L-Asparaginyl-tRNA(Asn)"
"29153","hsa00970","R-HSA-379716;R-HSA-5389840;R-HSA-379726;R-HSA-156902;R-HSA-192823;R-HSA-156842","WP3925","Phe-tRNA(Phe)","C03511","L-Phenylalanyl-tRNA(Phe)"
"29159","hsa00970","R-HSA-379716;R-HSA-5389840;R-HSA-379726;R-HSA-156902;R-HSA-192823;R-HSA-156842","WP3925","Trp-tRNA(Trp)","C03512","L-Tryptophanyl-tRNA(Trp)"
"29165","hsa00970","","","Glu-tRNA(Gln)","C06112","L-Glutamyl-tRNA(Gln)"
"29151","hsa00970","","","Asp-tRNA(Asn)","C06113","L-Aspartyl-tRNA(Asn)"
"21860","hsa00970;hsa04974","","","L-pyrrolysine","C16138","L-Pyrrolysine"
"80866","hsa00970","","","O-Phosphoseryl-tRNA(Cys)","C17022","O-Phosphoseryl-tRNA(Cys)"
"80870","hsa00970","","","L-Pyrrolysyl-tRNA(Pyl)","C17027","L-Pyrrolysyl-tRNA(Pyl)"
"22984","hsa04141;hsa04010;hsa04012;hsa04014;hsa04015;hsa04310;hsa04370;hsa04371;hsa04064;hsa04066;hsa04020;hsa04070;hsa04072;hsa04024;hsa04022;hsa04152;hsa04114;hsa04210;hsa04217;hsa04218;hsa04530;hsa04540;hsa04611;hsa04613;hsa04621;hsa04625;hsa04650;hsa04660;hsa04658;hsa04659;hsa04662;hsa04664;hsa04666;hsa04670;hsa04062;hsa04911;hsa04922;hsa04920;hsa04929;hsa04912;hsa04915;hsa04921;hsa04926;hsa04935;hsa04918;hsa04919;hsa04928;hsa04916;hsa04924;hsa04925;hsa04927;hsa04260;hsa04261;hsa04270;hsa04970;hsa04971;hsa04972;hsa04973;hsa04974;hsa04978;hsa04961;hsa04724;hsa04727;hsa04725;hsa04728;hsa04726;hsa04720;hsa04730;hsa04723;hsa04721;hsa04722;hsa04744;hsa04740;hsa04742;hsa04750;hsa04360;hsa04380;hsa04211;hsa04710;hsa04713;hsa05200;hsa05207;hsa05235;hsa05225;hsa05214;hsa05223;hsa05166;hsa05170;hsa05161;hsa05163;hsa05167;hsa05169;hsa05131;hsa05135;hsa05133;hsa05152;hsa05146;hsa05145;hsa05140;hsa05142;hsa05143;hsa05010;hsa05012;hsa05014;hsa05016;hsa05017;hsa05020;hsa05022;hsa05031;hsa05032;hsa05033;hsa05034;hsa05417;hsa05418;hsa05410;hsa05412;hsa05414;hsa05415;hsa04930;hsa04936;hsa04933;hsa04934","","WP2447;WP2118;WP3929;WP5094;WP722;WP732","calcium atom","C00076","Calcium cation"
"29108","hsa04141;hsa04010;hsa04012;hsa04014;hsa04015;hsa04310;hsa04370;hsa04371;hsa04064;hsa04066;hsa04020;hsa04070;hsa04072;hsa04024;hsa04022;hsa04152;hsa04114;hsa04210;hsa04217;hsa04218;hsa04530;hsa04540;hsa04611;hsa04613;hsa04621;hsa04625;hsa04650;hsa04660;hsa04658;hsa04659;hsa04662;hsa04664;hsa04666;hsa04670;hsa04062;hsa04911;hsa04922;hsa04920;hsa04929;hsa04912;hsa04915;hsa04921;hsa04926;hsa04935;hsa04918;hsa04919;hsa04928;hsa04916;hsa04924;hsa04925;hsa04927;hsa04260;hsa04261;hsa04270;hsa04970;hsa04971;hsa04972;hsa04973;hsa04974;hsa04978;hsa04961;hsa04724;hsa04727;hsa04725;hsa04728;hsa04726;hsa04720;hsa04730;hsa04723;hsa04721;hsa04722;hsa04744;hsa04740;hsa04742;hsa04750;hsa04360;hsa04380;hsa04211;hsa04710;hsa04713;hsa05200;hsa05207;hsa05235;hsa05225;hsa05214;hsa05223;hsa05166;hsa05170;hsa05161;hsa05163;hsa05167;hsa05169;hsa05131;hsa05135;hsa05133;hsa05152;hsa05146;hsa05145;hsa05140;hsa05142;hsa05143;hsa05010;hsa05012;hsa05014;hsa05016;hsa05017;hsa05020;hsa05022;hsa05031;hsa05032;hsa05033;hsa05034;hsa05417;hsa05418;hsa05410;hsa05412;hsa05414;hsa05415;hsa04930;hsa04936;hsa04933;hsa04934","R-HSA-114608;R-HSA-114608;R-HSA-381426;R-HSA-418990;R-HSA-5218920;R-HSA-5218920;R-HSA-8963693;R-HSA-5576893;R-HSA-5576893;R-HSA-1482788;R-HSA-1482788;R-HSA-1482788;R-HSA-1482801;R-HSA-1482801;R-HSA-1482801;R-HSA-1482839;R-HSA-1482839;R-HSA-1482839;R-HSA-1482925;R-HSA-1482925;R-HSA-1482925;R-HSA-1483115;R-HSA-1483166;R-HSA-1483166;R-HSA-1483166;R-HSA-1483166;R-HSA-5210891;R-HSA-5210891;R-HSA-5210891;R-HSA-5210891;R-HSA-6802952;R-HSA-6802952;R-HSA-8862803;R-HSA-8862803;R-HSA-418594;R-HSA-166663;R-HSA-977606;R-HSA-5673001;R-HSA-6803157;R-HSA-2514859;R-HSA-2514859;R-HSA-9648002;R-HSA-2672351;R-HSA-2672351;R-HSA-2672351;R-HSA-9833576;R-HSA-5578775;R-HSA-5578775;R-HSA-5578775;R-HSA-5578775;R-HSA-5578775;R-HSA-5578775;R-HSA-5578775;R-HSA-5578775;R-HSA-5578775;R-HSA-6809371;R-HSA-936837;R-HSA-936837;R-HSA-936837;R-HSA-936837;R-HSA-936837;R-HSA-2024096;R-HSA-9662360;R-HSA-9662360;R-HSA-9662361;R-HSA-9662361;R-HSA-977225;R-HSA-977225;R-HSA-375276;R-HSA-1474228;R-HSA-1474228;R-HSA-1474228;R-HSA-1474228;R-HSA-114508;R-HSA-114508;R-HSA-114508;R-HSA-114508;R-HSA-2871837;R-HSA-354192;R-HSA-354192;R-HSA-392517;R-HSA-9705671;R-HSA-9705671;R-HSA-416476;R-HSA-9856872;R-HSA-445355;R-HSA-445355;R-HSA-1169091;R-HSA-1169091;R-HSA-1236974;R-HSA-180024;R-HSA-5674135;R-HSA-6802946;R-HSA-6802946;R-HSA-6802948;R-HSA-6802955;R-HSA-6802955;R-HSA-9649948;R-HSA-9649948;R-HSA-9656223;R-HSA-9656223;R-HSA-418597;R-HSA-166058;R-HSA-5602498;R-HSA-5603041;R-HSA-5686938;R-HSA-8949215;R-HSA-8949215;R-HSA-8949215;R-HSA-8949215;R-HSA-8949215;R-HSA-112308;R-HSA-112308;R-HSA-1445148;R-HSA-5626467;R-HSA-5626467;R-HSA-9619483;R-HSA-5627123;R-HSA-5627123;R-HSA-422356;R-HSA-422356;R-HSA-422356;R-HSA-422356;R-HSA-422356;R-HSA-422356;R-HSA-422356;R-HSA-9725554;R-HSA-203615;R-HSA-203615;R-HSA-381771;R-HSA-2871809;R-HSA-2871809;R-HSA-2871809;R-HSA-2871809;R-HSA-202733;R-HSA-202733;R-HSA-9692916;R-HSA-9692916;R-HSA-210500;R-HSA-2151201;R-HSA-140875;R-HSA-140875;R-HSA-166662;R-HSA-9754706;R-HSA-9754706;R-HSA-9660826;R-HSA-264876;R-HSA-264876;R-HSA-264876;R-HSA-111932;R-HSA-111932;R-HSA-111932;R-HSA-442729;R-HSA-442729;R-HSA-442729;R-HSA-9619229;R-HSA-9619229;R-HSA-211945;R-HSA-456926;R-HSA-2024101;R-HSA-4086398;R-HSA-4086398;R-HSA-4086398;R-HSA-4086398;R-HSA-9009391;R-HSA-163615;R-HSA-442720;R-HSA-9664323;R-HSA-9664323;R-HSA-9664323;R-HSA-1250196;R-HSA-2855086;R-HSA-112043;R-HSA-112043;R-HSA-1489509;R-HSA-1489509;R-HSA-2029485;R-HSA-2029485;R-HSA-5218921;R-HSA-5218921;R-HSA-5218921;R-HSA-5607763;R-HSA-5607763;R-HSA-5607763;R-HSA-5607763;R-HSA-983695;R-HSA-983695;R-HSA-983695;R-HSA-983695;R-HSA-983695;R-HSA-983695;R-HSA-5668599;R-HSA-888590;R-HSA-9840310;R-HSA-9840310;R-HSA-2160916;R-HSA-381753;R-HSA-381753;R-HSA-3295583;R-HSA-3295583;R-HSA-1482922;R-HSA-1482922;R-HSA-1482922;R-HSA-3247509;R-HSA-5576892;R-HSA-5576892;R-HSA-2142691;R-HSA-2142691;R-HSA-1855204;R-HSA-1855204;R-HSA-1855204;R-HSA-629594;R-HSA-629594;R-HSA-629597;R-HSA-629597;R-HSA-1300642;R-HSA-1300642;R-HSA-416993;R-HSA-5099900;R-HSA-9717207;R-HSA-9717207;R-HSA-9717207;R-HSA-9845576;R-HSA-425561;R-HSA-425561;R-HSA-425561;R-HSA-5619055;R-HSA-2485179;R-HSA-2485179;R-HSA-2485179;R-HSA-2485179;R-HSA-9845614;R-HSA-3000178;R-HSA-76009;R-HSA-9022692;R-HSA-5621575;R-HSA-422085;R-HSA-400511;R-HSA-372708;R-HSA-173623;R-HSA-1660499;R-HSA-8876493;R-HSA-1663150;R-HSA-111933;R-HSA-2142753;R-HSA-390522;R-HSA-112314;R-HSA-112314;R-HSA-1474151;R-HSA-6783984;R-HSA-9853506;R-HSA-438066;R-HSA-438066;R-HSA-442982;R-HSA-451308;R-HSA-451308;R-HSA-9617324;R-HSA-9617324;R-HSA-9620244;R-HSA-70221;R-HSA-70221;R-HSA-140837;R-HSA-140837;R-HSA-1660514;R-HSA-1660516;R-HSA-1660517;R-HSA-4419969;R-HSA-9657688;R-HSA-9672391;R-HSA-140834;R-HSA-140834;R-HSA-9672383;R-HSA-9672396;R-HSA-9673202;R-HSA-9673221;R-HSA-8963684;R-HSA-420499;R-HSA-354194;R-HSA-2025928;R-HSA-2025928;R-HSA-5673000;R-HSA-2142700;R-HSA-139853;R-HSA-139853;R-HSA-139853;R-HSA-139853;R-HSA-139853;R-HSA-139853;R-HSA-2142688;R-HSA-2142688;R-HSA-8935690;R-HSA-1482798;R-HSA-1483206;R-HSA-5619036;R-HSA-399710;R-HSA-399710;R-HSA-9768777;R-HSA-6799990;R-HSA-2206296;R-HSA-9667769;R-HSA-9667769;R-HSA-8850843;R-HSA-8850843;R-HSA-8850843;R-HSA-2206285;R-HSA-196071;R-HSA-9022535;R-HSA-167060;R-HSA-418359;R-HSA-418359;R-HSA-418359;R-HSA-209952;R-HSA-111957;R-HSA-111995;R-HSA-114516;R-HSA-76005;R-HSA-76005;R-HSA-111997;R-HSA-5619077","WP5402;WP5407;WP4950;WP4949;WP5224;WP5365;WP5380;WP554;WP5420;WP1403;WP5343;WP4298;WP5356;WP4962;WP5124;WP2059;WP2447;WP1772;WP2118;WP5289;WP3676;WP5142;WP536;WP5434;WP3869;WP2795;WP5344;WP3679;WP3929;WP5283;WP2636;WP5090;WP2355;WP4875;WP5200;WP5443;WP3931;WP2197;WP4239;WP673;WP5235;WP4790;WP35;WP4159;WP5143;WP5446;WP4941;WP3958;WP5269;WP5166;WP5385;WP4666;WP5231;WP195;WP5360;WP5074;WP4871;WP382;WP4205;WP4560;WP3301;WP4288;WP4589;WP1544;WP391;WP4008;WP2507;WP2513;WP4919;WP5083;WP1603;WP1602;WP4255;WP5424;WP5094;WP12;WP2889;WP2526;WP4760;WP4222;WP3680;WP1528;WP5087;WP2571;WP3998;WP3995;WP5122;WP5321;WP5088;WP98;WP4900;WP4969;WP4223;WP4838;WP4756;WP15;WP722;WP3947;WP732;WP4539;WP2267;WP2583;WP3863;WP5300;WP4746;WP1981;WP4786;WP1584;WP1531;WP4698;WP428;WP4150","calcium(2+)","C00076","Calcium cation"
"81006","hsa04122","","","tRNA containing 2-thiouridine","C17322","tRNA containing 2-thiouridine"
"37397","hsa03264;hsa05205;hsa05418","R-HSA-373080;R-HSA-1592389;R-HSA-3000497;R-HSA-3000497","WP4815;WP5312","chondroitin sulfate","C00607","Chondroitin sulfate"
"18291","hsa02010;hsa05012","","","manganese atom","C00034","Manganese"
"27363","hsa02010;hsa04978;hsa05010","","WP5407;WP5355","zinc atom","C00038","Zinc cation"
"29105","hsa02010;hsa04978;hsa05010","R-HSA-9753281;R-HSA-74217;R-HSA-5218920;R-HSA-1989781;R-HSA-9833110;R-HSA-8963693;R-HSA-2644606;R-HSA-2894862;R-HSA-1614517;R-HSA-1483166;R-HSA-5210891;R-HSA-5210891;R-HSA-5210891;R-HSA-5210891;R-HSA-1268020;R-HSA-6803157;R-HSA-6803157;R-HSA-74259;R-HSA-74259;R-HSA-9648002;R-HSA-9820960;R-HSA-977225;R-HSA-977225;R-HSA-375276;R-HSA-5693565;R-HSA-5693571;R-HSA-5693607;R-HSA-69473;R-HSA-9707564;R-HSA-2022377;R-HSA-2022377;R-HSA-2022377;R-HSA-416476;R-HSA-5365859;R-HSA-177929;R-HSA-2122948;R-HSA-2660826;R-HSA-2691232;R-HSA-2979096;R-HSA-9013507;R-HSA-9013700;R-HSA-180024;R-HSA-418555;R-HSA-947581;R-HSA-1222556;R-HSA-1222556;R-HSA-77387;R-HSA-5661270;R-HSA-8949664;R-HSA-8949664;R-HSA-422356;R-HSA-422356;R-HSA-422356;R-HSA-1251985;R-HSA-203615;R-HSA-9837999;R-HSA-9837999;R-HSA-2871809;R-HSA-2871809;R-HSA-2151201;R-HSA-2151201;R-HSA-2426168;R-HSA-5683826;R-HSA-3299685;R-HSA-3299685;R-HSA-3299685;R-HSA-3299685;R-HSA-3299685;R-HSA-3299685;R-HSA-189483;R-HSA-9660826;R-HSA-264876;R-HSA-264876;R-HSA-264876;R-HSA-264876;R-HSA-5578768;R-HSA-4086398;R-HSA-4086398;R-HSA-9009391;R-HSA-9840373;R-HSA-9840373;R-HSA-9840373;R-HSA-5607763;R-HSA-5607763;R-HSA-9662834;R-HSA-9662834;R-HSA-9662834;R-HSA-9664535;R-HSA-975578;R-HSA-170968;R-HSA-170968;R-HSA-70268;R-HSA-1475029;R-HSA-1475029;R-HSA-1475029;R-HSA-1475029;R-HSA-5250971;R-HSA-5250971;R-HSA-5250971;R-HSA-5250971;R-HSA-2142691;R-HSA-169911;R-HSA-982772;R-HSA-203641;R-HSA-9854311;R-HSA-2161541;R-HSA-71384;R-HSA-373076;R-HSA-5423646;R-HSA-9845614;R-HSA-5250958;R-HSA-5250958;R-HSA-5250958;R-HSA-5250958;R-HSA-156581;R-HSA-425410;R-HSA-425410;R-HSA-196807;R-HSA-196807;R-HSA-196807;R-HSA-189451;R-HSA-880009;R-HSA-170984;R-HSA-1170546;R-HSA-1170546;R-HSA-1170546;R-HSA-9828806;R-HSA-9828806;R-HSA-5660489;R-HSA-5660489;R-HSA-8876493;R-HSA-73614;R-HSA-73621;R-HSA-73621;R-HSA-9018681;R-HSA-5662702;R-HSA-9759218;R-HSA-435368;R-HSA-435368;R-HSA-435368;R-HSA-435368;R-HSA-435368;R-HSA-435368;R-HSA-435368;R-HSA-1474151;R-HSA-204174;R-HSA-6798163;R-HSA-8963896;R-HSA-1614635;R-HSA-140837;R-HSA-163841;R-HSA-2025928;R-HSA-2025928;R-HSA-5250955;R-HSA-5250955;R-HSA-5250955;R-HSA-5250955;R-HSA-5250968;R-HSA-5250968;R-HSA-5250968;R-HSA-5250968;R-HSA-5250981;R-HSA-5250981;R-HSA-5250981;R-HSA-5250981;R-HSA-5652227;R-HSA-8853383;R-HSA-8853383;R-HSA-193692;R-HSA-193692;R-HSA-442380;R-HSA-442380;R-HSA-442380;R-HSA-442380;R-HSA-442380;R-HSA-9018676;R-HSA-9018896;R-HSA-9020265;R-HSA-9023661;R-HSA-5250982;R-HSA-5250982;R-HSA-5250982;R-HSA-5250982;R-HSA-5250982;R-HSA-8935690;R-HSA-8956319;R-HSA-1237112;R-HSA-75205;R-HSA-1237044;R-HSA-1237044;R-HSA-1247673;R-HSA-1247673;R-HSA-964975;R-HSA-9828642;R-HSA-9820962;R-HSA-9834752;R-HSA-6799990;R-HSA-5657655;R-HSA-5661231;R-HSA-5661231;R-HSA-1222538;R-HSA-3359467;R-HSA-3359469;R-HSA-6803544;R-HSA-6803544;R-HSA-187706;R-HSA-203754;R-HSA-5619088;R-HSA-5250992;R-HSA-5250992;R-HSA-5250992;R-HSA-5250992;R-HSA-5250989;R-HSA-5250989;R-HSA-5250989;R-HSA-5250989;R-HSA-75893;R-HSA-5579007","WP5420;WP272;WP176;WP5351;WP3580;WP5144;WP241;WP4900;WP15;WP5381;WP1533;WP3529","zinc(2+)","C00038","Zinc cation"
"28694","hsa02010;hsa04978;hsa05208;hsa05010;hsa05014;hsa05022","R-HSA-5628897;R-HSA-611105;R-HSA-9707564;R-HSA-917937;R-HSA-211945;R-HSA-425410;R-HSA-209905;R-HSA-5655799","","copper atom","C00070","Copper"
"46761","hsa02010","","","dipeptide","C00107","Dipeptide"
"27638","hsa02010;hsa05208","R-HSA-2514859;R-HSA-880009","","cobalt atom","C00175","Cobalt ion"
"27638","hsa02010;hsa05208","R-HSA-2514859;R-HSA-880009","","cobalt atom","C19171","Cobalt"
"48828","hsa02010","","WP3580","cobalt(2+)","C00175","Cobalt ion"
"28112","hsa02010;hsa05208","","","nickel atom","C00291","Nickel"
"16412","hsa02010;hsa04010;hsa04066;hsa04613;hsa05130;hsa05132;hsa05131;hsa05135;hsa05133;hsa05134;hsa05152;hsa05332;hsa05417","R-HSA-936964;R-HSA-9824878;R-HSA-140534;R-HSA-166016;R-HSA-166016;R-HSA-166166;R-HSA-2562578;R-HSA-937041;R-HSA-937072;R-HSA-975163;R-HSA-6803157;R-HSA-6803157;R-HSA-1236974;R-HSA-166058;R-HSA-5602498;R-HSA-5603041;R-HSA-5686938;R-HSA-3000480;R-HSA-3000480;R-HSA-3000480;R-HSA-3000480;R-HSA-3000471;R-HSA-3000471;R-HSA-166020","WP3926;WP4136;WP382;WP4630;WP3298;WP5083;WP51;WP4329","lipopolysaccharide","C00338","Lipopolysaccharide"
"48299","hsa02010","","","butane-1,2,3,4-tetrol","C00503","Erythritol"
"17113","hsa02010","","","erythritol","C00503","Erythritol"
"16247","hsa02010;hsa04976;hsa04975;hsa04979;hsa05417","R-HSA-9615710;R-HSA-9615710;R-HSA-975634;R-HSA-975634;R-HSA-975634;R-HSA-975634;R-HSA-975634;R-HSA-8856828;R-HSA-8856825;R-HSA-5686938;R-HSA-9707616;R-HSA-202733;R-HSA-3000484;R-HSA-3000484;R-HSA-3000484;R-HSA-8964038;R-HSA-8964038;R-HSA-8964038;R-HSA-8964038;R-HSA-8964038;R-HSA-8964038;R-HSA-8964038;R-HSA-8964041;R-HSA-8964041;R-HSA-8964058;R-HSA-8964058;R-HSA-8964572;R-HSA-8963901;R-HSA-3000480;R-HSA-3000480;R-HSA-3000480;R-HSA-432142;R-HSA-8963896;R-HSA-8963896;R-HSA-8963896;R-HSA-2168880;R-HSA-3000497;R-HSA-3000497;R-HSA-8964026;R-HSA-8964026;R-HSA-8964026;R-HSA-8964026;R-HSA-8964026;R-HSA-8964026;R-HSA-1483206;R-HSA-3000471;R-HSA-3000471;R-HSA-3000471;R-HSA-8964011;R-HSA-8964011;R-HSA-8963888;R-HSA-8963888;R-HSA-8963888;R-HSA-8866423;R-HSA-8866423;R-HSA-8866423;R-HSA-8866423;R-HSA-8964046;R-HSA-8964046","WP5238;WP5304;WP2289;WP5333;WP5108;WP5109;WP5110;WP5111;WP5112;WP5323;WP4206;WP5424;WP2526;WP5122;WP5321;WP98;WP430;WP4297;WP2525","phospholipid","C00865","Phospholipid"
"16822","hsa02010","","","choline sulfate","C00919","Choline sulfate"
"7794","hsa02010","","WP4905","phosphate monoester","C01153","Orthophosphoric monoester"
"26708","hsa02010;hsa04371;hsa04020;hsa04024;hsa04911;hsa04929;hsa04918;hsa04919;hsa04928;hsa04925;hsa04260;hsa04261;hsa04970;hsa04971;hsa04972;hsa04976;hsa04973;hsa04974;hsa04977;hsa04978;hsa04960;hsa04961;hsa04964;hsa04724;hsa04725;hsa04728;hsa04726;hsa04720;hsa04730;hsa04723;hsa04744;hsa04740;hsa04742;hsa04750;hsa04713;hsa05110;hsa05016;hsa05017;hsa05022;hsa05031;hsa05033;hsa05410;hsa05412;hsa05414","","WP2118","sodium atom","C01330","Sodium cation"
"29101","hsa02010;hsa04371;hsa04020;hsa04024;hsa04911;hsa04929;hsa04918;hsa04919;hsa04928;hsa04925;hsa04260;hsa04261;hsa04970;hsa04971;hsa04972;hsa04976;hsa04973;hsa04974;hsa04977;hsa04978;hsa04960;hsa04961;hsa04964;hsa04724;hsa04725;hsa04728;hsa04726;hsa04720;hsa04730;hsa04723;hsa04744;hsa04740;hsa04742;hsa04750;hsa04713;hsa05110;hsa05016;hsa05017;hsa05022;hsa05031;hsa05033;hsa05410;hsa05412;hsa05414","R-HSA-9755088;R-HSA-9755088;R-HSA-2672351;R-HSA-2672351;R-HSA-2672351;R-HSA-2672351;R-HSA-2672351;R-HSA-2672351;R-HSA-2672351;R-HSA-9748787;R-HSA-9748787;R-HSA-5578775;R-HSA-5578775;R-HSA-936837;R-HSA-936837;R-HSA-197264;R-HSA-197264;R-HSA-8949215;R-HSA-8949215;R-HSA-8949215;R-HSA-8949215;R-HSA-1483191;R-HSA-1483191;R-HSA-425986;R-HSA-425986;R-HSA-425986;R-HSA-425986;R-HSA-425986;R-HSA-5619092;R-HSA-210500;R-HSA-210500;R-HSA-264642;R-HSA-264642;R-HSA-159418;R-HSA-159418;R-HSA-427589;R-HSA-427589;R-HSA-5619045;R-HSA-5683826;R-HSA-5683826;R-HSA-5687583;R-HSA-426117;R-HSA-426117;R-HSA-209968;R-HSA-209968;R-HSA-427601;R-HSA-427601;R-HSA-381753;R-HSA-381753;R-HSA-352230;R-HSA-352230;R-HSA-3295583;R-HSA-3295583;R-HSA-189200;R-HSA-189200;R-HSA-442660;R-HSA-442660;R-HSA-5619094;R-HSA-5576892;R-HSA-5576892;R-HSA-629587;R-HSA-629587;R-HSA-429593;R-HSA-429593;R-HSA-71288;R-HSA-71288;R-HSA-425393;R-HSA-425393;R-HSA-196836;R-HSA-196836;R-HSA-9717207;R-HSA-9717207;R-HSA-9730628;R-HSA-9730628;R-HSA-9730628;R-HSA-425561;R-HSA-425561;R-HSA-425561;R-HSA-5619055;R-HSA-2485179;R-HSA-2485179;R-HSA-2485179;R-HSA-2485179;R-HSA-425366;R-HSA-425366;R-HSA-200425;R-HSA-200425;R-HSA-5619097;R-HSA-428643;R-HSA-428643;R-HSA-112314;R-HSA-112314;R-HSA-438066;R-HSA-438066;R-HSA-438066;R-HSA-83936;R-HSA-83936;R-HSA-199220;R-HSA-199220;R-HSA-139853;R-HSA-139853;R-HSA-425381;R-HSA-425381;R-HSA-433137;R-HSA-433137;R-HSA-5619036;R-HSA-5619052;R-HSA-399710;R-HSA-399710;R-HSA-451307;R-HSA-451307;R-HSA-196780;R-HSA-196780;R-HSA-6799990;R-HSA-5619044;R-HSA-5659735;R-HSA-379401;R-HSA-379401;R-HSA-418359;R-HSA-418359;R-HSA-549127;R-HSA-549127;R-HSA-425397;R-HSA-425397;R-HSA-5619101;R-HSA-5660686;R-HSA-5619114;R-HSA-5658471;R-HSA-8981373;R-HSA-8981373;R-HSA-5619067;R-HSA-5619062;R-HSA-5660862;R-HSA-5656364;R-HSA-5658208;R-HSA-5619096;R-HSA-888593;R-HSA-888593;R-HSA-5619109;R-HSA-5619081;R-HSA-5660724;R-HSA-380615;R-HSA-380615;R-HSA-5619104;R-HSA-5619087;R-HSA-5619040;R-HSA-427652;R-HSA-427652;R-HSA-5619111;R-HSA-5619053;R-HSA-5619054;R-HSA-5619089;R-HSA-5619077","WP5407;WP5222;WP5224;WP5380;WP5356;WP5029;WP2118;WP536;WP5313;WP3679;WP5238;WP5200;WP5443;WP5396;WP5231;WP5314;WP1603;WP1602;WP322;WP12;WP2526;WP4760;WP2571;WP4917;WP4838;WP4746;WP4698","sodium(1+)","C01330","Sodium cation"
"17563","hsa02010","","","phthalate(2-)","C01606","Phthalate"
"29069","hsa02010","","WP4949","phthalic acid","C01606","Phthalate"
"28309","hsa02010","","","xylobiose","C01630","Xylobiose"
"63152","hsa02010","","","alpha-D-rhamnose","C01684","D-Rhamnose"
"28029","hsa02010","","","aldehydo-D-rhamnose","C01684","D-Rhamnose"
"6495","hsa02010","","WP5108;WP5109;WP5110;WP5111;WP5112;WP430;WP75","lipoprotein","C01834","Lipoprotein"
"61993","hsa02010;hsa04973","","","maltotriose","C01835","Maltotriose"
"27931","hsa02010;hsa04973","R-HSA-189085;R-HSA-5659898","","alpha-maltotriose","C01835","Maltotriose"
"16869","hsa02010","","","oleandomycin","C01946","Oleandomycin"
"27649","hsa02010","","","isomaltotriose","C02160","Isomaltotriose"
"5257","hsa02010","","","Galactose oligosaccharide","C03611","Galactose oligosaccharide"
"17540","hsa02010","","","methyl beta-D-galactoside","C03619","Methyl beta-D-galactoside"
"1774","hsa02010","","","(E)-4-(trimethylammonio)but-2-enoic acid","C04114","(E)-4-(Trimethylammonio)but-2-enoate"
"17237","hsa02010","","","(E)-4-(trimethylammonio)but-2-enoate","C04114","(E)-4-(Trimethylammonio)but-2-enoate"
"100241","hsa02010","","","ciprofloxacin","C05349","Ciprofloxacin"
"28911","hsa02010","R-HSA-3359474;R-HSA-3359457;R-HSA-3359485;R-HSA-5683329;R-HSA-3359454","WP176;WP3580;WP241;WP15;WP4271;WP1533","cob(III)alamin","C05776","Vitamin B12"
"28163","hsa02010","","","iron(III) hydroxamate","C06227","Fe(III)hydroxamate"
"28199","hsa02010","","","ferrienterobactin(3-)","C06230","Fe-enterobactin"
"36264","hsa02010","R-HSA-947581","","molybdate","C06232","Molybdate"
"100246","hsa02010","","","norfloxacin","C06687","Norfloxacin"
"3379","hsa02010","","","capsular polysaccharide","C06705","Capsular polysaccharide"
"30049","hsa02010","","","teichoic acid","C06707","Teichoic acid"
"50385","hsa02010","","","hemin","C06767","Hemine"
"9212","hsa02010","","","sparfloxacin","C07662","Sparfloxacin"
"63611","hsa02010","","","moxifloxacin","C07663","Moxifloxacin"
"59063","hsa02010","","","polymyxin B2","C11612","Polymyxin B"
"37943","hsa02010","","","colistin","C13768","Colistin sulfate"
"80049","hsa02010","","","coelichelin","C15719","Coelichelin"
"40646","hsa02010","","","autoinducer-2","C16421","AI-2"
"80662","hsa02010","","","mannopine","C16692","Mannopine"
"180431","hsa02010","","","alpha-1,5-L-Arabinobiose","C20570","alpha-1,5-L-Arabinobiose"
"138874","hsa02010","","","alpha-1,5-L-Arabinotriose","C20571","alpha-1,5-L-Arabinotriose"
"190266","hsa02010","","","alpha-1,5-L-Arabinotetraose","C20572","alpha-1,5-L-Arabinotetraose"
"176938","hsa02010","","","Aldotetraouronic acid","C20573","Aldotetraouronic acid"
"143624","hsa02010","","","D-galactofuranose","C21066","D-Galactofuranose"
"18035","hsa04010;hsa04012;hsa04014;hsa04015;hsa04370;hsa04371;hsa04064;hsa04066;hsa04020;hsa04072;hsa04071;hsa04024;hsa04540;hsa04611;hsa04613;hsa04625;hsa04650;hsa04660;hsa04658;hsa04659;hsa04662;hsa04664;hsa04666;hsa04062;hsa04911;hsa04923;hsa04920;hsa04929;hsa04912;hsa04915;hsa04921;hsa04926;hsa04935;hsa04918;hsa04919;hsa04928;hsa04916;hsa04925;hsa04261;hsa04270;hsa04970;hsa04971;hsa04972;hsa04973;hsa04975;hsa04961;hsa04724;hsa04725;hsa04728;hsa04726;hsa04720;hsa04730;hsa04723;hsa04722;hsa04750;hsa04713;hsa04714;hsa05200;hsa05231;hsa05235;hsa05225;hsa05214;hsa05223;hsa05170;hsa05171;hsa05163;hsa05167;hsa05110;hsa05131;hsa05146;hsa05143;hsa05012;hsa05017;hsa05022;hsa05415;hsa04931;hsa04933","","WP4949;WP4962;WP3676;WP2380;WP5434;WP3679;WP3929;WP5304;WP2355;WP4806;WP5333;WP673;WP35;WP3958;WP2456;WP5074;WP3933;WP4871;WP3965;WP382;WP4205;WP4288;WP4589;WP5072;WP4341;WP4255;WP4760;WP4223;WP4838;WP5121;WP430;WP4321;WP4746;WP1981;WP325;WP4698","diglyceride","C00165","Diacylglycerol"
"5054","hsa04371;hsa04610;hsa05171","","WP4580;WP272;WP4136","Fibrin","C00290","Fibrin"
"18421","hsa04066;hsa04613;hsa05200;hsa05208;hsa05230;hsa05225;hsa05171;hsa05010;hsa05012;hsa05014;hsa05020;hsa05022;hsa05417;hsa05418;hsa05415;hsa04940","R-HSA-4420097;R-HSA-9707564;R-HSA-9707564;R-HSA-1222556;R-HSA-1222556;R-HSA-1222556;R-HSA-6803205;R-HSA-203615;R-HSA-3299685;R-HSA-3299685;R-HSA-3299685;R-HSA-3299685;R-HSA-5668599;R-HSA-5668599;R-HSA-9673324;R-HSA-9854311;R-HSA-1236973;R-HSA-1222387","WP5420;WP5124;WP2059;WP2447;WP5233;WP5434;WP697;WP176;WP5083;WP15;WP1533;WP4698","superoxide","C00704","Superoxide"
"31445","hsa04020;hsa04921;hsa04970;hsa04972","","WP4962;WP3679","cyclic ADP-beta-D-ribose","C13050","Cyclic ADP-ribose"
"76072","hsa04020;hsa04972","R-HSA-2672351","WP4210","nicotinic acid-adenine dinucleotide phosphate","C13051","Nicotinic acid adenine dinucleotide phosphate"
"62919","hsa04070","","","1-diphospho-1D-myo-inositol 2,3,4,5,6-pentakisphosphate","C11174","1-Diphosinositol pentakisphosphate"
"30164","hsa04070","","","5-diphospho-1D-myo-inositol pentakisphosphate","C11526","5-PP-InsP5"
"25941","hsa04071;hsa05010;hsa05014;hsa05022;hsa05418","R-HSA-1222556;R-HSA-1222556;R-HSA-1222556;R-HSA-203615;R-HSA-3299685;R-HSA-3299685;R-HSA-9854311;R-HSA-1474151;R-HSA-1222538","WP5224;WP5420","peroxynitrite","C16845","Peroxynitrite"
"26216","hsa04024;hsa04022;hsa04621;hsa04911;hsa04929;hsa04915;hsa04921;hsa04918;hsa04919;hsa04924;hsa04925;hsa04927;hsa04260;hsa04261;hsa04270;hsa04970;hsa04971;hsa04972;hsa04976;hsa04973;hsa04974;hsa04978;hsa04960;hsa04961;hsa04964;hsa04966;hsa04724;hsa04727;hsa04725;hsa04728;hsa04726;hsa04723;hsa04744;hsa04740;hsa04742;hsa04713;hsa05166;hsa05110;hsa05131;hsa05133;hsa05016;hsa05017;hsa05032;hsa04930;hsa04934","","","potassium atom","C00238","Potassium cation"
"29103","hsa04024;hsa04022;hsa04621;hsa04911;hsa04929;hsa04915;hsa04921;hsa04918;hsa04919;hsa04924;hsa04925;hsa04927;hsa04260;hsa04261;hsa04270;hsa04970;hsa04971;hsa04972;hsa04976;hsa04973;hsa04974;hsa04978;hsa04960;hsa04961;hsa04964;hsa04966;hsa04724;hsa04727;hsa04725;hsa04728;hsa04726;hsa04723;hsa04744;hsa04740;hsa04742;hsa04713;hsa05166;hsa05110;hsa05131;hsa05133;hsa05016;hsa05017;hsa05032;hsa04930;hsa04934","R-HSA-9833110;R-HSA-9833110;R-HSA-70171;R-HSA-5576890;R-HSA-5576890;R-HSA-5576893;R-HSA-5576893;R-HSA-1296061;R-HSA-1296061;R-HSA-112303;R-HSA-382556;R-HSA-382556;R-HSA-1296025;R-HSA-1296025;R-HSA-5578775;R-HSA-5578775;R-HSA-5678420;R-HSA-936837;R-HSA-936837;R-HSA-9662360;R-HSA-9662360;R-HSA-9662361;R-HSA-9662361;R-HSA-1299308;R-HSA-1299308;R-HSA-5576886;R-HSA-5576886;R-HSA-9705671;R-HSA-9705671;R-HSA-1296052;R-HSA-1296052;R-HSA-2408508;R-HSA-70895;R-HSA-112308;R-HSA-9692916;R-HSA-9692916;R-HSA-210500;R-HSA-210500;R-HSA-844456;R-HSA-844456;R-HSA-1296041;R-HSA-1296041;R-HSA-997272;R-HSA-997272;R-HSA-426117;R-HSA-426117;R-HSA-70268;R-HSA-425393;R-HSA-425393;R-HSA-1300642;R-HSA-1300642;R-HSA-425561;R-HSA-425561;R-HSA-425561;R-HSA-5619055;R-HSA-2485179;R-HSA-2485179;R-HSA-1296072;R-HSA-1296072;R-HSA-156581;R-HSA-70350;R-HSA-9729555;R-HSA-9729555;R-HSA-5362517;R-HSA-112314;R-HSA-112314;R-HSA-204174;R-HSA-9861559;R-HSA-1614635;R-HSA-5619036;R-HSA-5576894;R-HSA-5576894;R-HSA-1299344;R-HSA-1299344;R-HSA-1296067;R-HSA-1296067;R-HSA-1296053;R-HSA-1296053;R-HSA-5683177;R-HSA-5683177;R-HSA-1299503;R-HSA-1299503;R-HSA-1299316;R-HSA-1299316;R-HSA-9667769;R-HSA-9667769;R-HSA-5579024;R-HSA-1299287;R-HSA-1299287;R-HSA-5619067;R-HSA-5619062;R-HSA-5619104;R-HSA-1299361;R-HSA-1299361;R-HSA-5619077;R-HSA-5619039","WP5402;WP5365;WP5029;WP536;WP5313;WP5283;WP5200;WP2197;WP5235;WP5269;WP5231;WP5360;WP5314;WP3580;WP4008;WP3890;WP1603;WP1602;WP2571;WP4917;WP2597;WP4786;WP4698","potassium(1+)","C00238","Potassium cation"
"17996","hsa04024;hsa04152;hsa04928;hsa04924;hsa04970;hsa04971;hsa04972;hsa04976;hsa04978;hsa04960;hsa04964;hsa04966;hsa04727;hsa04740;hsa05110;hsa05120;hsa05032;hsa05033","","WP4932;WP5356;WP5029;WP4788;WP176;WP4159;WP2571;WP4784;WP4917;WP2597;WP15;WP1533","chloride","C00698","Cl-"
"16243","hsa04152","R-HSA-8935690","WP4874;WP2435","quercetin","C00389","Quercetin"
"16118","hsa04152","","","berberine","C00757","Berberine"
"6801","hsa04152;hsa04976;hsa04211","","WP1403;WP4674;WP2571","metformin","C07151","Metformin"
"4806","hsa04152","","WP4238","(-)-epigallocatechin 3-gallate","C09731","Epigallocatechin gallate"
"17134","hsa04080","","","octopamine","C04227","Octopamine"
"44715","hsa04080","","","(R)-octopamine","C04227","Octopamine"
"8337","hsa04080","R-HSA-1369007;R-HSA-1369007;R-HSA-5683371","","porphyrin","C05113","Porphyrin"
"174230","hsa04080","","","Pentaporphyrin I","C05113","Porphyrin"
"3306","hsa04080","","","calcitonin","C06865","Calcitonin"
"2700","hsa04080;hsa04723;hsa04750;hsa04714","R-HSA-418594;R-HSA-373076;R-HSA-2142753;R-HSA-2142753;R-HSA-112310","WP4949;WP5420;WP3869;WP4321","anandamide","C11695","Anandamide"
"31231","hsa04080;hsa04750","","","Arachidonoyl dopamine","C12271","N-Arachidonyldopamine"
"31883","hsa04080","","","N-oleoyldopamine","C12272","N-Oleoyldopamine"
"52392","hsa04080;hsa04723;hsa04714","","WP5420;WP3869;WP5094;WP4321","2-arachidonoylglycerol","C13856","2-Arachidonoylglycerol"
"80156","hsa04080","","","Endomorphin-1","C15890","Endomorphin-1"
"80157","hsa04080","","","Endomorphin-2","C15891","Endomorphin-2"
"80229","hsa04080;hsa05207","","","Bombesin","C15995","Bombesin"
"132223","hsa04080","","","L-homocysteic acid","C16511","L-Homocysteic acid"
"71464","hsa04080","","WP4949","palmitoyl ethanolamide","C16512","Palmitoylethanolamide"
"81564","hsa04148","","WP5191","resolvin D1","C18178","Resolvin D1"
"46245","hsa04216","","WP5030;WP5274;WP4313;WP4225;WP5037;WP78","coenzyme Q10","C11378","Ubiquinone-10"
"29191","hsa04216;hsa04217;hsa04218;hsa04625;hsa05200;hsa05204;hsa05208;hsa05225;hsa05012;hsa05014;hsa05022;hsa05415","","WP5434;WP4313;WP2371","hydroxyl","C16844","Hydroxyl radical"
"94287","hsa04216","","WP4313","erastin","C21478","Erastin"
"173109","hsa04216","","","RSL3","C21479","RSL3"
"25107","hsa04217;hsa04978;hsa04720;hsa04744","","WP3580","magnesium atom","C00305","Magnesium cation"
"18420","hsa04217;hsa04978;hsa04720;hsa04744","R-HSA-114608;R-HSA-114608;R-HSA-74217;R-HSA-9755088;R-HSA-9833110;R-HSA-2046106;R-HSA-4420097;R-HSA-70171;R-HSA-70171;R-HSA-70171;R-HSA-6802952;R-HSA-4085001;R-HSA-418594;R-HSA-983168;R-HSA-9861718;R-HSA-5663220;R-HSA-74259;R-HSA-2514859;R-HSA-72163;R-HSA-379716;R-HSA-9748787;R-HSA-936837;R-HSA-9820960;R-HSA-354192;R-HSA-71403;R-HSA-197264;R-HSA-9705671;R-HSA-71064;R-HSA-445355;R-HSA-445355;R-HSA-418555;R-HSA-418555;R-HSA-499943;R-HSA-499943;R-HSA-2142789;R-HSA-947581;R-HSA-5674135;R-HSA-6802946;R-HSA-6802948;R-HSA-6802955;R-HSA-9649948;R-HSA-9656223;R-HSA-9821993;R-HSA-2408508;R-HSA-418597;R-HSA-418597;R-HSA-379726;R-HSA-5610787;R-HSA-156584;R-HSA-1483191;R-HSA-1483191;R-HSA-1483191;R-HSA-1483213;R-HSA-1483213;R-HSA-1483226;R-HSA-422356;R-HSA-422356;R-HSA-5655862;R-HSA-5656121;R-HSA-389599;R-HSA-196819;R-HSA-73817;R-HSA-9660826;R-HSA-191273;R-HSA-432040;R-HSA-9634597;R-HSA-9634597;R-HSA-9660821;R-HSA-9660821;R-HSA-163359;R-HSA-163615;R-HSA-164378;R-HSA-170660;R-HSA-170670;R-HSA-170670;R-HSA-9664323;R-HSA-9840310;R-HSA-9840310;R-HSA-70268;R-HSA-70268;R-HSA-381753;R-HSA-977347;R-HSA-75892;R-HSA-75892;R-HSA-1855167;R-HSA-2393930;R-HSA-2393930;R-HSA-2393930;R-HSA-2408557;R-HSA-3248023;R-HSA-1855204;R-HSA-196843;R-HSA-450604;R-HSA-5223345;R-HSA-5223345;R-HSA-5223345;R-HSA-5223345;R-HSA-5223345;R-HSA-2161541;R-HSA-174403;R-HSA-216083;R-HSA-216083;R-HSA-216083;R-HSA-156581;R-HSA-425410;R-HSA-425410;R-HSA-70350;R-HSA-196807;R-HSA-196807;R-HSA-5362517;R-HSA-9818028;R-HSA-372708;R-HSA-9694631;R-HSA-171007;R-HSA-171007;R-HSA-9828806;R-HSA-1660499;R-HSA-73614;R-HSA-73621;R-HSA-73621;R-HSA-2142670;R-HSA-9694686;R-HSA-9694686;R-HSA-204174;R-HSA-9861559;R-HSA-6783984;R-HSA-9853506;R-HSA-438066;R-HSA-70221;R-HSA-4086400;R-HSA-1614635;R-HSA-1660514;R-HSA-1660516;R-HSA-1660517;R-HSA-70263;R-HSA-9018682;R-HSA-2046105;R-HSA-8963684;R-HSA-73843;R-HSA-354194;R-HSA-71336;R-HSA-139853;R-HSA-139853;R-HSA-217271;R-HSA-70370;R-HSA-3322077;R-HSA-3878781;R-HSA-71737;R-HSA-71737;R-HSA-1855183;R-HSA-1483206;R-HSA-1237112;R-HSA-9768777;R-HSA-5579006;R-HSA-392154;R-HSA-3785653;R-HSA-3814836;R-HSA-3828062;R-HSA-3858516;R-HSA-77111;R-HSA-9734281;R-HSA-9828642;R-HSA-9820962;R-HSA-9834752;R-HSA-9818025;R-HSA-8850843;R-HSA-5579024;R-HSA-193681;R-HSA-5609974;R-HSA-163754;R-HSA-9694786;R-HSA-9694786","WP5402;WP5348;WP4940;WP5407;WP5346;WP5420;WP5329;WP5090;WP176;WP3580;WP4008;WP5083;WP4224;WP4900;WP4688;WP5381","magnesium(2+)","C00305","Magnesium cation"
"21759","hsa04217","","","N-methyl-N'-nitro-N-nitrosoguanidine","C14592","N-Methyl-N'-nitro-N-nitrosoguanidine"
"9168","hsa04218;hsa04211","","WP4932;WP2328;WP4674;WP4539","sirolimus","C07909","Sirolimus"
"9574","hsa04610","","WP4580","Thrombin","C00752","Thrombin"
"3783","hsa04610","","","Coagulation Factor Xa","C01065","Coagulation factor Xa"
"3777","hsa04610","","","Coagulation Factor VIIa","C03378","Coagulation factor VIIa"
"80542","hsa04610","","","C5a anaphylatoxin","C16510","C5a anaphylatoxin"
"16336","hsa04613;hsa05418","R-HSA-2142850;R-HSA-844456;R-HSA-9660826;R-HSA-2160916;R-HSA-2534343;R-HSA-3000178;R-HSA-3000497;R-HSA-3000497","","hyaluronic acid","C00518","Hyaluronate"
"28793","hsa04613","","WP2806","beta-D-glucan","C00551","beta-D-Glucan"
"37537","hsa04613","","WP727;WP4341;WP4838","phorbol 13-acetate 12-myristate","C05151","12-O-Tetradecanoylphorbol 13-acetate"
"5158","hsa04613","","","Formylmethionyl-leucyl-phenylalanine methyl ester","C11221","Formylmethionyl-leucyl-phenylalanine methyl ester"
"28304","hsa04664;hsa05133","","WP4657;WP2806","heparin","C00374","Heparin"
"28087","hsa04922","","WP1946;WP5178;WP5173;WP500;WP5314;WP3602","glycogen","C00182","Glycogen"
"62845","hsa04913;hsa05208","","WP5276;WP697","4-hydroxy-17beta-estradiol","C14209","4-Hydroxy-17beta-estradiol"
"16382","hsa04918","R-HSA-209968;R-HSA-209968;R-HSA-427601;R-HSA-427601;R-HSA-5223345;R-HSA-5223345;R-HSA-428643;R-HSA-428643;R-HSA-350864;R-HSA-432047;R-HSA-432047;R-HSA-5619046;R-HSA-5619096","WP4917;WP4746;WP1981","iodide","C00708","Iodide"
"11684","hsa04919","","WP4767;WP4321","3,3',5'-triiodo-L-thyronine","C07639","3,3',5'-Triiodo-L-thyronine"
"28774","hsa04919","R-HSA-156584;R-HSA-879518;R-HSA-879518;R-HSA-209968;R-HSA-350864","WP15","3,3',5'-triiodothyronine","C07639","3,3',5'-Triiodo-L-thyronine"
"2718","hsa04924;hsa04614;hsa05171;hsa05415","","WP554;WP4818;WP5038;WP5133;WP4969;WP4756;WP4883;WP5183","angiotensin I","C00873","Angiotensin I"
"2719","hsa04924;hsa04614;hsa05171;hsa05415","","WP554;WP5356;WP2795;WP4818;WP4799;WP455;WP5360;WP5038;WP5133;WP4969;WP5258;WP4756;WP4883;WP5183;WP4961","Ile(5)-angiotensin II","C02135","Angiotensin II"
"80127","hsa04614","","","Angiotensin IV","C15849","Angiotensin IV"
"55438","hsa04614;hsa05171","","WP554;WP5036;WP5038;WP4969;WP4883;WP5183","Ile(5)-angiotensin II (1-7)","C15850","Angiotensin (1-7)"
"80128","hsa04614","","WP554;WP5038;WP4969;WP4883;WP5183","angiotensin (1-9)","C15851","Angiotensin (1-9)"
"80129","hsa04614","","WP554","Angiotensin (1-5)","C15852","Angiotensin (1-5)"
"230958","hsa04614","","","Angiotensin A","C20970","Angiotensin A"
"190281","hsa04614","","","Alamandine","C20971","Alamandine"
"144396","hsa04614","","","Angiotensin (5-8)","C20972","Angiotensin (5-8)"
"181933","hsa04614","","","Angiotensin (5-7)","C20973","Angiotensin (5-7)"
"64317","hsa04261","R-HSA-390696","","isoprenaline","C07056","Isoproterenol"
"28976","hsa04970;hsa04971;hsa04972;hsa04976;hsa04964;hsa04966","","WP4917","carbonic acid","C01353","Carbonic acid"
"16347","hsa04976;hsa04714;hsa05415","","WP5219","(R)-carnitine","C00318","L-Carnitine"
"16914","hsa04976","","","salicylic acid","C00805","Salicylate"
"30762","hsa04976","R-HSA-177128;R-HSA-9749641;R-HSA-9749641;R-HSA-9749641;R-HSA-9749641;R-HSA-9749641;R-HSA-9749641;R-HSA-156588;R-HSA-2162123;R-HSA-433692;R-HSA-433692;R-HSA-5619070","","salicylate","C00805","Salicylate"
"15365","hsa04976","","WP5155;WP5154;WP4961","acetylsalicylic acid","C01405","Aspirin"
"472805","hsa04976","","","ouabain","C01443","Ouabain"
"4911","hsa04976","","WP5180","etoposide","C01576","Etoposide"
"63618","hsa04976","","","pravastatin","C01844","Pravastatin"
"44185","hsa04976","","","methotrexate","C01937","Methotrexate"
"17864","hsa04976","","","taurolithocholic acid sulfate","C03642","Taurolithocholate sulfate"
"180957","hsa04976","","","3a-Hydroxycholanoic acid","C03990","Lithocholic acid"
"16325","hsa04976","","WP5273","lithocholic acid","C03990","Lithocholic acid"
"28834","hsa04976","R-HSA-1989781;R-HSA-193368;R-HSA-418555;R-HSA-159418;R-HSA-159418;R-HSA-192105;R-HSA-193807;R-HSA-211976;R-HSA-373076","WP2289","deoxycholic acid","C04483","Deoxycholic acid"
"6925","hsa04976","","","microcystin-LR","C05371","Microcystin LR"
"18208","hsa04976","","","benzylpenicillin","C05551","Penicillin G"
"15854","hsa04976;hsa04742","R-HSA-418594;R-HSA-9717207;R-HSA-9717207;R-HSA-420499;R-HSA-549127;R-HSA-549127","","quinine","C06526","Quinine"
"27902","hsa04976","","","tetracycline","C06570","Tetracycline"
"28077","hsa04976","R-HSA-4090294;R-HSA-9694614;R-HSA-9678110;R-HSA-9639775","","rifampicin","C06688","Rifampicin"
"46195","hsa04976","","WP5444;WP4269","paracetamol","C06804","Acetaminophen"
"2453","hsa04976","R-HSA-211945;R-HSA-561048;R-HSA-561048","","acyclovir","C06810","Aciclovir"
"474053","hsa04976","","","cefazolin","C06880","Cefazolin"
"553473","hsa04976","","","ceftizoxime","C06890","Ceftizoxime"
"4551","hsa04976","R-HSA-879518;R-HSA-879518","WP4906;WP2289","digoxin","C06956","Digoxin"
"5050","hsa04976","","","fexofenadine","C06999","Fexofenadine"
"38561","hsa04976","","","fluvastatin","C07014","Fluvastatin"
"44032","hsa04976","","","indinavir","C07051","Indinavir"
"63577","hsa04976","","","lamivudine","C07065","Lamivudine"
"9919","hsa04976","","","Valacyclovir hydrochloride","C07184","Valacyclovir"
"27375","hsa04976","","","vincaleukoblastine","C07201","Vinblastine"
"10101","hsa04976","","","zalcitabine","C07207","Zalcitabine"
"10110","hsa04976","","","zidovudine","C07210","Zidovudine"
"45409","hsa04976","","","ritonavir","C07240","Ritonavir"
"45863","hsa04976","","","paclitaxel","C07394","Paclitaxel"
"44296","hsa04976","","","tetraethylammonium","C07512","Tetraethylammonium"
"63598","hsa04976","","","levofloxacin","C07660","Levofloxacin"
"3558","hsa04976","","WP4189","cerivastatin","C07966","Cerivastatin"
"8040","hsa04976","","","phalloidin","C08439","Phalloidin"
"7719","hsa04976","","","ochratoxin A","C09955","Ochratoxin A"
"63632","hsa04976","","","topotecan","C11158","Topotecan"
"4672","hsa04976","","","docetaxel anhydrous","C11231","Docetaxel anhydrous"
"5427","hsa04976","","","Glucuronosyletoposide","C11245","Glucuronosyletoposide"
"2469","hsa04976","","","adefovir","C11277","Adefovir"
"641","hsa04976;hsa05012;hsa05022","","","N-methyl-4-phenylpyridinium","C11310","1-Methyl-4-phenylpyridinium"
"173662","hsa04976;hsa05012;hsa05022","","","4-Phenylpyridine","C11310","1-Methyl-4-phenylpyridinium"
"63836","hsa04976","","","bromosulfophthalein","C11363","Sulfobromophthalein"
"2965","hsa04976","","","BQ 123","C11587","BQ 123"
"3537","hsa04976","","","cefaloridine","C11754","Cephaloridine"
"32121","hsa04976","","","Saquinavir mesylate","C12560","Saquinavir mesylate"
"80327","hsa04976","","","Cholecystokinin-8","C16114","Cholecystokinin-8"
"18276","hsa04973;hsa04974","R-HSA-211999","","dihydrogen","C00282","Hydrogen"
"28912","hsa04973","R-HSA-189085","","limit dextrin","C02049","Limit dextrin"
"32112","hsa04973;hsa04742","","","Saccharin sodium","C12284","Saccharin sodium anhydrous"
"32159","hsa04973","","","sucralose","C12285","Sucralose"
"17883","hsa04974;hsa04742","","WP2596","hydrogen chloride","C01327","Hydrochloric acid"
"17847","hsa04974","","","p-cresol","C01468","4-Cresol"
"18049","hsa04974","","","piperidine","C01746","Piperidine"
"16135","hsa04974","","","isobutyric acid","C02632","2-Methylpropanoate"
"28484","hsa04974","R-HSA-381753;R-HSA-381753","WP4686","isovaleric acid","C08262","3-Methylbutanoic acid"
"37070","hsa04974","","","2-methylbutyric acid","C18319","2-Methylbutyrate"
"3098","hsa04975;hsa04977","","WP4389;WP5238;WP2289;WP299","bile acid","C01558","Bile salt"
"22868","hsa04975;hsa04977","","WP5238;WP5304","bile salt","C01558","Bile salt"
"17389","hsa04975;hsa04977","R-HSA-163560;R-HSA-1482883;R-HSA-75109","","2-monoglyceride","C02112","2-Acylglycerol"
"28869","hsa04977","R-HSA-6806664","WP5186","menadione","C05377","Menadione"
"28115","hsa04977;hsa04980","R-HSA-156581;R-HSA-9759218;R-HSA-1614635;R-HSA-3359469","WP5420;WP4292;WP241;WP5150;WP4271;WP1533","methylcobalamin","C06453","Methylcobalamin"
"27786","hsa04977;hsa04980","","WP5420","hydroxocobalamin","C08230","Hydroxocobalamin"
"32239","hsa04977","","","Tocopheryl nicotinate","C12981","dl-alpha-Tocopherol nicotinate"
"32321","hsa04977","","","alpha-Tocopherol acetate","C13202","alpha-Tocopherol acetate"
"18219","hsa04964","","","ammonium hydroxide","C01358","NH4OH"
"144413","hsa04723","","","Phospho-anandamide","C19913","Phospho-anandamide"
"89656","hsa04721","","","Leu-enkephalin","C16041","Leu-enkephalin"
"177838","hsa04742","","","Methyl alpha-aspartylphenylalaninate","C11045","Aspartame"
"2877","hsa04742","R-HSA-418594;R-HSA-9717207;R-HSA-9717207;R-HSA-420499;R-HSA-8964208","","aspartame","C11045","Aspartame"
"82431","hsa04742","","","Cyclamate","C19378","Cyclamate"
"15409","hsa04750","R-HSA-381753;R-HSA-381753","","(-)-menthol","C00400","(-)-Menthol"
"15396","hsa04750","","","(R)-camphor","C00808","(+)-Camphor"
"36773","hsa04750","R-HSA-418594;R-HSA-9717207;R-HSA-9717207;R-HSA-420499","","camphor","C00809","(-)-Camphor"
"36773","hsa04750","R-HSA-418594;R-HSA-9717207;R-HSA-9717207;R-HSA-420499","","camphor","C18369","dl-Camphor"
"15397","hsa04750","","","(S)-camphor","C00809","(-)-Camphor"
"16731","hsa04750","","","(E)-cinnamaldehyde","C00903","Cinnamaldehyde"
"3374","hsa04750","","","capsaicin","C06866","Capsaicin"
"28411","hsa04750","","","allicin","C07600","Allicin"
"8116","hsa04750","","","phorbol","C09155","Phorbol"
"8809","hsa04750","","","resiniferatoxin","C09179","Resiniferatoxin"
"27961","hsa04750","","","1,8-cineole","C09844","1,8-Cineole"
"73224","hsa04750","","","allyl isothiocyanate","C19317","Allyl isothiocyanate"
"131184","hsa04750","","WP3679","2-aminoethoxydiphenylborane","C20698","2-Aminoethyl diphenylborinate"
"27881","hsa04211","R-HSA-211945","","resveratrol","C03582","Resveratrol"
"45713","hsa04211","","WP3630","trans-resveratrol","C03582","Resveratrol"
"75659","hsa04714","","WP4321","O-acyl-L-carnitine","C02301","O-Acylcarnitine"
"5132","hsa05200;hsa05215","","WP5434","flutamide","C07653","Flutamide"
"76290","hsa05200;hsa05204;hsa05208;hsa05215","","","PhIP","C16038","2-Amino-1-methyl-6-phenylimidazo[4,5-b]pyridine"
"16395","hsa05204","R-HSA-156582","","N-acetoxy-1,1'-biphenyl-4-amine","C03621","N-Acetoxy-4-aminobiphenyl"
"16580","hsa05204;hsa05208","","","N-hydroxy-4-aminobiphenyl","C03622","N-Hydroxy-4-aminobiphenyl"
"28073","hsa05204;hsa05208","","","chromium atom","C06268","Chromium"
"27561","hsa05204","R-HSA-211981;R-HSA-156590","","oxirane","C06548","Ethylene oxide"
"27789","hsa05204","","","1,2-dichloroethane","C06752","1,2-Dichloroethane"
"28509","hsa05204;hsa05225","R-HSA-211999","","chloroethene","C06793","Vinyl chloride"
"9570","hsa05204","","","Thiotepa","C07641","Thiotepa"
"1784","hsa05204;hsa05208","R-HSA-211957","","biphenyl-4-amine","C10998","4-Aminobiphenyl"
"35807","hsa05204","","WP3980","N-nitrosodimethylamine","C14704","N-Nitrosodimethylamine"
"25434","hsa05204","","","bis(2-chloroethyl) sulfide","C19164","Sulfur mustard"
"42725","hsa05204","","","3-methyl-3H-imidazo[4,5-f]quinolin-2-amine","C19180","2-Amino-3-methylimidazo[4,5-f]quinoline"
"76604","hsa05204","","","MeIQx","C19255","MeIQx"
"30958","hsa05204","","","Sudan I","C19525","Sudan I"
"179843","hsa05204","","","1-(4-Hydroxyphenylazo)-naphthalene-2,6-diol","C20282","1-(4-Hydroxyphenylazo)-naphthalene-2,6-diol"
"179844","hsa05204","","","1-(3,4-Dihydroxyphenylazo)-2-naphthol","C20283","1-(3,4-Dihydroxyphenylazo)-2-naphthol"
"177487","hsa05204","","","4-Acetylaminobiphenyl","C20285","4-Acetylaminobiphenyl"
"133920","hsa05204","","","N-hydroxy-PhIP","C20286","2-Hydroxyamino-1-methyl-6-phenylimidazo[4,5-b]pyridine"
"138825","hsa05204","","","2-Acetoxyamino-1-methyl-6-phenylimidazo[4,5-b]pyridine","C20287","2-Acetoxyamino-1-methyl-6-phenylimidazo[4,5-b]pyridine"
"138883","hsa05204","","","N-Sulfonyloxy-PhIP","C20288","N-Sulfonyloxy-PhIP"
"176919","hsa05204","","","N-Hydroxy-IQ","C20289","N-Hydroxy-IQ"
"133918","hsa05204","","","2-(acetoxyamino)-3-methylimidazo[4,5-f]quinoline","C20290","N-Acetoxy-IQ"
"133915","hsa05204","","","N-hydroxy-MeIQx","C20291","N-Hydroxy-MeIQx"
"176914","hsa05204","","","Methyldiazonium ion","C20302","Methyldiazonium ion"
"182765","hsa05204","","","S-(2-Chloroethyl)glutathione","C20304","S-(2-Chloroethyl)glutathione"
"17747","hsa05207","","","bis(2-ethylhexyl) phthalate","C03690","Bis(2-ethylhexyl)phthalate"
"16130","hsa05207;hsa05208","","","DDT","C04623","DDT"
"29866","hsa05207","","","arsenite(3-)","C06697","Arsenite"
"49900","hsa05207","","WP5293","arsenous acid","C06697","Arsenite"
"49900","hsa05207","","WP5293","arsenous acid","C13619","Arsenous oxide"
"3750","hsa05207","","","clofibrate","C06916","Clofibrate"
"8069","hsa05207","","","phenobarbital","C07434","Phenobarbital"
"28119","hsa05207;hsa05208;hsa04934","R-HSA-1989781;R-HSA-211981;R-HSA-211976;R-HSA-211945;R-HSA-8937144;R-HSA-8937144","WP2586","2,3,7,8-tetrachlorodibenzodioxine","C07557","2,3,7,8-Tetrachlorodibenzodioxin"
"6716","hsa05207","","","medroxyprogesterone acetate","C08150","Medroxyprogesterone acetate"
"5692","hsa05207","","","hexachlorobenzene","C11042","Hexachlorobenzene"
"7449","hsa05207","","","nafenopin","C11371","Nafenopin"
"77649","hsa05207","","","2-methyl-2-[4-(1,2,3,4-tetrahydronaphthalen-1-yl)phenoxy]propanoic acid","C11371","Nafenopin"
"29678","hsa05207","","","sodium arsenite","C11906","Sodium arsenite"
"33216","hsa05207","","","bisphenol A","C13624","Bisphenol A"
"34675","hsa05207","","","bis(2-ethylhexyl) adipate","C14240","Di(2-ethylhexyl) adipate"
"34317","hsa05207","","","3,3',4,4',5-pentachlorobiphenyl","C14573","3,3',4,4',5-Pentachlorobiphenyl"
"80502","hsa05207","","","N'-Nitrosonornicotine","C16452","N'-Nitrosonornicotine"
"18248","hsa05208","","WP4206;WP5152","iron atom","C00023","Iron"
"16509","hsa05208","","WP5444;WP3891","1,4-benzoquinone","C00472","p-Benzoquinone"
"16509","hsa05208","","WP5444;WP3891","1,4-benzoquinone","C15602","Quinone"
"16716","hsa05208","","WP3891","benzene","C01407","Benzene"
"22977","hsa05208","","","cadmium atom","C01413","Cadmium"
"48775","hsa05208","","","cadmium(2+)","C01413","Cadmium"
"2817","hsa05208","","WP3891","Arene oxide","C01782","Benzene oxide"
"17977","hsa05208","","","1,4-benzosemiquinone","C02389","p-Benzosemiquinone"
"17642","hsa05208","","","pentachlorophenol","C02575","Pentachlorophenol"
"16971","hsa05208","","","benzene-1,2,4-triol","C02814","Benzene-1,2,4-triol"
"17042","hsa05208","","","tetrachlorohydroquinone","C03434","Tetrachlorohydroquinone"
"15817","hsa05208","R-HSA-6803205","","semiquinone","C05309","Semiquinone"
"27563","hsa05208","","WP5233","arsenic atom","C06269","Arsenic"
"47217","hsa05208","","","arsane","C06269","Arsenic"
"25016","hsa05208","","","lead atom","C06696","Lead"
"27889","hsa05208","R-HSA-189451;R-HSA-189451","","lead(0)","C06696","Lead"
"49807","hsa05208","","","lead(2+)","C06696","Lead"
"16005","hsa05208","","","methylarsonate(2-)","C07294","Methylarsonate"
"29852","hsa05208","","WP5233","methylarsonic acid","C07294","Methylarsonate"
"17826","hsa05208","R-HSA-156581","WP5233","methylarsonous acid","C07295","Methanearsonous acid"
"16223","hsa05208","R-HSA-156581","","dimethylarsinate","C07308","Cacodylate"
"48765","hsa05208","","WP5233","dimethylarsinic acid","C07308","Cacodylate"
"81584","hsa05208","","","2,2',4,4'-Tetrabromodiphenyl ether","C18205","2,2',4,4'-Tetrabromodiphenyl ether"
"36703","hsa05208","","","tetrachloro-1,4-benzoquinone","C18933","Chloranil"
"138830","hsa05208","","","4-Nitrosobiphenyl","C20316","4-Nitrosobiphenyl"
"28938","hsa05120","R-HSA-74217;R-HSA-9755088;R-HSA-5628897;R-HSA-70171;R-HSA-74259;R-HSA-70635;R-HSA-499943;R-HSA-9821002;R-HSA-210500;R-HSA-140875;R-HSA-70921;R-HSA-389661;R-HSA-5358493;R-HSA-189451;R-HSA-73614;R-HSA-73621;R-HSA-380612;R-HSA-8964539;R-HSA-8964539;R-HSA-210455;R-HSA-964975;R-HSA-141333;R-HSA-444411;R-HSA-444411;R-HSA-5619042","WP4583;WP4504;WP4259;WP4225;WP4595;WP4571","ammonium","C01342","NH4+"
"4188","hsa05131","","","D-glycero-D-manno-heptose 1,7-bisphosphate","C11472","D-glycero-beta-D-manno-Heptose 1,7-bisphosphate"
"33563","hsa05133","","","glycolipid","C05005","Glycolipid"
"31795","hsa05133","","","magnesium sulfate heptahydrate","C12505","Magnesium sulfate"
"35371","hsa05133","","","lipooligosaccharide","C19596","Lipooligosaccharide"
"53490","hsa05150","R-HSA-418594;R-HSA-444473","WP2806","N-formyl-L-methionyl-L-leucyl-L-phenylalanine","C11596","FMLP"
"82287","hsa05152","","","Trehalose-6,6'-dibehenate","C19190","Trehalose-6,6'-dibehenate"
"28800","hsa05146","","WP4784","N-acetylgalactosamine","C01074","N-Acetylgalactosamine"
"5291","hsa05146","","","gelatin","C01498","Gelatine"
"81638","hsa05146","","","Monocyte locomotion inhibitory factor","C18287","Monocyte locomotion inhibitory factor"
"4705","hsa05322","","WP5380","double-stranded DNA","C00434","Double-stranded DNA"
"17606","hsa05320","R-HSA-209968","","diiodine","C01382","Iodine"
"16170","hsa05010","","","mercury(0)","C01319","Hg"
"64646","hsa05010;hsa05022","","WP5124;WP2059","amyloid-beta polypeptide 40","C16514","Amyloid beta protein 40"
"64645","hsa05010;hsa05010;hsa05022;hsa05022","","WP5372","amyloid-beta","C16514","Amyloid beta protein 40"
"64645","hsa05010;hsa05010;hsa05022;hsa05022","","WP5372","amyloid-beta","C16515","Amyloid beta protein 42"
"64647","hsa05010;hsa05022","","WP5124;WP2059","amyloid-beta polypeptide 42","C16515","Amyloid beta protein 42"
"17963","hsa05012;hsa05022","","","1-methyl-4-phenyl-1,2,3,6-tetrahydropyridine","C04599","1-Methyl-4-phenyl-1,2,3,6-tetrahydropyridine"
"28201","hsa05012;hsa05022","","WP3879;WP4914","rotenone","C07593","Rotenone"
"34905","hsa05012","","","paraquat","C14701","Paraquat"
"52497","hsa05012;hsa05022","","","maneb","C15231","Maneb"
"74684","hsa05012","","WP2436","dopaminoquinone","C17755","Dopamine quinone"
"57589","hsa04931","","WP106","O-acetyl-L-carnitine","C02571","O-Acetylcarnitine"
"15960","hsa04931","R-HSA-389887","","O-acetylcarnitinium","C02571","O-Acetylcarnitine"
"30616","","R-HSA-114608;R-HSA-114608;R-HSA-114608;R-HSA-381426;R-HSA-418990;R-HSA-525793;R-HSA-525793;R-HSA-525793;R-HSA-111447;R-HSA-1257604;R-HSA-1358803;R-HSA-198323;R-HSA-198323;R-HSA-198693;R-HSA-211163;R-HSA-389357;R-HSA-389513;R-HSA-392451;R-HSA-5218920;R-HSA-5628897;R-HSA-5674400;R-HSA-5674400;R-HSA-6804757;R-HSA-6804757;R-HSA-6804758;R-HSA-6804759;R-HSA-69202;R-HSA-69202;R-HSA-69656;R-HSA-69656;R-HSA-193368;R-HSA-2046106;R-HSA-2029482;R-HSA-2029482;R-HSA-4420097;R-HSA-4420097;R-HSA-5663213;R-HSA-5663213;R-HSA-70171;R-HSA-70171;R-HSA-2122947;R-HSA-2644606;R-HSA-2894862;R-HSA-373760;R-HSA-174411;R-HSA-5210891;R-HSA-5213460;R-HSA-5675482;R-HSA-111446;R-HSA-193648;R-HSA-193648;R-HSA-6802952;R-HSA-8862803;R-HSA-8862803;R-HSA-1268020;R-HSA-1433559;R-HSA-4085001;R-HSA-4085011;R-HSA-418594;R-HSA-418594;R-HSA-196299;R-HSA-4641262;R-HSA-4641262;R-HSA-6807878;R-HSA-6811434;R-HSA-5696395;R-HSA-1912408;R-HSA-3371453;R-HSA-3371453;R-HSA-2299718;R-HSA-2514853;R-HSA-2514853;R-HSA-2500257;R-HSA-5663220;R-HSA-5663220;R-HSA-6783310;R-HSA-1632852;R-HSA-2424491;R-HSA-2424491;R-HSA-2514859;R-HSA-2514859;R-HSA-2132295;R-HSA-432720;R-HSA-432722;R-HSA-2559580;R-HSA-2559580;R-HSA-2559580;R-HSA-2672351;R-HSA-6782135;R-HSA-72163;R-HSA-3065676;R-HSA-3065676;R-HSA-379716;R-HSA-382556;R-HSA-1369007;R-HSA-1369007;R-HSA-5683371;R-HSA-1296025;R-HSA-5578775;R-HSA-5621480;R-HSA-1433557;R-HSA-6790901;R-HSA-1660661;R-HSA-3928662;R-HSA-3928662;R-HSA-2453864;R-HSA-2559586;R-HSA-5685938;R-HSA-5693548;R-HSA-5693554;R-HSA-5693565;R-HSA-5693568;R-HSA-5693571;R-HSA-5693607;R-HSA-5693616;R-HSA-6804756;R-HSA-69473;R-HSA-68884;R-HSA-204005;R-HSA-2565942;R-HSA-3371497;R-HSA-3371497;R-HSA-380259;R-HSA-6811436;R-HSA-114508;R-HSA-1169092;R-HSA-2871837;R-HSA-354192;R-HSA-392517;R-HSA-71403;R-HSA-5357905;R-HSA-197264;R-HSA-6811440;R-HSA-416476;R-HSA-417957;R-HSA-70635;R-HSA-70635;R-HSA-1538133;R-HSA-171319;R-HSA-176187;R-HSA-176408;R-HSA-187577;R-HSA-187577;R-HSA-2559582;R-HSA-2559582;R-HSA-68911;R-HSA-68949;R-HSA-68962;R-HSA-69017;R-HSA-69017;R-HSA-69200;R-HSA-69231;R-HSA-69231;R-HSA-69273;R-HSA-69273;R-HSA-69273;R-HSA-69273;R-HSA-2453902;R-HSA-2453902;R-HSA-445355;R-HSA-159236;R-HSA-72187;R-HSA-2559585;R-HSA-2559585;R-HSA-3214858;R-HSA-1169091;R-HSA-1169091;R-HSA-1236974;R-HSA-1236974;R-HSA-195253;R-HSA-202424;R-HSA-349425;R-HSA-4608870;R-HSA-5358346;R-HSA-5362768;R-HSA-5607761;R-HSA-5607764;R-HSA-5607764;R-HSA-5610780;R-HSA-5610783;R-HSA-5610785;R-HSA-5632684;R-HSA-5632684;R-HSA-5676590;R-HSA-5678895;R-HSA-5687128;R-HSA-5687128;R-HSA-68867;R-HSA-69601;R-HSA-177929;R-HSA-3928665;R-HSA-3928665;R-HSA-180024;R-HSA-399956;R-HSA-399956;R-HSA-418555;R-HSA-418555;R-HSA-418555;R-HSA-499943;R-HSA-499943;R-HSA-499943;R-HSA-112382;R-HSA-167152;R-HSA-167160;R-HSA-167172;R-HSA-167200;R-HSA-167200;R-HSA-6796648;R-HSA-6807505;R-HSA-163560;R-HSA-6811438;R-HSA-2173796;R-HSA-6784531;R-HSA-177128;R-HSA-177135;R-HSA-182971;R-HSA-1295596;R-HSA-6807004;R-HSA-5674135;R-HSA-6802946;R-HSA-6802948;R-HSA-6802955;R-HSA-6785807;R-HSA-5625900;R-HSA-1221632;R-HSA-5625886;R-HSA-68616;R-HSA-68616;R-HSA-400253;R-HSA-2408508;R-HSA-201688;R-HSA-418597;R-HSA-69541;R-HSA-70895;R-HSA-5689896;R-HSA-5689896;R-HSA-165159;R-HSA-166208;R-HSA-380972;R-HSA-391160;R-HSA-5661270;R-HSA-166058;R-HSA-1369062;R-HSA-379726;R-HSA-379726;R-HSA-399719;R-HSA-399954;R-HSA-399954;R-HSA-399955;R-HSA-1445148;R-HSA-389960;R-HSA-437239;R-HSA-437239;R-HSA-5610787;R-HSA-5626467;R-HSA-1483191;R-HSA-1483213;R-HSA-3928663;R-HSA-416572;R-HSA-416572;R-HSA-5625740;R-HSA-5627117;R-HSA-5627123;R-HSA-5627123;R-HSA-168638;R-HSA-445989;R-HSA-450302;R-HSA-450302;R-HSA-450321;R-HSA-381676;R-HSA-422356;R-HSA-422356;R-HSA-2028269;R-HSA-6804760;R-HSA-203615;R-HSA-114604;R-HSA-114604;R-HSA-2871796;R-HSA-2871796;R-HSA-2871796;R-HSA-2871809;R-HSA-2871809;R-HSA-163210;R-HSA-389599;R-HSA-389599;R-HSA-156827;R-HSA-428890;R-HSA-181429;R-HSA-181430;R-HSA-212676;R-HSA-264642;R-HSA-2151201;R-HSA-159418;R-HSA-416550;R-HSA-196819;R-HSA-5683826;R-HSA-5683826;R-HSA-390450;R-HSA-6814122;R-HSA-5173105;R-HSA-3299685;R-HSA-196757;R-HSA-196757;R-HSA-1181150;R-HSA-1502540;R-HSA-1502540;R-HSA-189483;R-HSA-3928664;R-HSA-3928664;R-HSA-156711;R-HSA-156711;R-HSA-111932;R-HSA-111932;R-HSA-111932;R-HSA-442729;R-HSA-442729;R-HSA-442729;R-HSA-6803204;R-HSA-6806942;R-HSA-191273;R-HSA-4086398;R-HSA-4086398;R-HSA-418592;R-HSA-432040;R-HSA-1679131;R-HSA-163615;R-HSA-164378;R-HSA-170660;R-HSA-442720;R-HSA-442720;R-HSA-174414;R-HSA-5358565;R-HSA-5358606;R-HSA-5358606;R-HSA-69091;R-HSA-1227986;R-HSA-1236394;R-HSA-1250196;R-HSA-1250342;R-HSA-1250347;R-HSA-1963642;R-HSA-2219530;R-HSA-6811558;R-HSA-190370;R-HSA-190373;R-HSA-1169408;R-HSA-3301854;R-HSA-1489509;R-HSA-2029485;R-HSA-5218921;R-HSA-6804115;R-HSA-6804115;R-HSA-2465910;R-HSA-2465910;R-HSA-2980767;R-HSA-6782315;R-HSA-5668599;R-HSA-5654693;R-HSA-5654700;R-HSA-5654706;R-HSA-5654712;R-HSA-109704;R-HSA-170968;R-HSA-201556;R-HSA-201556;R-HSA-5654689;R-HSA-5654695;R-HSA-5654710;R-HSA-5654720;R-HSA-5654726;R-HSA-5654727;R-HSA-5654732;R-HSA-5654733;R-HSA-5655253;R-HSA-5655291;R-HSA-5655302;R-HSA-5655332;R-HSA-70921;R-HSA-193775;R-HSA-174362;R-HSA-70268;R-HSA-70268;R-HSA-70268;R-HSA-2151209;R-HSA-381753;R-HSA-446353;R-HSA-1810476;R-HSA-1839117;R-HSA-5635838;R-HSA-1236382;R-HSA-5637810;R-HSA-1855167;R-HSA-201451;R-HSA-189200;R-HSA-189200;R-HSA-5675221;R-HSA-2408557;R-HSA-2408557;R-HSA-3270619;R-HSA-445095;R-HSA-445095;R-HSA-2142691;R-HSA-1855204;R-HSA-399997;R-HSA-196843;R-HSA-450385;R-HSA-450513;R-HSA-450604;R-HSA-450604;R-HSA-5603029;R-HSA-5684264;R-HSA-5684264;R-HSA-1834941;R-HSA-71288;R-HSA-1266695;R-HSA-1266695;R-HSA-187024;R-HSA-446199;R-HSA-177162;R-HSA-373752;R-HSA-165158;R-HSA-416993;R-HSA-5099900;R-HSA-5358493;R-HSA-6783783;R-HSA-2161541;R-HSA-71384;R-HSA-71384;R-HSA-5679001;R-HSA-174403;R-HSA-447043;R-HSA-186797;R-HSA-419037;R-HSA-156581;R-HSA-70350;R-HSA-196807;R-HSA-196807;R-HSA-196807;R-HSA-189451;R-HSA-200425;R-HSA-5362517;R-HSA-418886;R-HSA-111931;R-HSA-199920;R-HSA-375165;R-HSA-375165;R-HSA-375165;R-HSA-442742;R-HSA-450341;R-HSA-3134973;R-HSA-5621575;R-HSA-5621575;R-HSA-5358747;R-HSA-5358751;R-HSA-170984;R-HSA-170984;R-HSA-186763;R-HSA-372708;R-HSA-139910;R-HSA-3371571;R-HSA-2173795;R-HSA-171007;R-HSA-171007;R-HSA-198753;R-HSA-198753;R-HSA-432142;R-HSA-190377;R-HSA-512988;R-HSA-1170546;R-HSA-1170546;R-HSA-180292;R-HSA-202427;R-HSA-389948;R-HSA-445144;R-HSA-1660499;R-HSA-1606341;R-HSA-1606341;R-HSA-3769402;R-HSA-388841;R-HSA-1307965;R-HSA-5654228;R-HSA-5654719;R-HSA-111933;R-HSA-418889;R-HSA-2408522;R-HSA-418885;R-HSA-418885;R-HSA-418890;R-HSA-428542;R-HSA-71032;R-HSA-390522;R-HSA-1474151;R-HSA-500753;R-HSA-204174;R-HSA-70221;R-HSA-70221;R-HSA-180336;R-HSA-212718;R-HSA-4086400;R-HSA-5682113;R-HSA-1614635;R-HSA-2682334;R-HSA-1251932;R-HSA-381042;R-HSA-6787639;R-HSA-450520;R-HSA-1660514;R-HSA-1660514;R-HSA-1660516;R-HSA-1660516;R-HSA-1660517;R-HSA-1660517;R-HSA-2980766;R-HSA-2995383;R-HSA-4419969;R-HSA-70263;R-HSA-70263;R-HSA-6811555;R-HSA-165160;R-HSA-165181;R-HSA-381070;R-HSA-5683678;R-HSA-5688399;R-HSA-2046105;R-HSA-5684045;R-HSA-163841;R-HSA-434313;R-HSA-2173789;R-HSA-2454202;R-HSA-2454202;R-HSA-2730905;R-HSA-2730905;R-HSA-2029481;R-HSA-2029481;R-HSA-1839122;R-HSA-1839130;R-HSA-190322;R-HSA-190371;R-HSA-190372;R-HSA-190375;R-HSA-2033519;R-HSA-5654219;R-HSA-5654221;R-HSA-5654227;R-HSA-5654688;R-HSA-5654699;R-HSA-5654704;R-HSA-1839120;R-HSA-190374;R-HSA-2033515;R-HSA-2023837;R-HSA-1839128;R-HSA-2173791;R-HSA-5673000;R-HSA-111458;R-HSA-1483248;R-HSA-71336;R-HSA-139853;R-HSA-418346;R-HSA-205043;R-HSA-168928;R-HSA-373753;R-HSA-202433;R-HSA-210990;R-HSA-389356;R-HSA-389359;R-HSA-1855191;R-HSA-167044;R-HSA-70370;R-HSA-5609976;R-HSA-110320;R-HSA-2586552;R-HSA-162658;R-HSA-162658;R-HSA-5682294;R-HSA-202430;R-HSA-176417;R-HSA-68881;R-HSA-5619073;R-HSA-446210;R-HSA-5578998;R-HSA-191650;R-HSA-1483206;R-HSA-5578999;R-HSA-444257;R-HSA-444257;R-HSA-210455;R-HSA-210993;R-HSA-2428933;R-HSA-3249367;R-HSA-2408550;R-HSA-5579006;R-HSA-6785470;R-HSA-5619056;R-HSA-196780;R-HSA-3371599;R-HSA-111459;R-HSA-6803207;R-HSA-3359471;R-HSA-2404192;R-HSA-2428928;R-HSA-209543;R-HSA-209560;R-HSA-1059683;R-HSA-110056;R-HSA-112411;R-HSA-198203;R-HSA-198203;R-HSA-5690338;R-HSA-5683177;R-HSA-5657562;R-HSA-5690714;R-HSA-3304356;R-HSA-5579024;R-HSA-6803544;R-HSA-167021;R-HSA-187042;R-HSA-198745;R-HSA-68875;R-HSA-211736;R-HSA-163358;R-HSA-163358;R-HSA-163680;R-HSA-2161517;R-HSA-5678771;R-HSA-111995;R-HSA-196783;R-HSA-114516;R-HSA-5683329;R-HSA-5674499;R-HSA-198765;R-HSA-5679090;R-HSA-5679096;R-HSA-3645790;R-HSA-167827;R-HSA-69478;R-HSA-69478;R-HSA-5678520;R-HSA-170145;R-HSA-3560796","WP5402;WP5408;WP4657;WP4932;WP5346;WP5420;WP5356;WP5179;WP5344;WP5313;WP5090;WP1946;WP5190;WP4504;WP5443;WP4941;WP5231;WP5074;WP5314;WP4589;WP5355;WP5043;WP4971;WP4792;WP4224;WP5191;WP3391;WP4725;WP4726","ATP(4-)","","ATP(4-)"
"33019","","R-HSA-114608;R-HSA-114608;R-HSA-74217;R-HSA-9755088;R-HSA-9833110;R-HSA-8963693;R-HSA-193368;R-HSA-2046106;R-HSA-8878166;R-HSA-5210891;R-HSA-4085001;R-HSA-418594;R-HSA-8951664;R-HSA-983168;R-HSA-110362;R-HSA-5685939;R-HSA-6783310;R-HSA-9833482;R-HSA-74259;R-HSA-2514859;R-HSA-9648002;R-HSA-6781823;R-HSA-6782210;R-HSA-3065676;R-HSA-3065676;R-HSA-379716;R-HSA-9748787;R-HSA-5685942;R-HSA-5693571;R-HSA-2871837;R-HSA-392517;R-HSA-197264;R-HSA-70635;R-HSA-445355;R-HSA-5607764;R-HSA-418555;R-HSA-499943;R-HSA-499943;R-HSA-167161;R-HSA-167162;R-HSA-73776;R-HSA-75953;R-HSA-2142789;R-HSA-947581;R-HSA-8849175;R-HSA-6784531;R-HSA-177128;R-HSA-177135;R-HSA-9749641;R-HSA-2408508;R-HSA-418597;R-HSA-379726;R-HSA-379726;R-HSA-5610787;R-HSA-1483191;R-HSA-1483213;R-HSA-176407;R-HSA-1483226;R-HSA-381676;R-HSA-77289;R-HSA-110312;R-HSA-5655862;R-HSA-5656121;R-HSA-8866652;R-HSA-8866652;R-HSA-8866652;R-HSA-389599;R-HSA-159418;R-HSA-429947;R-HSA-9820865;R-HSA-73817;R-HSA-191273;R-HSA-432040;R-HSA-9634597;R-HSA-9660821;R-HSA-163615;R-HSA-164378;R-HSA-170660;R-HSA-442720;R-HSA-9664323;R-HSA-5358565;R-HSA-5358606;R-HSA-5651801;R-HSA-5656169;R-HSA-5696397;R-HSA-1169408;R-HSA-6782315;R-HSA-6782315;R-HSA-193775;R-HSA-174362;R-HSA-8873719;R-HSA-75105;R-HSA-75876;R-HSA-75876;R-HSA-75876;R-HSA-2393930;R-HSA-2408557;R-HSA-5649702;R-HSA-196843;R-HSA-1483148;R-HSA-1834941;R-HSA-446199;R-HSA-177162;R-HSA-5223345;R-HSA-5223345;R-HSA-5358493;R-HSA-71384;R-HSA-71384;R-HSA-156581;R-HSA-196807;R-HSA-196807;R-HSA-196807;R-HSA-189451;R-HSA-9818027;R-HSA-77352;R-HSA-389948;R-HSA-9682706;R-HSA-9682708;R-HSA-6806664;R-HSA-164516;R-HSA-2408522;R-HSA-9694686;R-HSA-9694686;R-HSA-500753;R-HSA-1614635;R-HSA-6787639;R-HSA-8983711;R-HSA-2046105;R-HSA-434313;R-HSA-173599;R-HSA-6787450;R-HSA-110320;R-HSA-3322077;R-HSA-446210;R-HSA-71737;R-HSA-71737;R-HSA-2408550;R-HSA-392154;R-HSA-446205;R-HSA-6785470;R-HSA-196780;R-HSA-77111;R-HSA-77111;R-HSA-110373;R-HSA-9828642;R-HSA-110381;R-HSA-9639775;R-HSA-196783;R-HSA-9694786;R-HSA-9694786","WP5402;WP4949;WP4906;WP5346;WP4589;WP4577;WP5037","diphosphate(3-)","","diphosphate(3-)"
"350546","","R-HSA-114608;R-HSA-114608;R-HSA-418594;R-HSA-416476;R-HSA-418555;R-HSA-181429;R-HSA-181429;R-HSA-181429;R-HSA-442660;R-HSA-442660;R-HSA-442660;R-HSA-209931;R-HSA-112314;R-HSA-83936;R-HSA-83936;R-HSA-380612;R-HSA-390666;R-HSA-141333;R-HSA-5579012;R-HSA-549127;R-HSA-549127;R-HSA-380615;R-HSA-380615","WP5352;WP5420","serotonin(1+)","","serotonin(1+)"
"37565","","R-HSA-114608;R-HSA-525793;R-HSA-525793;R-HSA-1257604;R-HSA-5218920;R-HSA-5628897;R-HSA-8876198;R-HSA-9607240;R-HSA-2029482;R-HSA-2029482;R-HSA-4420097;R-HSA-5663213;R-HSA-5663213;R-HSA-9013149;R-HSA-9013404;R-HSA-9013423;R-HSA-9664422;R-HSA-9664422;R-HSA-5617833;R-HSA-9613829;R-HSA-9646399;R-HSA-9646399;R-HSA-8943724;R-HSA-193648;R-HSA-6802952;R-HSA-983231;R-HSA-418594;R-HSA-418594;R-HSA-416482;R-HSA-6807878;R-HSA-6811434;R-HSA-5673001;R-HSA-8851805;R-HSA-190861;R-HSA-2467813;R-HSA-2500257;R-HSA-5663220;R-HSA-5663220;R-HSA-68877;R-HSA-9648025;R-HSA-9833482;R-HSA-1632852;R-HSA-9668328;R-HSA-2424491;R-HSA-2514859;R-HSA-9648002;R-HSA-2132295;R-HSA-432720;R-HSA-432722;R-HSA-1433557;R-HSA-3928662;R-HSA-3928662;R-HSA-8856828;R-HSA-5389840;R-HSA-5389840;R-HSA-9013148;R-HSA-9013405;R-HSA-983189;R-HSA-204005;R-HSA-5694530;R-HSA-2565942;R-HSA-3371497;R-HSA-380320;R-HSA-5620912;R-HSA-6811436;R-HSA-1169092;R-HSA-354192;R-HSA-392517;R-HSA-177504;R-HSA-71403;R-HSA-8854214;R-HSA-8980692;R-HSA-983170;R-HSA-6811440;R-HSA-6811440;R-HSA-9705671;R-HSA-9609690;R-HSA-5658442;R-HSA-71064;R-HSA-9035034;R-HSA-416476;R-HSA-416476;R-HSA-445355;R-HSA-5687128;R-HSA-8852276;R-HSA-3928665;R-HSA-9032845;R-HSA-418555;R-HSA-418555;R-HSA-9013026;R-HSA-9013106;R-HSA-499943;R-HSA-499943;R-HSA-6807505;R-HSA-72086;R-HSA-6811438;R-HSA-5368286;R-HSA-5419276;R-HSA-947581;R-HSA-6784531;R-HSA-9013418;R-HSA-9013422;R-HSA-182971;R-HSA-9013420;R-HSA-5674135;R-HSA-6802946;R-HSA-6802948;R-HSA-6802955;R-HSA-9649948;R-HSA-9656223;R-HSA-9703465;R-HSA-5625900;R-HSA-5625900;R-HSA-5578749;R-HSA-5578749;R-HSA-418597;R-HSA-418597;R-HSA-428540;R-HSA-9013406;R-HSA-9013407;R-HSA-9013408;R-HSA-9013409;R-HSA-9013424;R-HSA-1222556;R-HSA-9639288;R-HSA-165159;R-HSA-166208;R-HSA-380972;R-HSA-399954;R-HSA-399955;R-HSA-1445148;R-HSA-190840;R-HSA-389960;R-HSA-389977;R-HSA-437239;R-HSA-437239;R-HSA-5610787;R-HSA-5626467;R-HSA-8955332;R-HSA-8955332;R-HSA-9609736;R-HSA-9619483;R-HSA-3928663;R-HSA-3928663;R-HSA-416572;R-HSA-416572;R-HSA-5625740;R-HSA-5627117;R-HSA-5627117;R-HSA-5627123;R-HSA-381676;R-HSA-381676;R-HSA-422356;R-HSA-1655829;R-HSA-1655829;R-HSA-114604;R-HSA-2871796;R-HSA-156827;R-HSA-72649;R-HSA-72695;R-HSA-72702;R-HSA-72706;R-HSA-9696264;R-HSA-416550;R-HSA-5620922;R-HSA-3299685;R-HSA-73817;R-HSA-3928664;R-HSA-5620916;R-HSA-5620916;R-HSA-9619229;R-HSA-428930;R-HSA-456926;R-HSA-202040;R-HSA-392170;R-HSA-392851;R-HSA-392851;R-HSA-400042;R-HSA-400042;R-HSA-4086398;R-HSA-4086398;R-HSA-418592;R-HSA-418592;R-HSA-432040;R-HSA-8964616;R-HSA-9634597;R-HSA-9634597;R-HSA-9660821;R-HSA-9660821;R-HSA-163359;R-HSA-164378;R-HSA-170660;R-HSA-170670;R-HSA-170670;R-HSA-1250196;R-HSA-1250347;R-HSA-1963640;R-HSA-1963640;R-HSA-2219530;R-HSA-6785631;R-HSA-6811558;R-HSA-9664565;R-HSA-9665686;R-HSA-9696270;R-HSA-165054;R-HSA-165054;R-HSA-168333;R-HSA-180746;R-HSA-112043;R-HSA-112043;R-HSA-5218921;R-HSA-6782315;R-HSA-5627083;R-HSA-5668599;R-HSA-9673324;R-HSA-5654693;R-HSA-5654700;R-HSA-5654706;R-HSA-5654712;R-HSA-9028731;R-HSA-9696273;R-HSA-170968;R-HSA-170968;R-HSA-5655253;R-HSA-5655291;R-HSA-5655302;R-HSA-5655332;R-HSA-381753;R-HSA-9615933;R-HSA-9615933;R-HSA-1236382;R-HSA-5637810;R-HSA-9634285;R-HSA-9665348;R-HSA-9636383;R-HSA-5675221;R-HSA-156902;R-HSA-156902;R-HSA-2408557;R-HSA-72764;R-HSA-72764;R-HSA-399997;R-HSA-399997;R-HSA-5666185;R-HSA-5666185;R-HSA-1834941;R-HSA-9717207;R-HSA-2485179;R-HSA-2485179;R-HSA-375165;R-HSA-5621575;R-HSA-9680350;R-HSA-170984;R-HSA-170984;R-HSA-186763;R-HSA-372708;R-HSA-8849471;R-HSA-8875555;R-HSA-8875656;R-HSA-9027284;R-HSA-171007;R-HSA-171007;R-HSA-203927;R-HSA-445144;R-HSA-5625970;R-HSA-9682706;R-HSA-9682708;R-HSA-5654719;R-HSA-6802953;R-HSA-418885;R-HSA-418885;R-HSA-9694686;R-HSA-1474151;R-HSA-442982;R-HSA-9032759;R-HSA-179812;R-HSA-180336;R-HSA-2179392;R-HSA-4086400;R-HSA-156842;R-HSA-156842;R-HSA-72731;R-HSA-6787639;R-HSA-70263;R-HSA-70263;R-HSA-83936;R-HSA-83936;R-HSA-8951936;R-HSA-354194;R-HSA-5654688;R-HSA-5654699;R-HSA-5654704;R-HSA-2173791;R-HSA-5673000;R-HSA-9726840;R-HSA-9726842;R-HSA-9013419;R-HSA-9013419;R-HSA-9013425;R-HSA-9013425;R-HSA-9703648;R-HSA-434316;R-HSA-434316;R-HSA-428543;R-HSA-389359;R-HSA-9670439;R-HSA-167044;R-HSA-162658;R-HSA-162658;R-HSA-8964539;R-HSA-210993;R-HSA-112412;R-HSA-2428933;R-HSA-74751;R-HSA-9026519;R-HSA-9034864;R-HSA-9673767;R-HSA-9673770;R-HSA-392154;R-HSA-446205;R-HSA-9634635;R-HSA-9753510;R-HSA-9753512;R-HSA-9828642;R-HSA-199992;R-HSA-8850843;R-HSA-8850843;R-HSA-8850843;R-HSA-193634;R-HSA-8985586;R-HSA-187706;R-HSA-167827;R-HSA-9694786","WP5222;WP5223;WP5224;WP5420;WP4962;WP5113;WP4156;WP5344;WP4656;WP5355;WP4507;WP4008;WP4222;WP5087;WP4792;WP4224;WP5294","GTP(4-)","","GTP(4-)"
"43474","","R-HSA-114608;R-HSA-114608;R-HSA-114608;R-HSA-9753281;R-HSA-74217;R-HSA-111447;R-HSA-199418;R-HSA-389513;R-HSA-5628897;R-HSA-6804757;R-HSA-69202;R-HSA-69656;R-HSA-193368;R-HSA-2029482;R-HSA-9013149;R-HSA-9013404;R-HSA-9013423;R-HSA-9664422;R-HSA-70171;R-HSA-70171;R-HSA-174411;R-HSA-1483166;R-HSA-1483166;R-HSA-1268020;R-HSA-9706369;R-HSA-4085001;R-HSA-418594;R-HSA-418594;R-HSA-6807878;R-HSA-6811434;R-HSA-5696395;R-HSA-9861718;R-HSA-3371453;R-HSA-3371453;R-HSA-2514853;R-HSA-2500257;R-HSA-5663220;R-HSA-1632852;R-HSA-917729;R-HSA-9668328;R-HSA-74259;R-HSA-74259;R-HSA-2514859;R-HSA-2132295;R-HSA-432720;R-HSA-432722;R-HSA-2672351;R-HSA-2672351;R-HSA-2672351;R-HSA-6782135;R-HSA-72163;R-HSA-379716;R-HSA-382556;R-HSA-9748787;R-HSA-1369007;R-HSA-1369007;R-HSA-5578775;R-HSA-936837;R-HSA-9662360;R-HSA-9662361;R-HSA-6790901;R-HSA-1660661;R-HSA-3928662;R-HSA-8856828;R-HSA-5389840;R-HSA-9013148;R-HSA-9013405;R-HSA-5693554;R-HSA-5693565;R-HSA-5693568;R-HSA-5693607;R-HSA-204005;R-HSA-2565942;R-HSA-3371497;R-HSA-3371497;R-HSA-354192;R-HSA-177504;R-HSA-9836573;R-HSA-71403;R-HSA-8854214;R-HSA-8980692;R-HSA-983170;R-HSA-197264;R-HSA-71064;R-HSA-9035034;R-HSA-416476;R-HSA-70635;R-HSA-171319;R-HSA-68962;R-HSA-69231;R-HSA-69273;R-HSA-69273;R-HSA-2453902;R-HSA-2453902;R-HSA-445355;R-HSA-159236;R-HSA-1236974;R-HSA-202424;R-HSA-5678895;R-HSA-5687128;R-HSA-1442490;R-HSA-180024;R-HSA-180024;R-HSA-418555;R-HSA-8934593;R-HSA-9013026;R-HSA-9013106;R-HSA-499943;R-HSA-167172;R-HSA-6807505;R-HSA-72086;R-HSA-76042;R-HSA-163560;R-HSA-9706019;R-HSA-5368286;R-HSA-5419276;R-HSA-6784531;R-HSA-9749641;R-HSA-9018519;R-HSA-182971;R-HSA-1295596;R-HSA-6807004;R-HSA-2408508;R-HSA-2173788;R-HSA-2173788;R-HSA-8863795;R-HSA-418597;R-HSA-70895;R-HSA-9013406;R-HSA-9013408;R-HSA-9013409;R-HSA-77387;R-HSA-917977;R-HSA-9639288;R-HSA-380972;R-HSA-1369062;R-HSA-379726;R-HSA-399719;R-HSA-399955;R-HSA-1445148;R-HSA-389960;R-HSA-389977;R-HSA-437239;R-HSA-8955332;R-HSA-8955332;R-HSA-9609736;R-HSA-156584;R-HSA-156584;R-HSA-1483191;R-HSA-1483213;R-HSA-1483213;R-HSA-5625740;R-HSA-5627117;R-HSA-5627123;R-HSA-9837999;R-HSA-9837999;R-HSA-2871809;R-HSA-163210;R-HSA-72702;R-HSA-72706;R-HSA-181429;R-HSA-181430;R-HSA-212676;R-HSA-159418;R-HSA-416550;R-HSA-917937;R-HSA-196819;R-HSA-427589;R-HSA-427589;R-HSA-5619045;R-HSA-5683826;R-HSA-5683826;R-HSA-5687583;R-HSA-390450;R-HSA-6814122;R-HSA-3299685;R-HSA-196757;R-HSA-196757;R-HSA-189483;R-HSA-73817;R-HSA-9660826;R-HSA-5620916;R-HSA-191273;R-HSA-4086398;R-HSA-170660;R-HSA-170670;R-HSA-8964058;R-HSA-174414;R-HSA-6811558;R-HSA-8939211;R-HSA-165054;R-HSA-168333;R-HSA-429958;R-HSA-112043;R-HSA-2029485;R-HSA-5607763;R-HSA-201556;R-HSA-70921;R-HSA-70268;R-HSA-9609523;R-HSA-977347;R-HSA-75105;R-HSA-9615933;R-HSA-9636383;R-HSA-1855167;R-HSA-2393930;R-HSA-2393930;R-HSA-112409;R-HSA-112409;R-HSA-5675221;R-HSA-5675221;R-HSA-156902;R-HSA-2408557;R-HSA-2408557;R-HSA-72764;R-HSA-912694;R-HSA-5649702;R-HSA-1855204;R-HSA-196843;R-HSA-1483148;R-HSA-71288;R-HSA-982772;R-HSA-982772;R-HSA-446199;R-HSA-75109;R-HSA-416993;R-HSA-174403;R-HSA-9845614;R-HSA-9845614;R-HSA-186797;R-HSA-156581;R-HSA-196807;R-HSA-189451;R-HSA-200425;R-HSA-375165;R-HSA-8849471;R-HSA-2173795;R-HSA-5619097;R-HSA-198753;R-HSA-9674555;R-HSA-203927;R-HSA-180292;R-HSA-202427;R-HSA-9828806;R-HSA-428643;R-HSA-428643;R-HSA-428643;R-HSA-1660499;R-HSA-1660499;R-HSA-9682706;R-HSA-9682708;R-HSA-9758881;R-HSA-9635465;R-HSA-73614;R-HSA-73621;R-HSA-73621;R-HSA-73621;R-HSA-9757110;R-HSA-419408;R-HSA-9694686;R-HSA-71032;R-HSA-390522;R-HSA-500753;R-HSA-204174;R-HSA-9617324;R-HSA-9617324;R-HSA-70221;R-HSA-70221;R-HSA-202670;R-HSA-113501;R-HSA-8963896;R-HSA-1614635;R-HSA-72662;R-HSA-1660514;R-HSA-1660516;R-HSA-1660517;R-HSA-2995383;R-HSA-4419969;R-HSA-70263;R-HSA-70263;R-HSA-70263;R-HSA-6811555;R-HSA-2046105;R-HSA-199220;R-HSA-73843;R-HSA-5673000;R-HSA-9726842;R-HSA-9013419;R-HSA-9013425;R-HSA-1483248;R-HSA-428543;R-HSA-9851151;R-HSA-8935690;R-HSA-3229133;R-HSA-9758890;R-HSA-202430;R-HSA-3322077;R-HSA-71737;R-HSA-71737;R-HSA-1855183;R-HSA-1855183;R-HSA-8964539;R-HSA-8964539;R-HSA-210455;R-HSA-1237112;R-HSA-74749;R-HSA-9828642;R-HSA-877312;R-HSA-877312;R-HSA-8850843;R-HSA-8850843;R-HSA-8850843;R-HSA-8985586;R-HSA-6803544;R-HSA-9735763;R-HSA-9034015;R-HSA-163767;R-HSA-163767;R-HSA-9634600;R-HSA-9634600;R-HSA-2161517;R-HSA-8847453;R-HSA-8849472;R-HSA-5619040;R-HSA-427652;R-HSA-427652;R-HSA-5619111;R-HSA-1855231;R-HSA-9694786","WP5402;WP5222;WP5380;WP4971;WP4917;WP4688","hydrogenphosphate","","hydrogenphosphate"
"27565","","R-HSA-156582","","4-aminosalicylic acid","C02518","4-Aminosalicylate"
"45373","","R-HSA-156582","","sulfanilamide","C07458","Sulfanilamide"
"57287","","R-HSA-156582;R-HSA-9753281;R-HSA-6804758;R-HSA-8963693;R-HSA-193368;R-HSA-193368;R-HSA-2046106;R-HSA-2046106;R-HSA-389887;R-HSA-390247;R-HSA-5617833;R-HSA-1482788;R-HSA-1482801;R-HSA-1482839;R-HSA-1482925;R-HSA-1482925;R-HSA-1483166;R-HSA-2467813;R-HSA-2500257;R-HSA-2514859;R-HSA-2514859;R-HSA-9648002;R-HSA-2024096;R-HSA-6790901;R-HSA-1660661;R-HSA-977225;R-HSA-2187335;R-HSA-2559586;R-HSA-5693548;R-HSA-6811436;R-HSA-71403;R-HSA-6811440;R-HSA-9705671;R-HSA-9609690;R-HSA-71064;R-HSA-70635;R-HSA-5358346;R-HSA-73762;R-HSA-8849175;R-HSA-177128;R-HSA-177135;R-HSA-9749641;R-HSA-201722;R-HSA-5250924;R-HSA-2468052;R-HSA-9759194;R-HSA-70895;R-HSA-1483191;R-HSA-3214847;R-HSA-3214847;R-HSA-77289;R-HSA-77289;R-HSA-389599;R-HSA-264642;R-HSA-159418;R-HSA-5683826;R-HSA-8964038;R-HSA-9694548;R-HSA-9617629;R-HSA-9617629;R-HSA-191273;R-HSA-9009391;R-HSA-3371568;R-HSA-193775;R-HSA-75105;R-HSA-75105;R-HSA-75876;R-HSA-75876;R-HSA-75876;R-HSA-75876;R-HSA-1482922;R-HSA-1482883;R-HSA-75109;R-HSA-177162;R-HSA-209931;R-HSA-9854311;R-HSA-71384;R-HSA-71384;R-HSA-5423646;R-HSA-189451;R-HSA-200425;R-HSA-200425;R-HSA-5362517;R-HSA-174490;R-HSA-9856649;R-HSA-5621575;R-HSA-9828806;R-HSA-162599;R-HSA-2142753;R-HSA-9640463;R-HSA-9640463;R-HSA-77288;R-HSA-9861559;R-HSA-9853506;R-HSA-9701898;R-HSA-77310;R-HSA-77346;R-HSA-77348;R-HSA-77350;R-HSA-8963896;R-HSA-351200;R-HSA-6811555;R-HSA-8951936;R-HSA-2046105;R-HSA-434313;R-HSA-199220;R-HSA-199220;R-HSA-199220;R-HSA-199220;R-HSA-9683686;R-HSA-162710;R-HSA-1482798;R-HSA-1482798;R-HSA-75896;R-HSA-446210;R-HSA-390918;R-HSA-77285;R-HSA-77305;R-HSA-77111;R-HSA-77111;R-HSA-77108;R-HSA-3238698;R-HSA-196783;R-HSA-9683683;R-HSA-9694493;R-HSA-9636569","WP5352;WP4949;WP4906;WP4190;WP4577","coenzyme A(4-)","","coenzyme A(4-)"
"57288","","R-HSA-156582;R-HSA-9753281;R-HSA-6804758;R-HSA-8963693;R-HSA-2046106;R-HSA-389887;R-HSA-390247;R-HSA-70171;R-HSA-5617833;R-HSA-2467813;R-HSA-2500257;R-HSA-2024096;R-HSA-6790901;R-HSA-977225;R-HSA-2559586;R-HSA-5693548;R-HSA-71403;R-HSA-6811440;R-HSA-9705671;R-HSA-9609690;R-HSA-70635;R-HSA-73762;R-HSA-8849175;R-HSA-201722;R-HSA-5250924;R-HSA-2468052;R-HSA-9759194;R-HSA-70895;R-HSA-1483191;R-HSA-3214847;R-HSA-3214847;R-HSA-77289;R-HSA-264642;R-HSA-9617629;R-HSA-9617629;R-HSA-191273;R-HSA-3371568;R-HSA-70268;R-HSA-70268;R-HSA-75105;R-HSA-209931;R-HSA-9854311;R-HSA-71384;R-HSA-71384;R-HSA-5423646;R-HSA-200425;R-HSA-5362517;R-HSA-2206291;R-HSA-9856649;R-HSA-5621575;R-HSA-77288;R-HSA-204174;R-HSA-9861559;R-HSA-9701898;R-HSA-77310;R-HSA-77346;R-HSA-77348;R-HSA-77350;R-HSA-351200;R-HSA-70263;R-HSA-6811555;R-HSA-8951936;R-HSA-446210;R-HSA-77285;R-HSA-77305;R-HSA-77111;R-HSA-77111;R-HSA-77108;R-HSA-425397;R-HSA-425397;R-HSA-9636569;R-HSA-5619061","WP5365;WP5420;WP5031;WP5175;WP4686;WP4190;WP4577;WP4595;WP4571","acetyl-CoA(4-)","","acetyl-CoA(4-)"
"173517","","R-HSA-9753281","","N-Acetyl-p-benzoquinonimine","","N-Acetyl-p-benzoquinonimine"
"29035","","R-HSA-9753281;R-HSA-199418;R-HSA-6802952;R-HSA-9861718;R-HSA-936837;R-HSA-936837;R-HSA-1971475;R-HSA-3560801;R-HSA-354192;R-HSA-71403;R-HSA-9705671;R-HSA-70635;R-HSA-70635;R-HSA-180024;R-HSA-5674135;R-HSA-6802946;R-HSA-6802948;R-HSA-6802955;R-HSA-9649948;R-HSA-9656223;R-HSA-70895;R-HSA-1222556;R-HSA-1222556;R-HSA-2022854;R-HSA-1483191;R-HSA-1483191;R-HSA-1483213;R-HSA-1483226;R-HSA-5655862;R-HSA-202733;R-HSA-3299685;R-HSA-70268;R-HSA-70268;R-HSA-1566977;R-HSA-1855167;R-HSA-2393930;R-HSA-975577;R-HSA-9854311;R-HSA-174403;R-HSA-425410;R-HSA-425410;R-HSA-425410;R-HSA-200425;R-HSA-880009;R-HSA-372708;R-HSA-1660499;R-HSA-9694686;R-HSA-9694686;R-HSA-70221;R-HSA-70221;R-HSA-70221;R-HSA-1660514;R-HSA-1660516;R-HSA-1660517;R-HSA-70263;R-HSA-354194;R-HSA-9033807;R-HSA-9033807;R-HSA-9840309;R-HSA-5357609;R-HSA-5653890;R-HSA-196780;R-HSA-196780;R-HSA-3371599;R-HSA-6799990;R-HSA-9818025;R-HSA-6803544;R-HSA-6803544;R-HSA-9694786;R-HSA-9694786","WP5407;WP5420;WP176;WP15","manganese(2+)","","manganese(2+)"
"32635","","R-HSA-9753281;R-HSA-9753281;R-HSA-156584","","paracetamol sulfate","","paracetamol sulfate"
"32636","","R-HSA-9753281","","acetaminophen O-beta-D-glucosiduronic acid","","acetaminophen O-beta-D-glucosiduronic acid"
"32639","","R-HSA-9753281;R-HSA-156590;R-HSA-156590","","acetaminophen glutathione conjugate","","acetaminophen glutathione conjugate"
"35235","","R-HSA-9753281;R-HSA-379716;R-HSA-947581;R-HSA-1614603;R-HSA-379726;R-HSA-1614558;R-HSA-1614558;R-HSA-352230;R-HSA-352230;R-HSA-442660;R-HSA-442660;R-HSA-5619094;R-HSA-1362409;R-HSA-174403;R-HSA-5662702;R-HSA-6787450;R-HSA-5578999;R-HSA-5619044;R-HSA-5659735;R-HSA-196783","WP5420;WP4504;WP4577","L-cysteine zwitterion","","L-cysteine zwitterion"
"36080","","R-HSA-9753281;R-HSA-9755088;R-HSA-9755511;R-HSA-9664422;R-HSA-9664422;R-HSA-9613829;R-HSA-9613829;R-HSA-9613829;R-HSA-9613829;R-HSA-9613829;R-HSA-9613829;R-HSA-9615710;R-HSA-9615710;R-HSA-9646399;R-HSA-9646399;R-HSA-9646399;R-HSA-9646399;R-HSA-983231;R-HSA-977606;R-HSA-977606;R-HSA-937041;R-HSA-937072;R-HSA-975163;R-HSA-9648025;R-HSA-9833482;R-HSA-9833482;R-HSA-9668328;R-HSA-9648002;R-HSA-9648002;R-HSA-9648002;R-HSA-9648002;R-HSA-9648002;R-HSA-9648002;R-HSA-9648002;R-HSA-9679191;R-HSA-975634;R-HSA-975634;R-HSA-9662360;R-HSA-9662361;R-HSA-8856828;R-HSA-977225;R-HSA-977225;R-HSA-977225;R-HSA-977225;R-HSA-977225;R-HSA-977225;R-HSA-977225;R-HSA-977225;R-HSA-977225;R-HSA-977225;R-HSA-977225;R-HSA-977225;R-HSA-977225;R-HSA-977225;R-HSA-977225;R-HSA-977225;R-HSA-977225;R-HSA-977225;R-HSA-977225;R-HSA-977225;R-HSA-977225;R-HSA-977225;R-HSA-977225;R-HSA-977225;R-HSA-977225;R-HSA-977225;R-HSA-977225;R-HSA-977225;R-HSA-977225;R-HSA-977225;R-HSA-977225;R-HSA-977225;R-HSA-983189;R-HSA-983170;R-HSA-983170;R-HSA-9705671;R-HSA-9609690;R-HSA-73856;R-HSA-75815;R-HSA-8852276;R-HSA-9010553;R-HSA-9020702;R-HSA-9604323;R-HSA-901032;R-HSA-901032;R-HSA-901032;R-HSA-9649948;R-HSA-9656223;R-HSA-8874081;R-HSA-8874081;R-HSA-8874081;R-HSA-8874081;R-HSA-8874081;R-HSA-8874081;R-HSA-8874081;R-HSA-8874081;R-HSA-8874081;R-HSA-8874081;R-HSA-8874081;R-HSA-8874081;R-HSA-8874081;R-HSA-8874081;R-HSA-8874081;R-HSA-8955332;R-HSA-8955332;R-HSA-8955332;R-HSA-8955332;R-HSA-8955332;R-HSA-9609736;R-HSA-9619483;R-HSA-9014325;R-HSA-9014325;R-HSA-937042;R-HSA-9645460;R-HSA-9692916;R-HSA-72702;R-HSA-72706;R-HSA-844456;R-HSA-9660826;R-HSA-9009391;R-HSA-9009391;R-HSA-9634597;R-HSA-9634597;R-HSA-9664323;R-HSA-9664323;R-HSA-983695;R-HSA-983695;R-HSA-983695;R-HSA-983695;R-HSA-9673324;R-HSA-75105;R-HSA-9686347;R-HSA-9692913;R-HSA-75892;R-HSA-75892;R-HSA-9845619;R-HSA-9845621;R-HSA-72764;R-HSA-72764;R-HSA-937039;R-HSA-975144;R-HSA-982772;R-HSA-76009;R-HSA-9845620;R-HSA-9845622;R-HSA-9846298;R-HSA-8874177;R-HSA-912631;R-HSA-9694631;R-HSA-9828806;R-HSA-9828806;R-HSA-9758881;R-HSA-9758881;R-HSA-936440;R-HSA-936440;R-HSA-936440;R-HSA-9027307;R-HSA-9027307;R-HSA-72662;R-HSA-9018682;R-HSA-9018682;R-HSA-844455;R-HSA-901042;R-HSA-901042;R-HSA-9026290;R-HSA-9018676;R-HSA-9018896;R-HSA-9018896;R-HSA-9020265;R-HSA-9023661;R-HSA-9026286;R-HSA-9026286;R-HSA-9027604;R-HSA-9027604;R-HSA-9603505;R-HSA-9758890;R-HSA-74749;R-HSA-844615;R-HSA-9026762;R-HSA-9026762;R-HSA-75205;R-HSA-75205;R-HSA-975110;R-HSA-948021;R-HSA-948021;R-HSA-948021;R-HSA-9026766;R-HSA-9026766;R-HSA-9708530;R-HSA-9727281","WP5222;WP5224;WP5049;WP3635;WP3634","protein","","protein"
"57305","","R-HSA-9753281;R-HSA-193368;R-HSA-5673001;R-HSA-379716;R-HSA-3928662;R-HSA-3928662;R-HSA-8849932;R-HSA-8849175;R-HSA-177128;R-HSA-177135;R-HSA-9749641;R-HSA-2408508;R-HSA-379726;R-HSA-8955332;R-HSA-159418;R-HSA-196757;R-HSA-196757;R-HSA-73817;R-HSA-9664535;R-HSA-352230;R-HSA-352230;R-HSA-442660;R-HSA-442660;R-HSA-5619094;R-HSA-389661;R-HSA-389661;R-HSA-389661;R-HSA-2142691;R-HSA-2142691;R-HSA-71288;R-HSA-425393;R-HSA-425393;R-HSA-174403;R-HSA-5423646;R-HSA-189451;R-HSA-428559;R-HSA-428559;R-HSA-5619041;R-HSA-112314;R-HSA-6783984;R-HSA-438066;R-HSA-438066;R-HSA-442982;R-HSA-9617324;R-HSA-9620244;R-HSA-6798163;R-HSA-71262;R-HSA-5579006;R-HSA-9026762;R-HSA-5619044;R-HSA-5659735;R-HSA-5619079;R-HSA-5659729;R-HSA-9026766;R-HSA-5619089","WP5420;WP4504;WP5166;WP4688;WP5381","glycine zwitterion","","glycine zwitterion"
"57783","","R-HSA-9753281;R-HSA-74217;R-HSA-5218920;R-HSA-5628897;R-HSA-193368;R-HSA-193368;R-HSA-4420097;R-HSA-983231;R-HSA-975634;R-HSA-1660661;R-HSA-2564830;R-HSA-2187335;R-HSA-2453864;R-HSA-9707564;R-HSA-71403;R-HSA-197264;R-HSA-71064;R-HSA-70635;R-HSA-2453902;R-HSA-2453902;R-HSA-5365859;R-HSA-499943;R-HSA-2142789;R-HSA-9702518;R-HSA-9703465;R-HSA-1222556;R-HSA-917977;R-HSA-156590;R-HSA-5661270;R-HSA-1614558;R-HSA-6803205;R-HSA-203615;R-HSA-192105;R-HSA-193807;R-HSA-193807;R-HSA-211976;R-HSA-211976;R-HSA-917937;R-HSA-3299685;R-HSA-3299685;R-HSA-196757;R-HSA-196757;R-HSA-189483;R-HSA-9754706;R-HSA-191273;R-HSA-211945;R-HSA-9009391;R-HSA-6807047;R-HSA-6807062;R-HSA-2162123;R-HSA-2162123;R-HSA-6782315;R-HSA-193048;R-HSA-193993;R-HSA-193993;R-HSA-5668599;R-HSA-9673324;R-HSA-193775;R-HSA-193775;R-HSA-70268;R-HSA-70268;R-HSA-196108;R-HSA-196108;R-HSA-75105;R-HSA-75105;R-HSA-75876;R-HSA-2395516;R-HSA-5579026;R-HSA-211979;R-HSA-2142691;R-HSA-2142691;R-HSA-446199;R-HSA-71240;R-HSA-196791;R-HSA-211916;R-HSA-211916;R-HSA-5579027;R-HSA-5423646;R-HSA-5579005;R-HSA-73621;R-HSA-2142670;R-HSA-9018681;R-HSA-9027307;R-HSA-5579000;R-HSA-9757110;R-HSA-211994;R-HSA-194002;R-HSA-194002;R-HSA-5579017;R-HSA-5579009;R-HSA-5579028;R-HSA-193144;R-HSA-193144;R-HSA-5579030;R-HSA-9640463;R-HSA-5579021;R-HSA-5579010;R-HSA-5578996;R-HSA-5579014;R-HSA-9759218;R-HSA-1474151;R-HSA-1474151;R-HSA-350864;R-HSA-77346;R-HSA-6787639;R-HSA-71336;R-HSA-2142700;R-HSA-5652227;R-HSA-9018677;R-HSA-9026290;R-HSA-2142688;R-HSA-9018676;R-HSA-9018896;R-HSA-9020265;R-HSA-9023661;R-HSA-9026286;R-HSA-9027604;R-HSA-2142770;R-HSA-3359474;R-HSA-75896;R-HSA-8964539;R-HSA-8964539;R-HSA-8964539;R-HSA-2408550;R-HSA-392154;R-HSA-5579004;R-HSA-2978092;R-HSA-389542;R-HSA-9026766;R-HSA-1222449;R-HSA-1222541;R-HSA-3359467;R-HSA-5662853;R-HSA-211897;R-HSA-5263617;R-HSA-4755579;R-HSA-5579013","WP5401;WP5346;WP5420;WP4524;WP4523;WP4190;WP5368","NADPH(4-)","","NADPH(4-)"
"57925","","R-HSA-9753281;R-HSA-5628897;R-HSA-9748787;R-HSA-9748787;R-HSA-499943;R-HSA-1222556;R-HSA-156590;R-HSA-3299685;R-HSA-2162123;R-HSA-70268;R-HSA-2142691;R-HSA-196836;R-HSA-174403;R-HSA-5423646;R-HSA-156581;R-HSA-9759218;R-HSA-8963684;R-HSA-2142712;R-HSA-2142688;R-HSA-9018676;R-HSA-9018896;R-HSA-9020265;R-HSA-9023661;R-HSA-2142770;R-HSA-2408550;R-HSA-9026762;R-HSA-9026766;R-HSA-1222538","WP4504;WP5030","glutathionate(1-)","","glutathionate(1-)"
"57673","","R-HSA-74217;R-HSA-74217;R-HSA-74259;R-HSA-499943;R-HSA-3248023","WP5420;WP4792;WP4224","2'-deoxyguanosine 5'-monophosphate(2-)","","2'-deoxyguanosine 5'-monophosphate(2-)"
"57720","","R-HSA-74217;R-HSA-9755088;R-HSA-74259;R-HSA-73614;R-HSA-73621;R-HSA-71336","","alpha-D-ribose 1-phosphate(2-)","","alpha-D-ribose 1-phosphate(2-)"
"58115","","R-HSA-74217;R-HSA-74259;R-HSA-74259;R-HSA-499943;R-HSA-72086;R-HSA-418457;R-HSA-727802;R-HSA-727802;R-HSA-3299685;R-HSA-73817;R-HSA-9660826;R-HSA-4086398;R-HSA-69166;R-HSA-429958;R-HSA-430039;R-HSA-3000480;R-HSA-9717207;R-HSA-9717207;R-HSA-8850843;R-HSA-8850843","WP5348;WP5420;WP4792;WP4224","guanosine 5'-monophosphate(2-)","","guanosine 5'-monophosphate(2-)"
"189091","","R-HSA-9755088","","ribavirin 5'-monophosphate(2-)","","ribavirin 5'-monophosphate(2-)"
"189092","","R-HSA-9755088","","ribavirin 5'-diphosphate(3-)","","ribavirin 5'-diphosphate(3-)"
"189093","","R-HSA-9755088;R-HSA-9755088","","ribavirin 5'-triphosphate(4-)","","ribavirin 5'-triphosphate(4-)"
"189551","","R-HSA-9755088","","ribavirin carboxylate","","ribavirin carboxylate"
"57836","","R-HSA-1257604;R-HSA-199418;R-HSA-389357;R-HSA-392451;R-HSA-5218920;R-HSA-6804757;R-HSA-9755779;R-HSA-2029482;R-HSA-2029482;R-HSA-4420097;R-HSA-4420097;R-HSA-5663213;R-HSA-5663213;R-HSA-9664422;R-HSA-9664422;R-HSA-5213460;R-HSA-5620971;R-HSA-917729;R-HSA-917729;R-HSA-2424491;R-HSA-9679191;R-HSA-1433557;R-HSA-2871837;R-HSA-202424;R-HSA-5607764;R-HSA-9725370;R-HSA-9710421;R-HSA-5686938;R-HSA-5625740;R-HSA-114604;R-HSA-114604;R-HSA-2871796;R-HSA-2871809;R-HSA-2871809;R-HSA-9660826;R-HSA-8964315;R-HSA-9664323;R-HSA-1250342;R-HSA-1963642;R-HSA-2219530;R-HSA-6811558;R-HSA-9664565;R-HSA-2029485;R-HSA-983695;R-HSA-983695;R-HSA-109704;R-HSA-201556;R-HSA-5654689;R-HSA-5654695;R-HSA-5654710;R-HSA-5654720;R-HSA-5655253;R-HSA-5655291;R-HSA-5655302;R-HSA-5655332;R-HSA-1839117;R-HSA-1236382;R-HSA-5637810;R-HSA-9665348;R-HSA-165158;R-HSA-1483255;R-HSA-1483255;R-HSA-9680350;R-HSA-186763;R-HSA-180292;R-HSA-1660499;R-HSA-448706;R-HSA-5654228;R-HSA-1660516;R-HSA-9027276;R-HSA-165160;R-HSA-165181;R-HSA-2730905;R-HSA-2730905;R-HSA-5654219;R-HSA-5654221;R-HSA-5654227;R-HSA-389359;R-HSA-9670439;R-HSA-8851907;R-HSA-9028335;R-HSA-444257;R-HSA-9673767;R-HSA-9673770;R-HSA-9634635;R-HSA-9634635;R-HSA-198203;R-HSA-9603381;R-HSA-5674404","WP4971;WP722","1-phosphatidyl-1D-myo-inositol 3,4,5-trisphosphate(7-)","","1-phosphatidyl-1D-myo-inositol 3,4,5-trisphosphate(7-)"
"32682","","R-HSA-5218920;R-HSA-379716;R-HSA-416476;R-HSA-70635;R-HSA-70635;R-HSA-1222556;R-HSA-9639288;R-HSA-165159;R-HSA-165159;R-HSA-379726;R-HSA-203615;R-HSA-264876;R-HSA-211945;R-HSA-9009391;R-HSA-352230;R-HSA-352230;R-HSA-352230;R-HSA-5619113;R-HSA-5660883;R-HSA-442660;R-HSA-442660;R-HSA-5619094;R-HSA-351143;R-HSA-71288;R-HSA-5223345;R-HSA-5223345;R-HSA-420499;R-HSA-5676934;R-HSA-392154;R-HSA-5660862","WP5420;WP4583;WP5190;WP5026;WP4838;WP4595;WP4571","L-argininium(1+)","","L-argininium(1+)"
"57692","","R-HSA-5218920;R-HSA-5628897;R-HSA-193368;R-HSA-2046106;R-HSA-389887;R-HSA-390247;R-HSA-4420097;R-HSA-9013149;R-HSA-9013423;R-HSA-1614517;R-HSA-1483166;R-HSA-983231;R-HSA-74259;R-HSA-9748787;R-HSA-2564830;R-HSA-611105;R-HSA-611105;R-HSA-197264;R-HSA-71064;R-HSA-499943;R-HSA-163560;R-HSA-2142789;R-HSA-2142789;R-HSA-70895;R-HSA-917977;R-HSA-1614558;R-HSA-203615;R-HSA-77289;R-HSA-181430;R-HSA-3299685;R-HSA-3299685;R-HSA-191273;R-HSA-211945;R-HSA-9009391;R-HSA-5668599;R-HSA-2395516;R-HSA-389661;R-HSA-389661;R-HSA-196843;R-HSA-203641;R-HSA-196836;R-HSA-9854311;R-HSA-6799198;R-HSA-6799198;R-HSA-156581;R-HSA-379397;R-HSA-379398;R-HSA-189451;R-HSA-5362517;R-HSA-880009;R-HSA-9818027;R-HSA-77352;R-HSA-73621;R-HSA-77288;R-HSA-9759218;R-HSA-9759218;R-HSA-1474151;R-HSA-204174;R-HSA-9861559;R-HSA-6783984;R-HSA-9853506;R-HSA-6798163;R-HSA-77310;R-HSA-77346;R-HSA-77348;R-HSA-77350;R-HSA-1614635;R-HSA-141334;R-HSA-351200;R-HSA-380612;R-HSA-217271;R-HSA-5579019;R-HSA-8964208;R-HSA-75896;R-HSA-2408550;R-HSA-77285;R-HSA-77305;R-HSA-964975;R-HSA-141333;R-HSA-379401;R-HSA-5579012;R-HSA-1222541;R-HSA-3359467;R-HSA-3359469;R-HSA-203754;R-HSA-70688;R-HSA-5263617","WP5222;WP5420;WP5037","FAD(3-)","","FAD(3-)"
"57743","","R-HSA-5218920;R-HSA-70635;R-HSA-70635;R-HSA-1222556;R-HSA-203615;R-HSA-9009391;R-HSA-392154","WP5420;WP4583;WP4919;WP5026;WP4225;WP4595;WP497;WP4571","L-citrulline zwitterion","","L-citrulline zwitterion"
"38573","","R-HSA-5628897;R-HSA-611105;R-HSA-9707564;R-HSA-3299685","","ferroheme","","ferroheme"
"38574","","R-HSA-5628897;R-HSA-611105;R-HSA-9707564;R-HSA-3299685","","ferriheme","","ferriheme"
"57634","","R-HSA-5628897;R-HSA-70171;R-HSA-170822;R-HSA-70263;R-HSA-71336;R-HSA-4085023;R-HSA-446210;R-HSA-446205;R-HSA-4043916;R-HSA-9634600;R-HSA-163754;R-HSA-6791462","WP5178;WP5394","beta-D-fructofuranose 6-phosphate(2-)","","beta-D-fructofuranose 6-phosphate(2-)"
"65310","","R-HSA-5674400","WP3879","triciribine","","triciribine"
"57540","","R-HSA-8948751;R-HSA-193368;R-HSA-193368;R-HSA-2046106;R-HSA-2046106;R-HSA-389887;R-HSA-390247;R-HSA-70171;R-HSA-1483166;R-HSA-110362;R-HSA-5685939;R-HSA-5696394;R-HSA-1912408;R-HSA-3371453;R-HSA-74259;R-HSA-9748787;R-HSA-5578775;R-HSA-5578775;R-HSA-975634;R-HSA-2453864;R-HSA-5693607;R-HSA-611105;R-HSA-71403;R-HSA-197264;R-HSA-197264;R-HSA-71064;R-HSA-9856872;R-HSA-9856872;R-HSA-2453902;R-HSA-5365859;R-HSA-4641257;R-HSA-2142789;R-HSA-8849175;R-HSA-427359;R-HSA-427359;R-HSA-70895;R-HSA-5661270;R-HSA-422356;R-HSA-2871809;R-HSA-389599;R-HSA-2151201;R-HSA-2151201;R-HSA-193807;R-HSA-196757;R-HSA-73817;R-HSA-9617629;R-HSA-9617629;R-HSA-191273;R-HSA-211945;R-HSA-9664323;R-HSA-2162123;R-HSA-2162123;R-HSA-112043;R-HSA-1489509;R-HSA-2029485;R-HSA-5218921;R-HSA-5607763;R-HSA-983695;R-HSA-6782315;R-HSA-193048;R-HSA-193993;R-HSA-9840310;R-HSA-70921;R-HSA-193775;R-HSA-70268;R-HSA-70268;R-HSA-977347;R-HSA-389661;R-HSA-196836;R-HSA-71240;R-HSA-9854311;R-HSA-2161541;R-HSA-71384;R-HSA-71384;R-HSA-9845614;R-HSA-156581;R-HSA-70350;R-HSA-196807;R-HSA-196807;R-HSA-196807;R-HSA-2173795;R-HSA-77352;R-HSA-9683610;R-HSA-9694631;R-HSA-1663150;R-HSA-194002;R-HSA-77288;R-HSA-9759218;R-HSA-204626;R-HSA-204174;R-HSA-9861559;R-HSA-6783984;R-HSA-9853506;R-HSA-6798163;R-HSA-916853;R-HSA-5336415;R-HSA-77310;R-HSA-77346;R-HSA-77348;R-HSA-77350;R-HSA-1614635;R-HSA-5578997;R-HSA-2995383;R-HSA-70263;R-HSA-2046105;R-HSA-380612;R-HSA-71262;R-HSA-2142700;R-HSA-5652227;R-HSA-173599;R-HSA-9018676;R-HSA-9018896;R-HSA-2142770;R-HSA-5609977;R-HSA-70370;R-HSA-8964208;R-HSA-1855183;R-HSA-8964539;R-HSA-77285;R-HSA-77305;R-HSA-1237044;R-HSA-77111;R-HSA-77111;R-HSA-77108;R-HSA-1222538;R-HSA-1222541;R-HSA-70688;R-HSA-9637698","WP5401;WP4524;WP4190;WP5368","NAD(1-)","","NAD(1-)"
"88219","","R-HSA-9607240;R-HSA-9702509","","TTT-3002","","TTT-3002"
"91441","","R-HSA-9607240;R-HSA-9702509;R-HSA-9702569","","[4-[2-(1H-indazol-3-yl)ethenyl]phenyl]-(1-piperazinyl)methanone","","[4-[2-(1H-indazol-3-yl)ethenyl]phenyl]-(1-piperazinyl)methanone"
"26523","","R-HSA-9755511;R-HSA-9755511;R-HSA-9646399;R-HSA-8951664;R-HSA-2559580;R-HSA-2559586;R-HSA-5693548;R-HSA-844456;R-HSA-9617629;R-HSA-9617629;R-HSA-9660826;R-HSA-9664873;R-HSA-9656256;R-HSA-9708530","WP5356;WP2447;WP5113;WP5233;WP5331;WP5283;WP2436;WP3996;WP3601;WP3624;WP4288;WP4290;WP5038;WP5192;WP3890;WP2513;WP2643;WP4396;WP5424;WP5095;WP408;WP4141;WP4873;WP3617;WP5122;WP5321;WP2018;WP5258;WP4838;WP5181;WP5183;WP15;WP5381;WP5050;WP231;WP3953;WP3982","reactive oxygen species","","reactive oxygen species"
"32395","","R-HSA-1989781;R-HSA-1989781;R-HSA-381340;R-HSA-9707564;R-HSA-1368108;R-HSA-400253;R-HSA-9707616;R-HSA-1368082;R-HSA-2151201;R-HSA-2426168;R-HSA-400206;R-HSA-2162123;R-HSA-2029485;R-HSA-5668599;R-HSA-75876;R-HSA-211935;R-HSA-2142691;R-HSA-426048;R-HSA-211958;R-HSA-2142816;R-HSA-5579011;R-HSA-2142670;R-HSA-2142753;R-HSA-2142753;R-HSA-2142753;R-HSA-2142696;R-HSA-2142712;R-HSA-2142688;R-HSA-2142770;R-HSA-112310;R-HSA-111995;R-HSA-140180","","arachidonate","","arachidonate"
"33699","","R-HSA-1989781;R-HSA-430039","WP5381","messenger RNA","","messenger RNA"
"36144","","R-HSA-1989781;R-HSA-9707564;R-HSA-400253;R-HSA-400253;R-HSA-1222556;R-HSA-9707616;R-HSA-9707616;R-HSA-9707616;R-HSA-9707616;R-HSA-9707616;R-HSA-2151201;R-HSA-9648895;R-HSA-917937;R-HSA-917937;R-HSA-196836;R-HSA-2168880;R-HSA-2168880;R-HSA-1237044;R-HSA-1222538;R-HSA-1368071","","ferriheme b","","ferriheme b"
"36234","","R-HSA-1989781;R-HSA-193368;R-HSA-4090294;R-HSA-418555;R-HSA-159418;R-HSA-159418;R-HSA-159418;R-HSA-192105;R-HSA-193807;R-HSA-211976;R-HSA-879518;R-HSA-879518;R-HSA-192456;R-HSA-373076","WP5176","chenodeoxycholate","","chenodeoxycholate"
"61120","","R-HSA-1989781;R-HSA-1989781;R-HSA-381340;R-HSA-174411;R-HSA-174430;R-HSA-983231;R-HSA-983231;R-HSA-5685939;R-HSA-5685939;R-HSA-5685939;R-HSA-5685939;R-HSA-5685939;R-HSA-5696394;R-HSA-5696395;R-HSA-5696395;R-HSA-6783310;R-HSA-6783310;R-HSA-6782135;R-HSA-6782135;R-HSA-6782135;R-HSA-6782135;R-HSA-6782135;R-HSA-6782210;R-HSA-6782210;R-HSA-6782210;R-HSA-2559586;R-HSA-2559586;R-HSA-5685938;R-HSA-5685938;R-HSA-5685938;R-HSA-5685938;R-HSA-5685942;R-HSA-5685942;R-HSA-5693548;R-HSA-5693554;R-HSA-5693554;R-HSA-5693565;R-HSA-5693568;R-HSA-5693568;R-HSA-5693568;R-HSA-5693568;R-HSA-5693568;R-HSA-5693571;R-HSA-5693571;R-HSA-5693571;R-HSA-5693571;R-HSA-5693579;R-HSA-5693607;R-HSA-5693616;R-HSA-69473;R-HSA-912446;R-HSA-912446;R-HSA-9701192;R-HSA-9704646;R-HSA-9709603;R-HSA-9707564;R-HSA-1368108;R-HSA-176187;R-HSA-176187;R-HSA-112382;R-HSA-167160;R-HSA-72086;R-HSA-73762;R-HSA-73772;R-HSA-73776;R-HSA-73776;R-HSA-73776;R-HSA-73776;R-HSA-73776;R-HSA-73776;R-HSA-73779;R-HSA-75953;R-HSA-75953;R-HSA-5250924;R-HSA-73728;R-HSA-9710421;R-HSA-400253;R-HSA-749476;R-HSA-749476;R-HSA-749476;R-HSA-749476;R-HSA-749476;R-HSA-749476;R-HSA-749476;R-HSA-749476;R-HSA-9707616;R-HSA-1368082;R-HSA-2151201;R-HSA-2426168;R-HSA-400206;R-HSA-1181150;R-HSA-1181150;R-HSA-1502540;R-HSA-73780;R-HSA-73980;R-HSA-73980;R-HSA-174414;R-HSA-174414;R-HSA-174414;R-HSA-174414;R-HSA-174437;R-HSA-174437;R-HSA-174437;R-HSA-174437;R-HSA-5696397;R-HSA-109704;R-HSA-1810476;R-HSA-3000480;R-HSA-3000480;R-HSA-3000480;R-HSA-2161541;R-HSA-3134973;R-HSA-3134963;R-HSA-140342;R-HSA-113501;R-HSA-113501;R-HSA-113501;R-HSA-113501;R-HSA-113501;R-HSA-113507;R-HSA-168138;R-HSA-975110;R-HSA-975138;R-HSA-975155;R-HSA-176974;R-HSA-176974;R-HSA-163282;R-HSA-163316","","nucleobase-containing molecular entity","","nucleobase-containing molecular entity"
"67208","","R-HSA-9833110;R-HSA-9013973;R-HSA-9013973;R-HSA-9013973;R-HSA-9013973;R-HSA-933541;R-HSA-933541;R-HSA-9828211;R-HSA-9828211;R-HSA-9828211;R-HSA-9828211;R-HSA-9833482;R-HSA-9705671;R-HSA-9705671;R-HSA-75102;R-HSA-77042;R-HSA-5689896;R-HSA-5689896;R-HSA-9014325;R-HSA-9014325;R-HSA-9014325;R-HSA-9014325;R-HSA-1834949;R-HSA-6782315;R-HSA-168927;R-HSA-168927;R-HSA-168927;R-HSA-168927;R-HSA-9013957;R-HSA-9013957;R-HSA-9013957;R-HSA-9013957;R-HSA-933542;R-HSA-933542;R-HSA-933542;R-HSA-933542;R-HSA-933542;R-HSA-933543;R-HSA-918233;R-HSA-9833109;R-HSA-168164;R-HSA-168164;R-HSA-168164;R-HSA-168164;R-HSA-936440;R-HSA-8983711;R-HSA-8983711;R-HSA-8983711;R-HSA-168928;R-HSA-168888","","double-stranded RNA","","double-stranded RNA"
"57853","","R-HSA-8963693;R-HSA-1614558;R-HSA-1614558","WP5420;WP4504","hypotaurine zwitterion","","hypotaurine zwitterion"
"15494","","R-HSA-193368;R-HSA-193368;R-HSA-193368","","3alpha,7alpha-dihydroxy-5beta-cholestan-26-oyl-CoA","C04644","3alpha,7alpha-Dihydroxy-5beta-cholestanoyl-CoA"
"36252","","R-HSA-193368;R-HSA-193368;R-HSA-193368;R-HSA-159418;R-HSA-159418;R-HSA-879518;R-HSA-879518;R-HSA-192456;R-HSA-5678520","","glycochenodeoxycholate","","glycochenodeoxycholate"
"36257","","R-HSA-193368;R-HSA-193368;R-HSA-193368;R-HSA-159418;R-HSA-159418;R-HSA-879518;R-HSA-879518;R-HSA-192456;R-HSA-5678520","WP5176","taurocholate","","taurocholate"
"37643","","R-HSA-193368","WP5176","(25S)-3alpha,7alpha,12alpha-trihydroxy-5beta-cholestanoyl-CoA","","(25S)-3alpha,7alpha,12alpha-trihydroxy-5beta-cholestanoyl-CoA"
"57373","","R-HSA-193368;R-HSA-159418","","choloyl-CoA(4-)","","choloyl-CoA(4-)"
"57384","","R-HSA-2046106;R-HSA-390247;R-HSA-77289;R-HSA-75105;R-HSA-75876;R-HSA-75876;R-HSA-200425;R-HSA-5362517;R-HSA-2046105","WP5420;WP5031;WP4206;WP4577","malonyl-CoA(5-)","","malonyl-CoA(5-)"
"57880","","R-HSA-2046106;R-HSA-1632852;R-HSA-163125;R-HSA-1483226;R-HSA-1483226;R-HSA-5668599;R-HSA-1482922;R-HSA-1482922;R-HSA-9636383;R-HSA-3000480;R-HSA-3000480;R-HSA-3000480;R-HSA-1660499;R-HSA-1660499;R-HSA-1660514;R-HSA-1660516;R-HSA-1660517;R-HSA-1660517;R-HSA-9793528;R-HSA-1483248;R-HSA-162710;R-HSA-1483196;R-HSA-1483196;R-HSA-3000471;R-HSA-3000471;R-HSA-3000471","WP4949;WP4657;WP4971","1-phosphatidyl-1D-myo-inositol(1-)","","1-phosphatidyl-1D-myo-inositol(1-)"
"65130","","R-HSA-2046106","","(6Z,9Z,12Z,15Z,18Z,21Z)-3-hydroxytetracosahexaenoyl-CoA","C16375","(3R,6Z,9Z,12Z,15Z,18Z,21Z)-3-Hydroxytetracosahexaenoyl-CoA"
"65131","","R-HSA-2046106","","(6Z,9Z,12Z,15Z,18Z,21Z)-3-oxotetracosahexaenoyl-CoA","C16376","(6Z,9Z,12Z,15Z,18Z,21Z)-3-Oxotetracosahexaenoyl-CoA"
"65132","","R-HSA-2046106","WP5241;WP4723","(4Z,7Z,10Z,13Z,16Z,19Z)-docosahexaenoyl-CoA","","(4Z,7Z,10Z,13Z,16Z,19Z)-Docosahexaenoyl-CoA"
"65139","","R-HSA-2046106","","(2E,6Z,9Z,12Z,15Z,18Z,21Z)-tetracosaheptaenoyl-CoA","","(2E,6Z,9Z,12Z,15Z,18Z,21Z)-tetracosaheptaenoyl-CoA"
"15495","","R-HSA-389887","","4,8,12-trimethyltridecanoyl-CoA","C07296","4,8,12-Trimethyltridecanoyl-CoA"
"28867","","R-HSA-389887","WP4236;WP4686","O-propanoylcarnitine","C03017","O-Propanoylcarnitine"
"27700","","R-HSA-390247","","trans-3-enoyl-CoA","C05067","(3E)-3-Enoyl-CoA"
"64972","","R-HSA-390247","","3-hydroxyhexacosanoyl-CoA","","3-hydroxyhexacosanoyl-CoA"
"65052","","R-HSA-390247;R-HSA-75876","","tetracosanoyl-CoA(4-)","","tetracosanoyl-CoA(4-)"
"83727","","R-HSA-390247","","long-chain 2,3-trans-enoyl CoA(4-)","","long-chain 2,3-trans-enoyl CoA(4-)"
"85939","","R-HSA-390247","","cis-3-octenoyl-CoA","","cis-3-octenoyl-CoA"
"23367","","R-HSA-9664422;R-HSA-3371511;R-HSA-166663;R-HSA-166663;R-HSA-174577;R-HSA-977606;R-HSA-983168;R-HSA-983168;R-HSA-2299718;R-HSA-2299718;R-HSA-2514853;R-HSA-2514853;R-HSA-2467813;R-HSA-2500257;R-HSA-2500257;R-HSA-6803157;R-HSA-2132295;R-HSA-6809371;R-HSA-5389840;R-HSA-5389840;R-HSA-2559586;R-HSA-5693554;R-HSA-5693568;R-HSA-5693568;R-HSA-5693579;R-HSA-9701192;R-HSA-9704331;R-HSA-9704646;R-HSA-9709603;R-HSA-204005;R-HSA-5694530;R-HSA-5620912;R-HSA-611105;R-HSA-611105;R-HSA-611105;R-HSA-73856;R-HSA-1236974;R-HSA-1236974;R-HSA-1236974;R-HSA-5419276;R-HSA-110328;R-HSA-110329;R-HSA-110330;R-HSA-110330;R-HSA-110331;R-HSA-110331;R-HSA-1221632;R-HSA-171306;R-HSA-9670095;R-HSA-2408508;R-HSA-2408508;R-HSA-2468052;R-HSA-2468052;R-HSA-2470946;R-HSA-2470946;R-HSA-8851680;R-HSA-8851680;R-HSA-8851680;R-HSA-8851680;R-HSA-202733;R-HSA-166662;R-HSA-9683673;R-HSA-9683673;R-HSA-9694719;R-HSA-9694719;R-HSA-9664323;R-HSA-174414;R-HSA-174417;R-HSA-77595;R-HSA-9615933;R-HSA-9615933;R-HSA-9615933;R-HSA-9615933;R-HSA-9615933;R-HSA-9615933;R-HSA-156902;R-HSA-72764;R-HSA-168275;R-HSA-168275;R-HSA-1236973;R-HSA-1236973;R-HSA-1236973;R-HSA-1236973;R-HSA-1236973;R-HSA-9027307;R-HSA-9027307;R-HSA-164944;R-HSA-173736;R-HSA-2980766;R-HSA-2980766;R-HSA-2995383;R-HSA-2995383;R-HSA-9018682;R-HSA-9018682;R-HSA-9018676;R-HSA-9018676;R-HSA-9020265;R-HSA-9020265;R-HSA-9026286;R-HSA-9026286;R-HSA-162658;R-HSA-162658;R-HSA-162658;R-HSA-162658;R-HSA-3000471;R-HSA-975871;R-HSA-8941413;R-HSA-5603037;R-HSA-168316;R-HSA-168316;R-HSA-168142;R-HSA-168255;R-HSA-168288;R-HSA-168298;R-HSA-168302;R-HSA-168336;R-HSA-168336","","molecular entity","","molecular entity"
"19324","","R-HSA-70171","","2,3-bisphosphoglycerate","","2,3-bisphosphoglycerate"
"32966","","R-HSA-70171;R-HSA-73817;R-HSA-70268;R-HSA-70263","WP4949;WP5178;WP5216","beta-D-fructofuranose 1,6-bisphosphate(4-)","","beta-D-fructofuranose 1,6-bisphosphate(4-)"
"57604","","R-HSA-70171;R-HSA-70263","","3-phosphonato-D-glyceroyl phosphate(4-)","","3-phosphonato-D-glyceroyl phosphate(4-)"
"57642","","R-HSA-70171;R-HSA-1483166;R-HSA-1483166;R-HSA-163560;R-HSA-70350;R-HSA-70263;R-HSA-75896","WP4949","glycerone phosphate(2-)","","glycerone phosphate(2-)"
"2663","","R-HSA-5576890","","amiodarone","C06823","Amiodarone"
"101278","","R-HSA-5576893","","diltiazem","C06958","Diltiazem"
"2668","","R-HSA-5576893","","amlodipine","C06825","Amlodipine"
"31399","","R-HSA-5576893","","cilnidipine","","cilnidipine"
"7550","","R-HSA-5576893","","nicardipine","C07264","Nicardipine"
"7565","","R-HSA-5576893","","nifedipine","C07266","Nifedipine"
"7575","","R-HSA-5576893;R-HSA-3371497","","nimodipine","C07267","Nimodipine"
"7577","","R-HSA-5576893","","nisoldipine","C07699","Nisoldipine"
"7582","","R-HSA-5576893","","nitrendipine","C07713","Nitrendipine"
"9948","","R-HSA-5576893;R-HSA-211945;R-HSA-9757110","","verapamil","C07188","Verapamil"
"33697","","R-HSA-9013973;R-HSA-933541;R-HSA-9828211;R-HSA-174411;R-HSA-174430;R-HSA-9833482;R-HSA-9833482;R-HSA-72163;R-HSA-72165;R-HSA-427413;R-HSA-427413;R-HSA-75094;R-HSA-75094;R-HSA-9705671;R-HSA-9705671;R-HSA-159236;R-HSA-72187;R-HSA-167152;R-HSA-167152;R-HSA-167158;R-HSA-167200;R-HSA-167200;R-HSA-167200;R-HSA-167246;R-HSA-167246;R-HSA-167246;R-HSA-167246;R-HSA-72086;R-HSA-72086;R-HSA-72086;R-HSA-75955;R-HSA-75955;R-HSA-75955;R-HSA-167238;R-HSA-167243;R-HSA-167287;R-HSA-167290;R-HSA-9710421;R-HSA-75102;R-HSA-749476;R-HSA-749476;R-HSA-749476;R-HSA-749476;R-HSA-749476;R-HSA-749476;R-HSA-9014325;R-HSA-9692916;R-HSA-9692916;R-HSA-9692916;R-HSA-9692916;R-HSA-380994;R-HSA-73980;R-HSA-73980;R-HSA-73980;R-HSA-174414;R-HSA-168325;R-HSA-168325;R-HSA-168325;R-HSA-77595;R-HSA-77595;R-HSA-77595;R-HSA-975957;R-HSA-5601884;R-HSA-5601884;R-HSA-5601884;R-HSA-5601884;R-HSA-5601884;R-HSA-5601884;R-HSA-5601884;R-HSA-5601884;R-HSA-168927;R-HSA-1810476;R-HSA-9013957;R-HSA-975956;R-HSA-933542;R-HSA-933542;R-HSA-933543;R-HSA-3000480;R-HSA-3000480;R-HSA-3000480;R-HSA-3000480;R-HSA-918233;R-HSA-192814;R-HSA-203927;R-HSA-168164;R-HSA-9682706;R-HSA-936440;R-HSA-936440;R-HSA-9694686;R-HSA-9694686;R-HSA-426486;R-HSA-426496;R-HSA-426496;R-HSA-426496;R-HSA-426496;R-HSA-426496;R-HSA-8983711;R-HSA-8983711;R-HSA-8983711;R-HSA-8983711;R-HSA-167242;R-HSA-168928;R-HSA-975110;R-HSA-975110;R-HSA-975110;R-HSA-975110;R-HSA-975138;R-HSA-975138;R-HSA-975138;R-HSA-975138;R-HSA-975155;R-HSA-975155;R-HSA-975155;R-HSA-975155;R-HSA-168181;R-HSA-168181;R-HSA-168181;R-HSA-168181;R-HSA-192869;R-HSA-192869","WP5380;WP5346;WP5269;WP4022;WP5362","ribonucleic acid","","ribonucleic acid"
"29117","","R-HSA-8940973;R-HSA-8940973;R-HSA-3371497;R-HSA-3371497;R-HSA-5625886;R-HSA-5625886","","6-dehydrotestosterone","","6-dehydrotestosterone"
"17359","","R-HSA-1614517;R-HSA-1614517;R-HSA-1614558","WP4504;WP5030;WP5355","sulfite","","sulfite"
"25372","","R-HSA-1614517;R-HSA-947581","","molybdopterin cofactor","","molybdopterin cofactor"
"33542","","R-HSA-1614517;R-HSA-1614517;R-HSA-1614558","","trioxidosulfanidosulfate(1-)","","trioxidosulfanidosulfate(1-)"
"28874","","R-HSA-198933","","phosphatidylinositol","","phosphatidylinositol"
"28879","","R-HSA-198933;R-HSA-166663;R-HSA-977606;R-HSA-166662;R-HSA-2855086;R-HSA-419037;R-HSA-419037","","9-O-acetylneuraminic acid","C03525","O-Acetylneuraminic acid"
"42782","","R-HSA-198933","","L-idopyranose 6-monomycolate","","L-idopyranose 6-monomycolate"
"57613","","R-HSA-198933;R-HSA-1482839;R-HSA-1482839;R-HSA-1632852;R-HSA-1632852;R-HSA-936837;R-HSA-936837;R-HSA-2453902;R-HSA-1483191;R-HSA-1483213;R-HSA-1483213;R-HSA-1483213;R-HSA-2466712;R-HSA-162710;R-HSA-162710;R-HSA-1482798;R-HSA-1483101","","phosphatidylethanolamine zwitterion","","phosphatidylethanolamine zwitterion"
"64716","","R-HSA-198933;R-HSA-1482925;R-HSA-1482925;R-HSA-1482925;R-HSA-1483166;R-HSA-1369062;R-HSA-1369062;R-HSA-5683826;R-HSA-5683826;R-HSA-5683826;R-HSA-1483148;R-HSA-1483148;R-HSA-5683678;R-HSA-5688399;R-HSA-1483076","WP4722;WP2533","1,2-diacyl-sn-glycero-3-phospho-(1'-sn-glycerol)(1-)","","1,2-diacyl-sn-glycero-3-phospho-(1'-sn-glycerol)(1-)"
"83273","","R-HSA-198933;R-HSA-1660661;R-HSA-1660661;R-HSA-1660661;R-HSA-1660661;R-HSA-9840310;R-HSA-9840310;R-HSA-9840310;R-HSA-9840310;R-HSA-9845576;R-HSA-9845576;R-HSA-9845614;R-HSA-9845614;R-HSA-9840309;R-HSA-9840309;R-HSA-193681","","N-acylsphingoid","","N-acylsphingoid"
"27692","","R-HSA-1461973","","lipid II","C05893","Undecaprenyl-diphospho-N-acetylmuramoyl-(N-acetylglucosamine)-L-alanyl-gamma-D-glutamyl-L-lysyl-D-alanyl-D-alanine"
"53170","","R-HSA-373760","","HNK-1 carbohydrate","","HNK-1 carbohydrate"
"15986","","R-HSA-174411;R-HSA-174430;R-HSA-171319;R-HSA-171319;R-HSA-171319;R-HSA-171306;R-HSA-174414;R-HSA-174417;R-HSA-174437","","polynucleotide","C00419","Polynucleotide"
"37568","","R-HSA-174430;R-HSA-171319;R-HSA-499943;R-HSA-499943;R-HSA-9710421;R-HSA-174414;R-HSA-5358565;R-HSA-5358606;R-HSA-68952;R-HSA-8850843;R-HSA-8850843","","dTTP(4-)","","dTTP(4-)"
"36313","","R-HSA-1482788","WP4195","glycerophosphocholine","","glycerophosphocholine"
"36314","","R-HSA-1482788","","glycerophosphoethanolamine","","glycerophosphoethanolamine"
"57560","","R-HSA-1482788;R-HSA-1482788;R-HSA-1482801;R-HSA-1482801;R-HSA-1482839;R-HSA-1482839;R-HSA-1482925;R-HSA-1482925;R-HSA-1482925;R-HSA-1483115;R-HSA-1483115;R-HSA-1483166;R-HSA-1483166;R-HSA-1483166;R-HSA-162791;R-HSA-163560;R-HSA-163560;R-HSA-8964038;R-HSA-211945;R-HSA-6814848;R-HSA-6814848;R-HSA-1482922;R-HSA-1482922;R-HSA-1482883;R-HSA-1482798;R-HSA-1482798;R-HSA-1483152","WP5275","long-chain fatty acid anion","","long-chain fatty acid anion"
"57643","","R-HSA-1482788;R-HSA-1482788;R-HSA-1482839;R-HSA-1483166;R-HSA-382556;R-HSA-382556;R-HSA-1660661;R-HSA-1660661;R-HSA-6811436;R-HSA-1369062;R-HSA-1369062;R-HSA-1369062;R-HSA-1369062;R-HSA-1483191;R-HSA-1483191;R-HSA-1483191;R-HSA-1483191;R-HSA-1483191;R-HSA-1483191;R-HSA-5683826;R-HSA-5683826;R-HSA-5683826;R-HSA-8964058;R-HSA-2029485;R-HSA-2029485;R-HSA-1483148;R-HSA-9680350;R-HSA-2142753;R-HSA-5683678;R-HSA-5688399;R-HSA-1483196;R-HSA-1483196;R-HSA-1482798;R-HSA-5678771;R-HSA-111995;R-HSA-1483101","WP5224;WP4722;WP2533","1,2-diacyl-sn-glycero-3-phosphocholine","","1,2-diacyl-sn-glycero-3-phosphocholine"
"22221","","R-HSA-1482839","","acyl group","","acyl group"
"27923","","R-HSA-1482925;R-HSA-1482925","","2-acyl-sn-glycero-3-phosphoglycerol","","2-acyl-sn-glycero-3-phosphoglycerol"
"57597","","R-HSA-1483115;R-HSA-1483166;R-HSA-1483166;R-HSA-163560;R-HSA-6814848;R-HSA-6814848;R-HSA-1483148;R-HSA-75109;R-HSA-1483152","WP5420;WP2533;WP4195","sn-glycerol 3-phosphate(2-)","","sn-glycerol 3-phosphate(2-)"
"30879","","R-HSA-1483166;R-HSA-2022377;R-HSA-8935690","WP4905","alcohol","C00069","Alcohol"
"57739","","R-HSA-1483166;R-HSA-1483166;R-HSA-1483166;R-HSA-1483191;R-HSA-1483213;R-HSA-1483226;R-HSA-1483226;R-HSA-6803204;R-HSA-6803204;R-HSA-2029485;R-HSA-1483148;R-HSA-1483148;R-HSA-1483148;R-HSA-2466712;R-HSA-1483206","WP5381","phosphatidate(2-)","","phosphatidate(2-)"
"75562","","R-HSA-1483166","","1-monomyristoylglycerol","","1-monomyristoylglycerol"
"17843","","R-HSA-162588;R-HSA-162588;R-HSA-9679504;R-HSA-5389840;R-HSA-5389840;R-HSA-5368286;R-HSA-5419276;R-HSA-6784531;R-HSA-6784531;R-HSA-6784531;R-HSA-6784531;R-HSA-6784531;R-HSA-6784531;R-HSA-6782315;R-HSA-6782315;R-HSA-6782315;R-HSA-6782315;R-HSA-6782315;R-HSA-6782315;R-HSA-6782315;R-HSA-6782315;R-HSA-6782315;R-HSA-6782315;R-HSA-6782315;R-HSA-6782315;R-HSA-6782315;R-HSA-6782315;R-HSA-6782315;R-HSA-6782315;R-HSA-6782315;R-HSA-6782315;R-HSA-180689;R-HSA-173107;R-HSA-173107;R-HSA-162585;R-HSA-162594;R-HSA-164516;R-HSA-164525;R-HSA-175474","WP4485","transfer RNA","C00066","tRNA"
"57660","","R-HSA-5213460;R-HSA-5675482;R-HSA-983231;R-HSA-1855204;R-HSA-1855191","","myo-inositol 1,3,4,6-tetrakisphosphate(8-)","","myo-inositol 1,3,4,6-tetrakisphosphate(8-)"
"57733","","R-HSA-5213460;R-HSA-5675482;R-HSA-983231;R-HSA-1855167;R-HSA-1855191;R-HSA-1855231","","myo-inositol 1,3,4,5,6-pentakisphosphate(10-)","","myo-inositol 1,3,4,5,6-pentakisphosphate(10-)"
"57705","","R-HSA-5675482;R-HSA-4085001;R-HSA-4085011;R-HSA-913709;R-HSA-2022928;R-HSA-2022928;R-HSA-3656237;R-HSA-3656253;R-HSA-446193;R-HSA-2022854;R-HSA-2022854;R-HSA-1912420;R-HSA-727802;R-HSA-727802;R-HSA-727802;R-HSA-5173105;R-HSA-5173105;R-HSA-975578;R-HSA-975577;R-HSA-5083628;R-HSA-4549356;R-HSA-5633231;R-HSA-173599;R-HSA-173599;R-HSA-5579020;R-HSA-9683686;R-HSA-5619083;R-HSA-162710;R-HSA-9840309;R-HSA-446210;R-HSA-5083630;R-HSA-964739;R-HSA-4793952;R-HSA-975574","WP5348;WP5269;WP4521;WP5394","UDP-N-acetyl-alpha-D-glucosamine(2-)","","UDP-N-acetyl-alpha-D-glucosamine(2-)"
"456216","","R-HSA-8862803;R-HSA-8862803","WP5408;WP4657;WP4932;WP5346;WP5420;WP5179;WP5313;WP5090;WP5190;WP5314;WP4971;WP4792;WP4224;WP3391;WP4725;WP4726","ADP(3-)","","ADP(3-)"
"57539","","R-HSA-983231;R-HSA-1855167","","1D-myo-inositol 3,4,5,6-tetrakisphosphate(8-)","","1D-myo-inositol 3,4,5,6-tetrakisphosphate(8-)"
"57895","","R-HSA-983231;R-HSA-1855204;R-HSA-1855191;R-HSA-1855231","","1D-myo-inositol 1,3,4,5-tetrakisphosphate(8-)","","1D-myo-inositol 1,3,4,5-tetrakisphosphate(8-)"
"9160","","R-HSA-983231;R-HSA-912446","","single-stranded DNA","C00271","single-stranded DNA"
"21507","","R-HSA-4085001;R-HSA-4085001;R-HSA-4085001","","N-acetyl-D-galactosaminyl group","","N-acetyl-D-galactosaminyl group"
"28255","","R-HSA-4085001;R-HSA-446210","","N-glycolyl-D-mannosamine","C03521","Glycolyl-D-mannosamine"
"35418","","R-HSA-4085001;R-HSA-4085001;R-HSA-4085001;R-HSA-9840310;R-HSA-9840310;R-HSA-428643;R-HSA-428643;R-HSA-5619035","","N-acetylneuraminate","","N-acetylneuraminate"
"37563","","R-HSA-4085001;R-HSA-499943;R-HSA-499943;R-HSA-6807505;R-HSA-6784531;R-HSA-1483191;R-HSA-1483213;R-HSA-1483226;R-HSA-1483148;R-HSA-446199;R-HSA-4755583;R-HSA-6785470;R-HSA-8850843;R-HSA-8850843;R-HSA-8850843","WP4906;WP4584;WP4225","CTP(4-)","","CTP(4-)"
"57812","","R-HSA-4085001;R-HSA-4085001;R-HSA-4085001;R-HSA-977068;R-HSA-9037629;R-HSA-2022854;R-HSA-1912420;R-HSA-5619037;R-HSA-5663020;R-HSA-727802;R-HSA-727802;R-HSA-9683673;R-HSA-9694719;R-HSA-3656243;R-HSA-9840309","","CMP-N-acetyl-beta-neuraminate(2-)","","CMP-N-acetyl-beta-neuraminate(2-)"
"75127","","R-HSA-4085001;R-HSA-4085001;R-HSA-4085001;R-HSA-4085001;R-HSA-4341670","","alpha-N-acetylneuraminyl-(2->3)-D-galactosyl group","","alpha-N-acetylneuraminyl-(2->3)-D-galactosyl group"
"75129","","R-HSA-4085001;R-HSA-4085001;R-HSA-4085001;R-HSA-4085001;R-HSA-4341670","","alpha-N-acetylneuraminyl-(2->6)-D-galactosyl group","","alpha-N-acetylneuraminyl-(2->6)-D-galactosyl group"
"75130","","R-HSA-4085001;R-HSA-4085001;R-HSA-4085001;R-HSA-4085001;R-HSA-4341670","","alpha-N-acetylneuraminyl-(2->8)-alpha-N-acetylneuraminyl group","","alpha-N-acetylneuraminyl-(2->8)-alpha-N-acetylneuraminyl group"
"75133","","R-HSA-4085001;R-HSA-4085001;R-HSA-4085001;R-HSA-4085001","","N-acetylneuraminyl group","","N-acetylneuraminyl group"
"87785","","R-HSA-4085001;R-HSA-9845576;R-HSA-9845576;R-HSA-9840309","","beta-Gal-(1->3)-beta-GalNAc-(1->4)-[alpha-Neu5Ac-(2->8)-alpha-Neu5Ac-(2->3)]-beta-Gal-(1->4)-beta-Glc-(1<->1')-Cer(2-)","","beta-Gal-(1->3)-beta-GalNAc-(1->4)-[alpha-Neu5Ac-(2->8)-alpha-Neu5Ac-(2->3)]-beta-Gal-(1->4)-beta-Glc-(1<->1')-Cer(2-)"
"87792","","R-HSA-4085001","","alpha-Neu5Ac-(2->8)-alpha-Neu5Ac-(2->3)-beta-Gal-(1->3)-beta-GalNAc-(1->4)-[alpha-Neu5Ac-(2->8)-alpha-Neu5Ac-(2->8)-alpha-Neu5Ac-(2->3)]-beta-Gal-(1->4)-beta-Glc-(1<->1')-Cer(5-)","","alpha-Neu5Ac-(2->8)-alpha-Neu5Ac-(2->3)-beta-Gal-(1->3)-beta-GalNAc-(1->4)-[alpha-Neu5Ac-(2->8)-alpha-Neu5Ac-(2->8)-alpha-Neu5Ac-(2->3)]-beta-Gal-(1->4)-beta-Glc-(1<->1')-Cer(5-)"
"10093","","R-HSA-418594;R-HSA-9717207;R-HSA-9717207;R-HSA-420499","","yohimbine","C09256","Yohimbine"
"16226","","R-HSA-418594;R-HSA-9717207;R-HSA-9717207;R-HSA-420499","","limonin","C03514","Limonin"
"16226","","R-HSA-418594;R-HSA-9717207;R-HSA-9717207;R-HSA-420499","","limonin","C16717","Limonoate D-ring-lactone"
"16296","","R-HSA-418594;R-HSA-9717207;R-HSA-9717207;R-HSA-420499","","D-tryptophan","C00525","D-Tryptophan"
"17698","","R-HSA-418594;R-HSA-9717207;R-HSA-9717207;R-HSA-420499","","chloramphenicol","C00918","Chloramphenicol"
"20067","","R-HSA-418594;R-HSA-373076;R-HSA-3296197","WP5195;WP5175","3-hydroxybutyric acid","","3-hydroxybutyric acid"
"23359","","R-HSA-418594;R-HSA-9717207;R-HSA-9717207;R-HSA-420499","","colchicine","","colchicine"
"2366","","R-HSA-418594;R-HSA-9717207;R-HSA-9717207;R-HSA-420499","","absinthin","C09286","Absinthin"
"2622","","R-HSA-418594;R-HSA-9717207;R-HSA-9717207;R-HSA-420499","","amarogentin","C09767","Amarogentin"
"26948","","R-HSA-418594;R-HSA-9717207;R-HSA-9717207;R-HSA-420499","","vitamin B1","","vitamin B1"
"27613","","R-HSA-418594;R-HSA-9717207;R-HSA-9717207;R-HSA-420499","","amygdalin","","amygdalin"
"28241","","R-HSA-418594;R-HSA-9717207;R-HSA-9717207;R-HSA-420499","","papaverine","C06533","Papaverine"
"2825","","R-HSA-418594;R-HSA-9717207;R-HSA-9717207;R-HSA-420499","","aristolochic acid A","C08469","Aristolochic acid"
"2853","","R-HSA-418594;R-HSA-9717207;R-HSA-9717207;R-HSA-420499","","artemorin","C09345","Artemorin"
"28794","","R-HSA-418594;R-HSA-211981;R-HSA-381753;R-HSA-381753;R-HSA-9717207;R-HSA-9717207;R-HSA-420499","","coumarin","C05851","Coumarin"
"28973","","R-HSA-418594;R-HSA-9717207;R-HSA-9717207;R-HSA-420499","","strychnine","C06522","Strychnine"
"3193","","R-HSA-418594;R-HSA-9717207;R-HSA-9717207;R-HSA-420499","","brucine","C09084","Brucine"
"32111","","R-HSA-418594;R-HSA-9717207;R-HSA-9717207;R-HSA-420499","","saccharin","","saccharin"
"351346","","R-HSA-418594;R-HSA-9717207;R-HSA-9717207;R-HSA-420499","","phenethyl isothiocyanate","","phenethyl isothiocyanate"
"37098","","R-HSA-418594;R-HSA-3296197","","3-hydroxyoctanoic acid","","3-hydroxyoctanoic acid"
"3768","","R-HSA-418594;R-HSA-9717207;R-HSA-9717207;R-HSA-420499","","Cnicin","C09362","Cnicin"
"3941","","R-HSA-418594;R-HSA-9717207;R-HSA-9717207;R-HSA-420499","","cucurbitacin B","C08794","Cucurbitacin B"
"3944","","R-HSA-418594;R-HSA-9717207;R-HSA-9717207;R-HSA-420499","","cucurbitacin E","C08797","Cucurbitacin E"
"5547","","R-HSA-418594;R-HSA-9717207;R-HSA-9717207;R-HSA-420499","","Grosshemin","C09472","Grosshemin"
"65408","","R-HSA-418594;R-HSA-9717207;R-HSA-9717207;R-HSA-420499","","andrographolide","C20214","Andrographolide"
"8692","","R-HSA-418594;R-HSA-9717207;R-HSA-9717207;R-HSA-420499","","Quassin","C08778","Quassin"
"9162","","R-HSA-418594;R-HSA-9717207;R-HSA-9717207;R-HSA-420499","","sinigrin(1-)","C08427","Sinigrin"
"28009","","R-HSA-166663;R-HSA-6803157;R-HSA-166662;R-HSA-2855086;R-HSA-8941413","","N-acetyl-beta-D-glucosamine","C03878","N-Acetyl-beta-D-glucosamine"
"28640","","R-HSA-166663;R-HSA-1236974;R-HSA-166058;R-HSA-168188;R-HSA-5602498;R-HSA-5603041;R-HSA-5686938;R-HSA-166662;R-HSA-2855086;R-HSA-3000480;R-HSA-3000480;R-HSA-3000480;R-HSA-3000471;R-HSA-3000471;R-HSA-3000471","WP2806","lipoteichoic acid","","lipoteichoic acid"
"28847","","R-HSA-166663;R-HSA-166662;R-HSA-2855086","","D-fucose","","D-fucose"
"40356","","R-HSA-166663;R-HSA-166662;R-HSA-2855086","","N-acetyl-alpha-D-galactosamine","","N-acetyl-alpha-D-galactosamine"
"24505","","R-HSA-977606;R-HSA-1592389;R-HSA-8963889;R-HSA-3000497;R-HSA-3000497","","heparins","","heparins"
"25676","","R-HSA-983168;R-HSA-983168;R-HSA-983168;R-HSA-983170;R-HSA-983170;R-HSA-983170;R-HSA-9705671;R-HSA-1236974;R-HSA-1236978;R-HSA-1236977;R-HSA-1236977;R-HSA-1236977","","oligopeptide","","oligopeptide"
"16516","","R-HSA-110362;R-HSA-5685939;R-HSA-6783310;R-HSA-9610379;R-HSA-6782210;R-HSA-5685942;R-HSA-5693571;R-HSA-5693607;R-HSA-110312;R-HSA-5655862;R-HSA-5656121;R-HSA-5651801;R-HSA-5656169;R-HSA-5696397;R-HSA-5649702;R-HSA-164516;R-HSA-110320;R-HSA-110373;R-HSA-110381","","2'-deoxyribonucleoside triphosphate","C04283","2'-deoxyribonucleoside triphosphate"
"76279","","R-HSA-3371453;R-HSA-6784531;R-HSA-427359;R-HSA-2151201;R-HSA-9617629","","2''-O-acetyl-ADP-D-ribose","","2''-O-acetyl-ADP-D-ribose"
"57856","","R-HSA-2299718;R-HSA-2514859;R-HSA-9648002;R-HSA-2559580;R-HSA-9748787;R-HSA-427413;R-HSA-6790901;R-HSA-6790901;R-HSA-5693565;R-HSA-912446;R-HSA-197264;R-HSA-2559582;R-HSA-69273;R-HSA-3214858;R-HSA-3214858;R-HSA-8876725;R-HSA-8876725;R-HSA-8876725;R-HSA-8939236;R-HSA-72086;R-HSA-2142789;R-HSA-201722;R-HSA-212300;R-HSA-427359;R-HSA-427389;R-HSA-5334118;R-HSA-8936459;R-HSA-9710421;R-HSA-9821993;R-HSA-2408508;R-HSA-1483191;R-HSA-6804760;R-HSA-9009391;R-HSA-6782315;R-HSA-6782315;R-HSA-6782315;R-HSA-6782315;R-HSA-6782315;R-HSA-6782315;R-HSA-70921;R-HSA-3214841;R-HSA-3214841;R-HSA-5601884;R-HSA-2408552;R-HSA-72764;R-HSA-389661;R-HSA-71288;R-HSA-425393;R-HSA-425393;R-HSA-5358493;R-HSA-209931;R-HSA-9854311;R-HSA-6782861;R-HSA-6782861;R-HSA-6782861;R-HSA-6793080;R-HSA-156581;R-HSA-379397;R-HSA-9694631;R-HSA-203927;R-HSA-9682706;R-HSA-9682708;R-HSA-209905;R-HSA-9694686;R-HSA-9759218;R-HSA-1614635;R-HSA-5578997;R-HSA-163841;R-HSA-5676934;R-HSA-6787450;R-HSA-9828642;R-HSA-9694786","WP4504;WP5351;WP241;WP5150","S-adenosyl-L-homocysteine zwitterion","","S-adenosyl-L-homocysteine zwitterion"
"26034","","R-HSA-1632852;R-HSA-9636383;R-HSA-1483248","WP5380;WP5420;WP2261;WP4577;WP5156","phosphatidylinositol 3-phosphate","","phosphatidylinositol 3-phosphate"
"57923","","R-HSA-1632852;R-HSA-432720;R-HSA-1660499;R-HSA-1660499;R-HSA-1660514;R-HSA-1660514;R-HSA-1660516;R-HSA-1660516;R-HSA-1660517;R-HSA-1660517;R-HSA-1483248","WP4971","1-phosphatidyl-1D-myo-inositol 3,5-bisphosphate(5-)","","1-phosphatidyl-1D-myo-inositol 3,5-bisphosphate(5-)"
"131825","","R-HSA-9679504","","8,5'-cyclo-2'-deoxyadenosine","","8,5'-cyclo-2'-deoxyadenosine"
"133969","","R-HSA-9679504;R-HSA-9694614;R-HSA-9694614;R-HSA-9705671;R-HSA-9705671;R-HSA-9692916;R-HSA-9682706;R-HSA-9682706;R-HSA-9682708;R-HSA-9682708;R-HSA-9682708;R-HSA-9682708;R-HSA-9682708;R-HSA-9682708;R-HSA-9682708;R-HSA-9682708;R-HSA-9694686;R-HSA-9694686;R-HSA-9694686;R-HSA-9694322;R-HSA-9694635;R-HSA-9694635;R-HSA-9694635;R-HSA-9694786;R-HSA-9694786;R-HSA-9694786;R-HSA-9694786;R-HSA-9694786;R-HSA-9694786;R-HSA-9694786;R-HSA-9694786;R-HSA-9727281;R-HSA-9727281;R-HSA-9683701;R-HSA-9683701;R-HSA-9683701","","5'-(N(7)-methyl 5'-triphosphoguanosine)-(2'-O-methyl-purine-ribonucleotide)(2-) residue","","5'-(N(7)-methyl 5'-triphosphoguanosine)-(2'-O-methyl-purine-ribonucleotide)(2-) residue"
"8756","","R-HSA-9694676;R-HSA-9694614;R-HSA-9694614;R-HSA-9705671;R-HSA-9692916;R-HSA-9733458;R-HSA-9682708;R-HSA-9682708;R-HSA-9682708;R-HSA-9682708;R-HSA-9682708;R-HSA-9694686;R-HSA-9694322;R-HSA-9694322;R-HSA-9694635;R-HSA-9694635;R-HSA-9694786;R-HSA-9694786;R-HSA-9694786;R-HSA-9694786;R-HSA-9727281;R-HSA-9727281;R-HSA-9679509;R-HSA-9683701;R-HSA-9683701","","RNA (poly(A))","C00895","RNA (poly(A))"
"17411","","R-HSA-6803157;R-HSA-2024096;R-HSA-2160916;R-HSA-2160916;R-HSA-189085;R-HSA-3000480;R-HSA-8853383;R-HSA-446210","","aldehydo-N-acetyl-D-glucosamine","","aldehydo-N-acetyl-D-glucosamine"
"42976","","R-HSA-6803157","","L-glycero-alpha-D-manno-heptopyranose","","L-glycero-alpha-D-manno-heptopyranose"
"55424","","R-HSA-6803157;R-HSA-8941413","","beta-GlcNAc-(1->4)-MurNAc-L-Ala-gamma-D-Glu-L-Lys-(D-Ala)2","","beta-GlcNAc-(1->4)-MurNAc-L-Ala-gamma-D-Glu-L-Lys-(D-Ala)2"
"55478","","R-HSA-6803157;R-HSA-6803157;R-HSA-8941413;R-HSA-8941413","","beta-GlcNAc-(1->4)-MurNAc-L-Ala-gamma-D-Glu-N(6)-(beta-D-Asp)-L-Lys-(D-Ala)2","","beta-GlcNAc-(1->4)-MurNAc-L-Ala-gamma-D-Glu-N(6)-(beta-D-Asp)-L-Lys-(D-Ala)2"
"85986","","R-HSA-6803157","","3-deoxy-alpha-D-manno-oct-2-ulosonate","","3-deoxy-alpha-D-manno-oct-2-ulosonate"
"57464","","R-HSA-74259;R-HSA-73817","WP5420;WP4792;WP4224","5'-xanthylate(2-)","","5'-xanthylate(2-)"
"57847","","R-HSA-913709;R-HSA-5083625;R-HSA-5083636;R-HSA-9037629;R-HSA-727802;R-HSA-727802;R-HSA-5173105;R-HSA-2022870;R-HSA-3595177;R-HSA-190372;R-HSA-9033807;R-HSA-9033807;R-HSA-9840309;R-HSA-5619072","","UDP-N-acetyl-D-galactosamine(2-)","","UDP-N-acetyl-D-galactosamine(2-)"
"66914","","R-HSA-913709;R-HSA-5083632;R-HSA-1971475;R-HSA-3560783;R-HSA-4420332;R-HSA-9037629;R-HSA-2022854;R-HSA-1912420;R-HSA-1650814;R-HSA-727802;R-HSA-727802;R-HSA-3656244;R-HSA-975577;R-HSA-446203;R-HSA-9033807;R-HSA-9033807;R-HSA-9840309;R-HSA-9840309;R-HSA-5609977;R-HSA-70370;R-HSA-4793953;R-HSA-5653890;R-HSA-5619072","WP5380;WP5395;WP5394","UDP-alpha-D-galactose(2-)","","UDP-alpha-D-galactose(2-)"
"57375","","R-HSA-2514859;R-HSA-77310;R-HSA-77285","","lauroyl-CoA(4-)","","lauroyl-CoA(4-)"
"57844","","R-HSA-2514859;R-HSA-379716;R-HSA-947581;R-HSA-379726;R-HSA-352230;R-HSA-352230;R-HSA-9857492;R-HSA-442660;R-HSA-442660;R-HSA-5619094;R-HSA-71240;R-HSA-71240;R-HSA-6782861;R-HSA-156581;R-HSA-9759218;R-HSA-6798163;R-HSA-1614635;R-HSA-5676934;R-HSA-1237112;R-HSA-5619044;R-HSA-5659735;R-HSA-5579024","WP5402;WP4504;WP4288;WP241;WP4224","L-methionine zwitterion","","L-methionine zwitterion"
"40277","","R-HSA-9648002;R-HSA-9679191","","2(S)-{2(S)-[2(R)-AMINO-3-MERCAPTO]PROPYLAMINO-3(S)-METHYL}PENTYLOXY-3-PHENYLPROPIONYLMETHIONINE SULFONE","","2(S)-{2(S)-[2(R)-AMINO-3-MERCAPTO]PROPYLAMINO-3(S)-METHYL}PENTYLOXY-3-PHENYLPROPIONYLMETHIONINE SULFONE"
"57379","","R-HSA-9648002;R-HSA-2187335;R-HSA-5358346;R-HSA-203615;R-HSA-5683826;R-HSA-9694548;R-HSA-9009391;R-HSA-75105;R-HSA-75876;R-HSA-200425;R-HSA-200425;R-HSA-5362517;R-HSA-9828806;R-HSA-9640463;R-HSA-8963896;R-HSA-434313;R-HSA-9683686;R-HSA-75896;R-HSA-77305;R-HSA-9683683;R-HSA-9694493","WP4949;WP4906;WP4577","palmitoyl-CoA(4-)","","palmitoyl-CoA(4-)"
"94119","","R-HSA-9648002;R-HSA-9679191","","(2S)-2-[[[4-[[(2R)-2-amino-3-mercaptopropyl]amino]-2-phenylphenyl]-oxomethyl]amino]-4-(methylthio)butanoic acid","","(2S)-2-[[[4-[[(2R)-2-amino-3-mercaptopropyl]amino]-2-phenylphenyl]-oxomethyl]amino]-4-(methylthio)butanoic acid"
"104023","","R-HSA-9679191;R-HSA-391906","","2-[3-(2-quinolinylmethoxy)anilino]benzoic acid","","2-[3-(2-quinolinylmethoxy)anilino]benzoic acid"
"31414","","R-HSA-9679191;R-HSA-3371497","","clobetasol propionate","","clobetasol propionate"
"41879","","R-HSA-9679191;R-HSA-382556;R-HSA-382556;R-HSA-3371497;R-HSA-9757110;R-HSA-9757110","WP3879;WP2848","dexamethasone","C15643","Dexamethasone"
"4470","","R-HSA-9679191;R-HSA-211981;R-HSA-9717207;R-HSA-9717207","","dextromethorphan","C06947","Dextromethorphan"
"6619","","R-HSA-9679191;R-HSA-391906","","MK 571","C11239","MK 571"
"15841","","R-HSA-2132295;R-HSA-2132295;R-HSA-382556;R-HSA-382556;R-HSA-1474228;R-HSA-3371497;R-HSA-983170;R-HSA-983170;R-HSA-1236974;R-HSA-1236974;R-HSA-1222556;R-HSA-1222556;R-HSA-1222556;R-HSA-1222556;R-HSA-1222556;R-HSA-1222556;R-HSA-1222556;R-HSA-1799339;R-HSA-1799339;R-HSA-1799339;R-HSA-1799339;R-HSA-1799339;R-HSA-8941413;R-HSA-8941413;R-HSA-8941413;R-HSA-8941413;R-HSA-8941413;R-HSA-8941413;R-HSA-8941413;R-HSA-8941413;R-HSA-1222538;R-HSA-1222538;R-HSA-1222538","","polypeptide","C00403","Polypeptide"
"34888","","R-HSA-2672351","","Niflumic acid","C13698","Niflumic acid"
"29167","","R-HSA-379716;R-HSA-5419276;R-HSA-379726;R-HSA-6782315;R-HSA-6782315","","tRNA(Cys)","C01639","tRNA(Cys)"
"29168","","R-HSA-379716;R-HSA-5419276;R-HSA-379726;R-HSA-6782315;R-HSA-6782315","","tRNA(Gln)","C01640","tRNA(Gln)"
"29169","","R-HSA-379716;R-HSA-5419276;R-HSA-379726;R-HSA-6782315;R-HSA-6782315;R-HSA-6782315;R-HSA-6782315;R-HSA-6787450;R-HSA-6787450;R-HSA-6787450;R-HSA-6787450;R-HSA-6787450","","tRNA(Leu)","C01645","tRNA(Leu)"
"29170","","R-HSA-379716;R-HSA-5419276;R-HSA-379726;R-HSA-6782315;R-HSA-6782315;R-HSA-6782315;R-HSA-6782315","","tRNA(Ala)","C01635","tRNA(Ala)"
"29171","","R-HSA-379716;R-HSA-5419276;R-HSA-379726;R-HSA-6782315;R-HSA-6782315;R-HSA-6782315;R-HSA-6782315","","tRNA(Arg)","C01636","tRNA(Arg)"
"29172","","R-HSA-379716;R-HSA-5419276;R-HSA-379726","","tRNA(Asn)","C01637","tRNA(Asn)"
"29173","","R-HSA-379716;R-HSA-5389840;R-HSA-5419276;R-HSA-379726;R-HSA-6782315;R-HSA-6782315;R-HSA-6782315;R-HSA-6782315;R-HSA-2408522","","tRNA(Met)","C01647","tRNA(Met)"
"29174","","R-HSA-379716;R-HSA-5419276;R-HSA-379726;R-HSA-6782315;R-HSA-6782315;R-HSA-6782315;R-HSA-6782315","","tRNA(Ile)","C01644","tRNA(Ile)"
"29175","","R-HSA-379716;R-HSA-5419276;R-HSA-379726;R-HSA-6782315;R-HSA-6782315;R-HSA-6782315;R-HSA-6782315","","tRNA(Glu)","C01641","tRNA(Glu)"
"29176","","R-HSA-379716;R-HSA-5419276;R-HSA-379726;R-HSA-6782315;R-HSA-6782315","","tRNA(Gly)","C01642","tRNA(Gly)"
"29178","","R-HSA-379716;R-HSA-5419276;R-HSA-379726;R-HSA-6782315;R-HSA-6782315","","tRNA(His)","C01643","tRNA(His)"
"29179","","R-HSA-379716;R-HSA-5419276;R-HSA-379726;R-HSA-6782315;R-HSA-6782315;R-HSA-6782315;R-HSA-6782315","","tRNA(Ser)","C01650","tRNA(Ser)"
"32513","","R-HSA-379716;R-HSA-379726;R-HSA-70921;R-HSA-352230;R-HSA-352230;R-HSA-352230;R-HSA-442660;R-HSA-442660;R-HSA-5619094;R-HSA-5223345;R-HSA-5223345;R-HSA-71240;R-HSA-71240;R-HSA-427975;R-HSA-427975","","L-histidinium(1+)","","L-histidinium(1+)"
"32551","","R-HSA-379716;R-HSA-71064;R-HSA-416476;R-HSA-5689603;R-HSA-379726;R-HSA-264876;R-HSA-352230;R-HSA-352230;R-HSA-352230;R-HSA-5619113;R-HSA-5660883;R-HSA-442660;R-HSA-442660;R-HSA-5619094;R-HSA-5223345;R-HSA-5223345;R-HSA-420499;R-HSA-196780;R-HSA-196780","","L-lysinium(1+)","","L-lysinium(1+)"
"33384","","R-HSA-379716;R-HSA-1660661;R-HSA-1614603;R-HSA-2408508;R-HSA-379726;R-HSA-1614558;R-HSA-196757;R-HSA-196757;R-HSA-977347;R-HSA-977347;R-HSA-352230;R-HSA-352230;R-HSA-2408557;R-HSA-442660;R-HSA-442660;R-HSA-5619094;R-HSA-5619044;R-HSA-5659735;R-HSA-1483101","WP4504;WP5166;WP5355;WP4577;WP4688;WP5381","L-serine zwitterion","","L-serine zwitterion"
"57427","","R-HSA-379716;R-HSA-70895;R-HSA-70895;R-HSA-70895;R-HSA-70895;R-HSA-9639288;R-HSA-379726;R-HSA-352230;R-HSA-352230;R-HSA-5619113;R-HSA-5660883;R-HSA-442660;R-HSA-442660;R-HSA-5619094;R-HSA-71240;R-HSA-71240;R-HSA-5619044;R-HSA-5659735;R-HSA-5660862","","L-leucine zwitterion","","L-leucine zwitterion"
"57762","","R-HSA-379716;R-HSA-70895;R-HSA-70895;R-HSA-70895;R-HSA-70895;R-HSA-379726;R-HSA-211945;R-HSA-352230;R-HSA-352230;R-HSA-442660;R-HSA-442660;R-HSA-5619094;R-HSA-71240;R-HSA-71240;R-HSA-5619044;R-HSA-5659735","WP4686;WP4225","L-valine zwitterion","","L-valine zwitterion"
"57912","","R-HSA-379716;R-HSA-379726;R-HSA-352230;R-HSA-352230;R-HSA-442660;R-HSA-442660;R-HSA-5619094;R-HSA-71240;R-HSA-71240;R-HSA-209931;R-HSA-5619044;R-HSA-5659735","WP5420;WP550;WP727;WP5078;WP465","L-tryptophan zwitterion","","L-tryptophan zwitterion"
"57926","","R-HSA-379716;R-HSA-8849175;R-HSA-8849175;R-HSA-379726;R-HSA-352230;R-HSA-352230;R-HSA-442660;R-HSA-442660","WP5420;WP4589","L-threonine zwitterion","","L-threonine zwitterion"
"25696","","R-HSA-382556;R-HSA-382556;R-HSA-428643;R-HSA-428643;R-HSA-5690338","WP4917","organic anion","","organic anion"
"203600","","R-HSA-5578775;R-HSA-5578775;R-HSA-5578775;R-HSA-114508;R-HSA-114508;R-HSA-416476;R-HSA-5607764;R-HSA-381676;R-HSA-422356;R-HSA-114604;R-HSA-2871809;R-HSA-2871809;R-HSA-4086398;R-HSA-4086398;R-HSA-418217;R-HSA-9664323;R-HSA-9664323;R-HSA-112043;R-HSA-112043;R-HSA-1489509;R-HSA-2029485;R-HSA-5218921;R-HSA-5607763;R-HSA-983695;R-HSA-983695;R-HSA-1855204;R-HSA-399997;R-HSA-9717207;R-HSA-9717207;R-HSA-418890;R-HSA-9027277;R-HSA-139853;R-HSA-434316;R-HSA-202433;R-HSA-1855191;R-HSA-1855183;R-HSA-1855231","WP4971","1D-myo-inositol 1,4,5-trisphosphate(6-)","","1D-myo-inositol 1,4,5-trisphosphate(6-)"
"41633","","R-HSA-9029558;R-HSA-9029569;R-HSA-9031525;R-HSA-9031528;R-HSA-9623433;R-HSA-9632974","WP5329;WP4718","24(S),25-epoxycholesterol","C15632","24(S),25-Epoxycholesterol"
"33575","","R-HSA-6809371","WP715","carboxylic acid","","carboxylic acid"
"1604","","R-HSA-191859;R-HSA-191859","","3-methylguanine","C02230","3-Methylguanine"
"17825","","R-HSA-191859;R-HSA-6807505;R-HSA-168325;R-HSA-429958","","7-methylguanosine 5'-phosphate(1+)","C03998","7-Methylguanosine 5'-phosphate"
"2274","","R-HSA-191859;R-HSA-9754678","","7-methylguanine","C02242","7-Methylguanine"
"85994","","R-HSA-1433557;R-HSA-5655332;R-HSA-186797;R-HSA-2033519;R-HSA-9669921;R-HSA-9674428","WP4155","lenvatinib","","lenvatinib"
"29036","","R-HSA-936837;R-HSA-936837;R-HSA-936837;R-HSA-1566948;R-HSA-917937;R-HSA-3299685;R-HSA-3299685;R-HSA-3299685;R-HSA-3299685;R-HSA-3299685;R-HSA-3299685;R-HSA-2243919;R-HSA-425410;R-HSA-425410;R-HSA-5619049;R-HSA-5619060;R-HSA-5662702;R-HSA-5661231;R-HSA-1222387","WP5124;WP2059;WP2447;WP3286;WP5189;WP4900;WP15","copper(2+)","","copper(2+)"
"36916","","R-HSA-936837;R-HSA-936837","","cation","C01373","cation"
"57632","","R-HSA-1971475;R-HSA-727802;R-HSA-727802;R-HSA-5173105;R-HSA-5083627","WP5395;WP5394","UDP-alpha-D-xylose(2-)","","UDP-alpha-D-xylose(2-)"
"21338","","R-HSA-2024096;R-HSA-2024101","","aldehydo-L-iduronate","","aldehydo-L-iduronate"
"143976","","R-HSA-9694614;R-HSA-9694614;R-HSA-9705671;R-HSA-9705671;R-HSA-9692916;R-HSA-9682706;R-HSA-9682706;R-HSA-9682708;R-HSA-9682708;R-HSA-9682708;R-HSA-9682708;R-HSA-9682708;R-HSA-9682708;R-HSA-9682708;R-HSA-9682708;R-HSA-9694686;R-HSA-9694686;R-HSA-9694686;R-HSA-9694322;R-HSA-9694635;R-HSA-9694635;R-HSA-9694635;R-HSA-9694786;R-HSA-9694786;R-HSA-9694786;R-HSA-9694786;R-HSA-9694786;R-HSA-9694786;R-HSA-9694786;R-HSA-9694786;R-HSA-9727281;R-HSA-9727281;R-HSA-9683701;R-HSA-9683701;R-HSA-9683701","","5'-end (N(7)-methyl 5'-triphospho-guanosine)-(2'-O-methyl-adenosine)(2-) residue","","5'-end (N(7)-methyl 5'-triphospho-guanosine)-(2'-O-methyl-adenosine)(2-) residue"
"17851","","R-HSA-9694614;R-HSA-9694614;R-HSA-9705671;R-HSA-9705671;R-HSA-9692916;R-HSA-9682706;R-HSA-9682706;R-HSA-9682708;R-HSA-9682708;R-HSA-9682708;R-HSA-9682708;R-HSA-9682708;R-HSA-9682708;R-HSA-9682708;R-HSA-9682708;R-HSA-9694686;R-HSA-9694686;R-HSA-9694686;R-HSA-9694322;R-HSA-9694635;R-HSA-9694635;R-HSA-9694635;R-HSA-9694786;R-HSA-9694786;R-HSA-9694786;R-HSA-9694786;R-HSA-9694786;R-HSA-9694786;R-HSA-9694786;R-HSA-9694786;R-HSA-9727281;R-HSA-9727281;R-HSA-9683701;R-HSA-9683701;R-HSA-9683701","","m(7)G(5')pppAm","C01972","m7G(5')pppAm-mRNA"
"24499","","R-HSA-975634;R-HSA-9609690;R-HSA-8963889;R-HSA-8963901","","heparan sulfate proteoglycan","","heparan sulfate proteoglycan"
"25667","","R-HSA-975634;R-HSA-2453864;R-HSA-2453902","","oleoyl group","","oleoyl group"
"26753","","R-HSA-975634;R-HSA-2453864;R-HSA-2453902","","stearoyl group","","stearoyl group"
"32325","","R-HSA-975634","","beta-ionone","C12287","beta-Ionone"
"32386","","R-HSA-975634;R-HSA-2453864;R-HSA-2453902","","linoleoyl group","","linoleoyl group"
"45021","","R-HSA-975634;R-HSA-2453864;R-HSA-2453902","","palmitoyl group","","palmitoyl group"
"53153","","R-HSA-975634","","10'-apo-beta-carotenal","","10'-apo-beta-carotenal"
"9254","","R-HSA-975634;R-HSA-975634;R-HSA-416476;R-HSA-2453902;R-HSA-381771;R-HSA-5619108;R-HSA-804914;R-HSA-804914;R-HSA-112310;R-HSA-444209","","magnesium distearate","","magnesium distearate"
"20794","","R-HSA-6790901;R-HSA-6790901;R-HSA-429958;R-HSA-430039","WP4485","7-methylguanosine","","7-methylguanosine"
"65314","","R-HSA-6790901;R-HSA-6790901;R-HSA-6782315;R-HSA-6782315;R-HSA-6782315;R-HSA-6782315;R-HSA-6782315;R-HSA-6782315;R-HSA-6787450;R-HSA-6787450","WP4584","pseudouridine 5'-phosphate(1-) residue","","pseudouridine 5'-phosphate(1-) residue"
"74483","","R-HSA-6790901;R-HSA-6782315;R-HSA-6782315;R-HSA-6782315;R-HSA-6782315;R-HSA-6782315;R-HSA-6782315;R-HSA-6793080","","5-methylcytidine 5'-monophosphate(1-) residue","","5-methylcytidine 5'-monophosphate(1-) residue"
"74493","","R-HSA-6790901","","N(6),N(6)-dimethyladenosine 5'-monophosphate(1-) residue","","N(6),N(6)-dimethyladenosine 5'-monophosphate(1-) residue"
"74495","","R-HSA-6790901;R-HSA-6782315","","2'-O-methylcytidine 5'-monophosphate(1-) residue","","2'-O-methylcytidine 5'-monophosphate(1-) residue"
"27510","","R-HSA-211981","","umbelliferone","C09315","Umbelliferone"
"27999","","R-HSA-211981;R-HSA-422356","","tolbutamide","C07148","Tolbutamide"
"29133","","R-HSA-211981","","dextrorphan","","dextrorphan"
"4026","","R-HSA-211981","","cyclophosphamide hydrate","","cyclophosphamide hydrate"
"6532","","R-HSA-211981","","loperamide","C07080","Loperamide"
"195634","","R-HSA-1660661","","(4E)-unsatiated ceramide","","(4E)-unsatiated ceramide"
"64583","","R-HSA-1660661;R-HSA-1660661","WP4153;WP4288;WP4142;WP4725","sphingomyelin","","sphingomyelin"
"64612","","R-HSA-1660661","","1,2-diacyl-sn-glycero-3-phosphoethanolamine zwitterion","","1,2-diacyl-sn-glycero-3-phosphoethanolamine zwitterion"
"67042","","R-HSA-1660661","WP4726","N-hexadecanoylsphinganine","","N-hexadecanoylsphinganine"
"76177","","R-HSA-1660661","WP4577","(2R)-2-hydroxy fatty acid anion","","(2R)-2-hydroxy fatty acid anion"
"84410","","R-HSA-1660661;R-HSA-9009391;R-HSA-5218921;R-HSA-9840310;R-HSA-9840310;R-HSA-9845614","","sphingoid base(1+)","","sphingoid base(1+)"
"84411","","R-HSA-1660661","","3-dehydrosphingoid base(1+)","","3-dehydrosphingoid base(1+)"
"3347","","R-HSA-375276","","candesartan","C07468","Candesartan"
"6541","","R-HSA-375276","","losartan","C07072","Losartan"
"9434","","R-HSA-375276","","telmisartan","C07710","Telmisartan"
"9927","","R-HSA-375276","","valsartan","","valsartan"
"10545","","R-HSA-2559586;R-HSA-5693548;R-HSA-197264;R-HSA-917937;R-HSA-2162123;R-HSA-1474151;R-HSA-140180","WP5283;WP111;WP5030;WP5152","electron","C05359","e-"
"9463","","R-HSA-3371497","","testosterone cypionate","C08156","Testosterone cypionate"
"57368","","R-HSA-6811436;R-HSA-75876;R-HSA-2046105","","arachidonoyl-CoA(4-)","","arachidonoyl-CoA(4-)"
"29089","","R-HSA-114508;R-HSA-75109;R-HSA-4419969","WP4722;WP2533;WP4263","1,2-diacyl-sn-glycerol 3-phosphate","","1,2-diacyl-sn-glycerol 3-phosphate"
"64606","","R-HSA-611105;R-HSA-71403;R-HSA-71403;R-HSA-9854311;R-HSA-9854311;R-HSA-9854311","","Fe3S4 iron-sulfur cluster","","Fe3S4 iron-sulfur cluster"
"64607","","R-HSA-611105;R-HSA-611105;R-HSA-71403;R-HSA-9854311;R-HSA-6799198","WP4324","Fe4S4 iron-sulfur cluster","","Fe4S4 iron-sulfur cluster"
"16234","","R-HSA-9707564;R-HSA-1222556;R-HSA-9707616","WP5420;WP2447;WP5314;WP3680;WP4917","hydroxide","C01328","HO-"
"26561","","R-HSA-9836573","","ribonucleotide","","ribonucleotide"
"15562","","R-HSA-71403;R-HSA-389542;R-HSA-389542","","D-threo-isocitrate(3-)","C00451","(1R,2S)-1-Hydroxypropane-1,2,3-tricarboxylate"
"57292","","R-HSA-71403;R-HSA-189451;R-HSA-71032;R-HSA-9853506;R-HSA-77108","WP4686","succinyl-CoA(5-)","","succinyl-CoA(5-)"
"27662","","R-HSA-197264;R-HSA-2162123","","benzquinamide","","benzquinamide"
"364453","","R-HSA-197264;R-HSA-2162123","","carprofen","C18364","Carprofen"
"41423","","R-HSA-197264;R-HSA-2162123","","celecoxib","C07589","Celecoxib"
"8887","","R-HSA-197264;R-HSA-2162123","","rofecoxib","C07590","Rofecoxib"
"90171","","R-HSA-197264","","2-hydro-beta-NAD","","2-hydro-beta-NAD"
"90174","","R-HSA-197264","","6-hydro-beta-NAD","","6-hydro-beta-NAD"
"90832","","R-HSA-197264","","NMNH(2-)","","NMNH(2-)"
"17634","","R-HSA-9768919","WP5380;WP2366","D-glucose","","D-glucose"
"57627","","R-HSA-9609690;R-HSA-3214815","","1D-myo-inositol 1,4,5,6-tetrakisphosphate(8-)","","1D-myo-inositol 1,4,5,6-tetrakisphosphate(8-)"
"16187","","R-HSA-71064","WP4228","1-piperideine-2-carboxylate","","1-piperideine-2-carboxylate"
"57332","","R-HSA-71064;R-HSA-77352","WP4519","crotonoyl-CoA(4-)","","crotonoyl-CoA(4-)"
"57378","","R-HSA-71064","","glutaryl-CoA(5-)","","glutaryl-CoA(5-)"
"57499","","R-HSA-71064;R-HSA-71064","WP465","2-oxoadipate(2-)","","2-oxoadipate(2-)"
"3698","","R-HSA-2022377","","cilazapril","","cilazapril"
"43755","","R-HSA-2022377","","lisinopril","","lisinopril"
"8713","","R-HSA-2022377","","quinapril","C07398","Quinapril"
"8774","","R-HSA-2022377","WP4874","ramipril","","ramipril"
"88200","","R-HSA-2022377;R-HSA-2022377","","benazeprilat","","benazeprilat"
"9649","","R-HSA-2022377","","trandolapril","","trandolapril"
"27997","","R-HSA-416476;R-HSA-381771;R-HSA-444209","","elaidic acid","C01712","(9E)-Octadecenoic acid"
"31011","","R-HSA-416476;R-HSA-444209","","valerate","","valerate"
"42504","","R-HSA-416476;R-HSA-381771;R-HSA-400511;R-HSA-434316;R-HSA-444209","","pentadecanoic acid","C16537","Pentadecanoic acid"
"57504","","R-HSA-416476;R-HSA-375280;R-HSA-209905;R-HSA-5662702","WP5420;WP550;WP4220;WP706","L-dopa zwitterion","","L-dopa zwitterion"
"37941","","R-HSA-417957;R-HSA-392170","","clopidogrel","","clopidogrel"
"87715","","R-HSA-417957;R-HSA-392170","","prasugrel","","prasugrel"
"90841","","R-HSA-417957;R-HSA-392170","","cangrelor","","cangrelor"
"9588","","R-HSA-417957;R-HSA-392170","","ticlopidine","C07140","Ticlopidine"
"57472","","R-HSA-70635","WP4583;WP5026;WP4595;WP4571","(N(omega)-L-arginino)succinate(1-)","","(N(omega)-L-arginino)succinate(1-)"
"18898","","R-HSA-445355","","1,2-dinitroglycerol","","1,2-dinitroglycerol"
"28787","","R-HSA-445355","","nitroglycerin","C07455","Nitroglycerin"
"76018","","R-HSA-445355;R-HSA-445355;R-HSA-392154","","riociguat","","riociguat"
"18278","","R-HSA-446193;R-HSA-5633231","","N-acetyl-D-glucosaminyldiphosphodolichol","C04500","N-Acetyl-D-glucosaminyldiphosphodolichol"
"18341","","R-HSA-446193","","diacetylchitobiosyldiphosphodolichol","","diacetylchitobiosyldiphosphodolichol"
"18396","","R-HSA-446193;R-HSA-4549349","","beta-D-mannosyldiacetylchitobiosyldiphosphodolichol","C05860","beta-D-Mannosyldiacetylchitobiosyldiphosphodolichol"
"37633","","R-HSA-446193;R-HSA-446193;R-HSA-446193;R-HSA-4720475;R-HSA-4570571;R-HSA-4687000","","(alpha-D-mannosyl)4-beta-D-mannosyldiacetylchitobiosyldiphosphodolichol","C05864","(alpha-D-Mannosyl)4-beta-D-mannosyl-diacetylchitobiosyldiphosphodolichol"
"37637","","R-HSA-446193;R-HSA-4724289","","alpha-Man-(1->2)-alpha-Man-(1->2)-alpha-Man-(1->3)-[alpha-Man-(1->2)-alpha-Man-(1->3)-[alpha-Man-(1->2)-alpha-Man-(1->6)]-alpha-Man-(1->6)]-beta-Man-(1->4)-beta-GlcNAc-(1->4)-alpha-GlcNAc(PP-Dol)","C05868","(alpha-D-Mannosyl)8-beta-D-mannosyl-diacetylchitobiosyldiphosphodolichol"
"53742","","R-HSA-446193;R-HSA-4551295","","alpha-D-Man-(1->3)-[alpha-D-Man-(1->6)]-beta-D-Man-(1->4)-beta-D-GlcNAc-(1->4)-2-alpha-D-GlcNAc(PP-Dol)","","alpha-D-Man-(1->3)-[alpha-D-Man-(1->6)]-beta-D-Man-(1->4)-beta-D-GlcNAc-(1->4)-2-alpha-D-GlcNAc(PP-Dol)"
"57523","","R-HSA-446193;R-HSA-4720475;R-HSA-5083629;R-HSA-5083633;R-HSA-5173105;R-HSA-162710;R-HSA-162699;R-HSA-162699;R-HSA-4720489;R-HSA-4720454;R-HSA-4687000","","dolichyl D-mannosyl phosphate(1-)","","dolichyl D-mannosyl phosphate(1-)"
"57527","","R-HSA-446193;R-HSA-446193;R-HSA-727802;R-HSA-727802;R-HSA-6787639;R-HSA-446205;R-HSA-4551295;R-HSA-162699;R-HSA-4717374;R-HSA-4719360;R-HSA-4719377;R-HSA-4549380;R-HSA-4549349","WP4521","GDP-alpha-D-mannose(2-)","","GDP-alpha-D-mannose(2-)"
"57683","","R-HSA-446193;R-HSA-446193;R-HSA-446193;R-HSA-901032;R-HSA-5173105;R-HSA-9694548;R-HSA-446199;R-HSA-446203;R-HSA-4549356;R-HSA-162710;R-HSA-480985;R-HSA-162699","WP4521","dolichyl phosphate(2-)","","dolichyl phosphate(2-)"
"66901","","R-HSA-5678895","","ivacaftor","","ivacaftor"
"246422","","R-HSA-499943;R-HSA-499943;R-HSA-73614;R-HSA-73621;R-HSA-73621","WP4584;WP4225;WP4688","dUMP(2-)","","dUMP(2-)"
"43263","","R-HSA-499943","","5-iododeoxycytidine monophosphate","","5-iododeoxycytidine monophosphate"
"57451","","R-HSA-499943;R-HSA-196757","WP4688","dihydrofolate(2-)","","dihydrofolate(2-)"
"57453","","R-HSA-499943;R-HSA-196757;R-HSA-73817;R-HSA-70921;R-HSA-9759218","WP4504;WP4688","(6S)-5,6,7,8-tetrahydrofolate(2-)","","(6S)-5,6,7,8-tetrahydrofolate(2-)"
"57566","","R-HSA-499943;R-HSA-499943;R-HSA-499943;R-HSA-3248023;R-HSA-73614;R-HSA-73614;R-HSA-73621","","2'-deoxycytosine 5'-monophosphate(2-)","","2'-deoxycytosine 5'-monophosphate(2-)"
"57667","","R-HSA-499943;R-HSA-499943;R-HSA-499943","WP5420;WP4792;WP4224","dADP(3-)","","dADP(3-)"
"57930","","R-HSA-499943;R-HSA-9660826;R-HSA-9684325;R-HSA-8850843;R-HSA-9683683;R-HSA-9694493","","nucleoside 5'-diphosphate(3-)","","nucleoside 5'-diphosphate(3-)"
"86351","","R-HSA-499943","","5-iododeoxycytidine triphosphate","","5-iododeoxycytidine triphosphate"
"175763","","R-HSA-2142789;R-HSA-191273;R-HSA-446199;R-HSA-4755609;R-HSA-189451","WP5346;WP5274;WP4190;WP5037","2-trans,6-trans-farnesyl diphosphate(3-)","","2-trans,6-trans-farnesyl diphosphate(3-)"
"84503","","R-HSA-2142789;R-HSA-2142789","","4-hydroxy-3-all-trans-decaprenylbenzoate","","4-hydroxy-3-all-trans-decaprenylbenzoate"
"57454","","R-HSA-5368286;R-HSA-196757;R-HSA-73817","","10-formyltetrahydrofolate(2-)","","10-formyltetrahydrofolate(2-)"
"17319","","R-HSA-947581;R-HSA-9857492","","5'-deoxyadenosine","C05198","5'-Deoxyadenosine"
"10668","","R-HSA-6784531;R-HSA-6784531;R-HSA-6784531;R-HSA-6784531;R-HSA-6784531;R-HSA-6784531;R-HSA-6784531;R-HSA-6784531;R-HSA-1222556;R-HSA-6782315;R-HSA-6782315;R-HSA-6782315;R-HSA-6782315","","tRNA precursor","C02211","tRNA precursor"
"83071","","R-HSA-6784531;R-HSA-6784531;R-HSA-6785470","","tRNA 3'-terminal nucleotidyl-cytidyl-cytidyl-adenosine(4-) residue","","tRNA 3'-terminal nucleotidyl-cytidyl-cytidyl-adenosine(4-) residue"
"32587","","R-HSA-177128","","2-hydroxybenzoyl-CoA","","2-hydroxybenzoyl-CoA"
"9008","","R-HSA-177128;R-HSA-9749641;R-HSA-9749641;R-HSA-9749641","","salicyluric acid","C07588","Salicyluric acid"
"30746","","R-HSA-177135","WP521;WP4238","benzoic acid","C00180","Benzoate"
"30746","","R-HSA-177135","WP521;WP4238","benzoic acid","C00539","Aromatic acid"
"57369","","R-HSA-177135","","benzoyl-CoA(4-)","","benzoyl-CoA(4-)"
"176960","","R-HSA-9749641;R-HSA-9749641;R-HSA-9749641","","salicylic acyl beta-D-glucuronide (1-)","","salicylic acyl beta-D-glucuronide (1-)"
"176976","","R-HSA-9749641;R-HSA-9749641;R-HSA-9749641;R-HSA-156588","","1-salicylate O-glucuronide(1-)","","1-salicylate O-glucuronide(1-)"
"32649","","R-HSA-9749641;R-HSA-156588","","N-hydroxy-4-aminobiphenyl O-glucuronide","","N-hydroxy-4-aminobiphenyl O-glucuronide"
"36654","","R-HSA-9749641;R-HSA-9749641;R-HSA-9749641","","2,3-dihydroxybenzoate","C00196","2,3-Dihydroxybenzoate"
"37054","","R-HSA-9749641;R-HSA-9749641;R-HSA-433692;R-HSA-433692;R-HSA-5619070","WP4742;WP4686","3-hydroxybutyrate","","3-hydroxybutyrate"
"64681","","R-HSA-9749641;R-HSA-156588","","phenol O-(beta-D-glucuronide)","","phenol O-(beta-D-glucuronide)"
"65137","","R-HSA-9749641;R-HSA-156588","","N-hydroxydebrisoquine O-glucuronide","","N-hydroxydebrisoquine O-glucuronide"
"88742","","R-HSA-9749641;R-HSA-9749641;R-HSA-9749641","","Gentisuric acid","","Gentisuric acid"
"90176","","R-HSA-9749641","","2,5-dihydroxybenzoyl-CoA","","2,5-dihydroxybenzoyl-CoA"
"75991","","R-HSA-5674135","","trametinib dimethyl sulfoxide","","trametinib dimethyl sulfoxide"
"75998","","R-HSA-5674135","WP4255","trametinib","","trametinib"
"88249","","R-HSA-5674135","","PD 0325901","","PD 0325901"
"90227","","R-HSA-5674135","WP4255","selumetinib","","selumetinib"
"90851","","R-HSA-5674135","WP4685;WP4255","cobimetinib","","cobimetinib"
"91353","","R-HSA-5674135","","2-(2-chloro-4-iodoanilino)-N-(cyclopropylmethoxy)-3,4-difluorobenzamide","","2-(2-chloro-4-iodoanilino)-N-(cyclopropylmethoxy)-3,4-difluorobenzamide"
"95049","","R-HSA-5674135","","4-[2-(2-chloro-4-fluoroanilino)-5-methyl-4-pyrimidinyl]-N-[(1S)-1-(3-chlorophenyl)-2-hydroxyethyl]-1H-pyrrole-2-carboxamide","","4-[2-(2-chloro-4-fluoroanilino)-5-methyl-4-pyrimidinyl]-N-[(1S)-1-(3-chlorophenyl)-2-hydroxyethyl]-1H-pyrrole-2-carboxamide"
"75048","","R-HSA-6802948","","dabrafenib mesylate","","dabrafenib mesylate"
"90295","","R-HSA-6802948;R-HSA-6802955","","PLX-4720","","PLX-4720"
"27983","","R-HSA-110329","","4,6-diamino-5-formamidopyrimidine","C06502","4,6-Diamino-5-formamidopyrimidine"
"29115","","R-HSA-110329","","5-hydroxyuracil","","5-hydroxyuracil"
"29127","","R-HSA-110329","","cytosine glycol","","cytosine glycol"
"29128","","R-HSA-110329;R-HSA-110329","","thymine glycol","","thymine glycol"
"29145","","R-HSA-110329","","2,6-diamino-5-formamido-4-hydroxypyrimidine","","2,6-diamino-5-formamido-4-hydroxypyrimidine"
"29147","","R-HSA-110329","","3,N(4)-ethenocytosine","","3,N(4)-ethenocytosine"
"29146","","R-HSA-110331","","1H-imidazo[2,1-i]purine","","1H-imidazo[2,1-i]purine"
"38635","","R-HSA-110331","WP2509","3-methyladenine","C00913","3-Methyladenine"
"44605","","R-HSA-110331","","8-oxoguanine","","8-oxoguanine"
"57433","","R-HSA-2408508;R-HSA-389661;R-HSA-6798163","WP5420;WP497","sarcosine zwitterion","","sarcosine zwitterion"
"9066","","R-HSA-2408508;R-HSA-2408508","","L-adenosylselenomethionine","C05691","Se-Adenosylselenomethionine"
"156439","","R-HSA-70895","","(R)-2-methylbutanoyl-CoA(4-)","","(R)-2-methylbutanoyl-CoA(4-)"
"28654","","R-HSA-70895;R-HSA-70895","WP4686","3-methyl-2-oxovalerate","C03465","3-Methyl-2-oxopentanoate"
"43074","","R-HSA-70895;R-HSA-191273;R-HSA-77111","WP4686;WP4190","(3S)-3-hydroxy-3-methylglutaryl-CoA(5-)","","(3S)-3-hydroxy-3-methylglutaryl-CoA(5-)"
"57338","","R-HSA-70895","","isobutyryl-CoA(4-)","","isobutyryl-CoA(4-)"
"57344","","R-HSA-70895","WP5031;WP4686","3-methylbut-2-enoyl-CoA(4-)","","3-methylbut-2-enoyl-CoA(4-)"
"57345","","R-HSA-70895","WP4686","isovaleryl-CoA(4-)","","isovaleryl-CoA(4-)"
"57700","","R-HSA-70895;R-HSA-73621","WP4225","2-methyl-3-oxopropanoate","","2-methyl-3-oxopropanoate"
"25935","","R-HSA-1222556;R-HSA-1222556","","hydroperoxyl","","hydroperoxyl"
"28868","","R-HSA-1222556;R-HSA-1483191;R-HSA-9840310;R-HSA-9840310;R-HSA-9845614;R-HSA-8941413;R-HSA-1222387;R-HSA-167826;R-HSA-167826","","fatty acid anion","C02403","Fatty acid anion"
"29120","","R-HSA-1222556;R-HSA-1222538","WP3932","oxidonitrogen(1+)","","oxidonitrogen(1+)"
"33101","","R-HSA-1222556;R-HSA-9854311;R-HSA-8941413;R-HSA-1222538","WP176;WP4947;WP15;WP1533","nitrogen dioxide","","nitrogen dioxide"
"57273","","R-HSA-9037629;R-HSA-727802;R-HSA-975578;R-HSA-6787639;R-HSA-9033807;R-HSA-9840309","WP5348","GDP-beta-L-fucose(2-)","","GDP-beta-L-fucose(2-)"
"16225","","R-HSA-156590;R-HSA-71384","","S-formylglutathione","C01031","S-Formylglutathione"
"29132","","R-HSA-156590;R-HSA-156590;R-HSA-211999","WP5444;WP4269","N-acetyl-1,4-benzoquinone imine","","N-acetyl-1,4-benzoquinone imine"
"87752","","R-HSA-156590","WP696","benzo[a]pyrene-7,8-dione","","benzo[a]pyrene-7,8-dione"
"57655","","R-HSA-5661270","WP5405","3-dehydro-L-gulonate","","3-dehydro-L-gulonate"
"57737","","R-HSA-5661270;R-HSA-71336;R-HSA-163685;R-HSA-163754","WP3915;WP3602","D-xylulose 5-phosphate(2-)","","D-xylulose 5-phosphate(2-)"
"24654","","R-HSA-5686938;R-HSA-3000484;R-HSA-3000484;R-HSA-3000484;R-HSA-3000480;R-HSA-3000480;R-HSA-3000480;R-HSA-3000471;R-HSA-3000471;R-HSA-3000471","WP4313","hydroxy fatty acid","","hydroxy fatty acid"
"40304","","R-HSA-5686938;R-HSA-9824856","WP176;WP4485;WP15;WP1533","8-hydroxy-2'-deoxyguanosine","","8-hydroxy-2'-deoxyguanosine"
"64294","","R-HSA-5686938;R-HSA-3000484;R-HSA-3000484;R-HSA-3000484;R-HSA-3000480;R-HSA-3000480;R-HSA-3000480;R-HSA-3000471;R-HSA-3000471;R-HSA-3000471","WP5064;WP5329;WP4718;WP4545","7-ketocholesterol","","7-ketocholesterol"
"26125","","R-HSA-1369062;R-HSA-1369062;R-HSA-8963678;R-HSA-8963678;R-HSA-5679090;R-HSA-5679096","","phytosterols","","phytosterols"
"18407","","R-HSA-1614558;R-HSA-9759218","","hydrogen cyanide","C01326","Hydrogen cyanide"
"21347","","R-HSA-1614558","","L-lanthionine","","L-lanthionine"
"456215","","R-HSA-1445148;R-HSA-156584;R-HSA-1169408;R-HSA-2046105;R-HSA-111957","WP5408;WP5420;WP4792;WP4224","adenosine 5'-monophosphate(2-)","","adenosine 5'-monophosphate(2-)"
"27905","","R-HSA-156584","","phenyl hydrogen sulfate","C02180","Phenylsulfate"
"32701","","R-HSA-156584","","N-hydroxy-4-aminobiphenyl O-sulfate","","N-hydroxy-4-aminobiphenyl O-sulfate"
"35419","","R-HSA-156584","","26-hydroxycholesterol 3-sulfate","","26-hydroxycholesterol 3-sulfate"
"35422","","R-HSA-156584","","4-nitrophenyl hydrogen sulfate","","4-nitrophenyl hydrogen sulfate"
"35424","","R-HSA-156584","","2-acetamidofluorene N-sulfate","","2-acetamidofluorene N-sulfate"
"35431","","R-HSA-156584","","3,3'-diiodo-L-thyronine sulfate","","3,3'-diiodo-L-thyronine sulfate"
"37946","","R-HSA-156584","","dopamine 3-O-sulfate","C13690","Dopamine 3-O-sulfate"
"57905","","R-HSA-156584;R-HSA-879518;R-HSA-879518;R-HSA-561048;R-HSA-561048","","dehydroepiandrosterone sulfate(1-)","","dehydroepiandrosterone sulfate(1-)"
"85867","","R-HSA-156584","","p-nitrophenyl butyrate","","p-nitrophenyl butyrate"
"251408","","R-HSA-1483191;R-HSA-112311","","edrophonium","C06976","Edrophonium"
"36700","","R-HSA-1483191;R-HSA-173623","","phosphocholines","","phosphocholines"
"42944","","R-HSA-1483191;R-HSA-112311","","galanthamine","C08526","Galanthamine"
"53289","","R-HSA-1483191;R-HSA-112311","","donepezil","","donepezil"
"64483","","R-HSA-1483191","","lysophosphatidylcholine 14:0","","lysophosphatidylcholine 14:0"
"64567","","R-HSA-1483191;R-HSA-1483191","","lysophosphatidylcholine 22:6","","lysophosphatidylcholine 22:6"
"7514","","R-HSA-1483191;R-HSA-112311","","neostigmine","C07258","Neostigmine"
"8354","","R-HSA-1483191;R-HSA-112311","","pralidoxime","C07400","Pralidoxime"
"8665","","R-HSA-1483191;R-HSA-112311","","Pyridostigmine","C07410","Pyridostigmine"
"8874","","R-HSA-1483191;R-HSA-112311","","rivastigmine","C11766","Rivastigmine"
"45360","","R-HSA-1483213","","pyruvoyl group","","pyruvoyl group"
"57876","","R-HSA-1483213","","CDP-ethanolamine(1-)","","CDP-ethanolamine(1-)"
"15915","","R-HSA-445989;R-HSA-9645460","","ADP-L-glycero-D-manno-heptose","C06398","ADP-L-glycero-beta-D-manno-heptose"
"31654","","R-HSA-422356","","gliclazide","","gliclazide"
"31897","","R-HSA-422356","","nateglinide","C12508","Nateglinide"
"3650","","R-HSA-422356","","chlorpropamide","","chlorpropamide"
"5383","","R-HSA-422356","","glimepiride","C07669","Glimepiride"
"5384","","R-HSA-422356","","glipizide","","glipizide"
"5441","","R-HSA-422356","WP2289","glyburide","C07022","Glyburide"
"8805","","R-HSA-422356","","Repaglinide","C07670","Repaglinide"
"9613","","R-HSA-422356","","tolazamide","","tolazamide"
"17632","","R-HSA-203615;R-HSA-432047;R-HSA-432047;R-HSA-1222538","WP5224;WP1995;WP1533","nitrate","","nitrate"
"85880","","R-HSA-77289","","2,3-dehydrobehenoyl-CoA","","2,3-dehydrobehenoyl-CoA"
"85944","","R-HSA-77289","","2-methylpentadecenoyl-CoA","","2-methylpentadecenoyl-CoA"
"85945","","R-HSA-77289","","2-methylpentadec-2-enoyl-CoA","","2-methylpentadec-2-enoyl-CoA"
"36704","","R-HSA-9692916;R-HSA-975110;R-HSA-975138;R-HSA-975155;R-HSA-168181","","imiquimod","","imiquimod"
"36706","","R-HSA-9692916;R-HSA-975110;R-HSA-975138;R-HSA-975155;R-HSA-168181","","resiquimod","","resiquimod"
"15475","","R-HSA-389599","","2-hydroxyphytanoyl-CoA","C07343","2-Hydroxyphytanoyl-CoA"
"15538","","R-HSA-389599","","phytanoyl-CoA","C02060","Phytanoyl-CoA"
"16285","","R-HSA-389599;R-HSA-9844594","","phytanic acid","C01607","Phytanate"
"2651","","R-HSA-156827;R-HSA-72649;R-HSA-72695;R-HSA-72702;R-HSA-72706;R-HSA-156902;R-HSA-156902;R-HSA-192823;R-HSA-2408557;R-HSA-156842","","alpha-aminoacyl-tRNA","C05156","Aminoacyl-tRNA"
"83767","","R-HSA-2151201;R-HSA-5662702","","2''-O-acetyl-ADP-D-ribose(2-)","","2''-O-acetyl-ADP-D-ribose(2-)"
"43966","","R-HSA-140875;R-HSA-140837","","melagatran","","melagatran"
"85973","","R-HSA-140875","","edoxaban","","edoxaban"
"94385","","R-HSA-140875;R-HSA-140837","","(2R,4R)-1-[(2S)-5-(diaminomethylideneamino)-2-[(3-methyl-1,2,3,4-tetrahydroquinolin-8-yl)sulfonylamino]-1-oxopentyl]-4-methyl-2-piperidinecarboxylic acid","","(2R,4R)-1-[(2S)-5-(diaminomethylideneamino)-2-[(3-methyl-1,2,3,4-tetrahydroquinolin-8-yl)sulfonylamino]-1-oxopentyl]-4-methyl-2-piperidinecarboxylic acid"
"91124","","R-HSA-5173105","","alpha-D-Xyl-(1->3)-beta-D-GlcA","","alpha-D-Xyl-(1->3)-beta-D-GlcA"
"91125","","R-HSA-5173105","","beta-D-GlcA-(1->3)-alpha-D-Xyl-(1->3)-beta-D-GlcA","","beta-D-GlcA-(1->3)-alpha-D-Xyl-(1->3)-beta-D-GlcA"
"18608","","R-HSA-196757;R-HSA-196757;R-HSA-9759218;R-HSA-3359469","WP4504","(6S)-5-methyltetrahydrofolate(2-)","","(6S)-5-methyltetrahydrofolate(2-)"
"28010","","R-HSA-196757;R-HSA-196757","","10-formyltetrahydrofolyl polyglutamate macromolecule","C05929","10-Formyltetrahydrofolylpolyglutamate"
"57455","","R-HSA-196757","WP5150","(6R)-5,10-methenyltetrahydrofolate","","(6R)-5,10-methenyltetrahydrofolate"
"65049","","R-HSA-196757","","5,10-methenyltetrahydrofolate polyglutamate macromolecule","","5,10-methenyltetrahydrofolate polyglutamate macromolecule"
"16427","","R-HSA-189483;R-HSA-189483;R-HSA-189483;R-HSA-156588;R-HSA-5679001;R-HSA-5579016;R-HSA-5579002","WP5176","mono(glucosyluronic acid)bilirubin","C03374","Bilirubin-glucuronoside"
"17654","","R-HSA-189483;R-HSA-189483","","electron acceptor","C02177","electron acceptor"
"26756","","R-HSA-189483","","stercobilin","","stercobilin"
"15544","","R-HSA-879518;R-HSA-879518;R-HSA-5619095","WP176;WP455;WP5424;WP98;WP15;WP1533","prostaglandin E1","C04741","Alprostadil"
"57567","","R-HSA-73817","WP5420;WP4792;WP4224","N(6)-(1,2-dicarboxylatoethyl)-AMP(4-)","","N(6)-(1,2-dicarboxylatoethyl)-AMP(4-)"
"44369","","R-HSA-9694548;R-HSA-9683686","","duvoglustat","C16843","Deoxynojirimycin"
"57865","","R-HSA-9660826;R-HSA-73621;R-HSA-8850843;R-HSA-8850843","WP4584;WP4225;WP4595","uridine 5'-monophosphate(2-)","","uridine 5'-monophosphate(2-)"
"2567","","R-HSA-191273","","alendronic acid","C07752","Alendronic acid"
"57286","","R-HSA-191273;R-HSA-77352;R-HSA-77111;R-HSA-77111;R-HSA-77108","WP4190","acetoacetyl-CoA(4-)","","acetoacetyl-CoA(4-)"
"8869","","R-HSA-191273","","Risedronic acid","C08233","Risedronic acid"
"196991","","R-HSA-211945","","4-hydroperoxycyclophosphamide","","4-hydroperoxycyclophosphamide"
"225238","","R-HSA-211945","","benzylaminium","","benzylaminium"
"27958","","R-HSA-211945","WP2826","cocaine","C01416","Cocaine"
"31932","","R-HSA-211945","","Olmesartan medoxomil","","Olmesartan medoxomil"
"36141","","R-HSA-211945","","quinone","","quinone"
"40574","","R-HSA-211945","WP1541","acetyl group","","acetyl group"
"41001","","R-HSA-211945","WP2826","ecgonine benzoate","C10847","Benzoylecgonine"
"55458","","R-HSA-211945","","1-(beta-D-ribofuranosyl)-1,4-dihydronicotinamide","C15497","1-(beta-D-Ribofuranosyl)-1,4-dihydronicotinamide"
"85505","","R-HSA-211945","","4-ethoxyaniline","","4-ethoxyaniline"
"40629","","R-HSA-1227986;R-HSA-9664565;R-HSA-9634285;R-HSA-9652282;R-HSA-9665250","","AEE788","","AEE788"
"65326","","R-HSA-2219530","","pictrelisib","","pictrelisib"
"65329","","R-HSA-2219530","WP3879","LY294002","C15195","LY 294002"
"65345","","R-HSA-2219530","","PX-866","","PX-866"
"57795","","R-HSA-6811558;R-HSA-1660499;R-HSA-1660499;R-HSA-1660516;R-HSA-1660517;R-HSA-1660517;R-HSA-6811555;R-HSA-1483248;R-HSA-8847453","WP4971","1-phosphatidyl-1D-myo-inositol 5-phosphate(3-)","","1-phosphatidyl-1D-myo-inositol 5-phosphate(3-)"
"90943","","R-HSA-9664565;R-HSA-9665247","","osimertinib","","osimertinib"
"32663","","R-HSA-156588","WP691","tamoxifen N-beta-D-glucosiduronic acid","","tamoxifen N-beta-D-glucosiduronic acid"
"34778","","R-HSA-156588","","glycitein","C14536","Glycitein"
"64689","","R-HSA-156588","","mycophenolic acid O-acyl-glucuronide","","mycophenolic acid O-acyl-glucuronide"
"15967","","R-HSA-2162123","","thioredoxin dithiol","C00342","Thioredoxin"
"566274","","R-HSA-2162123","WP15","malonaldehyde","C19440","Malonaldehyde"
"24261","","R-HSA-9662834","WP3664;WP3599;WP4149","glucocorticoid","","glucocorticoid"
"17433","","R-HSA-6782315","","queuine","C01449","Queuine"
"64299","","R-HSA-6782315","","queuosine residue","","queuosine residue"
"64654","","R-HSA-6782315;R-HSA-6782315;R-HSA-6782315;R-HSA-6782315;R-HSA-6782315;R-HSA-6782861;R-HSA-6787450","","guanosine residue","","guanosine residue"
"64656","","R-HSA-6782315;R-HSA-6782315;R-HSA-6782315;R-HSA-6782315;R-HSA-6782315;R-HSA-6782315;R-HSA-6782315","","cytidine residue","","cytidine residue"
"74445","","R-HSA-6782315;R-HSA-6793080","","2'-O-methylguanosine 5'-monophosphate(1-) residue","","2'-O-methylguanosine 5'-monophosphate(1-) residue"
"74477","","R-HSA-6782315","","2'-O-methyladenosine 5'-monophosphate(1-) residue","","2'-O-methyladenosine 5'-monophosphate(1-) residue"
"74480","","R-HSA-6782315","WP4932","N(7)-methylguanosine 5'-phosphate zwitterion residue","","N(7)-methylguanosine 5'-phosphate zwitterion residue"
"74481","","R-HSA-6782315","","N(2)-methylguanosine 5'-monophosphate(1-) residue","","N(2)-methylguanosine 5'-monophosphate(1-) residue"
"74491","","R-HSA-6782315;R-HSA-6787450;R-HSA-6787450;R-HSA-6787450;R-HSA-6787450","WP5348","N(1)-methyladenosine 5'-monophosphate(1-) residue","","N(1)-methyladenosine 5'-monophosphate(1-) residue"
"74513","","R-HSA-6782315","","N(2),N(2)-dimethylguanosine 5'-monophosphate(1-) residue","","N(2),N(2)-dimethylguanosine 5'-monophosphate(1-) residue"
"74851","","R-HSA-6782315;R-HSA-6782315;R-HSA-6782315","","5-(2-methoxy-2-oxoethyl)uridine 5'-monophosphate residue(1-)","","5-(2-methoxy-2-oxoethyl)uridine 5'-monophosphate residue(1-)"
"74882","","R-HSA-6782315;R-HSA-6782315;R-HSA-6782315","","5-(carboxymethyl)uridine 5'-monophosphate(2-) residue","","5-(carboxymethyl)uridine 5'-monophosphate(2-) residue"
"87170","","R-HSA-6782315;R-HSA-6782315;R-HSA-6782315","","2-thiouridine 5'-phosphate(1-) residue","","2-thiouridine 5'-phosphate(1-) residue"
"43451","","R-HSA-209968","","hydrogen iodide","C05590","Hydroiodic acid"
"57506","","R-HSA-209968","","3,5-diiodo-L-tyrosinate(1-)","","3,5-diiodo-L-tyrosinate(1-)"
"18914","","R-HSA-975578","","beta-D-galactosyl-(1->3)-[alpha-L-fucosyl-(1->4)]-N-acetyl-D-glucosaminyl group","C04850","1,3-beta-D-Galactosyl-(alpha-1,4-L-fucosyl)-N-acetyl-D-glucosaminyl-R"
"18915","","R-HSA-975578","","beta-D-galactosyl-(1->3)-N-acetyl-D-glucosaminyl group","C04656","1,3-beta-D-Galactosyl-N-acetyl-D-glucosaminyl-R"
"86335","","R-HSA-975578","","3-O-sulfo-beta-D-glucuronosyl-(1->3)-beta-D-galactosyl-(1->4)-beta-D-glucosaminyl group","","3-O-sulfo-beta-D-glucuronosyl-(1->3)-beta-D-galactosyl-(1->4)-beta-D-glucosaminyl group"
"86336","","R-HSA-975578","","beta-D-glucuronosyl-(1->3)-beta-D-galactosyl-(1->4)-beta-D-glucosaminyl group","","beta-D-glucuronosyl-(1->3)-beta-D-galactosyl-(1->4)-beta-D-glucosaminyl group"
"91338","","R-HSA-201556;R-HSA-9700645;R-HSA-9717301","","5-chloro-N2-[2-methoxy-4-[4-(4-methyl-1-piperazinyl)-1-piperidinyl]phenyl]-N4-(2-propan-2-ylsulfonylphenyl)pyrimidine-2,4-diamine","","5-chloro-N2-[2-methoxy-4-[4-(4-methyl-1-piperazinyl)-1-piperidinyl]phenyl]-N4-(2-propan-2-ylsulfonylphenyl)pyrimidine-2,4-diamine"
"65138","","R-HSA-5655332;R-HSA-2033519;R-HSA-1839120","","E-3810","","E-3810"
"85164","","R-HSA-5655332;R-HSA-186797;R-HSA-9674428","WP4155","nintedanib","","nintedanib"
"195408","","R-HSA-9840310;R-HSA-9840310","","PE(16:1(9Z)/14:0) zwitterion","","PE(16:1(9Z)/14:0) zwitterion"
"195410","","R-HSA-9840310;R-HSA-9840310","","PE(16:1(9Z)/16:0) zwitterion","","PE(16:1(9Z)/16:0) zwitterion"
"195411","","R-HSA-9840310;R-HSA-9840310","","PE(18:0/16:1(9Z)) zwitterion","","PE(18:0/16:1(9Z)) zwitterion"
"195476","","R-HSA-9840310;R-HSA-9840310;R-HSA-9845576","","N-acetyl-beta-D-galactosaminyl-(1->4)-beta-D-galactosyl-(1->4)-beta-D-glucosyl-(1<->1')-N-acylsphingosine","","N-acetyl-beta-D-galactosaminyl-(1->4)-beta-D-galactosyl-(1->4)-beta-D-glucosyl-(1<->1')-N-acylsphingosine"
"195546","","R-HSA-9840310;R-HSA-9840310;R-HSA-9840310;R-HSA-9840310;R-HSA-9845576","","beta-D-galactosyl-(1->4)-beta-D-glucosyl-(1<->1)-N-acylsphingoid","","beta-D-galactosyl-(1->4)-beta-D-glucosyl-(1<->1)-N-acylsphingoid"
"22801","","R-HSA-9840310;R-HSA-9840310;R-HSA-9840310;R-HSA-9845576;R-HSA-9845576;R-HSA-9840309","","beta-D-glucosyl-N-acylsphingosine","","beta-D-glucosyl-N-acylsphingosine"
"74986","","R-HSA-9840310;R-HSA-9840310","","1,2-dioleoyl-sn-glycero-3-phosphoethanolamine zwitterion","","1,2-dioleoyl-sn-glycero-3-phosphoethanolamine zwitterion"
"88069","","R-HSA-9840310;R-HSA-9840310;R-HSA-9845576;R-HSA-9845576;R-HSA-9840309","","beta-D-galactosyl-(1->3)-N-acetyl-beta-D-galactosaminyl-(1->4)-beta-D-galactosyl-(1->4)-beta-D-glucosyl-(1<->1')-Cer","","beta-D-galactosyl-(1->3)-N-acetyl-beta-D-galactosaminyl-(1->4)-beta-D-galactosyl-(1->4)-beta-D-glucosyl-(1<->1')-Cer"
"88154","","R-HSA-9840310;R-HSA-9840310","WP5194","alpha-D-galactosyl-(1->4)-beta-D-galactosyl-(1->4)-beta-D-glucosyl-(1<->1)-ceramide","","alpha-D-galactosyl-(1->4)-beta-D-galactosyl-(1->4)-beta-D-glucosyl-(1<->1)-ceramide"
"88167","","R-HSA-9840310;R-HSA-9840310;R-HSA-9845576;R-HSA-9845576;R-HSA-9840309","WP4153","N-acetyl-beta-D-galactosaminyl-(1->3)-alpha-D-galactosyl-(1->4)-beta-D-galactosyl-(1->4)-beta-D-glucosyl-(1<->1')-ceramide","","N-acetyl-beta-D-galactosaminyl-(1->3)-alpha-D-galactosyl-(1->4)-beta-D-galactosyl-(1->4)-beta-D-glucosyl-(1<->1')-ceramide"
"90163","","R-HSA-9840310;R-HSA-9840309","","beta-D-3-sulfogalactosyl-(1->4)-beta-D-glucosyl-(1<->1')-ceramide(1-)","","beta-D-3-sulfogalactosyl-(1->4)-beta-D-glucosyl-(1<->1')-ceramide(1-)"
"90164","","R-HSA-9840310;R-HSA-9840310;R-HSA-9840309","","N-acetyl-beta-D-galactosaminyl-(1->4)-beta-D-3-sulfogalactosyl-(1->4)-beta-D-glucosyl-(1<->1')-ceramide(1-)","","N-acetyl-beta-D-galactosaminyl-(1->4)-beta-D-3-sulfogalactosyl-(1->4)-beta-D-glucosyl-(1<->1')-ceramide(1-)"
"57485","","R-HSA-70921","WP106","carnosine zwitterion","","carnosine zwitterion"
"27458","","R-HSA-193775;R-HSA-193775","WP3604","3alpha,7alpha,12alpha,24-tetrahydroxy-5beta-cholestan-26-oyl-CoA","C05450","3alpha,7alpha,12alpha,24-Tetrahydroxy-5beta-cholestanoyl-CoA"
"104011","","R-HSA-561048;R-HSA-561048","","p-aminohippuric acid","","p-aminohippuric acid"
"3699","","R-HSA-561048;R-HSA-561048;R-HSA-390650;R-HSA-425366;R-HSA-425366;R-HSA-549127;R-HSA-549127","WP2289","cimetidine","","cimetidine"
"57474","","R-HSA-70268","","(R)-S-lactoylglutathionate(1-)","","(R)-S-lactoylglutathionate(1-)"
"15399","","R-HSA-381753;R-HSA-381753","","(+)-carvone","C11383","(+)-(S)-Carvone"
"15400","","R-HSA-381753;R-HSA-381753","","(-)-carvone","C01767","(-)-Carvone"
"17362","","R-HSA-381753;R-HSA-381753","","quinoline","C06413","Quinoline"
"17447","","R-HSA-381753;R-HSA-381753","","geraniol","C01500","Geraniol"
"17580","","R-HSA-381753;R-HSA-381753","","linalool","C03985","Linalool"
"18346","","R-HSA-381753;R-HSA-381753","","vanillin","C00755","4-Hydroxy-3-methoxy-benzaldehyde"
"188348","","R-HSA-381753;R-HSA-381753","","7-methyloctan-1-ol","","7-methyloctan-1-ol"
"188351","","R-HSA-381753;R-HSA-381753","","octane-1-thiol","","octane-1-thiol"
"28235","","R-HSA-381753;R-HSA-381753","","p-methoxybenzaldehyde","C10761","p-Anisaldehyde"
"28591","","R-HSA-381753;R-HSA-381753","","guaiacol","C01502","o-Methoxyphenol"
"28591","","R-HSA-381753;R-HSA-381753","","guaiacol","C15572","Guaiacol"
"28600","","R-HSA-381753;R-HSA-381753","","farnesol","C01493","Farnesol"
"28878","","R-HSA-381753;R-HSA-381753","","dodecan-1-ol","C02277","1-Dodecanol"
"30776","","R-HSA-381753;R-HSA-381753","","hexanoic acid","C01585","Hexanoic acid"
"36740","","R-HSA-381753;R-HSA-381753","","alpha-pinene","C09880","alpha-Pinene"
"37894","","R-HSA-381753;R-HSA-381753","","5alpha-androst-16-en-3-one","","5alpha-androst-16-en-3-one"
"45571","","R-HSA-381753;R-HSA-381753","","heptanoic acid","C17714","Heptanoic acid"
"5331","","R-HSA-381753;R-HSA-381753","","geranyl acetate","C09861","Geranyl acetate"
"86192","","R-HSA-381753;R-HSA-381753","","butyl anthranilate","","butyl anthranilate"
"87362","","R-HSA-381753;R-HSA-381753","","pentyl acetate","","pentyl acetate"
"89886","","R-HSA-381753;R-HSA-381753","","2-Methoxy-4-methylphenol","","2-Methoxy-4-methylphenol"
"17408","","R-HSA-6814848;R-HSA-1482883;R-HSA-192456;R-HSA-1483206","WP5304;WP5333;WP5102;WP3965;WP3602;WP4746;WP325","monoacylglycerol","C15590","Acylglycerol"
"15456","","R-HSA-75105;R-HSA-75876","","(R)-3-hydroxyacyl-CoA","C01086","(3R)-3-Hydroxyacyl-CoA"
"16518","","R-HSA-75105","","ferrocytochrome b5","","ferrocytochrome b5"
"57394","","R-HSA-75105;R-HSA-75876","WP4949;WP4195","stearoyl-CoA(4-)","","stearoyl-CoA(4-)"
"84646","","R-HSA-75105","","3-oxoacyl-[acyl-carrier-protein]","","3-oxoacyl-[acyl-carrier-protein]"
"84648","","R-HSA-75105","","(3R)-3-hydroxyacyl-[acyl-carrier-protein]","","(3R)-3-hydroxyacyl-[acyl-carrier-protein]"
"27747","","R-HSA-352230;R-HSA-352230","","L-homoarginine","C01924","Homoarginine"
"28229","","R-HSA-352230;R-HSA-352230","","N(omega)-methyl-L-arginine","C03884","N(omega)-Methyl-L-arginine"
"27283","","R-HSA-75876;R-HSA-75876;R-HSA-75876","","very long-chain fatty acid","","very long-chain fatty acid"
"57380","","R-HSA-75876","WP4949","icosanoyl-CoA(4-)","","icosanoyl-CoA(4-)"
"38927","","R-HSA-1236382;R-HSA-5638303","","pelitinib","","pelitinib"
"5674","","R-HSA-1236382;R-HSA-5637810","WP4298","herbimycin","C11225","Herbimycin"
"65324","","R-HSA-1236382;R-HSA-5637810","","alvespimycin","","alvespimycin"
"74946","","R-HSA-1855167;R-HSA-1855191","","1-diphospho-1D-myo-inositol 2,3,4,5,6-pentakisphosphate(13-)","","1-diphospho-1D-myo-inositol 2,3,4,5,6-pentakisphosphate(13-)"
"28057","","R-HSA-189085","WP3604","amylopectin","C00317","Amylopectin"
"84373","","R-HSA-189085","","chitotriose","","chitotriose"
"86361","","R-HSA-189085","","N-acetyl-beta-D-glucosaminyl-(1->4)-N-acetyl-beta-D-glucosaminyl group","","N-acetyl-beta-D-glucosaminyl-(1->4)-N-acetyl-beta-D-glucosaminyl group"
"86362","","R-HSA-189085","","N-acetyl-beta-D-glucosaminyl-(1->4)-N-acetyl-beta-D-glucosaminyl-(1->4)-N-acetyl-beta-D-glucosaminyl group","","N-acetyl-beta-D-glucosaminyl-(1->4)-N-acetyl-beta-D-glucosaminyl-(1->4)-N-acetyl-beta-D-glucosaminyl group"
"16144","","R-HSA-2408557","WP15","selenophosphate","","selenophosphate"
"83690","","R-HSA-72764;R-HSA-72764","","N-terminal N-acetyl-L-serine residue","","N-terminal N-acetyl-L-serine residue"
"66899","","R-HSA-391908","","tafluprost","","tafluprost"
"10119","","R-HSA-390650;R-HSA-390651;R-HSA-390666","","ziprasidone","C07568","Ziprasidone"
"3766","","R-HSA-390650;R-HSA-390651;R-HSA-390666","WP2289","clozapine","C06924","Clozapine"
"8707","","R-HSA-390650;R-HSA-390651;R-HSA-390666","","quetiapine","C07397","Quetiapine"
"32812","","R-HSA-389661","","4-hydroxy-L-glutamate(1-)","","4-hydroxy-L-glutamate(1-)"
"36655","","R-HSA-389661;R-HSA-204174","WP5166","glyoxylate","","glyoxylate"
"19138","","R-HSA-211935","WP5155;WP4586","12-HETE","","12-HETE"
"39567","","R-HSA-211935","WP206","12-hydroxylauric acid","C08317","12-Hydroxydodecanoic acid"
"15630","","R-HSA-211979;R-HSA-5579005;R-HSA-2142696","","(5Z,9E,12S,14Z)-8,11,12-trihydroxyicosa-5,9,14-trienoic acid","C04843","(5Z,9E,14Z)-(8xi,11xi,12S)-8,11,12-Trihydroxyicosa-5,9,14-trienoate"
"33447","","R-HSA-5649702;R-HSA-73930","","phospho sugar","C00934","Sugar phosphate"
"75571","","R-HSA-426048","","3-arachidonoyl-sn-glycerol","","3-arachidonoyl-sn-glycerol"
"326268","","R-HSA-351143;R-HSA-141334;R-HSA-351200;R-HSA-351202","","1,4-butanediammonium","","1,4-butanediammonium"
"31697","","R-HSA-211958","","indolin-2-one","C12312","Indolin-2-one"
"37248","","R-HSA-211958","","3-hydroxypalmitic acid","","3-hydroxypalmitic acid"
"27372","","R-HSA-429593;R-HSA-429593","","1D-chiro-inositol","C06150","1D-chiro-inositol"
"67132","","R-HSA-446199;R-HSA-4755579","WP4521","ditrans,polycis-polyprenol","","ditrans,polycis-polyprenol"
"57390","","R-HSA-177162","","phenylacetyl-CoA(4-)","","phenylacetyl-CoA(4-)"
"28164","","R-HSA-3000480;R-HSA-3000480;R-HSA-3000480","","cholesterol beta-epoxide","","cholesterol beta-epoxide"
"27913","","R-HSA-196836","","L-erythrulose","C02045","L-Erythrulose"
"57441","","R-HSA-196836","","2,3-diketogulonate","","2,3-diketogulonate"
"57561","","R-HSA-196836","","L-threonate","","L-threonate"
"16150","","R-HSA-9717207;R-HSA-9717207","","benzoate","C00180","Benzoate"
"17682","","R-HSA-9717207;R-HSA-9717207","","benzoin","C01408","Benzoin"
"188347","","R-HSA-9717207;R-HSA-9717207","","N-methylthiourea","","N-methylthiourea"
"188349","","R-HSA-9717207;R-HSA-9717207","","N-ethylthiourea","","N-ethylthiourea"
"188350","","R-HSA-9717207;R-HSA-9717207","","N-acetylthiourea","","N-acetylthiourea"
"23736","","R-HSA-9717207;R-HSA-9717207","","4,5-dihydrocortisone","","4,5-dihydrocortisone"
"27641","","R-HSA-9717207;R-HSA-9717207","","cycloheximide","C06685","Cycloheximide"
"28179","","R-HSA-9717207;R-HSA-9717207","","benzamide","C09815","Benzamide"
"28579","","R-HSA-9717207;R-HSA-9717207","","epsilon-caprolactam","C06593","epsilon-Caprolactam"
"34750","","R-HSA-9717207","","Ethylenethiourea","C14398","Ethylenethiourea"
"3614","","R-HSA-9717207;R-HSA-9717207","","chlorhexidine","C06902","Chlorhexidine"
"42638","","R-HSA-9717207;R-HSA-9717207","WP3679","flufenamic acid","C13038","Flufenamic acid"
"4325","","R-HSA-9717207;R-HSA-9717207","","dapsone","C07666","Dapsone"
"44975","","R-HSA-9717207;R-HSA-9717207","","1,10-phenanthroline","C00604","1,10-Phenanthroline"
"83501","","R-HSA-9717207;R-HSA-9717207","","acesulfame","","acesulfame"
"8502","","R-HSA-9717207;R-HSA-9717207","","6-propyl-2-thiouracil","C07569","Propylthiouracil"
"24402","","R-HSA-9845576;R-HSA-9845576","","glycosphingolipid","","glycosphingolipid"
"28424","","R-HSA-9845576;R-HSA-9845576;R-HSA-5250982;R-HSA-5250982;R-HSA-5250982;R-HSA-9840309","","alpha-Neu5NAc-(2->8)-alpha-Neu5NAc-(2->3)-beta-D-Gal-(1->4)-beta-D-Glc-(1<->1')-Cer","C06133","GD3"
"28648","","R-HSA-9845576;R-HSA-9845576;R-HSA-5250955;R-HSA-5250955;R-HSA-9840309","WP5299;WP4142","beta-D-GalNAc-(1->4)-[alpha-Neu5Ac-(2->8)-alpha-Neu5Ac-(2->3)]-beta-D-Gal-(1->4)-beta-D-Glc-(1<->1')-Cer","C06134","GD2"
"37739","","R-HSA-9845576;R-HSA-9845576","WP4719;WP167;WP4853;WP4723","glycerophospholipid","","glycerophospholipid"
"87787","","R-HSA-9845576;R-HSA-9845576;R-HSA-9840309","","alpha-Neu5Ac-(2->8)-alpha-Neu5Ac-(2->3)-beta-D-Gal-(1->3)-beta-D-GalNac-(1->4)-beta-D-Gal-(1->4)-beta-D-Glc-(1<->1')-Cer(2-)","","alpha-Neu5Ac-(2->8)-alpha-Neu5Ac-(2->3)-beta-D-Gal-(1->3)-beta-D-GalNac-(1->4)-beta-D-Gal-(1->4)-beta-D-Glc-(1<->1')-Cer(2-)"
"87788","","R-HSA-9845576;R-HSA-9845576;R-HSA-9840309","","beta-GalNAc-(1->4)-[alpha-Neu5Ac-(2->8)-alpha-Neu5Ac-(2->8)-alpha-Neu5Ac-(2->3)]-beta-Gal-(1->4)-beta-Glc-(1->1')-Cer(3-)","","beta-GalNAc-(1->4)-[alpha-Neu5Ac-(2->8)-alpha-Neu5Ac-(2->8)-alpha-Neu5Ac-(2->3)]-beta-Gal-(1->4)-beta-Glc-(1->1')-Cer(3-)"
"90189","","R-HSA-9845576;R-HSA-9845576;R-HSA-9840309","WP1423","alpha-L-Fuc-(1->2)-beta-D-Gal-(1->3)-beta-D-GlcNAc-(1->4)-[alpha-Neu5Ac-(2->3)]-beta-D-Gal-(1->4)-beta-D-Glc-Cer(1-)","","alpha-L-Fuc-(1->2)-beta-D-Gal-(1->3)-beta-D-GlcNAc-(1->4)-[alpha-Neu5Ac-(2->3)]-beta-D-Gal-(1->4)-beta-D-Glc-Cer(1-)"
"90262","","R-HSA-9845576;R-HSA-9845576;R-HSA-9840309","","alpha-L-Fuc-(1->2)-beta-D-Gal-(1->3)-beta-D-GalNAc-(1->4)-beta-D-Gal-(1->4)-beta-D-Glc-Cer","","alpha-L-Fuc-(1->2)-beta-D-Gal-(1->3)-beta-D-GalNAc-(1->4)-beta-D-Gal-(1->4)-beta-D-Glc-Cer"
"18377","","R-HSA-71240;R-HSA-71240","WP3925;WP3604;WP5044;WP2485;WP3645;WP465","N-formylkynurenine","","N-formylkynurenine"
"43580","","R-HSA-71240","WP3627;WP465","3-(1H-indol-3-yl)propanoic acid","","3-(1H-indol-3-yl)propanoic acid"
"55528","","R-HSA-71240","WP465","(R)-indole-3-lactic acid","","(R)-indole-3-lactic acid"
"31590","","R-HSA-196791","","Falecalcitriol","","Falecalcitriol"
"31801","","R-HSA-196791","","Maxacalcitol","","Maxacalcitol"
"26667","","R-HSA-168275;R-HSA-168275;R-HSA-168255;R-HSA-168298;R-HSA-168302","","sialic acid","","sialic acid"
"90799","","R-HSA-427975;R-HSA-427975;R-HSA-427975","","dipeptide zwitterion","","dipeptide zwitterion"
"189047","","R-HSA-2161541;R-HSA-164516","","carbovir triphosphate(4-)","","carbovir triphosphate(4-)"
"189052","","R-HSA-2161541","","carbovir diphosphate(3-)","","carbovir diphosphate(3-)"
"189053","","R-HSA-2161541;R-HSA-2161541","","carbovir monophosphate(2-)","","carbovir monophosphate(2-)"
"202940","","R-HSA-2161541","","carbovir","","carbovir"
"421707","","R-HSA-2161541;R-HSA-2161517;R-HSA-2161517;R-HSA-2161517;R-HSA-2161517","","abacavir","C07624","Abacavir"
"64192","","R-HSA-2161541","","abacavir 5'-carboxylic acid","","abacavir 5'-carboxylic acid"
"37396","","R-HSA-446203","","proteoglycan","C00866","proteoglycan"
"53106","","R-HSA-5423646","WP699","aflatoxin B1 8,9-dihydrodiol","","aflatoxin B1 8,9-dihydrodiol"
"53107","","R-HSA-5423646","WP699","aflatoxin B1 dialdehyde","","aflatoxin B1 dialdehyde"
"53108","","R-HSA-5423646","","aflatoxin B1 triol","","aflatoxin B1 triol"
"17585","","R-HSA-9845614","WP4725;WP5194","trans-hexadec-2-enal","C06123","Hexadecenal"
"57756","","R-HSA-9845614","WP4949","sphingosine(1+)","","sphingosine(1+)"
"42820","","R-HSA-425366;R-HSA-425366;R-HSA-549127;R-HSA-549127","","guanidine","","guanidine"
"64315","","R-HSA-6782861","","4-demethylwyosine 5'-monophosphate(1-) residue","","4-demethylwyosine 5'-monophosphate(1-) residue"
"15858","","R-HSA-2243919;R-HSA-432047;R-HSA-432047","","bromide","C01324","Bromide"
"15858","","R-HSA-2243919;R-HSA-432047;R-HSA-432047","","bromide","C00720","RBr"
"74478","","R-HSA-6793080","","2'-O-methyluridine 5'-monophosphate(1-) residue","","2'-O-methyluridine 5'-monophosphate(1-) residue"
"15761","","R-HSA-156581","","N-methylpyridinium","C02724","N-Methylpyridinium"
"16227","","R-HSA-156581","","pyridine","C00747","Pyridine"
"33409","","R-HSA-156581","","methylarsonate(1-)","","methylarsonate(1-)"
"41218","","R-HSA-156581","","mercaptoethanol","C00928","Mercaptoethanol"
"28645","","R-HSA-70350","WP3604;WP5178;WP5433;WP690","beta-D-fructofuranose","C02336","beta-D-Fructose"
"17499","","R-HSA-189451;R-HSA-6798163","","hydrogen donor","C00030","Reduced acceptor"
"36319","","R-HSA-189451","","dipyrromethane","","dipyrromethane"
"57306","","R-HSA-189451;R-HSA-189451","WP5169","protoporphyrin(2-)","","protoporphyrin(2-)"
"57307","","R-HSA-189451","","protoporphyrinogen(2-)","","protoporphyrinogen(2-)"
"57308","","R-HSA-189451","","uroporphyrinogen III(8-)","","uroporphyrinogen III(8-)"
"57309","","R-HSA-189451;R-HSA-189451","","coproporphyrinogen III(4-)","","coproporphyrinogen III(4-)"
"57845","","R-HSA-189451","WP5169","preuroporphyrinogen(8-)","","preuroporphyrinogen(8-)"
"28240","","R-HSA-5362517;R-HSA-204174","","dichloroacetate","","dichloroacetate"
"57706","","R-HSA-880009;R-HSA-916853","WP5420;WP4157","4-oxobutanoate","","4-oxobutanoate"
"57371","","R-HSA-77352;R-HSA-77352;R-HSA-77350","","butyryl-CoA(4-)","","butyryl-CoA(4-)"
"91091","","R-HSA-9683610;R-HSA-9694631","","CHIR 99021","","CHIR 99021"
"91107","","R-HSA-9683610;R-HSA-9694631","","SB 415286","","SB 415286"
"91342","","R-HSA-9683610;R-HSA-9694631","","2-[(3-iodophenyl)methylthio]-5-pyridin-4-yl-1,3,4-oxadiazole","","2-[(3-iodophenyl)methylthio]-5-pyridin-4-yl-1,3,4-oxadiazole"
"91384","","R-HSA-9683610;R-HSA-9694631","","3-[[6-(3-aminophenyl)-7H-pyrrolo[2,3-d]pyrimidin-4-yl]oxy]phenol","","3-[[6-(3-aminophenyl)-7H-pyrrolo[2,3-d]pyrimidin-4-yl]oxy]phenol"
"91421","","R-HSA-9683610;R-HSA-9694631","","3-(2,4-dichlorophenyl)-4-(1-methyl-3-indolyl)pyrrole-2,5-dione","","3-(2,4-dichlorophenyl)-4-(1-methyl-3-indolyl)pyrrole-2,5-dione"
"10055","","R-HSA-390696","","Xamoterol","C11775","Xamoterol"
"103854","","R-HSA-390696","","N-[5-(4,5-dihydro-1H-imidazol-2-yl)-2-hydroxy-5,6,7,8-tetrahydronaphthalen-1-yl]methanesulfonamide","","N-[5-(4,5-dihydro-1H-imidazol-2-yl)-2-hydroxy-5,6,7,8-tetrahydronaphthalen-1-yl]methanesulfonamide"
"2379","","R-HSA-390696","","acebutolol","C06803","Acebutolol"
"258351","","R-HSA-390696","","practolol","C11696","Practolol"
"2788","","R-HSA-390696","","apraclonidine","C07668","Apraclonidine"
"2904","","R-HSA-390696","","atenolol","","atenolol"
"3082","","R-HSA-390696","","betaxolol","C06849","Betaxolol"
"3175","","R-HSA-390696","","brimonidine","C07886","Brimonidine"
"408174","","R-HSA-390696","","arformoterol","","arformoterol"
"4466","","R-HSA-390696","","dexmedetomidine","C07450","Dexmedetomidine"
"5553","","R-HSA-390696","","Guanabenz","C07034","Guanabenz"
"5558","","R-HSA-390696","","Guanfacine","C07037","Guanfacine"
"6438","","R-HSA-390696","","levobunolol","C07914","Levobunolol"
"65349","","R-HSA-390696","","mirabegron","","mirabegron"
"8364","","R-HSA-390696","WP5420","prazosin","C07368","Prazosin"
"8499","","R-HSA-390696","WP5420","propranolol","C07407","Propranolol"
"9445","","R-HSA-390696","","terazosin","C07127","Terazosin"
"30823","","R-HSA-9673163","","oleate","","oleate"
"26558","","R-HSA-9682706;R-HSA-9694686","","ribonucleoside monophosphate","","ribonucleoside monophosphate"
"25609","","R-HSA-9684325;R-HSA-9683686;R-HSA-9694301;R-HSA-9683683;R-HSA-9694493","","nucleotide-sugar","","nucleotide-sugar"
"7496","","R-HSA-9684325;R-HSA-9694301","","nelfinavir","C07257","Nelfinavir"
"176905","","R-HSA-73621","","2'-deoxyuridine 3'-monophosphate(2-)","","2'-deoxyuridine 3'-monophosphate(2-)"
"27468","","R-HSA-73621","WP4584;WP4225","5,6-dihydrothymine","C00906","5,6-Dihydrothymine"
"57731","","R-HSA-73621;R-HSA-73621;R-HSA-73621","WP4584;WP4583;WP4225","(R)-3-aminoisobutyric acid zwitterion","","(R)-3-aminoisobutyric acid zwitterion"
"27385","","R-HSA-211999","WP3980","tetrachloromethane","C07561","Carbon tetrachloride"
"29129","","R-HSA-211999","","2-chlorooxirane","","2-chlorooxirane"
"29138","","R-HSA-211999","","trifluoroacetyl chloride","","trifluoroacetyl chloride"
"30737","","R-HSA-211999","","trichloromethyl(.)","","trichloromethyl(.)"
"5615","","R-HSA-211999","WP4269","halothane","C07515","Halothane"
"10033","","R-HSA-6806664","WP5273","warfarin","C01541","Warfarin"
"4513","","R-HSA-6806664","WP5273","dicoumarol","C00796","Dicumarol"
"53766","","R-HSA-6806664","WP5273","acenocoumarol","","acenocoumarol"
"57533","","R-HSA-6806664","","geranylgeranyl diphosphate(3-)","","geranylgeranyl diphosphate(3-)"
"90152","","R-HSA-6806664;R-HSA-159740;R-HSA-159740","","2,3-epoxymenatetrenone","","2,3-epoxymenatetrenone"
"182969","","R-HSA-9757110","","20alpha-dihydroprednisone","","20alpha-dihydroprednisone"
"182970","","R-HSA-9757110","","20beta-dihydroprednisone","","20beta-dihydroprednisone"
"10036","","R-HSA-2142753;R-HSA-9640463","","wax ester","C01629","Wax ester"
"545111","","R-HSA-2142753;R-HSA-9640463","","","",""
"75627","","R-HSA-2142753;R-HSA-9640463","","icosan-1-ol","","icosan-1-ol"
"75584","","R-HSA-9640463","","palmityl palmitate","C13821","Palmityl palmitate"
"18315","","R-HSA-209905","","pyrroloquinoline quinone","C00113","PQQ"
"29119","","R-HSA-77288","WP143;WP5241","(2E,4Z)-deca-2,4-dienoyl-CoA","","(2E,4Z)-deca-2,4-dienoyl-CoA"
"29126","","R-HSA-77288","WP143;WP5241","trans-dec-3-enoyl-CoA","","trans-dec-3-enoyl-CoA"
"29140","","R-HSA-77288","WP5241","cis-dec-4-enoyl-CoA","","cis-dec-4-enoyl-CoA"
"23781","","R-HSA-5662702","","dihydroxyindole","","dihydroxyindole"
"24431","","R-HSA-5662702","","chemical entity","","chemical entity"
"84301","","R-HSA-5662702","","7-(2-amino-2-carboxyethyl)-5-hydroxy-2H-1,4-benzothiazine-3-carboxylic acid","","7-(2-amino-2-carboxyethyl)-5-hydroxy-2H-1,4-benzothiazine-3-carboxylic acid"
"84343","","R-HSA-5662702","","6-(2-amino-2-carboxyethyl)-4-hydroxybenzothiazole","","6-(2-amino-2-carboxyethyl)-4-hydroxybenzothiazole"
"84344","","R-HSA-5662702","","7-(2-amino-2-carboxyethyl)-5-hydroxy-3,4-dihydro-2H-1,4-benzothiazin-3-one","","7-(2-amino-2-carboxyethyl)-5-hydroxy-3,4-dihydro-2H-1,4-benzothiazin-3-one"
"90779","","R-HSA-9759218","","S-substituted glutathione(1-)","","S-substituted glutathione(1-)"
"30839","","R-HSA-500753","WP4584;WP4225;WP4595","orotate","","orotate"
"30864","","R-HSA-500753","WP4584;WP4225","(S)-dihydroorotate","","(S)-dihydroorotate"
"32814","","R-HSA-500753","WP4225","N-carbamoyl-L-aspartate(2-)","","N-carbamoyl-L-aspartate(2-)"
"57538","","R-HSA-500753","WP4584;WP4225;WP4595","orotidine 5'-phosphate(3-)","","orotidine 5'-phosphate(3-)"
"57834","","R-HSA-204626;R-HSA-141334;R-HSA-351200;R-HSA-351200;R-HSA-351202;R-HSA-549127;R-HSA-549127","","spermidine(3+)","","spermidine(3+)"
"189572","","R-HSA-204174","","2''-O-lipoyl-ADP-D-ribose(2-)","","2''-O-lipoyl-ADP-D-ribose(2-)"
"229639","","R-HSA-204174","","S-(alpha-chlorocarboxymethyl)glutathione","","S-(alpha-chlorocarboxymethyl)glutathione"
"93829","","R-HSA-438066","","4-[1-hydroxy-2-[4-(phenylmethyl)-1-piperidinyl]propyl]phenol","","4-[1-hydroxy-2-[4-(phenylmethyl)-1-piperidinyl]propyl]phenol"
"57629","","R-HSA-70221;R-HSA-70221;R-HSA-173599;R-HSA-480985;R-HSA-70370;R-HSA-3322077","","D-glucopyranose 1-phosphate(2-)","","D-glucopyranose 1-phosphate(2-)"
"31296","","R-HSA-390651","","Blonanserin","","Blonanserin"
"32168","","R-HSA-390651","","sulpiride","","sulpiride"
"32193","","R-HSA-390651;R-HSA-390666","","Terguride","","Terguride"
"90933","","R-HSA-390651","","cariprazine","","cariprazine"
"94777","","R-HSA-390651","","(3aR,7aS)-2-[4-[4-(1,2-benzothiazol-3-yl)-1-piperazinyl]butyl]-3a,4,5,6,7,7a-hexahydroisoindole-1,3-dione","","(3aR,7aS)-2-[4-[4-(1,2-benzothiazol-3-yl)-1-piperazinyl]butyl]-3a,4,5,6,7,7a-hexahydroisoindole-1,3-dione"
"57330","","R-HSA-77310","","trans-dodec-2-enoyl-CoA(4-)","","trans-dodec-2-enoyl-CoA(4-)"
"17728","","R-HSA-1614635","","S-methyl-L-methionine","C03172","S-Methyl-L-methionine"
"42548","","R-HSA-6787639","","alpha-L-fucose","","alpha-L-fucose"
"42589","","R-HSA-6787639","","beta-L-fucose","","beta-L-fucose"
"86476","","R-HSA-6787639","","GDP-4-dehydro-beta-L-fucose","C14830","GDP-4-keto-6-L-deoxygalactose"
"192484","","R-HSA-9793528;R-HSA-9793528;R-HSA-9793528;R-HSA-9793528","","ciprofloxacin zwitterion","","ciprofloxacin zwitterion"
"192486","","R-HSA-9793528","","ciprofloxacin(1+)","","ciprofloxacin(1+)"
"192773","","R-HSA-9793528;R-HSA-9793528","","3-oxociprofloxacin","","3-oxociprofloxacin"
"192798","","R-HSA-9793528;R-HSA-9793528","","sulfociprofloxacin","","sulfociprofloxacin"
"310388","","R-HSA-9793528","","ciprofloxacin hydrochloride (anhydrous)","","ciprofloxacin hydrochloride (anhydrous)"
"65136","","R-HSA-2046105;R-HSA-2046105;R-HSA-9025106","WP4723;WP15","(4Z,7Z,10Z,13Z,16Z)-docosa-4,7,10,13,16-pentaenoic acid","","(4Z,7Z,10Z,13Z,16Z)-docosa-4,7,10,13,16-pentaenoic acid"
"24103","","R-HSA-163841","WP176;WP15;WP1533","fructosamine","","fructosamine"
"86019","","R-HSA-163841","WP5104;WP5102;WP5103","S-[(2E,6E)-farnesyl]-L-cysteine residue","","S-[(2E,6E)-farnesyl]-L-cysteine residue"
"87167","","R-HSA-163841","","S-[(2E,6E)-farnesyl]-L-cysteine methyl ester","","S-[(2E,6E)-farnesyl]-L-cysteine methyl ester"
"87176","","R-HSA-163841","","psicosamine","","psicosamine"
"87177","","R-HSA-163841","","ribulosamine","","ribulosamine"
"87178","","R-HSA-163841","","fructosamine 3-phosphate","","fructosamine 3-phosphate"
"87179","","R-HSA-163841","","psicosamine 3-phosphate","","psicosamine 3-phosphate"
"87180","","R-HSA-163841","","ribulosamine 3-phosphate","","ribulosamine 3-phosphate"
"29032","","R-HSA-199220;R-HSA-199220;R-HSA-425397;R-HSA-425397;R-HSA-196783","WP5172;WP4577","(R)-pantothenate","","(R)-pantothenate"
"16244","","R-HSA-71262","WP5219","4-(trimethylammonio)butanoate","","4-(trimethylammonio)butanoate"
"94562","","R-HSA-1839120","WP4155","(2R)-1-[[4-[(4-fluoro-2-methyl-1H-indol-5-yl)oxy]-5-methyl-6-pyrrolo[2,1-f][1,2,4]triazinyl]oxy]-2-propanol","","(2R)-1-[[4-[(4-fluoro-2-methyl-1H-indol-5-yl)oxy]-5-methyl-6-pyrrolo[2,1-f][1,2,4]triazinyl]oxy]-2-propanol"
"156377","","R-HSA-2023837","","GP369","","GP369"
"21363","","R-HSA-5676934","","L-methionine sulfone","","L-methionine sulfone"
"31882","","R-HSA-5676934","WP3584","N-methyl-D-aspartic acid","C12269","N-Methyl-D-aspartic acid"
"90596","","R-HSA-5676934","","L-beta-isoaspartate residue","","L-beta-isoaspartate residue"
"57259","","R-HSA-71336","","2-deoxy-alpha-D-ribose 1-phosphate(2-)","","2-deoxy-alpha-D-ribose 1-phosphate(2-)"
"57651","","R-HSA-71336","","2-deoxy-D-ribose 5-phosphate(2-)","","2-deoxy-D-ribose 5-phosphate(2-)"
"91144","","R-HSA-418346","","1-octadecylglycero-3-phosphocholine","","1-octadecylglycero-3-phosphocholine"
"91280","","R-HSA-532668;R-HSA-8853383;R-HSA-8853383","","alpha-D-Man-(1->3)-[alpha-D-Man-(1->3)-[alpha-D-Man-(1->6)]-alpha-D-Man-(1->6)]-beta-D-Man-(1->4)-beta-D-GlcNAc","","alpha-D-Man-(1->3)-[alpha-D-Man-(1->3)-[alpha-D-Man-(1->6)]-alpha-D-Man-(1->6)]-beta-D-Man-(1->4)-beta-D-GlcNAc"
"91281","","R-HSA-532668","","alpha-D-Man-(1->2)-alpha-D-Man-(1->3)-[alpha-D-Man-(1->2)-alpha-D-Man-(1->3)-[alpha-D-Man-(1->2)-alpha-D-Man-(1->6)]-alpha-D-Man-(1->6)]-beta-D-Man-(1->4)-beta-D-GlcNAc","","alpha-D-Man-(1->2)-alpha-D-Man-(1->3)-[alpha-D-Man-(1->2)-alpha-D-Man-(1->3)-[alpha-D-Man-(1->2)-alpha-D-Man-(1->6)]-alpha-D-Man-(1->6)]-beta-D-Man-(1->4)-beta-D-GlcNAc"
"91282","","R-HSA-532668","","alpha-D-Man-(1->2)-alpha-D-Man-(1->2)-alpha-D-Man-(1->3)-[alpha-D-Man-(1->3)-[alpha-D-Man-(1->2)-alpha-D-Man-(1->6)]-alpha-D-Man-(1->6)]-beta-D-Man-(1->4)-beta-D-GlcNAc","","alpha-D-Man-(1->2)-alpha-D-Man-(1->2)-alpha-D-Man-(1->3)-[alpha-D-Man-(1->3)-[alpha-D-Man-(1->2)-alpha-D-Man-(1->6)]-alpha-D-Man-(1->6)]-beta-D-Man-(1->4)-beta-D-GlcNAc"
"91283","","R-HSA-532668","","alpha-D-Man-(1->2)-alpha-D-Man-(1->2)-alpha-D-Man-(1->3)-[alpha-D-Man-(1->6)-[alpha-D-Man-(1->2)-alpha-D-Man-(1->3)]-alpha-D-Man-(1->6)]-beta-D-Man-(1->4)-beta-D-GlcNAc","","alpha-D-Man-(1->2)-alpha-D-Man-(1->2)-alpha-D-Man-(1->3)-[alpha-D-Man-(1->6)-[alpha-D-Man-(1->2)-alpha-D-Man-(1->3)]-alpha-D-Man-(1->6)]-beta-D-Man-(1->4)-beta-D-GlcNAc"
"91284","","R-HSA-532668;R-HSA-8853383","","alpha-D-Man-(1->2)-alpha-D-Man-(1->2)-alpha-D-Man-(1->3)-[alpha-D-Man-(1->2)-alpha-D-Man-(1->3)-[alpha-D-Man-(1->2)-alpha-D-Man-(1->6)]-alpha-D-Man-(1->6)]-beta-D-Man-(1->4)-beta-D-GlcNAc","","alpha-D-Man-(1->2)-alpha-D-Man-(1->2)-alpha-D-Man-(1->3)-[alpha-D-Man-(1->2)-alpha-D-Man-(1->3)-[alpha-D-Man-(1->2)-alpha-D-Man-(1->6)]-alpha-D-Man-(1->6)]-beta-D-Man-(1->4)-beta-D-GlcNAc"
"15724","","R-HSA-217271","WP5219","trimethylamine N-oxide","C01104","Trimethylamine N-oxide"
"91279","","R-HSA-8853383","","alpha-D-Man-(1->3)-[alpha-D-Man-(1->6)]-beta-D-Man-(1->4)-beta-D-GlcNAc","","alpha-D-Man-(1->3)-[alpha-D-Man-(1->6)]-beta-D-Man-(1->4)-beta-D-GlcNAc"
"57265","","R-HSA-162710","","6-(N-acetyl-alpha-D-glucosaminyl)-1-phosphatidyl-1D-myo-inositol(1-)","","6-(N-acetyl-alpha-D-glucosaminyl)-1-phosphatidyl-1D-myo-inositol(1-)"
"91137","","R-HSA-9020265","","17(R)-HDoHE","","17(R)-HDoHE"
"90824","","R-HSA-9026403;R-HSA-9026403;R-HSA-9027604;R-HSA-9025094","","(7Z,10Z,13R,14E,16Z,19Z)-13-hydroxydocosapentaenoate","","(7Z,10Z,13R,14E,16Z,19Z)-13-hydroxydocosapentaenoate"
"90815","","R-HSA-9027604","","(4Z,7Z,10Z,14E,16Z,19Z)-13-hydroxydocosahexaenoate","","(4Z,7Z,10Z,14E,16Z,19Z)-13-hydroxydocosahexaenoate"
"16068","","R-HSA-8935690","","2-(3,4-dihydroxybenzoyloxy)-4,6-dihydroxybenzoic acid","C04524","2-Protocatechoylphloroglucinolcarboxylate"
"75137","","R-HSA-1482798;R-HSA-1482798","","2,2'-dilysocardiolipin(2-)","","2,2'-dilysocardiolipin(2-)"
"87171","","R-HSA-6787450;R-HSA-6787450","","5-taurinomethyl-2-thiouridine 5'-phosphate(1-) residue","","5-taurinomethyl-2-thiouridine 5'-phosphate(1-) residue"
"87172","","R-HSA-6787450;R-HSA-6787450","","5-taurinomethyluridine 5'-phosphate(1-) residue","","5-taurinomethyluridine 5'-phosphate(1-) residue"
"20680","","R-HSA-8964208","","6,7-dihydrobiopterin","","6,7-dihydrobiopterin"
"57443","","R-HSA-351202","WP2525","S-adenosylmethioninaminium","","S-adenosylmethioninaminium"
"27459","","R-HSA-446210","","N-glycoloyl-D-glucosamine","C03146","N-Glycolyl-D-glucosamine"
"57513","","R-HSA-446210","WP5394","N-acetyl-D-glucosamine 6-phosphate(2-)","","N-acetyl-D-glucosamine 6-phosphate(2-)"
"57776","","R-HSA-446210","WP5394","N-acetyl-alpha-D-glucosamine 1-phosphate(2-)","","N-acetyl-alpha-D-glucosamine 1-phosphate(2-)"
"88130","","R-HSA-446210","","N-glycoloyl-D-glucosamine 6-phosphate","","N-glycoloyl-D-glucosamine 6-phosphate"
"85262","","R-HSA-112310","","N-(tetradecanoyl)ethanolamine","","N-(tetradecanoyl)ethanolamine"
"85263","","R-HSA-112310","","N-(dodecanoyl)ethanolamine","","N-(dodecanoyl)ethanolamine"
"85299","","R-HSA-112310","","N-(octadecanoyl)ethanolamine","","N-(octadecanoyl)ethanolamine"
"35179","","R-HSA-1237112","","2-oxo monocarboxylic acid anion","","2-oxo monocarboxylic acid anion"
"37240","","R-HSA-390918;R-HSA-390918","","adenosine 3',5'-bisphosphate","","adenosine 3',5'-bisphosphate"
"65101","","R-HSA-390918","","2-hydroxyhexadecanoic acid","","2-hydroxyhexadecanoic acid"
"86988","","R-HSA-390918","","2-oxohexadecanoic acid","","2-oxohexadecanoic acid"
"2485","","R-HSA-2408550","","adenylyl selenate","","adenylyl selenate"
"28450","","R-HSA-2408550","","3'-phosphoadenylyl selenate","C05696","3'-Phosphoadenylylselenate"
"65173","","R-HSA-390666","","iloperidone","","iloperidone"
"41609","","R-HSA-6799990;R-HSA-1222449","","carbonate","","carbonate"
"24757","","R-HSA-8941413","WP5356;WP176;WP15;WP1533","hypochlorous acid","","hypochlorous acid"
"55376","","R-HSA-8941413;R-HSA-8941413","WP5401","ferriheme b(1-)","","ferriheme b(1-)"
"35341","","R-HSA-196071","WP299","steroid","C00377","Steroid"
"4299","","R-HSA-5657655","","DNA containing 6-O-methylguanine","C04250","DNA containing 6-O-methylguanine"
"15857","","R-HSA-1222538","WP4518","5-L-glutamyl amino acid","C03363","5-L-Glutamyl amino acid"
"16086","","R-HSA-1222538","","mycothione","C11502","Mycothione"
"37076","","R-HSA-9639775","","ribonucleoside 5'-triphosphate","","ribonucleoside 5'-triphosphate"
"83400","","R-HSA-9639775;R-HSA-9639775","","RNA polyanion","","RNA polyanion"
"28593","","R-HSA-549127;R-HSA-549127;R-HSA-5619066","","quinidine","C06527","Quinidine"
"31941","","R-HSA-549127;R-HSA-549127","","oxaliplatin","","oxaliplatin"
"65133","","R-HSA-549127;R-HSA-549127","","4-[4-(dimethylamino)styryl]-N-methylpyridinium iodide","","4-[4-(dimethylamino)styryl]-N-methylpyridinium iodide"
"53152","","R-HSA-3238698","WP5241;WP4724","palmitoleoyl-CoA","","palmitoleoyl-CoA"
"16494","","R-HSA-425397;R-HSA-425397","","lipoic acid","C00725","Lipoate"
"57328","","R-HSA-196783","WP4577","3'-dephospho-CoA(2-)","","3'-dephospho-CoA(2-)"
"21891","","R-HSA-73943","WP4485","N(6)-methyladenosine","","N(6)-methyladenosine"
"84247","","","WP5352;WP5420;WP4656","1,2-dihexadecanoyl-sn-glycero-3-phospho-(1D-myo-inositol-3,4-bisphosphate)","","1,2-dihexadecanoyl-sn-glycero-3-phospho-(1D-myo-inositol-3,4-bisphosphate)"
"83120","","","WP5352","N(6)-[(R)-S(8)-succinyldihydrolipoyl]-L-lysine(1-) residue","","N(6)-[(R)-S(8)-succinyldihydrolipoyl]-L-lysine(1-) residue"
"83099","","","WP5352","N(6)-[(R)-lipoyl]-L-lysine residue","","N(6)-[(R)-lipoyl]-L-lysine residue"
"57967","","","WP5352","ADP-D-ribose(2-)","","ADP-D-ribose(2-)"
"16923","","","WP5352","N-formyl-L-aspartate(2-)","","N-formyl-L-aspartate(2-)"
"29985","","","WP5402;WP5420;WP4583;WP4504;WP4159;WP5312;WP5026;WP4225;WP4688;WP4595;WP4571;WP4228","L-glutamate(1-)","","L-glutamate(1-)"
"59789","","","WP5402;WP5420;WP4504;WP5351;WP4224","S-adenosyl-L-methionine zwitterion","","S-adenosyl-L-methionine zwitterion"
"132415","","","WP5348","O(3)-(poly[(1->4)-beta-D-glucuronosyl-(1->4)-N-acetyl-alpha-D-glucosaminyl]-(1->4)-beta-D-glucuronosyl-(1->3)-beta-D-galactosyl-(1->3)-beta-D-galactosyl-(1->4)-beta-D-xylosyl)-L-serine residue","","O(3)-(poly[(1->4)-beta-D-glucuronosyl-(1->4)-N-acetyl-alpha-D-glucosaminyl]-(1->4)-beta-D-glucuronosyl-(1->3)-beta-D-galactosyl-(1->3)-beta-D-galactosyl-(1->4)-beta-D-xylosyl)-L-serine residue"
"18331","","","WP5348;WP4815","keratan 6'-sulfate","","keratan 6'-sulfate"
"132416","","","WP5348","O(3)-(N-acetyl-alpha-D-glucosaminyl-poly[(1->4)-beta-D-glucuronosyl-(1->4)-N-acetyl-alpha-D-glucosaminyl]-(1->4)-beta-D-glucuronosyl-(1->3)-beta-D-galactosyl-(1->3)-beta-D-galactosyl-(1->4)-beta-D-xylosyl)-L-serine residue","","O(3)-(N-acetyl-alpha-D-glucosaminyl-poly[(1->4)-beta-D-glucuronosyl-(1->4)-N-acetyl-alpha-D-glucosaminyl]-(1->4)-beta-D-glucuronosyl-(1->3)-beta-D-galactosyl-(1->3)-beta-D-galactosyl-(1->4)-beta-D-xylosyl)-L-serine residue"
"16842","","","WP5348;WP497","formaldehyde","C00067","Formaldehyde"
"43858","","","WP5348","L-vinylglycine","","L-vinylglycine"
"30031","","","WP5348;WP5195;WP4157;WP4206;WP4236;WP4297","succinate(2-)","","succinate(2-)"
"58223","","","WP5348;WP5380;WP4584;WP4521;WP4900;WP4225","UDP(3-)","","UDP(3-)"
"74411","","","WP5348;WP4705","adenosine 5'-monophosphate(1-) residue","","adenosine 5'-monophosphate(1-) residue"
"38083","","","WP5405","malonate ester","","malonate ester"
"14321","","","WP5407;WP4942;WP4657;WP4932;WP5313;WP5190;WP4313;WP4549;WP4518;WP4206;WP5314;WP4290;WP5220;WP5083;WP4698;WP5186","glutamate(1-)","","glutamate(1-)"
"49786","","","WP5407;WP3580","nickel(2+)","","nickel(2+)"
"37136","","","WP5407","barium(2+)","C13881","Barium cation"
"30013","","","WP5408;WP5269","L-threonine residue","","L-threonine residue"
"83421","","","WP5408","O-phospho-L-serine(2-) residue","","O-phospho-L-serine(2-) residue"
"58165","","","WP5408;WP5420;WP4589","3',5'-cyclic AMP(1-)","","3',5'-cyclic AMP(1-)"
"61977","","","WP5408","O-phosphonato-L-threonine(2-) residue","","O-phosphonato-L-threonine(2-) residue"
"29999","","","WP5408;WP4906;WP5269","L-serine residue","","L-serine residue"
"26739","","","WP4950;WP3933;WP4577;WP4688;WP4297","sphingolipid","","sphingolipid"
"60377","","","WP4949;WP4584;WP4225","cytidine 5'-monophosphate(2-)","","cytidine 5'-monophosphate(2-)"
"57502","","","WP4949;WP5420","nicotinate D-ribonucleotide(2-)","","nicotinate D-ribonucleotide(2-)"
"59776","","","WP4949","D-glyceraldehyde 3-phosphate(2-)","","D-glyceraldehyde 3-phosphate(2-)"
"58332","","","WP4949","CDP-diacylglycerol(2-)","","CDP-diacylglycerol(2-)"
"75215","","","WP4949","sodium molybdate (anhydrous)","C15455","Sodium molybdate"
"72961","","","WP4949;WP4726","N-octadecanoylsphingosine","","N-octadecanoylsphingosine"
"29959","","","WP4949","quinolinate(2-)","","quinolinate(2-)"
"58017","","","WP4949;WP4224","5-O-phosphonato-alpha-D-ribofuranosyl diphosphate(5-)","","5-O-phosphonato-alpha-D-ribofuranosyl diphosphate(5-)"
"72962","","","WP4949;WP4726","N-icosanoylsphingosine","","N-icosanoylsphingosine"
"72959","","","WP4949;WP4726;WP1422","N-hexadecanoylsphingosine","","N-hexadecanoylsphingosine"
"7896","","","WP4949;WP357","hexadecanoate","","hexadecanoate"
"85223","","","WP4949","N-arachidonoyl-1-oleoyl-sn-glycero-3-phosphoethanolamine(1-)","","N-arachidonoyl-1-oleoyl-sn-glycero-3-phosphoethanolamine(1-)"
"137009","","","WP4949","1-(1Z-octadecenyl)-sn-glycero-3-phospho-(N-hexadecanoyl)ethanolamine(1-)","","1-(1Z-octadecenyl)-sn-glycero-3-phospho-(N-hexadecanoyl)ethanolamine(1-)"
"74544","","","WP4949","1-oleoyl-sn-glycero-3-phosphate(2-)","","1-oleoyl-sn-glycero-3-phosphate(2-)"
"72998","","","WP4949","1-hexadecanoyl-sn-glycero-3-phosphocholine","","1-hexadecanoyl-sn-glycero-3-phosphocholine"
"57518","","","WP4949","1-palmitoyl-sn-glycerol 3-phosphate(2-)","","1-palmitoyl-sn-glycerol 3-phosphate(2-)"
"85222","","","WP4949","N,1-dioleoyl-sn-glycero-3-phosphoethanolamine(1-)","","N,1-dioleoyl-sn-glycero-3-phosphoethanolamine(1-)"
"137017","","","WP4949","1-(1Z-octadecenyl)-sn-glycero-3-phosphate(2-)","","1-(1Z-octadecenyl)-sn-glycero-3-phosphate(2-)"
"77580","","","WP4949","1-hexadecyl-sn-glycero-3-phosphate(2-)","","1-hexadecyl-sn-glycero-3-phosphate(2-)"
"85217","","","WP4949","N-palmitoyl-1-oleoyl-sn-glycero-3-phosphoethanolamine(1-)","","N-palmitoyl-1-oleoyl-sn-glycero-3-phosphoethanolamine(1-)"
"64496","","","WP4949","lysophosphatidylcholine O-16:0/0:0","","lysophosphatidylcholine O-16:0/0:0"
"71466","","","WP4949","oleoyl ethanolamide","","oleoyl ethanolamide"
"18186","","","WP5376;WP5029;WP5274","tyrosine","C01536","Tyrosine"
"33569","","","WP5376;WP4156;WP3298;WP4746","noradrenaline","","noradrenaline"
"61723","","","WP5345;WP4577","D-pantetheine 4'-phosphate(2-)","","D-pantetheine 4'-phosphate(2-)"
"77276","","","WP5345;WP2380;WP5142;WP2355;WP3301;WP4760;WP3303","1-stearoyl-2-arachidonoyl-sn-glycero-3-phospho-1D-myo-inositol 4,5-biphosphate","","1-stearoyl-2-arachidonoyl-sn-glycero-3-phospho-1D-myo-inositol 4,5-biphosphate"
"72963","","","WP5345;WP5194","N-hexadecanoylsphingosine 1-phosphate(2-)","","N-hexadecanoylsphingosine 1-phosphate(2-)"
"16269","","","WP4905","N,N-dimethylaniline","C02846","N,N-Dimethylaniline"
"17735","","","WP4905","N,N-dimethylaniline N-oxide","C01183","N,N-Dimethylaniline N-oxide"
"62837","","","WP4905","1-oleoyl-sn-glycerol 3-phosphate","","1-oleoyl-sn-glycerol 3-phosphate"
"75757","","","WP4905","1-oleoyl-sn-glycerol","","1-oleoyl-sn-glycerol"
"58178","","","WP4657;WP2533;WP4971","1-phosphatidyl-1D-myo-inositol 4-phosphate(3-)","","1-phosphatidyl-1D-myo-inositol 4-phosphate(3-)"
"29016","","","WP4657;WP5029;WP5192;WP5087;WP5078","arginine","C02385","Amino acid(Arg-)"
"25094","","","WP4657;WP5029;WP5031;WP4519","lysine","C16440","Lysine"
"133748","","","WP4657;WP4236;WP5220;WP4297","citrate anion","","citrate anion"
"26271","","","WP4657;WP5029;WP5190;WP4290;WP4917","proline","C16435","Proline"
"28300","","","WP4657;WP5029;WP4504;WP4157;WP5049;WP5314;WP4290;WP5220;WP5083","glutamine","C00303","Glutamine"
"8863","","","WP4657","Riluzole","C07937","Riluzole"
"15893","","","WP4657;WP5190;WP5312","1-pyrroline-5-carboxylate","C04322","Delta1-Pyrroline-5-carboxylate"
"15035","","","WP4657;WP4342","retinal","","retinal"
"89951","","","WP4657;WP5420;WP4220","Normetanephrine","","Normetanephrine"
"6067","","","WP4657;WP4255;WP4658","isotretinoin","","isotretinoin"
"89633","","","WP4657;WP5420","Metanephrine","","Metanephrine"
"33568","","","WP4657","adrenaline","","adrenaline"
"17089","","","WP5221","glycoprotein","C00326","Glycoprotein"
"139356","","","WP5221","precursor messenger RNA","","precursor messenger RNA"
"63528","","","WP5224;WP4584;WP4022;WP4225;WP4688;WP2525","dTMP(2-)","","dTMP(2-)"
"58369","","","WP5224","dTDP(3-)","","dTDP(3-)"
"58608","","","WP5224","1,2-diacyl-sn-glycerol 3-phosphate(2-)","","1,2-diacyl-sn-glycerol 3-phosphate(2-)"
"132367","","","WP5224","beta-D-glucuronoside(1-)","","beta-D-glucuronoside(1-)"
"157750","","","WP5224","heparan sulfate polyanion","","heparan sulfate polyanion"
"57262","","","WP5224","3-sn-phosphatidyl-L-serine(1-)","","3-sn-phosphatidyl-L-serine(1-)"
"132368","","","WP5224","glucuronate acceptor","","glucuronate acceptor"
"57843","","","WP5224","L-selenocysteine zwitterion","","L-selenocysteine zwitterion"
"57972","","","WP5224;WP5420;WP5166;WP4595","L-alanine zwitterion","","L-alanine zwitterion"
"295975","","","WP4906;WP4288;WP4195","choline phosphate(1-)","","choline phosphate(1-)"
"74151","","","WP4906","S-palmitoyl-L-cysteine residue","","S-palmitoyl-L-cysteine residue"
"29950","","","WP4906;WP5346","L-cysteine residue","","L-cysteine residue"
"58779","","","WP4906;WP4288","CDP-choline(1-)","","CDP-choline(1-)"
"92952","","","WP3879","4-[4-(4-fluorophenyl)-5-pyridin-4-yl-1,3-dihydroimidazol-2-ylidene]-1-cyclohexa-2,5-dienone","","4-[4-(4-fluorophenyl)-5-pyridin-4-yl-1,3-dihydroimidazol-2-ylidene]-1-cyclohexa-2,5-dienone"
"77954","","","WP3879","2-(2-amino-3-methoxyphenyl)chromen-4-one","","2-(2-amino-3-methoxyphenyl)chromen-4-one"
"28498","","","WP3879;WP5420;WP4792;WP4224","acadesine","","acadesine"
"29991","","","WP5365;WP5420;WP4583;WP4225;WP4595;WP4571","L-aspartate(1-)","","L-aspartate(1-)"
"6809","","","WP5365","methamphetamine","C07164","Methamphetamine"
"78741","","","WP5380","oxidopamine","","oxidopamine"
"8321","","","WP5380","Polyproline","C01843","Polyproline"
"132085","","","WP5380","O(3)-(beta-D-xylosyl)-L-serine residue","","O(3)-(beta-D-xylosyl)-L-serine residue"
"132088","","","WP5380","O(3)-(beta-D-galactosyl-(1->4)-beta-D-xylosyl)-L-serine residue","","O(3)-(beta-D-galactosyl-(1->4)-beta-D-xylosyl)-L-serine residue"
"59521","","","WP5380","O-glycan","","O-glycan"
"57491","","","WP5380;WP4269","staurosporinium","","staurosporinium"
"42989","","","WP5064;WP4545","7beta-hydroxycholesterol","","7beta-hydroxycholesterol"
"87653","","","WP5064;WP4545","(25R)-3beta,26-dihydroxycholest-5-en-7-one","","(25R)-3beta,26-dihydroxycholest-5-en-7-one"
"28082","","","WP5064","5alpha-cholestane-3beta,5,6beta-triol","C05425","3beta,5alpha,6beta-Cholestanetriol"
"87783","","","WP5064;WP4545","(25R)-3beta-hydroxycholest-5-en-7-one-26-oic acid","","(25R)-3beta-hydroxycholest-5-en-7-one-26-oic acid"
"178721","","","WP5064;WP4545","3beta-Hydroxy-7-oxochol-5-en-24-oic Acid","","3beta-Hydroxy-7-oxochol-5-en-24-oic Acid"
"187658","","","WP5064","3beta,5alpha,6beta-Trihydroxycholan-24-oic Acid","","3beta,5alpha,6beta-Trihydroxycholan-24-oic Acid"
"166811","","","WP5064;WP4545","Cholestan-6-oxo-3,5-diol","","Cholestan-6-oxo-3,5-diol"
"49305","","","WP5064;WP4545","5,6alpha-epoxy-5alpha-cholestan-3beta-ol","C15992","Cholesterol-5alpha,6alpha-epoxide"
"18111","","","WP4932","ribosomal RNA","C00240","rRNA"
"46858","","","WP4932;WP5346;WP5269","L-tyrosine residue","","L-tyrosine residue"
"61049","","","WP4932;WP2328;WP2289;WP2431","tacrolimus (anhydrous)","C01375","Tacrolimus"
"50324","","","WP4932","guanosine 5'-monophosphate residue","","guanosine 5'-monophosphate residue"
"17234","","","WP4932;WP5213;WP5283;WP4018;WP5178;WP5452;WP5447;WP5211;WP4206;WP5092;WP4742;WP5314;WP4290;WP5220;WP5192;WP5083;WP5087;WP4917;WP5181;WP4688;WP5151;WP5050;WP1584","glucose","C00293","glucose"
"58349","","","WP5401;WP5346;WP5420;WP4524;WP4523;WP4190;WP5368","NADP(3-)","","NADP(3-)"
"60344","","","WP5401;WP5113;WP4921","ferroheme b(2-)","","ferroheme b(2-)"
"57945","","","WP5401;WP4524;WP4190;WP4688;WP5368","NADH(2-)","","NADH(2-)"
"50058","","","WP5346","L-cystine residue","","L-cystine residue"
"16044","","","WP5346","L-methionine residue","C03023","Peptide-L-methionine"
"44120","","","WP5346","L-methionine (S)-S-oxide residue","","L-methionine (S)-S-oxide residue"
"167181","","","WP5346","deoxyribonucleotide-(2'-deoxyribose)-deoxyribonucleotide residue(3-)","","deoxyribonucleotide-(2'-deoxyribose)-deoxyribonucleotide residue(3-)"
"82620","","","WP5346;WP5269","L-tyrosine-O-phosphate(2-) residue","","L-tyrosine-O-phosphate(2-) residue"
"157695","","","WP5346","3'-end deoxyribonucleotide 2,3-dehydro-2,3-deoxyribose phosphate(2-) residue","","3'-end deoxyribonucleotide 2,3-dehydro-2,3-deoxyribose phosphate(2-) residue"
"138102","","","WP5346","4-(ADP-D-ribosyl)-L-aspartyl(2-) residue","","4-(ADP-D-ribosyl)-L-aspartyl(2-) residue"
"62878","","","WP5346;WP3664","XAV939","","XAV939"
"136412","","","WP5346","5'-end 2'-deoxyribonucleotide(2-) residue","","5'-end 2'-deoxyribonucleotide(2-) residue"
"29958","","","WP5346","L-aspartic acid residue","","L-aspartic acid residue"
"3165","","","WP554;WP558;WP3896;WP455;WP24;WP4969;WP51","bradykinin","","bradykinin"
"35457","","","WP554;WP4756","EC 3.4.15.1 (peptidyl-dipeptidase A) inhibitor","","EC 3.4.15.1 (peptidyl-dipeptidase A) inhibitor"
"46911","","","WP5420;WP4583;WP5026;WP4225;WP4595;WP4571","L-ornithinium(1+)","","L-ornithinium(1+)"
"27306","","","WP5420;WP5190;WP4228","vitamin B6","","vitamin B6"
"57742","","","WP5420;WP4583","guanidinoacetic acid zwitterion","","guanidinoacetic acid zwitterion"
"71302","","","WP5420","MoO2-molybdopterin cofactor(2-)","","MoO2-molybdopterin cofactor(2-)"
"225237","","","WP5420","2-phenylethanaminium","","2-phenylethanaminium"
"77657","","","WP5420;WP4224","5-amino-1-(5-phosphonato-D-ribosyl)imidazolium-4-carboxylate(2-)","","5-amino-1-(5-phosphonato-D-ribosyl)imidazolium-4-carboxylate(2-)"
"57947","","","WP5420;WP4584;WP4583;WP1495;WP497","creatine zwitterion","","creatine zwitterion"
"133708","","","WP5420","3-methoxytyramine sulfate","","3-methoxytyramine sulfate"
"73418","","","WP5420","1-(1-hydroxyalkyl)-sn-glycerol","","1-Hydroxyalkyl-sn-glycerol"
"83957","","","WP5420","1-O-(1,2-saturated-alkyl)-sn-glycerol","","1-O-(1,2-saturated-alkyl)-sn-glycerol"
"43029","","","WP5420","L-erythro-7,8-dihydrobiopterin","","L-erythro-7,8-dihydrobiopterin"
"147350","","","WP5420","angiotensin I dizwitterion","","angiotensin I dizwitterion"
"26907","","","WP5420","tetrahydrofolic acid","","tetrahydrofolic acid"
"327995","","","WP5420","tyraminium","","tyraminium"
"507393","","","WP5420;WP5176","taurine zwitterion","","taurine zwitterion"
"58437","","","WP5420","deamido-NAD(2-)","","deamido-NAD(2-)"
"57699","","","WP5420","L-histidinol(1+)","","L-histidinol(1+)"
"58090","","","WP5420","L-cysteate(1-)","","L-cysteate(1-)"
"20502","","","WP5420;WP1601;WP1495","5,10-methylenetetrahydrofolic acid","","5,10-methylenetetrahydrofolic acid"
"60976","","","WP5420","5,10-methylenetetrahydrofolate heptaglutamate","","5,10-methylenetetrahydrofolate heptaglutamate"
"58315","","","WP5420;WP550;WP4220;WP3998;WP706;WP4506","L-tyrosine zwitterion","","L-tyrosine zwitterion"
"58600","","","WP5420","N(tele)-methylhistaminium","","N(tele)-methylhistaminium"
"59905","","","WP5420;WP4220","dopaminium(1+)","","dopaminium(1+)"
"61085","","","WP5420;WP4504;WP4292","3-sulfino-L-alanine(1-)","","3-sulfino-L-alanine(1-)"
"68889","","","WP5420;WP2436","hydroxytyrosol","","hydroxytyrosol"
"58432","","","WP5420","histaminium","","histaminium"
"5379","","","WP5420","Glechomanolide","C09466","Glechomanolide"
"57595","","","WP5420;WP550","L-histidine zwitterion","","L-histidine zwitterion"
"35746","","","WP5420","fatty aldehyde","","fatty aldehyde"
"5653","","","WP5420","hemiacetal","","hemiacetal"
"52575","","","WP5420","alkylglycerol","","alkylglycerol"
"10072","","","WP5420;WP3604;WP5044;WP4210;WP465","xanthurenic acid","","xanthurenic acid"
"64558","","","WP5420","methionine zwitterion","","methionine zwitterion"
"75913","","","WP5420","2-arachidonyl glyceryl ether","","2-arachidonyl glyceryl ether"
"58251","","","WP5420;WP4504","N,N-dimethylglycine zwitterion","","N,N-dimethylglycine zwitterion"
"23743","","","WP5420","dihydrofolic acids","","dihydrofolic acids"
"58359","","","WP5420;WP4583;WP4225;WP4595;WP4571","L-glutamine zwitterion","","L-glutamine zwitterion"
"82685","","","WP5420;WP4224","Mo(=O)(=S)-molybdopterin cofactor(2-)","","Mo(=O)(=S)-molybdopterin cofactor(2-)"
"173769","","","WP5420","(4-Hydroxy-3-methoxyphenyl)ethanol","","(4-Hydroxy-3-methoxyphenyl)ethanol"
"2720","","","WP5420;WP4818;WP5038","Angiotensinogen","C02246","Angiotensinogen"
"180943","","","WP5420","(R)-3,4-dihydroxymandelaldehyde","","(R)-3,4-dihydroxymandelaldehyde"
"58161","","","WP5420;WP4504","L-cystathionine dizwitterion","","L-cystathionine dizwitterion"
"58266","","","WP5420;WP550;WP4156","5-hydroxy-L-tryptophan zwitterion","","5-hydroxy-L-tryptophan zwitterion"
"58095","","","WP5420;WP550;WP5239;WP706","L-phenylalanine zwitterion","","L-phenylalanine zwitterion"
"58199","","","WP5420;WP4504;WP4288","L-homocysteine zwitterion","","L-homocysteine zwitterion"
"64240","","","WP5420","L-threo-7,8-dihydrobiopterin","","L-threo-7,8-dihydrobiopterin"
"72587","","","WP5420;WP4220","(R)-noradrenaline(1+)","","(R)-noradrenaline(1+)"
"46631","","","WP5420","clonidine","","clonidine"
"166029","","","WP5420","Tyr-Tyr-Pro","","Tyr-Tyr-Pro"
"7872","","","WP5420;WP4874;WP2817;WP2889;WP24","oxytocin","C00746","Oxytocin"
"58506","","","WP5420;WP5036","Ile(5)-angiotensin II dizwitterion","","Ile(5)-angiotensin II dizwitterion"
"1547","","","WP5420;WP5414;WP5044;WP15;WP4210;WP465","3-hydroxykynurenine","C02794","3-Hydroxykynurenine"
"58454","","","WP5420","kynurenate","","kynurenate"
"57959","","","WP5420;WP5414","L-kynurenine zwitterion","","L-kynurenine zwitterion"
"13389","","","WP5420;WP4191;WP5283;WP2533;WP5414","NAD","","NAD"
"59888","","","WP5420;WP4157;WP727;WP5366","gamma-aminobutyric acid zwitterion","","gamma-aminobutyric acid zwitterion"
"78948","","","WP5420","L-2-amino-3-oxobutanoic acid zwitterion","","L-2-amino-3-oxobutanoic acid zwitterion"
"597326","","","WP5420;WP5028;WP5381","pyridoxal 5'-phosphate(2-)","","pyridoxal 5'-phosphate(2-)"
"140785","","","WP5420","R-cob(III)alamin","","R-cob(III)alamin"
"16625","","","WP5420;WP4271","methylmalonyl-CoA","C02557","Methylmalonyl-CoA"
"47767","","","WP5420;WP528;WP3869","(S)-1,2-distearoylphosphatidylethanolamine","","(S)-1,2-distearoylphosphatidylethanolamine"
"61232","","","WP5420;WP3869","N-acylphosphatidylethanolamine","","N-acylphosphatidylethanolamine"
"133056","","","WP5420;WP3869","1''-hydroxycannabidiol","","1''-hydroxycannabidiol"
"77273","","","WP5420;WP3869","11-nor-9-carboxy-Delta(9)-tetrahydrocannabinol","","11-nor-9-carboxy-Delta(9)-tetrahydrocannabinol"
"69478","","","WP5420;WP3869","cannabidiol","C07578","Cannabidiol"
"133058","","","WP5420;WP3869","2''-hydroxycannabidiol","","2''-hydroxycannabidiol"
"133059","","","WP5420;WP3869","3''-hydroxycannabidiol","","3''-hydroxycannabidiol"
"133055","","","WP5420;WP3869","4''-hydroxycannabidiol","","4''-hydroxycannabidiol"
"133062","","","WP5420;WP3869","5''-hydroxycannabidiol","","5''-hydroxycannabidiol"
"133049","","","WP5420;WP3869","6alpha-hydroxycannabidiol","","6alpha-hydroxycannabidiol"
"133052","","","WP5420;WP3869","6beta-hydroxycannabidiol","","6beta-hydroxycannabidiol"
"133053","","","WP5420;WP3869","7-hydroxycannabidiol","","7-hydroxycannabidiol"
"132233","","","WP5420","1-phenylpropan-2-amine","","1-phenylpropan-2-amine"
"94405","","","WP5420","2-[(2-ethoxyphenoxy)methyl]morpholine","","2-[(2-ethoxyphenoxy)methyl]morpholine"
"6121","","","WP5420;WP4698","ketamine","C07525","Ketamine"
"84276","","","WP5420","methyl phenyl(piperidin-2-yl)acetate","","methyl phenyl(piperidin-2-yl)acetate"
"6887","","","WP5420","methylphenidate","C07196","Methylphenidate"
"3219","","","WP5420","bupropion","C06860","Bupropion"
"8871","","","WP5420","risperidone","","risperidone"
"23334","","","WP5420","cobalamins","","cobalamins"
"17382","","","WP5420;WP4228","5'-O-beta-D-glucosylpyridoxine","C03996","5'-O-beta-D-Glucosylpyridoxine"
"57761","","","WP5420;WP4228","pyridoxaminium(1+)","","pyridoxaminium(1+)"
"58443","","","WP5420;WP4792;WP4224","SAICAR(4-)","","SAICAR(4-)"
"58189","","","WP5420;WP4521;WP4792;WP4224","GDP(3-)","","GDP(3-)"
"58595","","","WP5420;WP4792;WP4224","dGDP(3-)","","dGDP(3-)"
"71169","","","WP5420;WP4485;WP4792;WP4224","succinyladenosine","","succinyladenosine"
"61404","","","WP5420;WP4792;WP4224","dATP(4-)","","dATP(4-)"
"58475","","","WP5420;WP4792;WP4224","5-amino-1-(5-phospho-D-ribosyl)imidazole-4-carboxamide(2-)","","5-amino-1-(5-phospho-D-ribosyl)imidazole-4-carboxamide(2-)"
"58245","","","WP5420;WP5269;WP4792;WP4224","2'-deoxyadenosine 5'-monophosphate(2-)","","2'-deoxyadenosine 5'-monophosphate(2-)"
"61402","","","WP5420;WP4792;WP4224","ITP(4-)","","ITP(4-)"
"58467","","","WP5420;WP4792;WP4224","5-formamido-1-(5-phospho-D-ribosyl)imidazole-4-carboxamide(2-)","","5-formamido-1-(5-phospho-D-ribosyl)imidazole-4-carboxamide(2-)"
"58053","","","WP5420;WP4792;WP4224","IMP(2-)","","IMP(2-)"
"7444","","","WP5420","nadolol","","nadolol"
"4469","","","WP5420","(S)-amphetamine","C07884","Dextroamphetamine"
"88441","","","WP5136","9(10)-EpODE","","9(10)-EpODE"
"88460","","","WP5136","15(16)-EpODE","","15(16)-EpODE"
"72641","","","WP5136","13-HOTrE","","13-HOTrE"
"142251","","","WP5136","9-OxoOTrE","","9-OxoOTrE"
"145300","","","WP5136","(9Z,11E,15Z)-13-hydroperoxyoctadecatrienoic acid","","(9Z,11E,15Z)-13-hydroperoxyoctadecatrienoic acid"
"88440","","","WP5136","9,10-DiHODE","","9,10-DiHODE"
"72625","","","WP5136","9-HOTrE","","9-HOTrE"
"88461","","","WP5136","12,13-DiHODE","","12,13-DiHODE"
"38559","","","WP5136;WP5137","cytochrome P450","","cytochrome P450"
"88465","","","WP5136","15,16-DiHODE","","15,16-DiHODE"
"88462","","","WP5136","A-12(13)-EpODE","","A-12(13)-EpODE"
"25029","","","WP5343","leukotriene","","leukotriene"
"16961","","","WP5343;WP5304;WP5333","monoacylglycerol phosphate","","monoacylglycerol phosphate"
"44811","","","WP5343;WP5356;WP5409","2-O-acetyl-1-O-hexadecyl-sn-glycero-3-phosphocholine","","2-O-acetyl-1-O-hexadecyl-sn-glycero-3-phosphocholine"
"131186","","","WP5343","IP3 receptor antagonist","","IP3 receptor antagonist"
"26333","","","WP5343;WP3287","prostaglandin","","prostaglandin"
"73416","","","WP5444","CB1 receptor antagonist","","CB1 receptor antagonist"
"49086","","","WP528;WP3604;WP2533;WP3933;WP2525","CDP-choline(1+)","","CDP-choline(1+)"
"72999","","","WP528","1,2-dihexadecanoyl-sn-glycero-3-phosphocholine","","1,2-dihexadecanoyl-sn-glycero-3-phosphocholine"
"15356","","","WP5104;WP5029;WP5030;WP5102;WP4313;WP4518;WP4299;WP5355;WP4292;WP5103;WP3953","cysteine","C00736","Cysteine"
"28619","","","WP4233","acrylamide","C01659","Acrylamide"
"165878","","","WP4233","N-Acetyl-S-(2-carbamoylethyl)-cysteine","","N-Acetyl-S-(2-carbamoylethyl)-cysteine"
"3638","","","WP4876;WP4927","chloroquine","C07625","Chloroquine"
"49375","","","WP5293","dasatinib (anhydrous)","","dasatinib (anhydrous)"
"63452","","","WP5293","midostaurin","","midostaurin"
"145372","","","WP5293","gilteritinib","","gilteritinib"
"38940","","","WP5293","sunitinib","","sunitinib"
"91471","","","WP5293","LSM-1231","","LSM-1231"
"145365","","","WP5293","crenolanib","","crenolanib"
"50924","","","WP5293;WP4313;WP4685","sorafenib","","sorafenib"
"78543","","","WP5293;WP4155","ponatinib","","ponatinib"
"90217","","","WP5293","quizartinib","","quizartinib"
"76612","","","WP5293","ibrutinib","","ibrutinib"
"606564","","","WP4298;WP5044;WP4483","prostaglandin E2(1-)","","prostaglandin E2(1-)"
"63419","","","WP4298","acyl-GPI","","acyl-GPI"
"70982","","","WP4298;WP5087;WP4838","reactive oxygen species generator","","reactive oxygen species generator"
"4357","","","WP4914;WP4944","deguelin","C10417","Deguelin"
"26689","","","WP4629;WP4628","singlet dioxygen","","singlet dioxygen"
"49637","","","WP4629;WP4628","hydrogen atom","","hydrogen atom"
"24344","","","WP4629;WP4628;WP534;WP5355;WP4290;WP5216","2-phosphoglyceric acid","","2-phosphoglyceric acid"
"75052","","","WP4629;WP4628;WP500;WP534;WP5355","3-dehydro-D-glucose-6-phosphate(2-)","","3-dehydro-D-glucose-6-phosphate(2-)"
"17050","","","WP4629;WP4628;WP5213;WP3604;WP1946;WP534;WP5355;WP5312;WP4290;WP5433;WP2525;WP5216","3-phosphoglyceric acid","C00597","Glycerate 3-phosphate"
"61527","","","WP4629;WP4628;WP534;WP4521;WP5355;WP5216","D-fructofuranose 6-phosphate(2-)","","D-fructofuranose 6-phosphate(2-)"
"28013","","","WP4629;WP4628;WP3604;WP1946;WP534;WP2456;WP5355;WP4290","beta-D-fructofuranose 1,6-bisphosphate","C05378","beta-D-Fructose 1,6-bisphosphate"
"28659","","","WP4629;WP4628;WP3634","phosphorus atom","C06262","Phosphorus"
"24996","","","WP5356;WP5313;WP1946;WP5049;WP4206;WP5092;WP4236;WP5314;WP5220;WP5046;WP4141;WP4917;WP5216","lactate","C01432","Lactate"
"5058","","","WP5356","Fibronectin","C00516","Fibronectin"
"3815","","","WP5356;WP5312;WP5362","Collagen","C00211","Collagen"
"57416","","","WP106","D-alanine zwitterion","","D-alanine zwitterion"
"58048","","","WP106","L-asparagine zwitterion","","L-asparagine zwitterion"
"6650","","","WP106","malic acid","C00711","Malate"
"57735","","","WP106","2-oxosuccinamate","","2-oxosuccinamate"
"4031","","","WP2328;WP2289;WP2572","cyclosporin A","C05086","Cyclosporin A"
"8382","","","WP2328","prednisone","C07370","Prednisone"
"6888","","","WP2328;WP2289","6alpha-methylprednisolone","","6alpha-methylprednisolone"
"5001","","","WP2328","fenofibrate","C07586","Fenofibrate"
"11909","","","WP4524","3beta-hydroxy-5alpha-pregnan-20-one","C15484","Isopregnanolone"
"36723","","","WP4524","(20R)-17,20-dihydroxypregn-4-en-3-one","","(20R)-17,20-dihydroxypregn-4-en-3-one"
"27727","","","WP4524","androstane-3,17-diol","C07632","Androstanediol"
"84123","","","WP5124;WP2059;WP5283","advanced glycation end-product","","advanced glycation end-product"
"25942","","","WP5124;WP2059;WP2447;WP176;WP3680;WP15;WP1533","peroxynitrous acid","","peroxynitrous acid"
"18089","","","WP521;WP4238;WP661","N-benzoylglycine","C01586","Hippurate"
"89634","","","WP3925;WP3604","Melanin","","Melanin"
"Q27104292","","","WP3925","","",""
"44409","","","WP3925;WP688;WP176;WP100;WP5355;WP4317;WP2485;WP3644;WP15;WP692;WP78;WP2525;WP1533","NADP zwitterion","","NADP zwitterion"
"19641","","","WP3925","2-hydroxyisobutyrate","","2-hydroxyisobutyrate"
"21314","","","WP3925","glutamyl phosphate","","glutamyl phosphate"
"15595","","","WP5213","malate(2-)","C00711","Malate"
"17376","","","WP5213;WP5029;WP4504;WP4844;WP4879;WP4917","cystine","C01420","Cystine"
"16449","","","WP5029;WP1946;WP4917;WP5194","alanine","C01401","Alanine"
"22653","","","WP5029","asparagine","C16438","Asparagine"
"24898","","","WP5029;WP4686","isoleucine","","isoleucine"
"25017","","","WP5029;WP5031;WP4686","leucine","C16439","Leucine"
"16811","","","WP5029;WP4271","methionine","C01733","Methionine"
"28044","","","WP5029;WP4156","phenylalanine","C02057","Phenylalanine"
"17822","","","WP5029;WP4259;WP1495;WP5049;WP5312;WP4290;WP4142;WP241;WP5121;WP5194;WP4297","serine","C00716","Serine"
"26986","","","WP5029","threonine","","threonine"
"27897","","","WP5029;WP3627;WP5044","tryptophan","C00806","Tryptophan"
"27266","","","WP5029;WP4686","valine","C16436","Valine"
"27570","","","WP5029","histidine","C00768","Histidine"
"34386","","","WP2263;WP496","4-Androstenediol","C14210","4-Androstenediol"
"33709","","","WP3915;WP3850;WP5452;WP4299;WP4917","amino acid","","amino acid"
"17245","","","WP5113;WP4495;WP5285;WP3580","carbon monoxide","C00237","CO"
"39025","","","WP3926;WP5238;WP176;WP3601;WP4846;WP15;WP1533;WP2805","high-density lipoprotein","","high-density lipoprotein"
"60151","","","WP3926;WP3297;WP176;WP3601;WP15;WP1533","oxidised LDL","","oxidised LDL"
"63983","","","WP5155;WP5424","eoxin A4","","eoxin A4"
"91286","","","WP5155","5(S),15(S)-DiHETE","","5(S),15(S)-DiHETE"
"89569","","","WP5155","Tetranor 12-HETE","","Tetranor 12-HETE"
"133370","","","WP5155","prostaglandin A2(1-)","","prostaglandin A2(1-)"
"89991","","","WP5155;WP5424","2,3-Dinor-TXB2","","2,3-Dinor-TXB2"
"90776","","","WP5155","11-oxo-ETE","","11-oxo-ETE"
"63994","","","WP5155","16-HETE","","16-HETE"
"72785","","","WP5155","9-hydroxy-5E,7Z,11Z,14Z-eicosatetraenoic acid","","9-hydroxy-5E,7Z,11Z,14Z-eicosatetraenoic acid"
"72789","","","WP5155;WP5424","15-epi-lipoxin A4","","15-epi-lipoxin A4"
"63998","","","WP5155;WP4720","19-HETE","","19-HETE"
"72783","","","WP5155","12-HHTrE","","12-HHTrE"
"63991","","","WP5155;WP5424","15-epi-lipoxin B4","","15-epi-lipoxin B4"
"75819","","","WP5155","8-oxo-ETE","","8-oxo-ETE"
"63986","","","WP5155;WP4721;WP5424","eoxin E4","","eoxin E4"
"82627","","","WP5155;WP5424","15(R)-HPETE","","15(R)-HPETE"
"64017","","","WP5155;WP4721","(5Z,8Z,11Z,13E)-15-HETE","","(5Z,8Z,11Z,13E)-15-HETE"
"88456","","","WP5155","8,15-DiHETE","","8,15-DiHETE"
"91268","","","WP5155;WP4721;WP4586;WP5424;WP5122;WP5321","5-HPETE","","5-HPETE"
"72603","","","WP5155;WP4719;WP5424","13,14-dihydro-15-ketoprostaglandin D2","","13,14-dihydro-15-ketoprostaglandin D2"
"63976","","","WP5155;WP4719;WP5424","13,14-dihydro-15-keto-PGF2alpha","","13,14-dihydro-15-keto-PGF2alpha"
"63984","","","WP5155;WP4721;WP5424","eoxin C4","","eoxin C4"
"72606","","","WP5155;WP4719;WP167","11-HETE","","11-HETE"
"90990","","","WP5155","12,20-DiHETE","","12,20-DiHETE"
"78732","","","WP5155","9-HPETE","","9-HPETE"
"165279","","","WP5155","11-HpETE","","11-HpETE"
"91271","","","WP5155","15-HPETE","","15-HPETE"
"63985","","","WP5155;WP4721;WP5424","eoxin D4","","eoxin D4"
"63995","","","WP5155;WP4720","17-HETE","","17-HETE"
"63579","","","WP5155;WP4720","18-HETE","","18-HETE"
"73965","","","WP5155;WP5424","prostaglandin E2-UM","","prostaglandin E2-UM"
"31236","","","WP2640","aripiprazole","C12564","Aripiprazole"
"25212","","","WP2640;WP691","metabolite","","metabolite"
"23808","","","WP5233","dimethylarsinous acid","","dimethylarsinous acid"
"35828","","","WP5233","arsenic(3+)","","arsenic(3+)"
"35829","","","WP5233","arsenic(5+)","","arsenic(5+)"
"223316","","","WP5441","(+)-artemisinin","C09538","Qing Hau Sau"
"33848","","","WP2586","polycyclic arene","","polycyclic arene"
"72768","","","WP2873","aryl hydrocarbon receptor agonist","","aryl hydrocarbon receptor agonist"
"28884","","","WP694","N-phenylacetamide","C07565","Acetanilide"
"50471","","","WP694","primary arylamine","","primary arylamine"
"13792","","","WP694","N-hydroxyarylamine","","N-hydroxyarylamine"
"Q18216","","","WP4707","","",""
"17253","","","WP3891","1,2-benzoquinone","C02351","o-Benzoquinone"
"18135","","","WP3891;WP4238","catechol","C00090","Catechol"
"18135","","","WP3891;WP4238","catechol","C15571","Catechol"
"18135","","","WP3891;WP4238","catechol","C01785","Benzenediol"
"157784","","","WP3891","s-Phenylmercapturic acid","","s-Phenylmercapturic acid"
"18887","","","WP3891","cyclohexa-3,5-diene-1,2-diol","","cyclohexa-3,5-diene-1,2-diol"
"47774","","","WP4389;WP3408;WP5108;WP5109;WP5110;WP5111;WP5112;WP2846;WP430;WP1533","low-density lipoprotein cholesterol","","low-density lipoprotein cholesterol"
"39026","","","WP4389;WP5238;WP176;WP3601;WP4522;WP5220;WP15;WP1533","low-density lipoprotein","","low-density lipoprotein"
"151","","","WP3604","D-threo-isocitric acid","C00451","(1R,2S)-1-Hydroxypropane-1,2,3-tricarboxylate"
"44712","","","WP3604;WP2453","(S)-oxalosuccinic acid","","(S)-oxalosuccinic acid"
"30865","","","WP3604","dihydroorotic acid","","dihydroorotic acid"
"42717","","","WP3604","alpha-D-glucuronic acid","","alpha-D-glucuronic acid"
"87753","","","WP3604","D-gulonic acid","","D-gulonic acid"
"18189","","","WP3604;WP4297","alpha-D-ribofuranose 5-phosphate","C03736","alpha-D-Ribose 5-phosphate"
"133983","","","WP3604;WP3602","alpha-D-sedoheptulopyranose 7-phosphate","C20956","alpha-D-Sedoheptulopyranose 7-phosphate"
"15676","","","WP3604","allantoin","C01551","Allantoin"
"1127735","","","WP3604","","",""
"165859","","","WP3604","Galactosylhydroxylysine","C05547","Galactosylhydroxylysine"
"21260","","","WP3604","cysteic acid","","cysteic acid"
"15636","","","WP3604;WP3996;WP176;WP1589;WP5355;WP241;WP15;WP4688;WP2525;WP1533","(6R)-5,10-methylenetetrahydrofolate(2-)","","(6R)-5,10-methylenetetrahydrofolate(2-)"
"89417","","","WP3604","5alpha-dihydrotestosterone 17-O-(beta-D-glucuronide)","","5alpha-dihydrotestosterone 17-O-(beta-D-glucuronide)"
"50107","","","WP3604","5beta-scymnol sulfate","C16261","5beta-Scymnol sulfate"
"88767","","","WP3604;WP4523","","",""
"139419","","","WP3604;WP690","beta-D-fructofuranose 1-phosphate","","beta-D-fructofuranose 1-phosphate"
"5445","","","WP3604;WP690","glyceraldehyde","C02154","Glyceraldehyde"
"49728","","","WP3604;WP5153","beta-D-mannose 6-phosphate","","beta-D-mannose 6-phosphate"
"28729","","","WP3604","alpha-D-mannose","C00936","alpha-D-Mannose"
"40886","","","WP3604","beta-L-arabinopyranose","C02479","beta-L-Arabinopyranose"
"40886","","","WP3604","beta-L-arabinopyranose","C11476","L-Arabinose"
"51438","","","WP3604","D-isoascorbic acid","","D-isoascorbic acid"
"36217","","","WP3604","beta-cellobiose","C06422","beta-Cellobiose"
"36219","","","WP3604","alpha-lactose","","alpha-lactose"
"47937","","","WP3604","alpha-D-glucosyl-(1->4)-alpha-D-mannose","","alpha-D-glucosyl-(1->4)-alpha-D-mannose"
"41139","","","WP3604;WP3580","N,N,N-trimethylglycinium","","N,N,N-trimethylglycinium"
"63606","","","WP3604;WP176","(6S)-5-formyltetrahydrofolic acid","","(6S)-5-formyltetrahydrofolic acid"
"52330","","","WP3604","glycerophosphatidylethanolamine","","glycerophosphatidylethanolamine"
"7125","","","WP3604;WP5220","2-acetamido-2-deoxy-D-glucopyranose 1-phosphate","C04256","N-Acetyl-D-glucosamine 1-phosphate"
"62165","","","WP3604","N-acetyl-alpha-D-mannosamine 6-phosphate","","N-acetyl-alpha-D-mannosamine 6-phosphate"
"49022","","","WP3604","beta-neuraminic acid","","beta-neuraminic acid"
"4698","","","WP550;WP455;WP58;WP706","Dopamine hydrochloride","","Dopamine hydrochloride"
"46398","","","WP4584;WP4225","UTP(4-)","","UTP(4-)"
"16964","","","WP4584","5-hydroxymethyluracil","C03088","5-Hydroxymethyluracil"
"58069","","","WP4584;WP4225","CDP(3-)","","CDP(3-)"
"11892","","","WP4584;WP4225","N-carbamoyl-beta-alaninate","","N-carbamoyl-beta-alaninate"
"58092","","","WP4584","N-phosphocreatinate(2-)","","N-phosphocreatinate(2-)"
"25722","","","WP4584;WP4022;WP4225;WP4595","orotidine","","orotidine"
"74414","","","WP4584;WP4225","3-ureidoisobutyrate(1-)","","3-ureidoisobutyrate(1-)"
"57966","","","WP4584;WP4583;WP4225","beta-alanine zwitterion","","beta-alanine zwitterion"
"27226","","","WP4584","uric acid","","uric acid"
"60471","","","WP4584;WP4225","dUDP(3-)","","dUDP(3-)"
"58148","","","WP4583","L-homocitrulline zwitterion","","L-homocitrulline zwitterion"
"58228","","","WP4583;WP4225;WP4595;WP4571","carbamoyl phosphate(2-)","","carbamoyl phosphate(2-)"
"82913","","","WP4156;WP4220","3-O-methyldopa","","3-O-methyldopa"
"74689","","","WP4156","primapterin","","primapterin"
"30436","","","WP4156;WP4220","tetrahydropterin","","tetrahydropterin"
"136564","","","WP4156","(R)-dyspropterin","","(R)-dyspropterin"
"41183","","","WP4156","D-erythro-biopterin","","D-erythro-biopterin"
"58462","","","WP4156","7,8-dihydroneopterin 3'-triphosphate(4-)","","7,8-dihydroneopterin 3'-triphosphate(4-)"
"67176","","","WP5179","1-deoxy-3-dehydrosphinganine","","1-deoxy-3-dehydrosphinganine"
"67106","","","WP5179","1-deoxysphinganine","","1-deoxysphinganine"
"67111","","","WP5179","N-acyl-1-deoxysphinganine","","N-acyl-1-deoxysphinganine"
"52966","","","WP5179;WP4724;WP4725;WP4726","hexacosanoyl-CoA","","hexacosanoyl-CoA"
"29969","","","WP5031;WP5351","L-lysinium residue","","L-lysinium residue"
"57392","","","WP5031;WP4686;WP4225","propionyl-CoA(4-)","","propionyl-CoA(4-)"
"57346","","","WP5031;WP4686","trans-3-methylglutaconyl-CoA(5-)","","trans-3-methylglutaconyl-CoA(5-)"
"16615","","","WP5031","biotin amide","C01893","Biotin amide"
"83144","","","WP5031","biotinyl-L-lysine residue","","biotinyl-L-lysine residue"
"57327","","","WP5031;WP4686","(S)-methylmalonyl-CoA(5-)","","(S)-methylmalonyl-CoA(5-)"
"10034","","","WP4580","warfarin sodium","","warfarin sodium"
"8583","","","WP4580","Prothrombin","C00834","Prothrombin"
"28384","","","WP4580;WP5186","vitamin K","C01628","Vitamin K"
"35475","","","WP4580;WP3942","non-steroidal anti-inflammatory drug","","non-steroidal anti-inflammatory drug"
"4903","","","WP4262;WP2881;WP2817;WP3298","17alpha-ethynylestradiol","C07534","Ethynyl estradiol"
"89581","","","WP5055","11b-PGE2","","11b-PGE2"
"35808","","","WP2366","citrate(2-)","","citrate(2-)"
"80923","","","WP4874","Caulerpin","C17097","Caulerpin"
"6052","","","WP4874","isorhamnetin","C10084","Isorhamnetin"
"137439","","","WP4874","homocysteine sulfinic acid","","homocysteine sulfinic acid"
"18388","","","WP4874","apigenin","C01477","Apigenin"
"4917","","","WP4874","eugenol","C10453","Eugenol"
"16470","","","WP4874","glyceollin","C01701","(-)-Glyceollin I"
"16470","","","WP4874","glyceollin","C15601","Glyceollin"
"31322","","","WP4874","bupivacaine hydrochloride (anhydrous)","","bupivacaine hydrochloride (anhydrous)"
"3087","","","WP4874","betulinic acid","C08619","Betulinic acid"
"37328","","","WP5097","phosphatidylinositol bisphosphate","","phosphatidylinositol bisphosphate"
"170007","","","WP5145","nirmatrelvir","","nirmatrelvir"
"6426","","","WP4927","leupeptin","C01591","Leupeptin"
"52722","","","WP4927","lactacystin","","lactacystin"
"31206","","","WP4927","ammonium chloride","C12538","Ammonium chloride"
"75142","","","WP4927","N-benzyloxycarbonyl-L-leucyl-L-leucyl-L-leucinal","","N-benzyloxycarbonyl-L-leucyl-L-leucyl-L-leucinal"
"33567","","","WP2795;WP727","catecholamine","C02012","Catecholamine"
"44485","","","WP3679","N-ethylmaleimide","C02441","N-Ethylmaleimide"
"8925","","","WP3679","ryanodine","C08705","Ryanodine"
"67197","","","WP3679;WP4549","endocannabinoid","","endocannabinoid"
"90690","","","WP3679","U-73122","","U-73122"
"60175","","","WP4519","5-hydroxylysine","","5-hydroxylysine"
"57353","","","WP4519","trans-4-carboxybut-2-enoyl-CoA(5-)","","trans-4-carboxybut-2-enoyl-CoA(5-)"
"39980","","","WP4519","3-hydroxyglutaric acid","","3-hydroxyglutaric acid"
"37024","","","WP4519;WP5355;WP4228","2-aminoadipic acid","","2-aminoadipic acid"
"24309","","","WP4519","glutaconic acid","","glutaconic acid"
"61515","","","WP4519","N-acetyl-L-2-aminoadipic acid semialdehyde","C12988","N2-Acetyl-L-aminoadipate semialdehyde"
"73040","","","WP4519","O-glutarylcarnitine","","O-glutarylcarnitine"
"25697","","","WP5238;WP4917","organic cation","","organic cation"
"70782","","","WP5238","PPARalpha agonist","","PPARalpha agonist"
"25351","","","WP197;WP5329;WP5304;WP5193;WP5333","mevalonic acid","","mevalonic acid"
"50277","","","WP197;WP5329;WP5304;WP5333","farnesyl diphosphate","","farnesyl diphosphate"
"85778","","","WP5329;WP4718","4beta-hydroxycholesterol","","4beta-hydroxycholesterol"
"134117","","","WP5329","presqualene monophosphate","","presqualene monophosphate"
"138307","","","WP5329;WP4718","(3S,22S)-2,3:22,23-diepoxy-2,3,22,23-tetrahydrosqualene","","(3S,22S)-2,3:22,23-diepoxy-2,3,22,23-tetrahydrosqualene"
"16175","","","WP5329;WP4718","cholest-4-en-3-one","C00599","Cholest-4-en-3-one"
"78904","","","WP5329","4,4-dimethyl-8,14-cholestadien-3beta-ol","","4,4-dimethyl-8,14-cholestadien-3beta-ol"
"25350","","","WP5329;WP4189;WP3963;WP430","mevalonate","","mevalonate"
"145214","","","WP5329","5a-cholesta-7,24-dien-3b-ol","","5a-cholesta-7,24-dien-3b-ol"
"57623","","","WP5329;WP4190","prenyl diphosphate(3-)","","prenyl diphosphate(3-)"
"11814","","","WP5329;WP5175;WP4189","3-hydroxy-3-methylglutaryl-CoA","","3-hydroxy-3-methylglutaryl-CoA"
"78662","","","WP5329","2,3-epoxysqualene","","2,3-epoxysqualene"
"89982","","","WP4804","8-Dehydrocholesterol","","8-Dehydrocholesterol"
"27300","","","WP4804;WP1533;WP4482","vitamin D","","vitamin D"
"166806","","","WP4718","32-Hydroxylanosterol","","32-Hydroxylanosterol"
"87051","","","WP4718","4alpha-methyl-5alpha-cholest-8-en-3beta-ol","C05110","4alpha-Methylcholesta-8-en-3beta-ol"
"87050","","","WP4718","4alpha-methyl-5alpha-cholest-8-en-3-one","","4alpha-methyl-5alpha-cholest-8-en-3-one"
"36023","","","WP4718","vaccenic acid","","vaccenic acid"
"128769","","","WP5193;WP4313;WP4190;WP5037","isopentenyl diphosphate(3-)","","isopentenyl diphosphate(3-)"
"61073","","","WP5283","oxygen radical","","oxygen radical"
"28757","","","WP5283","fructose","C01496","Fructose"
"26763","","","WP4523","steroid glucosiduronic acid","","steroid glucosiduronic acid"
"60815","","","WP5205;WP5362","lysobisphosphatidic acid","","lysobisphosphatidic acid"
"178585","","","WP2826","Norcocaine","","Norcocaine"
"708640","","","WP2826","","",""
"27882","","","WP2536;WP2289","(S)-colchicine","C07592","Colchicine"
"18237","","","WP2636;WP3680","glutamic acid","C00302","Glutamate"
"24838","","","WP5090","inorganic phosphate","","inorganic phosphate"
"85682","","","WP5101;WP5102","diacylglycerol 30:1","","diacylglycerol 30:1"
"77326","","","WP2875","androstane receptor agonist","","androstane receptor agonist"
"49552","","","WP3286;WP5189","copper(1+)","","copper(1+)"
"89363","","","WP1946;WP5216","Glyceric acid 1,3-biphosphate","","Glyceric acid 1,3-biphosphate"
"27353","","","WP1946","xylulose","","xylulose"
"28721","","","WP1946","ribulose","C05052","Ribulose"
"88350","","","WP1946","2-phosphoglycerate(3-)","","2-phosphoglycerate(3-)"
"17138","","","WP1946;WP5083;WP5216","glyceraldehyde 3-phosphate","C00661","Glyceraldehyde 3-phosphate"
"58702","","","WP1946","phosphonatoenolpyruvate","","phosphonatoenolpyruvate"
"33942","","","WP1946","ribose","","ribose"
"27904","","","WP1946","D-erythrose","C01796","D-Erythrose"
"45453","","","WP5190","sinefungin","","sinefungin"
"32875","","","WP4504","methyl group","","methyl group"
"57678","","","WP4504","3-mercaptopyruvate","","3-mercaptopyruvate"
"58173","","","WP4504","L-gamma-glutamyl-L-cysteinate(1-)","","L-gamma-glutamyl-L-cysteinate(1-)"
"29919","","","WP4504","hydrosulfide","","hydrosulfide"
"16094","","","WP4504;WP5030","thiosulfate(2-)","","thiosulfate(2-)"
"30605","","","WP4504","disulfanyl group","","disulfanyl group"
"36453","","","WP3585","isocitrate(2-)","","isocitrate(2-)"
"76793","","","WP3585","5-carboxycytosine","","5-carboxycytosine"
"11596","","","WP3585","2-hydroxyglutarate(2-)","","2-hydroxyglutarate(2-)"
"76794","","","WP3585","5-formylcytosine","","5-formylcytosine"
"76792","","","WP3585","5-(hydroxymethyl)cytosine","","5-(hydroxymethyl)cytosine"
"71580","","","WP4655;WP5038;WP4961","c-GMP-AMP","","c-GMP-AMP"
"22333","","","WP707;WP1530","alkylating agent","","alkylating agent"
"134506","","","WP4153","alpha-D-galactosyl-(1->4)-beta-D-galactosyl-N-(pentacosanoyl)sphingosine","","alpha-D-galactosyl-(1->4)-beta-D-galactosyl-N-(pentacosanoyl)sphingosine"
"134507","","","WP4153;WP5121;WP5194","beta-D-galactosyl-(1->4)-beta-D-galactosyl-N-(pentacosanoyl)sphingosine","","beta-D-galactosyl-(1->4)-beta-D-galactosyl-N-(pentacosanoyl)sphingosine"
"61360","","","WP4153","globoside","","globoside"
"79210","","","WP4153","alpha-N-acetylneuraminyl-(2->3)-beta-D-galactosyl-(1->4)-beta-D-glucosyl-(1<->1)-ceramide(1-)","","alpha-N-acetylneuraminyl-(2->3)-beta-D-galactosyl-(1->4)-beta-D-glucosyl-(1<->1)-ceramide(1-)"
"36500","","","WP4153;WP4142","glucosylceramide","","glucosylceramide"
"36477","","","WP4153;WP4142","sulfoglycosphingolipid","","sulfoglycosphingolipid"
"79218","","","WP4153","N-acetyl-beta-D-galactosaminyl-(1->4)-[alpha-N-acetylneuraminyl-(2->3)]-beta-D-galactosyl-(1->4)-beta-D-glucosyl-(1<->1)-ceramide(1-)","","N-acetyl-beta-D-galactosaminyl-(1->4)-[alpha-N-acetylneuraminyl-(2->3)]-beta-D-galactosyl-(1->4)-beta-D-glucosyl-(1<->1)-ceramide(1-)"
"4021","","","WP5053;WP2848","Cyclopamine","C10798","Cyclopamine"
"47381","","","WP2491","diclofenac","C01690","Diclofenac"
"223792","","","WP2491","3'-hydroxydiclofenac","","3'-hydroxydiclofenac"
"59613","","","WP2491","4'-hydroxydiclofenac","","4'-hydroxydiclofenac"
"59612","","","WP2491","5-hydroxydiclofenac","","5-hydroxydiclofenac"
"223401","","","WP2491","4',5-dihydroxydiclofenac","","4',5-dihydroxydiclofenac"
"58307","","","WP5219;WP5037","FADH2(2-)","","FADH2(2-)"
"44215","","","WP5219;WP111;WP698;WP2533;WP5355;WP3580;WP2485;WP5046;WP3630;WP3645;WP3644;WP623;WP78;WP1533","NAD zwitterion","","NAD zwitterion"
"18139","","","WP5219","trimethylamine","C00565","Trimethylamine"
"52050","","","WP5176","(24R,25R)-3alpha,7alpha,12alpha,24-tetrahydroxy-5beta-cholestan-26-oyl-CoA","","(24R,25R)-3alpha,7alpha,12alpha,24-Tetrahydroxy-5beta-cholestanoyl-CoA"
"87704","","","WP5176","3alpha,7alpha-dihydroxy-24-oxo-5beta-cholestan-26-oyl-CoA(4-)","","3alpha,7alpha-dihydroxy-24-oxo-5beta-cholestan-26-oyl-CoA(4-)"
"48778","","","WP5176","7alpha,26-dihydroxy-5beta-cholestan-3-one","","7alpha,26-dihydroxy-5beta-cholestan-3-one"
"36277","","","WP5176;WP1495","bile acid salt","","bile acid salt"
"48474","","","WP5176","(25R)-3alpha,7alpha-dihydroxy-5beta-cholestan-26-oyl-CoA","","(25R)-3alpha,7alpha-dihydroxy-5beta-cholestan-26-oyl-CoA"
"29747","","","WP5176;WP465","cholate","","cholate"
"58928","","","WP4259","N-formimidoyl-L-glutamate(1-)","","N-formimidoyl-L-glutamate(1-)"
"17230","","","WP4259;WP4288;WP5355;WP4292;WP5150;WP2525;WP4271","homocysteine","C05330","Homocysteine"
"30411","","","WP4259;WP5150;WP4271","cobalamin","","cobalamin"
"35286","","","WP4259","iminium ion","","iminium ion"
"30911","","","WP5178","glucitol","","glucitol"
"16077","","","WP5178;WP5173;WP5314","D-glucopyranose 1-phosphate","","D-glucopyranose 1-phosphate"
"138881","","","WP5178","beta-D-fructofuranose 1-phosphate(2-)","","beta-D-fructofuranose 1-phosphate(2-)"
"58225","","","WP5178;WP5394","alpha-D-glucose 6-phosphate(2-)","","alpha-D-glucose 6-phosphate(2-)"
"28260","","","WP5173;WP4784","galactose","C01582","Galactose"
"36005","","","WP5154;WP4586","docosahexaenoic acid","","docosahexaenoic acid"
"132079","","","WP5154","resolvin D1(1-)","","resolvin D1(1-)"
"138179","","","WP5154","aspirin-triggered resolvin D1","","aspirin-triggered resolvin D1"
"138655","","","WP5154;WP5182","protectin D1","","protectin D1"
"165251","","","WP5154","4,5-DiHDPE","","4,5-DiHDPE"
"138653","","","WP5154","(4Z,7Z,10S,11E,13Z,15E,17S,19Z)-10,17-dihydroxydocosahexaenoic acid","","(4Z,7Z,10S,11E,13Z,15E,17S,19Z)-10,17-dihydroxydocosahexaenoic acid"
"140202","","","WP5154","aspirin-triggered protectin D1","","aspirin-triggered protectin D1"
"72615","","","WP5154","20-HDoHE","","20-HDoHE"
"138590","","","WP5154","(4Z,7Z,10Z,13Z,15E,17R,19Z)-17-hydroperoxydocosahexaenoic acid","","(4Z,7Z,10Z,13Z,15E,17R,19Z)-17-hydroperoxydocosahexaenoic acid"
"138614","","","WP5154","aspirin-triggered resolvin D2","","aspirin-triggered resolvin D2"
"138615","","","WP5154","aspirin-triggered resolvin D3","","aspirin-triggered resolvin D3"
"138616","","","WP5154","aspirin-triggered resolvin D4","","aspirin-triggered resolvin D4"
"132325","","","WP5154","21-HDoHE","","21-HDoHE"
"77124","","","WP5154","(4Z,7Z,10Z,13Z,16Z,19Z)-22-hydroxydocosahexaenoic acid","","(4Z,7Z,10Z,13Z,16Z,19Z)-22-hydroxydocosahexaenoic acid"
"165253","","","WP5154","7(8)-EpDPE","","7(8)-EpDPE"
"165252","","","WP5154","7,8-DiHDPE","","7,8-DiHDPE"
"136569","","","WP5154","(4Z,7Z,13Z,16Z,19Z)-10,11-epoxydocosapentaenoic acid","","(4Z,7Z,13Z,16Z,19Z)-10,11-epoxydocosapentaenoic acid"
"165247","","","WP5154","10,11-DiHDPE","","10,11-DiHDPE"
"136563","","","WP5154","(4Z,7Z,10Z,16Z,19Z)-13,14-epoxydocosapentaenoic acid","","(4Z,7Z,10Z,16Z,19Z)-13,14-epoxydocosapentaenoic acid"
"72855","","","WP5154","(4Z,7Z,10Z,13Z,19Z)-16,17-epoxydocosapentaenoic acid","","(4Z,7Z,10Z,13Z,19Z)-16,17-epoxydocosapentaenoic acid"
"165249","","","WP5154","16,17-DiHDPE","","16,17-DiHDPE"
"72653","","","WP5154","(4Z,7Z,10Z,13Z,16Z)-19,20-epoxydocosapentaenoic acid","","(4Z,7Z,10Z,13Z,16Z)-19,20-epoxydocosapentaenoic acid"
"72657","","","WP5154","19,20-DiHDPA","","19,20-DiHDPA"
"72624","","","WP5154","4-HDoHE","","4-HDoHE"
"72623","","","WP5154","(4Z,8E,10Z,13Z,16Z,19Z)-7-hydroxydocosahexaenoic acid","","(4Z,8E,10Z,13Z,16Z,19Z)-7-hydroxydocosahexaenoic acid"
"72610","","","WP5154","8-HDoHE","","8-HDoHE"
"72640","","","WP5154","10-HDoHE","","10-HDoHE"
"72794","","","WP5154","11-HDoHE","","11-HDoHE"
"72608","","","WP5154","(4Z,7Z,10Z,14E,16Z,19Z)-13-hydroxydocosahexaenoic acid","","(4Z,7Z,10Z,14E,16Z,19Z)-13-hydroxydocosahexaenoic acid"
"72647","","","WP5154","14-HDoHE","","14-HDoHE"
"72637","","","WP5154","(4Z,7Z,10Z,13Z,15E,19Z)-17-hydroxydocosahexaenoic acid","","(4Z,7Z,10Z,13Z,15E,19Z)-17-hydroxydocosahexaenoic acid"
"138249","","","WP5154","(7R,14S)-dihydroxy-(4Z,8E,10E,12Z,16Z,19Z)-docosahexaenoic acid","","(7R,14S)-dihydroxy-(4Z,8E,10E,12Z,16Z,19Z)-docosahexaenoic acid"
"138248","","","WP5154","(13R,14S)-dihydroxy-(4Z,7Z,9E,11E,16Z,19Z)-docosahexaenoic acid","","(13R,14S)-dihydroxy-(4Z,7Z,9E,11E,16Z,19Z)-docosahexaenoic acid"
"138648","","","WP5154","resolvin D3","","resolvin D3"
"138649","","","WP5154","resolvin D4","","resolvin D4"
"138645","","","WP5154","resolvin D5","","resolvin D5"
"138643","","","WP5154","resolvin D6","","resolvin D6"
"74683","","","WP2436","leukoaminochrome","C17756","2-Descarboxy-cyclo-dopa"
"189002","","","WP2436","dopaminechrome (keto form)","","dopaminechrome (keto form)"
"742324","","","WP2436","","",""
"34718","","","WP2436","1-chloro-2,4-dinitrobenzene","C14397","Dinitrochlorobenzene"
"3647","","","WP2289","chlorpromazine","C06906","Chlorpromazine"
"49040","","","WP2289","ezetimibe","","ezetimibe"
"9753","","","WP2289","troglitazone","","troglitazone"
"43419","","","WP2289","isoursodeoxycholic acid","C17662","Isoursodeoxycholate"
"3732","","","WP2289","clarithromycin","C06912","Clarithromycin"
"42355","","","WP2289","erythromycin A","C01912","Erythromycin"
"9144","","","WP2289","silibinin","C07610","Silymarin"
"84050","","","WP2289","trabectedin","C16875","Trabectedin"
"23527","","","WP2289","cytochalasin B","C19954","Cytochalasin B"
"8776","","","WP2289","ranitidine","","ranitidine"
"114785","","","WP4806","erlotinib","","erlotinib"
"49668","","","WP4806","gefitinib","","gefitinib"
"80742","","","WP5273","Coumatetralyl","C16806","Coumatetralyl"
"50438","","","WP5273","phenprocoumon","","phenprocoumon"
"72296","","","WP5273","apixaban","","apixaban"
"135730","","","WP5273","tioclomarol","","tioclomarol"
"81892","","","WP5273","Brodifacoum","C18694","Brodifacoum"
"81796","","","WP5273","Chlorophacinone","C18514","Chlorophacinone"
"81896","","","WP5273","Diphenadione","C18698","Diphenadione"
"133809","","","WP5273","anisindione","","anisindione"
"134975","","","WP5273","fluindione","","fluindione"
"8066","","","WP5273","phenindione","C07584","Phenindione"
"63975","","","WP4719","15-deoxy-Delta(12,14)-prostaglandin A2","","15-deoxy-Delta(12,14)-prostaglandin A2"
"73952","","","WP4719","2,3-dinor-prostaglandin E2","","2,3-dinor-prostaglandin E2"
"165344","","","WP4719","Tetranor-PGE1","","Tetranor-PGE1"
"165330","","","WP4719","Dinor-PGF2alpha","","Dinor-PGF2alpha"
"165345","","","WP4719","Tetranor-PGF1alpha","","Tetranor-PGF1alpha"
"165329","","","WP4719","Dinor-PGD2","","Dinor-PGD2"
"165342","","","WP4719","Tetranor-PGD1","","Tetranor-PGD1"
"137370","","","WP4719","20-hydroxyprostaglandin E2","","20-hydroxyprostaglandin E2"
"165322","","","WP4719","20-Hydroxy-PGF2alpha","","20-Hydroxy-PGF2alpha"
"165321","","","WP4719","20-Hydroxy-PGD2","","20-Hydroxy-PGD2"
"63977","","","WP4719","12S-HHTrE","","12S-HHTrE"
"63989","","","WP4719;WP4586","15(R)-HETE","","15(R)-HETE"
"72643","","","WP4721","8-HETE","","8-HETE"
"84447","","","WP4721","(5Z,8Z,10E,14Z)-12-hydroxyicosatetraenoic acid","","(5Z,8Z,10E,14Z)-12-hydroxyicosatetraenoic acid"
"15631","","","WP4721","(5Z,9E,14Z)-(8xi,11R,12S)-11,12-epoxy-8-hydroxyicosa-5,9,14-trienoic acid","C04849","(5Z,9E,14Z)-(8xi,11R,12S)-11,12-Epoxy-8-hydroxyicosa-5,9,14-trienoic acid"
"165349","","","WP4721;WP167","TXA3","","TXA3"
"84444","","","WP4721","thromboxane B3","","thromboxane B3"
"72795","","","WP4721","12-epi-leukotriene B4","","12-epi-leukotriene B4"
"63982","","","WP4721;WP5424","Delta(6)-trans-12-epi-leukotriene B4","","Delta(6)-trans-12-epi-leukotriene B4"
"63981","","","WP4721;WP5424","6-trans-leukotriene B4","","6-trans-leukotriene B4"
"74017","","","WP4721;WP5171","18-carboxy-19,20-dinor-leukotriene E4","","18-carboxy-19,20-dinor-leukotriene E4"
"88515","","","WP4721","11-trans-Leukotriene C4","","11-trans-Leukotriene C4"
"140493","","","WP4721","11-trans-LTD4","","11-trans-LTD4"
"72779","","","WP4721","11-trans-LTE4","","11-trans-LTE4"
"60943","","","WP4721","5-HETE","","5-HETE"
"63992","","","WP4721","15-oxolipoxin A4","","15-oxolipoxin A4"
"63993","","","WP4721","13,14-dihydro-15-oxolipoxin A4","","13,14-dihydro-15-oxolipoxin A4"
"175298","","","WP4721","5,12-dihydroxy-6,8,10,14-eicosatetraenoic acid","","5,12-dihydroxy-6,8,10,14-eicosatetraenoic acid"
"63999","","","WP167;WP5424","15-deoxy-Delta(12,14)-prostaglandin D2","","15-deoxy-Delta(12,14)-prostaglandin D2"
"46234","","","WP111","ubiquinone-1","","ubiquinone-1"
"78510","","","WP3931","dorsomorphin","","dorsomorphin"
"24864","","","WP474;WP4808","iodothyronine","","iodothyronine"
"60311","","","WP474;WP4808","thyroid hormone","","thyroid hormone"
"80651","","","WP2197","1,2-ditetradecanoyl-sn-glycerol","C16667","1,2-Dimyristyl-sn-glycerol"
"23219","","","WP5396","bile acid taurine conjugate","","bile acid taurine conjugate"
"36078","","","WP5396","cholanoid","","cholanoid"
"36255","","","WP5396","bile acid glycine conjugate","","bile acid glycine conjugate"
"23965","","","WP697;WP5074;WP5320;WP5342","estradiol","","estradiol"
"87602","","","WP697","4-hydroxyestrone","","4-hydroxyestrone"
"87262","","","WP697","estra-1(10),4-diene-2,3,17-trione","","estra-1(10),4-diene-2,3,17-trione"
"136969","","","WP697","4-hydroxyestrone 3-O-(beta-D-glucuronide)(1-)","","4-hydroxyestrone 3-O-(beta-D-glucuronide)(1-)"
"137965","","","WP697","4-methoxyestrone 3-O-(beta-D-glucuronide)","","4-methoxyestrone 3-O-(beta-D-glucuronide)"
"791","","","WP697","17beta-estradiol 17-glucosiduronic acid","C11237","17beta-Estradiol 17-(beta-D-glucuronide)"
"137911","","","WP697","4-hydroxy-17beta-estradiol 3-O-(beta-D-glucuronide)","","4-hydroxy-17beta-estradiol 3-O-(beta-D-glucuronide)"
"136972","","","WP697","4-methoxyestrone","","4-methoxyestrone"
"87263","","","WP697","estra-1,5(10)-diene-3,4,17-trione","","estra-1,5(10)-diene-3,4,17-trione"
"48705","","","WP2881;WP2879;WP2884;WP2878;WP2877","agonist","","agonist"
"67016","","","WP3996","tetrahydrofolate","","tetrahydrofolate"
"33696","","","WP3996","nucleic acid","","nucleic acid"
"39447","","","WP3996","pyrimidines","","pyrimidines"
"4489","","","WP4269","Diallyl sulfide","C08370","Diallyl sulfide"
"90693","","","WP4269","U0126","","U0126"
"17051","","","WP4269","fluoride","C00742","Fluoride"
"4792","","","WP4269","enflurane","C07516","Enflurane"
"9130","","","WP4269","sevoflurane","C07520","Sevoflurane"
"6015","","","WP4269","isoflurane","C07518","Isoflurane"
"6843","","","WP4269","methoxyflurane","C07517","Methoxyflurane"
"3655","","","WP4269","chlorzoxazone","C07931","Chlorzoxazone"
"45892","","","WP4269","trifluoroacetic acid","","trifluoroacetic acid"
"58905","","","WP5030;WP5355","S-sulfanylglutathionate(1-)","","S-sulfanylglutathionate(1-)"
"466659","","","WP5218","1-O-(alpha-D-galactosyl)-N-hexacosanoylphytosphingosine","","1-O-(alpha-D-galactosyl)-N-hexacosanoylphytosphingosine"
"86319","","","WP4790","25-hydroxyvitamin D2","","25-hydroxyvitamin D2"
"30207","","","WP4790","phosphorus(.)","","phosphorus(.)"
"39027","","","WP5108;WP5109;WP5110;WP5111;WP5112;WP176;WP3601;WP4522;WP15;WP430;WP1533","very-low-density lipoprotein","","very-low-density lipoprotein"
"47775","","","WP5108;WP5109;WP5110;WP5111;WP5112;WP176;WP15;WP430;WP1533","high-density lipoprotein cholesterol","","high-density lipoprotein cholesterol"
"132933","","","WP5108;WP5109;WP5110;WP5111;WP5112;WP4522;WP430","intermediate-density lipoprotein","","intermediate-density lipoprotein"
"64005","","","WP5109","DHET","","DHET"
"64007","","","WP5109","EET","","EET"
"64136","","","WP5274;WP5037","4-hydroxy-3-all-trans-decaprenylbenzoic acid","","4-hydroxy-3-all-trans-decaprenylbenzoic acid"
"17385","","","WP5274","3-(4-hydroxyphenyl)lactic acid","C03672","3-(4-Hydroxyphenyl)lactate"
"57318","","","WP357;WP4317","(S)-3-hydroxyacyl-CoA(4-)","","(S)-3-hydroxyacyl-CoA(4-)"
"37554","","","WP357;WP5323;WP325","fatty acyl-CoA","","fatty acyl-CoA"
"57347","","","WP357;WP5123;WP4317;WP368","3-oxo-fatty acyl-CoA(4-)","","3-oxo-fatty acyl-CoA(4-)"
"76273","","","WP206","dodecanedioate(2-)","","dodecanedioate(2-)"
"77168","","","WP206","14-hydroxymyristic acid","","14-hydroxymyristic acid"
"50114","","","WP5318;WP4194;WP5074;WP170","estrogen","","estrogen"
"79110","","","WP4313","1-stearoyl-2-arachidonoyl-sn-glycero-3-phosphoethanolamine","","1-stearoyl-2-arachidonoyl-sn-glycero-3-phosphoethanolamine"
"176419","","","WP4313","FIN56","","FIN56"
"27568","","","WP4313","selenium atom","C01529","Selenium"
"75036","","","WP4313","1-stearoyl-sn-glycero-3-phosphoethanolamine zwitterion","","1-stearoyl-sn-glycero-3-phosphoethanolamine zwitterion"
"27208","","","WP4313;WP3942","unsaturated fatty acid","","unsaturated fatty acid"
"9334","","","WP4313","sulfasalazine","C07316","Sulfasalazine"
"35492","","","WP4313","cystine zwitterion","","cystine zwitterion"
"136609","","","WP4238","theaflavin","","theaflavin"
"149599","","","WP4238","epicatechin-3'-glucuronide","","epicatechin-3'-glucuronide"
"16164","","","WP4238","pyrogallol","C01108","1,2,3-Trihydroxybenzene"
"88738","","","WP4238","4-O-Methylgallic acid","","4-O-Methylgallic acid"
"90","","","WP4238","(-)-epicatechin","C09727","(-)-Epicatechin"
"70824","","","WP4238","m-hydroxyhippuric acid","","m-hydroxyhippuric acid"
"23053","","","WP4238","catechin","C17590","Catechin"
"88700","","","WP4238","4-hydroxybenzoic acid-4-O-sulphate","","4-hydroxybenzoic acid-4-O-sulphate"
"52023","","","WP4238","hyodeoxycholic acid","C15517","Hyodeoxycholate"
"174946","","","WP4238","Dihydroferulic acid 4-O-glucuronide","","Dihydroferulic acid 4-O-glucuronide"
"88746","","","WP4238","5-(3'-hydroxyphenyl)-gamma-valerolactone-3'-O-beta-D-glucuronide","","5-(3'-hydroxyphenyl)-gamma-valerolactone-3'-O-beta-D-glucuronide"
"174634","","","WP4238","Dihydroferulic acid 4-sulfate","","Dihydroferulic acid 4-sulfate"
"176472","","","WP4238","Dihydrocaffeic acid 3-sulfate","","Dihydrocaffeic acid 3-sulfate"
"42255","","","WP4238","(-)-epigallocatechin","C12136","(-)-Epigallocatechin"
"134255","","","WP4238","5-(3',4',5'-trihydroxyphenyl)-gamma-valerolactone","","5-(3',4',5'-trihydroxyphenyl)-gamma-valerolactone"
"16433","","","WP4238","trans-caffeic acid","C01197","Caffeate"
"16433","","","WP4238","trans-caffeic acid","C01481","Caffeate"
"88750","","","WP4238","5-(Hydroxyphenyl)-gamma-valerolactone-O-sulphate","","5-(Hydroxyphenyl)-gamma-valerolactone-O-sulphate"
"75633","","","WP4238","procyanidin B1","C10221","Epicatechin-(4beta->8)-ent-epicatechin"
"137492","","","WP4238","gamma-3-dihydroxybenzenepentanoic acid","","gamma-3-dihydroxybenzenepentanoic acid"
"86612","","","WP4238","dihydroferulic acid","","dihydroferulic acid"
"137503","","","WP4238","5-(3,4-dihydroxyphenyl)pentanoic acid","","5-(3,4-dihydroxyphenyl)pentanoic acid"
"90242","","","WP4238","caffeic acid 3-sulfate","","caffeic acid 3-sulfate"
"30816","","","WP4238","vanillic acid","C06672","Vanillate"
"71018","","","WP4238","p-hydroxyhippuric acid","","p-hydroxyhippuric acid"
"86369","","","WP4238","3-(3-hydroxyphenyl)-3-hydroxypropanoic acid","","3-(3-hydroxyphenyl)-3-hydroxypropanoic acid"
"168254","","","WP4238","5-(3',5')-Dihydroxyphenyl-gamma-valerolactone","","5-(3',5')-Dihydroxyphenyl-gamma-valerolactone"
"133508","","","WP4238","ferulic acid 4-sulfate","","ferulic acid 4-sulfate"
"88690","","","WP4238","4-Hydroxy-5-(3',4'-dihydroxyphenyl)-valeric acid-O-glucuronide","","4-Hydroxy-5-(3',4'-dihydroxyphenyl)-valeric acid-O-glucuronide"
"30778","","","WP4238","gallic acid","C01424","Gallate"
"31018","","","WP4238","(+)-gallocatechin","C12127","(+)-Gallocatechin"
"28647","","","WP4238","3-O-methylgallic acid","C05616","3-O-Methylgallate"
"89613","","","WP4238","Pyrogallol-1-O-sulphate","","Pyrogallol-1-O-sulphate"
"89612","","","WP4238","Pyrogallol-2-O-glucuronide","","Pyrogallol-2-O-glucuronide"
"89615","","","WP4238","Pyrogallol-2-O-sulphate","","Pyrogallol-2-O-sulphate"
"88466","","","WP4238","(-)-Epicatechin sulfate","","(-)-Epicatechin sulfate"
"61646","","","WP4966","fluoroacetyl-CoA","","fluoroacetyl-CoA"
"14272","","","WP4966","fluoroacetaldehyde","C15488","Fluoroacetaldehyde"
"174045","","","WP4966","Fluorocitric acid","","Fluorocitric acid"
"5931","","","WP3932;WP3634","insulin (human)","C00723","Insulin"
"142058","","","WP176;WP15;WP1533","F2-isoprostane","","F2-isoprostane"
"37445","","","WP176","folic acids","","folic acids"
"62764","","","WP176;WP5192;WP5087;WP15","reactive nitrogen species","","reactive nitrogen species"
"47776","","","WP176;WP15;WP1533","very-low-density lipoprotein triglyceride","","very-low-density lipoprotein triglyceride"
"25812","","","WP176;WP15;WP1533","ozone","","ozone"
"44454","","","WP176;WP15;WP1533","3-nitro-L-tyrosine","","3-nitro-L-tyrosine"
"62501","","","WP1589","folate(2-)","","folate(2-)"
"89760","","","WP4157","Solerol","","Solerol"
"42639","","","WP4157","gamma-butyrolactone","C01770","gamma-Butyrolactone"
"41189","","","WP4157","butane-1,4-diol","","butane-1,4-diol"
"86371","","","WP4157","3,4-dihydroxybutyric acid","","3,4-dihydroxybutyric acid"
"173437","","","WP4157","4-Hydroxy-2-oxobutanoic acid","","4-Hydroxy-2-oxobutanoic acid"
"2972","","","WP4159","baclofen","","baclofen"
"5391","","","WP5452","glucagon","C01501","Glucagon"
"80270","","","WP5452;WP5447;WP5446","Glucagon-like peptide 1","C16048","Glucagon-like peptide 1"
"60598","","","WP455","opioid agent","","opioid agent"
"64628","","","WP455","somatostatin","C16022","Somatostatin-14"
"33704","","","WP4518;WP5192","alpha-amino acid","C00045","Amino acid"
"33704","","","WP4518;WP5192","alpha-amino acid","C05167","alpha-Amino acid"
"16010","","","WP4518","5-oxoproline","","5-oxoproline"
"27515","","","WP5299","alpha-Neu5Ac-(2->8)-alpha-Neu5Ac-(2->3)-beta-Gal-D-(1->3)-beta-D-GalNAc-(1->4)-[alpha-Neu5Ac-(2->8)-alpha-Neu5Ac-(2->3)]-beta-D-Gal-(1->4)-beta-D-Glc-(1<->1')-Cer","C06139","GQ1"
"87992","","","WP5299;WP4142","beta-Gal-(1->3)-beta-GalNAc-(1->4)-[alpha-Neu5Ac-(2->8)-alpha-Neu5Ac-(2->8)-alpha-Neu5Ac-(2->3)]-beta-Gal-(1->4)-beta-Glc-(1<->1')-Cer","","beta-Gal-(1->3)-beta-GalNAc-(1->4)-[alpha-Neu5Ac-(2->8)-alpha-Neu5Ac-(2->8)-alpha-Neu5Ac-(2->3)]-beta-Gal-(1->4)-beta-Glc-(1<->1')-Cer"
"27691","","","WP5299;WP1423","alpha-Neu5Ac-(2->8)-alpha-Neu5Ac-(2->3)-beta-Gal-(1->3)-beta-GalNAc-(1->4)-[alpha-Neu5Ac-(2->3)]-beta-Gal-(1->4)-beta-Glc-(1<->1')-Cer","C06138","GT1a"
"87990","","","WP5299;WP1423","alpha-Neu5Ac-(2->8)-alpha-Neu5Ac-(2->3)-beta-Gal-(1->3)-beta-GalNAc-(1->4)-beta-Gal-(1->4)-beta-Glc-(1<->1')-Cer","","alpha-Neu5Ac-(2->8)-alpha-Neu5Ac-(2->3)-beta-Gal-(1->3)-beta-GalNAc-(1->4)-beta-Gal-(1->4)-beta-Glc-(1<->1')-Cer"
"87994","","","WP5299;WP4142","alpha-Neup5Ac-(2->3)-beta-D-Galp-(1->3)-beta-D-GalpNAc-(1->4)-[alpha-Neup5Ac-(2->8)-alpha-Neup5Ac-(2->8)-alpha-Neup5Ac-(2->3)]-beta-D-Galp-(1->4)-beta-D-Glcp-(1<->1')-Cer","","alpha-Neup5Ac-(2->3)-beta-D-Galp-(1->3)-beta-D-GalpNAc-(1->4)-[alpha-Neup5Ac-(2->8)-alpha-Neup5Ac-(2->8)-alpha-Neup5Ac-(2->3)]-beta-D-Galp-(1->4)-beta-D-Glcp-(1<->1')-Cer"
"28175","","","WP5299;WP4142","beta-D-Gal-(1->3)-beta-D-GalNAc-(1->4)-[alpha-Neu5Ac-(2->8)-alpha-Neu5Ac-(2->3)]-beta-D-Gal-(1->4)-beta-D-Glc-(1<->1')-Cer","C06141","GD1b"
"60913","","","WP5299","ganglioside GT1b","","ganglioside GT1b"
"28058","","","WP5299;WP4142","alpha-Neu5Ac-(2->3)-beta-D-Gal-(1->3)-beta-D-GalNAc-(1->4)-[alpha-Neu5Ac-(2->8)-alpha-Neu5Ac-(2->3)]-beta-D-Gal-(1->4)-beta-D-Glc-(1<->1')-Cer","C06140","GT1b"
"90265","","","WP1423","alpha-L-Fuc-(1->2)-beta-D-Gal-(1->3)-beta-D-GalNAc-(1->4)-[alpha-Neu5Ac-(2->8)-alpha-Neu5Ac-(2->3)]-beta-D-Gal-(1->4)-beta-D-Glc-(1<->1')-ceramide(2-)","","alpha-L-Fuc-(1->2)-beta-D-Gal-(1->3)-beta-D-GalNAc-(1->4)-[alpha-Neu5Ac-(2->8)-alpha-Neu5Ac-(2->3)]-beta-D-Gal-(1->4)-beta-D-Glc-(1<->1')-ceramide(2-)"
"59228","","","WP1423","beta-D-GalNAc-(1->4)-[alpha-Neu5Ac-(2->3)]-beta-D-Gal-(1->3)-beta-D-GalNAc-(1->4)-[alpha-Neu5Ac-(2->3)]-beta-D-Gal-(1->4)-beta-D-Glc-(1<->1')-Cer","","beta-D-GalNAc-(1->4)-[alpha-Neu5Ac-(2->3)]-beta-D-Gal-(1->3)-beta-D-GalNAc-(1->4)-[alpha-Neu5Ac-(2->3)]-beta-D-Gal-(1->4)-beta-D-Glc-(1<->1')-Cer"
"89636","","","WP1423;WP4142","Ganglioside GD3 (d18:1/16:0)","","Ganglioside GD3 (d18:1/16:0)"
"84758","","","WP1423;WP1422","beta-D-galactosyl-(1->4)-beta-D-glucosyl-(1<->1)-N-hexadecanoylsphingosine","","beta-D-galactosyl-(1->4)-beta-D-glucosyl-(1<->1)-N-hexadecanoylsphingosine"
"32588","","","WP2596","potassium chloride","","potassium chloride"
"26710","","","WP2596","sodium chloride","C13563","Sodium chloride"
"90840","","","WP5269","O-(N-acetyl-beta-D-glucosaminyl)-L-threonine residue","","O-(N-acetyl-beta-D-glucosaminyl)-L-threonine residue"
"90838","","","WP5269","O-(N-acetyl-beta-D-glucosaminyl)-L-serine residue","","O-(N-acetyl-beta-D-glucosaminyl)-L-serine residue"
"Q27124853","","","WP5269","","",""
"Q422457","","","WP5269","","",""
"52288","","","WP2261","1-octadec-9-enoylglycero-3-phosphate","","1-octadec-9-enoylglycero-3-phosphate"
"34350","","","WP5280","3alpha,11beta-Dihydroxy-5alpha-androstane-17-one","C14606","3alpha,11beta-Dihydroxy-5alpha-androstane-17-one"
"89627","","","WP5280","5a-Tetrahydrocortisol","","5a-Tetrahydrocortisol"
"89257","","","WP5280","Beta-Cortol","","Beta-Cortol"
"63562","","","WP2880","glucocorticoid receptor agonist","","glucocorticoid receptor agonist"
"78682","","","WP5211","D-fructose 1,6-bisphosphate","","D-fructose 1,6-bisphosphate"
"15954","","","WP5211;WP134","aldehydo-D-glucose 6-phosphate","C03251","Aldohexose 6-phosphate"
"50619","","","WP100","gamma-Glu-Ala","","gamma-Glu-Ala"
"64674","","","WP4722;WP2533;WP3933;WP2272;WP2525","1,2-diacyl-sn-glycero-3-phosphoethanolamine","","1,2-diacyl-sn-glycero-3-phosphoethanolamine"
"64961","","","WP4722;WP2533","1,2-diacyl-sn-glycero-3-phospho-(1'-sn-glycerol)","","1,2-diacyl-sn-glycero-3-phospho-(1'-sn-glycerol)"
"64596","","","WP4722","1,2-diacyl-sn-glycero-3-phospho-N-methylethanolamine","","1,2-diacyl-sn-glycero-3-phospho-N-methylethanolamine"
"64615","","","WP4722;WP2533","triacyl-sn-glycerol","","triacyl-sn-glycerol"
"45212","","","WP2533;WP4022","diphosphate(2-)","","diphosphate(2-)"
"172525","","","WP2533","DHAP(8:0)","","DHAP(8:0)"
"24848","","","WP2533","inositol","","inositol"
"29987","","","WP1495;WP3584;WP2267","glutamate(2-)","","glutamate(2-)"
"26401","","","WP1495","purines","","purines"
"53664","","","WP1495","dehydroglycinate","","dehydroglycinate"
"137944","","","WP5028","tetrahydrofurfuryl alcohol","","tetrahydrofurfuryl alcohol"
"49601","","","WP5028","Fe2S2 iron-sulfur cluster","","Fe2S2 iron-sulfur cluster"
"33722","","","WP5028","tetra-mu3-sulfido-tetrairon(2+)","","tetra-mu3-sulfido-tetrairon(2+)"
"86459","","","WP5028","(R)-lipoyl-GMP","","(R)-lipoyl-GMP"
"58451","","","WP5028","pyridoxamine 5'-phosphate(1-)","","pyridoxamine 5'-phosphate(1-)"
"58589","","","WP5028","pyridoxine 5'-phosphate(2-)","","pyridoxine 5'-phosphate(2-)"
"57584","","","WP534;WP5355","aldehydo-D-glucose 6-phosphate(2-)","","aldehydo-D-glucose 6-phosphate(2-)"
"57579","","","WP534;WP5355","D-fructose 6-phosphate(2-)","","D-fructose 6-phosphate(2-)"
"33365","","","WP5049;WP5046","platinum group metal atom","","platinum group metal atom"
"18059","","","WP5049;WP4290;WP5050","lipid","C01356","Lipid"
"132153","","","WP4815","hyaluronate","","hyaluronate"
"17174","","","WP5395","heparosan N-sulfate L-iduronic acid","C04073","Heparosan-N-sulfate L-iduronate"
"67138","","","WP5395;WP5394","UDP-N-acetyl-alpha-D-galactosamine(2-)","","UDP-N-acetyl-alpha-D-galactosamine(2-)"
"24500","","","WP5395","heparan","","heparan"
"18296","","","WP5395","chondroitin 6'-sulfate","C00635","Chondroitin 6-sulfate"
"58052","","","WP5395;WP5394","UDP-alpha-D-glucuronate(3-)","","UDP-alpha-D-glucuronate(3-)"
"58427","","","WP4521","N-acetyl-D-glucosaminyldiphosphodolichol(2-)","","N-acetyl-D-glucosaminyldiphosphodolichol(2-)"
"58211","","","WP4521","dolichyl beta-D-mannosyl phosphate(1-)","","dolichyl beta-D-mannosyl phosphate(1-)"
"132516","","","WP4521","alpha-D-Man-(1->2)-alpha-D-Man-(1->2)-alpha-D-Man-(1->3)-[alpha-D-Man-(1->3)-alpha-D-Man-(1->6)]-beta-D-Man-(1->4)-beta-D-GlcNAc-(1->4)-alpha-D-GlcNAc(PP-Dol)(2-)","","alpha-D-Man-(1->2)-alpha-D-Man-(1->2)-alpha-D-Man-(1->3)-[alpha-D-Man-(1->3)-alpha-D-Man-(1->6)]-beta-D-Man-(1->4)-beta-D-GlcNAc-(1->4)-alpha-D-GlcNAc(PP-Dol)(2-)"
"132519","","","WP4521","alpha-D-Man-(1->2)-alpha-D-Man-(1->2)-alpha-D-Man-(1->3)-[alpha-D-Man-(1->2)-alpha-D-Man-(1->3)-[alpha-D-Man-(1->6)]-alpha-D-Man-(1->6)]-beta-D-Man-(1->4)-beta-D-GlcNAc-(1->4)-alpha-D-GlcNAc(PP-Dol)(2-)","","alpha-D-Man-(1->2)-alpha-D-Man-(1->2)-alpha-D-Man-(1->3)-[alpha-D-Man-(1->2)-alpha-D-Man-(1->3)-[alpha-D-Man-(1->6)]-alpha-D-Man-(1->6)]-beta-D-Man-(1->4)-beta-D-GlcNAc-(1->4)-alpha-D-GlcNAc(PP-Dol)(2-)"
"132517","","","WP4521","alpha-D-Man-(1->2)-alpha-D-Man-(1->2)-alpha-D-Man-(1->3)-[alpha-D-Man-(1->2)-alpha-D-Man-(1->3)-alpha-D-Man-(1->6)]-beta-D-Man-(1->4)-beta-D-GlcNAc-(1->4)-alpha-D-GlcNAc(PP-Dol)(2-)","","alpha-D-Man-(1->2)-alpha-D-Man-(1->2)-alpha-D-Man-(1->3)-[alpha-D-Man-(1->2)-alpha-D-Man-(1->3)-alpha-D-Man-(1->6)]-beta-D-Man-(1->4)-beta-D-GlcNAc-(1->4)-alpha-D-GlcNAc(PP-Dol)(2-)"
"132520","","","WP4521","alpha-D-Man-(1->2)-alpha-D-Man-(1->2)-alpha-D-Man-(1->3)-[alpha-D-Man-(1->2)-alpha-D-Man-(1->3)-[alpha-D-Man-(1->2)-alpha-D-Man-(1->6)]-alpha-D-Man-(1->6)]-beta-D-Man-(1->4)-beta-D-GlcNAc-(1->4)-alpha-D-GlcNAc(PP-Dol)(2-)","","alpha-D-Man-(1->2)-alpha-D-Man-(1->2)-alpha-D-Man-(1->3)-[alpha-D-Man-(1->2)-alpha-D-Man-(1->3)-[alpha-D-Man-(1->2)-alpha-D-Man-(1->6)]-alpha-D-Man-(1->6)]-beta-D-Man-(1->4)-beta-D-GlcNAc-(1->4)-alpha-D-GlcNAc(PP-Dol)(2-)"
"132522","","","WP4521","alpha-D-Glc-(1->3)-alpha-D-Glc-(1->3)-alpha-D-Man-(1->2)-alpha-D-Man-(1->2)-alpha-D-Man-(1->3)-[alpha-D-Man-(1->2)-alpha-D-Man-(1->3)-[alpha-D-Man-(1->2)-alpha-D-Man-(1->6)]-alpha-D-Man-(1->6)]-beta-D-Man-(1->4)-beta-D-GlcNAc-(1->4)-alpha-D-GlcNAc(PP-Dol)(2-)","","alpha-D-Glc-(1->3)-alpha-D-Glc-(1->3)-alpha-D-Man-(1->2)-alpha-D-Man-(1->2)-alpha-D-Man-(1->3)-[alpha-D-Man-(1->2)-alpha-D-Man-(1->3)-[alpha-D-Man-(1->2)-alpha-D-Man-(1->6)]-alpha-D-Man-(1->6)]-beta-D-Man-(1->4)-beta-D-GlcNAc-(1->4)-alpha-D-GlcNAc(PP-Dol)(2-)"
"132521","","","WP4521","alpha-D-Glc-(1->3)-alpha-D-Man-(1->2)-alpha-D-Man-(1->2)-alpha-D-Man-(1->3)-[alpha-D-Man-(1->2)-alpha-D-Man-(1->3)-[alpha-D-Man-(1->2)-alpha-D-Man-(1->6)]-alpha-D-Man-(1->6)]-beta-D-Man-(1->4)-beta-D-GlcNAc-(1->4)-alpha-D-GlcNAc(PP-Dol)(2-)","","alpha-D-Glc-(1->3)-alpha-D-Man-(1->2)-alpha-D-Man-(1->2)-alpha-D-Man-(1->3)-[alpha-D-Man-(1->2)-alpha-D-Man-(1->3)-[alpha-D-Man-(1->2)-alpha-D-Man-(1->6)]-alpha-D-Man-(1->6)]-beta-D-Man-(1->4)-beta-D-GlcNAc-(1->4)-alpha-D-GlcNAc(PP-Dol)(2-)"
"59082","","","WP4521","N-{alpha-Glc-(1->3)-alpha-Glc-(1->3)-alpha-Man-(1->2)-alpha-Man-(1->2)-alpha-Man-(1->3)-[alpha-Man-(1->2)-alpha-Man-(1->3)-[alpha-Man-(1->2)-alpha-Man-(1->6)]-alpha-Man-(1->6)]-beta-Man-(1->4)-beta-GlcNAc-(1->4)-beta-GlcNAc}-L-Asn residue","","N-{alpha-Glc-(1->3)-alpha-Glc-(1->3)-alpha-Man-(1->2)-alpha-Man-(1->2)-alpha-Man-(1->3)-[alpha-Man-(1->2)-alpha-Man-(1->3)-[alpha-Man-(1->2)-alpha-Man-(1->6)]-alpha-Man-(1->6)]-beta-Man-(1->4)-beta-GlcNAc-(1->4)-beta-GlcNAc}-L-Asn residue"
"132537","","","WP4521","N(4)-(alpha-D-Glc-(1->2)-alpha-D-Glc-(1->3)-alpha-D-Glc-(1->3)-alpha-D-Man-(1->2)-alpha-D-Man-(1->2)-alpha-D-Man-(1->3)-[alpha-D-Man-(1->2)-alpha-D-Man-(1->3)-[alpha-D-Man-(1->2)-alpha-D-Man-(1->6)]-alpha-D-Man-(1->6)]-beta-D-Man-(1->4)-beta-D-GlcNAc-(1->4)-beta-D-GlcNAc)-L-asparaginyl residue","","N(4)-(alpha-D-Glc-(1->2)-alpha-D-Glc-(1->3)-alpha-D-Glc-(1->3)-alpha-D-Man-(1->2)-alpha-D-Man-(1->2)-alpha-D-Man-(1->3)-[alpha-D-Man-(1->2)-alpha-D-Man-(1->3)-[alpha-D-Man-(1->2)-alpha-D-Man-(1->6)]-alpha-D-Man-(1->6)]-beta-D-Man-(1->4)-beta-D-GlcNAc-(1->4)-beta-D-GlcNAc)-L-asparaginyl residue"
"60615","","","WP4521","N(4)-{beta-D-GlcNAc-(1->2)-alpha-D-Man-(1->3)-[alpha-D-Man-(1->6)]-beta-D-Man-(1->4)-beta-D-GlcNAc-(1->4)-beta-D-GlcNAc}-Asn residue","","N(4)-{beta-D-GlcNAc-(1->2)-alpha-D-Man-(1->3)-[alpha-D-Man-(1->6)]-beta-D-Man-(1->4)-beta-D-GlcNAc-(1->4)-beta-D-GlcNAc}-Asn residue"
"58735","","","WP4521","D-mannopyranose 6-phosphate(2-)","","D-mannopyranose 6-phosphate(2-)"
"58409","","","WP4521","alpha-D-mannose 1-phosphate(2-)","","alpha-D-mannose 1-phosphate(2-)"
"132515","","","WP4521","alpha-D-Man-(1->2)-alpha-D-Man-(1->2)-alpha-D-Man-(1->3)-[alpha-D-Man-(1->6)]-beta-D-Man-(1->4)-beta-D-GlcNAc-(1->4)-alpha-D-GlcNAc(PP-Dol)(2-)","","alpha-D-Man-(1->2)-alpha-D-Man-(1->2)-alpha-D-Man-(1->3)-[alpha-D-Man-(1->6)]-beta-D-Man-(1->4)-beta-D-GlcNAc-(1->4)-alpha-D-GlcNAc(PP-Dol)(2-)"
"132511","","","WP4521","alpha-D-Man-(1->3)-[alpha-D-Man-(1->6)]-beta-D-Man-(1->4)-beta-D-GlcNAc-(1->4)-alpha-D-GlcNAc(PP-Dol)(2-)","","alpha-D-Man-(1->3)-[alpha-D-Man-(1->6)]-beta-D-Man-(1->4)-beta-D-GlcNAc-(1->4)-alpha-D-GlcNAc(PP-Dol)(2-)"
"132510","","","WP4521","alpha-D-Man-(1->3)-beta-D-Man-(1->4)-beta-D-GlcNAc-(1->4)-alpha-D-GlcNAc(PP-Dol)(2-)","","alpha-D-Man-(1->3)-beta-D-Man-(1->4)-beta-D-GlcNAc-(1->4)-alpha-D-GlcNAc(PP-Dol)(2-)"
"58472","","","WP4521","beta-D-mannosyldiacetylchitobiosyldiphosphodolichol(2-)","","beta-D-mannosyldiacetylchitobiosyldiphosphodolichol(2-)"
"57269","","","WP4521","N,N'-diacetylchitobiosyldiphosphonatodolichol(2-)","","N,N'-diacetylchitobiosyldiphosphonatodolichol(2-)"
"62612","","","WP5166","(3R,5S)-1-pyrroline-3-hydroxy-5-carboxylate","","(3R,5S)-1-pyrroline-3-hydroxy-5-carboxylate"
"43355","","","WP3627","indoxyl sulfate","","indoxyl sulfate"
"135892","","","WP5426","acetyldigoxin","","acetyldigoxin"
"68481","","","WP4674","mTOR inhibitor","","mTOR inhibitor"
"50914","","","WP4674","EC 2.7.1.137 (phosphatidylinositol 3-kinase) inhibitor","","EC 2.7.1.137 (phosphatidylinositol 3-kinase) inhibitor"
"12109","","","WP561","5-aminolevulinate","","5-aminolevulinate"
"89912","","","WP5169","Heptacarboxylporphyrin I","","Heptacarboxylporphyrin I"
"29371","","","WP4206","dioxygen(2+)","","dioxygen(2+)"
"73634","","","WP4206","Phe-His","","Phe-His"
"27808","","","WP2645","heroin","C06534","Heroin"
"2168","","","WP2645","6-Acetylmorphine","C11781","6-Acetylmorphine"
"95028","","","WP4860","sulfamic acid [(1S,2S,4R)-4-[4-[[(1S)-2,3-dihydro-1H-inden-1-yl]amino]-7-pyrrolo[2,3-d]pyrimidinyl]-2-hydroxycyclopentyl]methyl ester","","sulfamic acid [(1S,2S,4R)-4-[4-[[(1S)-2,3-dihydro-1H-inden-1-yl]amino]-7-pyrrolo[2,3-d]pyrimidinyl]-2-hydroxycyclopentyl]methyl ester"
"P01138","","","WP5231","","",""
"45783","","","WP3640","imatinib","","imatinib"
"8005","","","WP5198;WP75;WP5174","peptidoglycan","C00889","Peptidoglycan"
"183049","","","WP5198","ManNAz-DBCO-Pam3CSK4","","ManNAz-DBCO-Pam3CSK4"
"45744","","","WP1438","N-acetyl-beta-neuraminic acid","","N-acetyl-beta-neuraminic acid"
"69818","","","WP3414","prostratin","","prostratin"
"52603","","","WP4559;WP75","1-acyl-sn-glycero-3-phosphoserine","","1-acyl-sn-glycero-3-phosphoserine"
"138181","","","WP5092;WP5146;WP5046;WP5183","chemokine ligand 8","","chemokine ligand 8"
"10986","","","WP5172;WP4577","(R)-4'-phosphonatopantothenate(3-)","","(R)-4'-phosphonatopantothenate(3-)"
"49883","","","WP5152","tetra-mu3-sulfido-tetrairon","","tetra-mu3-sulfido-tetrairon"
"53174","","","WP4656","N-bromosuccinimide","","N-bromosuccinimide"
"65307","","","WP5074","corticotropin-releasing hormone (ovine)","","corticotropin-releasing hormone (ovine)"
"81569","","","WP5074","Follicle stimulating hormone","C18184","Follicle stimulating hormone"
"64482","","","WP3933;WP5381","phosphatidylcholine","","phosphatidylcholine"
"73341","","","WP3933","Ala-Asp-Gly","","Ala-Asp-Gly"
"133068","","","WP5089;WP4969","[des-Arg(9)]-bradykinin","","[des-Arg(9)]-bradykinin"
"80312","","","WP4871","Neurokinin B","C16098","Neurokinin B"
"61929","","","WP5351","N(6)-methyl-L-lysinium residue","","N(6)-methyl-L-lysinium residue"
"61976","","","WP5351","N(6),N(6)-dimethyl-L-lysine(1+) residue","","N(6),N(6)-dimethyl-L-lysine(1+) residue"
"93986","","","WP5351","6,7-dimethoxy-2-(4-methyl-1,4-diazepan-1-yl)-N-[1-(phenylmethyl)-4-piperidinyl]-4-quinazolinamine","","6,7-dimethoxy-2-(4-methyl-1,4-diazepan-1-yl)-N-[1-(phenylmethyl)-4-piperidinyl]-4-quinazolinamine"
"26294","","","WP4236","propionyl group","","propionyl group"
"30835","","","WP4236","2-methylcitric acid","","2-methylcitric acid"
"85473","","","WP4236","O-methylmalonyl-L-carnitine","","O-methylmalonyl-L-carnitine"
"73034","","","WP4236","O-succinylcarnitine","","O-succinylcarnitine"
"28683","","","WP5044;WP5087;WP5078;WP465","kynurenine","C01718","Kynurenine"
"167456","","","WP5239","N-[(S)-lactoyl]-L-phenylalaninate","","N-[(S)-lactoyl]-L-phenylalaninate"
"43433","","","WP4686","L-alloisoleucine","","L-alloisoleucine"
"73017","","","WP4686","O-isobutyrylcarnitine","","O-isobutyrylcarnitine"
"70979","","","WP4686","N-isobutyrylglycine","","N-isobutyrylglycine"
"64669","","","WP4686","2-hydroxy-3-methylbutyrate","","2-hydroxy-3-methylbutyrate"
"57335","","","WP4686","2-methylacetoacetyl-CoA(4-)","","2-methylacetoacetyl-CoA(4-)"
"57336","","","WP4686","2-methylbutanoyl-CoA(4-)","","2-methylbutanoyl-CoA(4-)"
"184285","","","WP4686","S-(2-carboxypropyl)-Cysteamine","","S-(2-carboxypropyl)-Cysteamine"
"62500","","","WP4686","methacrylyl-CoA(4-)","","methacrylyl-CoA(4-)"
"62413","","","WP4686;WP4225","(S)-methylmalonate semialdehyde","","(S)-methylmalonate semialdehyde"
"62611","","","WP4686","(S)-3-hydroxyisobutyryl-CoA(4-)","","(S)-3-hydroxyisobutyryl-CoA(4-)"
"133577","","","WP4686","2-hydroxy-4-methylvalerate","","2-hydroxy-4-methylvalerate"
"82957","","","WP4686","3-hydroxyisovalerate","","3-hydroxyisovalerate"
"70984","","","WP4686","N-isovalerylglycine","","N-isovalerylglycine"
"384411","","","WP4686","","",""
"90005","","","WP4686","4-Hydroxyisovaleric acid","","4-Hydroxyisovaleric acid"
"73025","","","WP4686","O-isovalerylcarnitine","","O-isovalerylcarnitine"
"68499","","","WP4686","3-methylcrotonyl glycine","","3-methylcrotonyl glycine"
"133513","","","WP4686","3-methylglutaconate anion","","3-methylglutaconate anion"
"70857","","","WP4686","O-3-methylglutarylcarnitine","","O-3-methylglutarylcarnitine"
"68566","","","WP4686","3-methylglutaric acid","","3-methylglutaric acid"
"30920","","","WP4686","3-hydroxy-3-methylglutarate(1-)","","3-hydroxy-3-methylglutarate(1-)"
"174063","","","WP4686","3-hydroxyhexanoyl carnitine","","3-hydroxyhexanoyl carnitine"
"73693","","","WP4686","ketone body","","ketone body"
"741548","","","WP4686","ethylmalonic acid","","ethylmalonic acid"
"73028","","","WP4686","O-malonylcarnitine","","O-malonylcarnitine"
"73026","","","WP4686","2-methylbutyrylcarnitine","","2-methylbutyrylcarnitine"
"89228","","","WP4686","(2R,3R)-2-hydroxy-3-methylpentanoic acid","","(2R,3R)-2-hydroxy-3-methylpentanoic acid"
"86366","","","WP4686","N-(2-methylbutanoyl)glycine","","N-(2-methylbutanoyl)glycine"
"82956","","","WP4686","2-ethylhydracrylic acid","","2-ethylhydracrylic acid"
"73018","","","WP4686","tiglylglycine","","tiglylglycine"
"37079","","","WP4686","2-methylacetoacetic acid","","2-methylacetoacetic acid"
"78554","","","WP4686","2-methyl-3-hydroxybutyrate","","2-methyl-3-hydroxybutyrate"
"71179","","","WP4686","O-tiglylcarnitine","","O-tiglylcarnitine"
"27389","","","WP4686","3-aminoisobutyric acid","C05145","3-Aminoisobutyric acid"
"89836","","","WP4686","propionylglycine","","propionylglycine"
"73031","","","WP4686","O-methylmalonylcarnitine","","O-methylmalonylcarnitine"
"74014","","","WP5171;WP5424","16-carboxy-17,18,19,20-tetranor-leukotriene E3","","16-carboxy-17,18,19,20-tetranor-leukotriene E3"
"134517","","","WP5171","20-carboxyleukotriene E4","","20-carboxyleukotriene E4"
"7210","","","WP5171;WP5424","N-acetylleukotriene E4","C11361","N-Acetylleukotriene E4"
"63979","","","WP5171","20-oxoleukotriene B4","","20-oxoleukotriene B4"
"63980","","","WP5171;WP5424","18-hydroxy-18-oxo-dinorleukotriene B4","","18-hydroxy-18-oxo-dinorleukotriene B4"
"74019","","","WP5171","14-carboxy-15,16,17,18,19,20-hexanor-leukotriene E3","","14-carboxy-15,16,17,18,19,20-hexanor-leukotriene E3"
"28733","","","WP4853","1-linoleoyl-sn-glycero-3-phosphocholine","C04100","1-Linoleoylglycerophosphocholine"
"71488","","","WP4853;WP4723","all-cis-8,11,14,17-icosatetraenoic acid","","all-cis-8,11,14,17-icosatetraenoic acid"
"91272","","","WP5137","13-HPODE","","13-HPODE"
"72651","","","WP5137;WP5324","9-HODE","","9-HODE"
"38299","","","WP5137;WP5324","vernolic acid","","vernolic acid"
"26208","","","WP5149;WP1982","polyunsaturated fatty acid","","polyunsaturated fatty acid"
"61121","","","WP5149","oxylipin","","oxylipin"
"22918","","","WP3965;WP5220;WP4297","branched-chain amino acid","","branched-chain amino acid"
"35804","","","WP3965","citrate(1-)","","citrate(1-)"
"86029","","","WP2874","liver X receptor agonist","","liver X receptor agonist"
"91418","","","WP4205","N1'-[3-fluoro-4-[[6-methoxy-7-[3-(4-morpholinyl)propoxy]-4-quinolinyl]oxy]phenyl]-N1-(4-fluorophenyl)cyclopropane-1,1-dicarboxamide","","N1'-[3-fluoro-4-[[6-methoxy-7-[3-(4-morpholinyl)propoxy]-4-quinolinyl]oxy]phenyl]-N1-(4-fluorophenyl)cyclopropane-1,1-dicarboxamide"
"91398","","","WP4205","LSM-1131","","LSM-1131"
"84244","","","WP4205","1,2-dihexadecanoyl-sn-glycero-3-phospho-(1D-myo-inositol-3,4,5-trisphosphate)","","1,2-dihexadecanoyl-sn-glycero-3-phospho-(1D-myo-inositol-3,4,5-trisphosphate)"
"82929","","","WP3301","1,2-dipalmitoyl-sn-glycerol","","1,2-dipalmitoyl-sn-glycerol"
"10167","","","WP4288","[Myeline basic protein] N-methyl-L-arginine","C05321","[Myeline basic protein] N(omega)-methyl-L-arginine"
"10166","","","WP4288","[Myeline basic protein] L-arginine","C05207","[Myeline basic protein] L-arginine"
"2676","","","WP4673","amoxicillin","C06827","Amoxicillin"
"17833","","","WP4673","gentamycin","C00505","Gentamicin"
"542034","","","WP5320","","",""
"541975","","","WP5320","epiandrosterone","C07635","Epiandrosterone"
"428206","","","WP5320;WP4842","","",""
"84094","","","WP5320","testosterone sulfate","","testosterone sulfate"
"89524","","","WP5320","epietiocholanolone","","epietiocholanolone"
"86542","","","WP5320","2-hydroxyhexanoic acid","","2-hydroxyhexanoic acid"
"63637","","","WP4685","vemurafenib","","vemurafenib"
"68647","","","WP4685","regorafenib","","regorafenib"
"75045","","","WP4685","dabrafenib","","dabrafenib"
"145371","","","WP4685;WP4255","binimetinib","","binimetinib"
"26519","","","WP3298","radical","","radical"
"28969","","","WP3298","N,N-dimethyltryptamine","C08302","N,N-Dimethyltryptamine"
"18293","","","WP3298","5-methoxypsoralen","C01557","Bergapten"
"3210","","","WP3298","bufotenin","C08299","Bufotenine"
"169109","","","WP5355","8-[(Aminomethyl)sulfanyl]-6-sulfanyloctanoic acid","","8-[(Aminomethyl)sulfanyl]-6-sulfanyloctanoic acid"
"17027","","","WP5355;WP4228","allysine","C01475","allysine"
"60525","","","WP5355","molybdenum cofactor(2-)","","molybdenum cofactor(2-)"
"15318","","","WP5355","xanthine","","xanthine"
"29967","","","WP5355","L-lysine residue","","L-lysine residue"
"29952","","","WP5355;WP4947","L-arginine residue","","L-arginine residue"
"59238","","","WP4522","cyclic fatty acid","","cyclic fatty acid"
"150712","","","WP5312","beta-D-GlcpNAc-(1->4)-beta-D-GlcpA","","beta-D-GlcpNAc-(1->4)-beta-D-GlcpA"
"60924","","","WP5312","keratan sulfate","","keratan sulfate"
"45522","","","WP4290","O-phospho-L-serine residue","","O-phospho-L-serine residue"
"16084","","","WP4290;WP3602;WP4141","beta-D-fructofuranose 6-phosphate","C05345","beta-D-Fructose 6-phosphate"
"58273","","","WP4290;WP134;WP5043","aldehydo-D-ribose 5-phosphate(2-)","","aldehydo-D-ribose 5-phosphate(2-)"
"37455","","","WP4290;WP134","ribulose 5-phosphate","","ribulose 5-phosphate"
"191197","","","WP5220","branched-chain keto acid","","branched-chain keto acid"
"22660","","","WP5220","aspartic acid","C16433","Aspartate"
"58725","","","WP5220;WP5394","2-ammonio-2-deoxy-D-glucopyranose 6-phosphate(1-)","","2-ammonio-2-deoxy-D-glucopyranose 6-phosphate(1-)"
"25115","","","WP5220","malate","","malate"
"78909","","","WP4586","12-HPEPE","","12-HPEPE"
"72645","","","WP4586","12-HEPE","","12-HEPE"
"36006","","","WP4586","icosapentaenoic acid","","icosapentaenoic acid"
"65341","","","WP4586","5-HETE(1-)","","5-HETE(1-)"
"25513","","","WP4142","neutral glycosphingolipid","","neutral glycosphingolipid"
"28541","","","WP4142","N-acetylneuraminyl-(2->8)-N-acetylneuraminyl-(2->8)-N-acetylneuraminyl-(2->3)-beta-D-galactosyl-(1->4)-beta-D-glucosyl-(1<->1')-N-acylsphingosine","C06299","NeuAc-alpha2->8NeuAc-alpha2->8NeuAc2->3LacCer"
"13956","","","WP4142;WP1422","ceramide 1-phosphate","","ceramide 1-phosphate"
"18163","","","WP4142","alpha-NeuNAc-(2->3)-beta-D-Gal-(1->3)-beta-D-GalNAc-(1->4)-[alpha-NeuNAc-(2->3)]-beta-D-Gal-(1->4)-beta-D-Glc-(1<->1')-Cer","C04927","N-Acetylneuraminyl-D-galactosyl-N-acetyl-D-galactosaminyl-(N-acetylneuraminyl)-D-galactosyl-D-glucosylceramide"
"61732","","","WP4142","beta-GalNAc-(1->4)-[alpha-Neu5Ac-(2->8)-alpha-Neu5Ac-(2->8)-alpha-Neu5Ac-(2->3)]-beta-Gal-(1->4)-beta-Glc-(1->1')-Cer","","beta-GalNAc-(1->4)-[alpha-Neu5Ac-(2->8)-alpha-Neu5Ac-(2->8)-alpha-Neu5Ac-(2->3)]-beta-Gal-(1->4)-beta-Glc-(1->1')-Cer"
"62370","","","WP4142","alpha-Neu5Ac-(2->3)-beta-D-Gal-(1->3)-beta-D-GalNAc-(1->4)-beta-D-Gal-(1->4)-beta-D-Glc-(1<->1')-Cer","","alpha-Neu5Ac-(2->3)-beta-D-Gal-(1->3)-beta-D-GalNAc-(1->4)-beta-D-Gal-(1->4)-beta-D-Glc-(1<->1')-Cer"
"66964","","","WP4174","Delta(9)-tetrahydrocannabinol","C06972","Dronabinol"
"35910","","","WP3602","2-oxo monocarboxylic acid","C00161","2-Oxo acid"
"16153","","","WP3602","N-acetyllactosamine","C00611","N-Acetyllactosamine"
"61526","","","WP3602","(E)-hexadec-2-enoyl-CoA(4-)","","(E)-hexadec-2-enoyl-CoA(4-)"
"18191","","","WP3580","thioredoxin disulfide","C00343","Thioredoxin disulfide"
"26823","","","WP4292;WP4507","sulfites","","sulfites"
"58146","","","WP4190","(R)-5-phosphonatomevalonate(3-)","","(R)-5-phosphonatomevalonate(3-)"
"57557","","","WP4190","(R)-5-diphosphonatomevalonate(4-)","","(R)-5-diphosphonatomevalonate(4-)"
"58057","","","WP4190","geranyl diphosphate(3-)","","geranyl diphosphate(3-)"
"58756","","","WP4190","2-trans,6-trans,10-trans-geranylgeranyl diphosphate(3-)","","2-trans,6-trans,10-trans-geranylgeranyl diphosphate(3-)"
"57310","","","WP4190","presqualene diphosphate(3-)","","presqualene diphosphate(3-)"
"83934","","","WP4189","zaragozic acid C","","zaragozic acid C"
"38545","","","WP4189","rosuvastatin","","rosuvastatin"
"35699","","","WP4189","cis-cinnamic acid","","cis-cinnamic acid"
"39548","","","WP4189","atorvastatin","C06834","Atorvastatin"
"40303","","","WP4189","lovastatin","C07074","Lovastatin"
"9150","","","WP4189","simvastatin","","simvastatin"
"38565","","","WP4189","(3R,5S)-fluvastatin","","(3R,5S)-fluvastatin"
"27794","","","WP4189","isoferulic acid","C10470","Isoferulic acid"
"183772","","","WP4189","3,4-Dimethoxy-alpha-pyrrolidinopentiophenone","","3,4-Dimethoxy-alpha-pyrrolidinopentiophenone"
"88766","","","WP3963;WP5153","Dolichol-20","","Dolichol-20"
"16389","","","WP3963;WP5037","ubiquinones","C00399","Ubiquinone"
"89328","","","WP5279","5a-Tetrahydrocorticosterone","","5a-Tetrahydrocorticosterone"
"88734","","","WP5279","Aldosterone 18-glucuronide","","Aldosterone 18-glucuronide"
"50570","","","WP5241","trans-2-octadecenoyl-CoA","C16218","(2E)-Octadecenoyl-CoA"
"50577","","","WP5241","(S)-3-hydroxyoctadecanoyl-CoA","","(S)-3-hydroxyoctadecanoyl-CoA"
"50571","","","WP5241","3-oxooctadecanoyl-CoA","C16216","3-Oxostearoyl-CoA"
"78187","","","WP5241","(2E,9Z)-octadecadienoyl-CoA","","(2E,9Z)-octadecadienoyl-CoA"
"87781","","","WP5241","(3S)-3-hydroxyoleoyl-CoA","","(3S)-3-hydroxyoleoyl-CoA"
"88007","","","WP5241","3-oxooleoyl-CoA","","3-oxooleoyl-CoA"
"88008","","","WP5241","(7Z)-hexadecenoyl-CoA","","(7Z)-hexadecenoyl-CoA"
"88086","","","WP5241","(2E,7Z)-hexadecadienoyl-CoA","","(2E,7Z)-hexadecadienoyl-CoA"
"88087","","","WP5241","(3S,7Z)-3-hydroxyhexadecenoyl-CoA","","(3S,7Z)-3-hydroxyhexadecenoyl-CoA"
"88090","","","WP5241","(7Z)-3-oxohexadecenoyl-CoA","","(7Z)-3-oxohexadecenoyl-CoA"
"70712","","","WP5241","(5Z)-tetradecenoyl-CoA","","(5Z)-tetradecenoyl-CoA"
"88067","","","WP5241","(2E,5Z)-tetradecadienoyl-CoA","","(2E,5Z)-tetradecadienoyl-CoA"
"88072","","","WP5241","(3S,5Z)-3-hydroxytetradec-5-enoyl-CoA","","(3S,5Z)-3-hydroxytetradec-5-enoyl-CoA"
"88080","","","WP5241","(5Z)-3-oxotetradecenoyl-CoA","","(5Z)-3-oxotetradecenoyl-CoA"
"27989","","","WP5241","cis-dodec-3-enoyl-CoA","C02944","3-cis-Dodecenoyl-CoA"
"78190","","","WP5241","(2E,9Z,12Z)-octadecatrienoyl-CoA","","(2E,9Z,12Z)-octadecatrienoyl-CoA"
"74090","","","WP5241","(9Z,12Z)-3-oxolinoleoyl-CoA","","(9Z,12Z)-3-oxolinoleoyl-CoA"
"70713","","","WP5241","cis,cis-tetradeca-5,8-dienoyl-CoA","","cis,cis-tetradeca-5,8-dienoyl-CoA"
"132271","","","WP5241","(2E,5Z)-octadienoyl-CoA","","(2E,5Z)-octadienoyl-CoA"
"85889","","","WP5241","(Z)-hex-3-enoyl-CoA","","(Z)-hex-3-enoyl-CoA"
"78178","","","WP5241","(2E,9Z)-hexadecadienoyl-CoA","","(2E,9Z)-hexadecadienoyl-CoA"
"85443","","","WP5241","(3E,7Z,10Z,13Z,16Z,19Z)-docosahexaenoyl-CoA","","(3E,7Z,10Z,13Z,16Z,19Z)-docosahexaenoyl-CoA"
"76643","","","WP5241","(2E,7Z,10Z,13Z,16Z,19Z)-docosahexaenoyl-CoA","","(2E,7Z,10Z,13Z,16Z,19Z)-docosahexaenoyl-CoA"
"73887","","","WP5241","(7Z,10Z,13Z,16Z,19Z)-3-oxodocosapentaenoyl-CoA","","(7Z,10Z,13Z,16Z,19Z)-3-oxodocosapentaenoyl-CoA"
"30408","","","WP4921","iron-sulfur cluster","C00824","Iron-sulfur"
"30052","","","WP4922","copper(0)","","copper(0)"
"24479","","","WP4922","heme a","","heme a"
"83139","","","WP5123;WP368","long-chain fatty acyl-CoA(4-)","","long-chain fatty acyl-CoA(4-)"
"141075","","","WP5123","fatty acid 12:0","","fatty acid 12:0"
"140940","","","WP5123","fatty acid 14:0","","fatty acid 14:0"
"140943","","","WP5123","fatty acid 16:0","","fatty acid 16:0"
"140947","","","WP5123","fatty acid 18:0","","fatty acid 18:0"
"140942","","","WP5123","fatty acid 15:0","","fatty acid 15:0"
"140945","","","WP5123","fatty acid 17:0","","fatty acid 17:0"
"141070","","","WP5123","fatty acid 7:0","","fatty acid 7:0"
"141071","","","WP5123","fatty acid 8:0","","fatty acid 8:0"
"141072","","","WP5123","fatty acid 9:0","","fatty acid 9:0"
"78118","","","WP5123","fatty acid anion 10:0","","fatty acid anion 10:0"
"78115","","","WP5123","fatty acid anion 4:0","","fatty acid anion 4:0"
"78116","","","WP5123","fatty acid anion 6:0","","fatty acid anion 6:0"
"89487","","","WP4485","3-Methyluridine","","3-Methyluridine"
"19702","","","WP4485","N(2)-methylguanosine","","N(2)-methylguanosine"
"143283","","","WP4485","N(2),N(2),N(7)-trimethylguanosine","","N(2),N(2),N(7)-trimethylguanosine"
"70989","","","WP4485","N(4)-acetylcytidine","","N(4)-acetylcytidine"
"19065","","","WP4485","1-methylinosine","","1-methylinosine"
"19289","","","WP4485","N(2),N(2)-dimethylguanosine","","N(2),N(2)-dimethylguanosine"
"16020","","","WP4485","1-methyladenosine","C02494","1-Methyladenosine"
"77113","","","WP5192","EC 2.7.11.10 (IkappaB kinase) inhibitor","","EC 2.7.11.10 (IkappaB kinase) inhibitor"
"45719","","","WP5192;WP5121","(2R,3S,4Z)-2-aminooctadec-4-ene-1,3-diol","","(2R,3S,4Z)-2-aminooctadec-4-ene-1,3-diol"
"52994","","","WP4507","precursor Z","","precursor Z"
"71306","","","WP4507","MoO2-molybdopterin cofactor","","MoO2-molybdopterin cofactor"
"62728","","","WP4507","molybdopterin adenine dinucleotide","","molybdopterin adenine dinucleotide"
"7034","","","WP58","Muscarine","C07473","Muscarine"
"42334","","","WP727","2-[4-(2-hydroxyethyl)piperazin-1-yl]ethanesulfonic acid","","2-[4-(2-hydroxyethyl)piperazin-1-yl]ethanesulfonic acid"
"28487","","","WP727","reserpine","C06539","Reserpine"
"338412","","","WP727","(-)-anisomycin","C11281","Anisomycin"
"90705","","","WP727","SB 203580","","SB 203580"
"1220424","","","WP5153","","",""
"84880","","","WP5153","GDP-D-mannose","","GDP-D-mannose"
"35391","","","WP5046","aspartate(1-)","","aspartate(1-)"
"132560","","","WP5046","oligo(amidoamine)","","oligo(amidoamine)"
"83766","","","WP3630","olaparib","","olaparib"
"77634","","","WP3645","2-aminomuconic 6-semialdehyde zwitterion","","2-aminomuconic 6-semialdehyde zwitterion"
"75909","","","WP5366","double-stranded DNA fragment","","double-stranded DNA fragment"
"29372","","","WP4008","dioxygen(.1+)","","dioxygen(.1+)"
"64090","","","WP4008","tert-butyl hydroperoxide","","tert-butyl hydroperoxide"
"89981","","","WP4008","LPS with O-antigen","","LPS with O-antigen"
"134403","","","WP2507","poly(styrene) nanoparticle","","poly(styrene) nanoparticle"
"30441","","","WP2513","germanium atom","","germanium atom"
"91658","","","WP2513","5-(1H-indol-3-ylmethyl)-3-methyl-2-sulfanylidene-4-imidazolidinone","","5-(1H-indol-3-ylmethyl)-3-methyl-2-sulfanylidene-4-imidazolidinone"
"57817","","","WP4577","sphinganine(1+)","","sphinganine(1+)"
"83955","","","WP4577","2-saturated fatty acid anion","","2-saturated fatty acid anion"
"139048","","","WP4577;WP5121;WP4725","dihydroceramide","","dihydroceramide"
"59458","","","WP4577","N-[(R)-4-phosphonatopantothenoyl]-L-cysteinate(3-)","","N-[(R)-4-phosphonatopantothenoyl]-L-cysteinate(3-)"
"29421","","","WP5083","trihydridonitrogen(.1+)","","trihydridonitrogen(.1+)"
"92303","","","WP5083","1-phenyl-4-pyrazolo[3,4-d]pyrimidinamine","","1-phenyl-4-pyrazolo[3,4-d]pyrimidinamine"
"35247","","","WP5083;WP4688","D-serine zwitterion","","D-serine zwitterion"
"47777","","","WP5083","1,3-diglyceride","C06437","1,3-Diacylglycerol"
"49172","","","WP5083;WP2889","1,2-diglyceride","","1,2-diglyceride"
"37712","","","WP5083;WP2525","O-phosphoserine","","O-phosphoserine"
"144365","","","WP4220","N(2)-[4-(indol-3-yl)butanoyl]-L-glutamine","","N(2)-[4-(indol-3-yl)butanoyl]-L-glutamine"
"1240674","","","WP4220","","",""
"127762","","","WP1600","LSM-39319","","LSM-39319"
"173530","","","WP1600","5'-Hydroxycotinine","","5'-Hydroxycotinine"
"63860","","","WP1600","(S)-nicotinium N-alpha-D-glucosiduronate","","(S)-nicotinium N-alpha-D-glucosiduronate"
"28313","","","WP1600","(S)-nornicotine","C06524","Nornicotine"
"30734","","","WP1600","nicotine N(1')-oxide","","nicotine N(1')-oxide"
"89087","","","WP1600","cotinine N-oxide","","cotinine N-oxide"
"173425","","","WP1600","Nicotine imine","","Nicotine imine"
"17929","","","WP4947","N(omega),N(omega)-dimethyl-L-arginine","C03626","NG,NG-Dimethyl-L-arginine"
"29329","","","WP4947","nitrooxidanyl","","nitrooxidanyl"
"17170","","","WP4947","dimethylamine","C00543","Dimethylamine"
"25682","","","WP4947","N(omega),N'(omega)-dimethyl-L-arginine","","N(omega),N'(omega)-dimethyl-L-arginine"
"61896","","","WP4947","N(omega),N(omega)-dimethyl-L-arginine residue","","N(omega),N(omega)-dimethyl-L-arginine residue"
"139503","","","WP5133","vitamin D receptor agonist","","vitamin D receptor agonist"
"76578","","","WP4341","diradylglycerol","","diradylglycerol"
"71019","","","WP4255","omacetaxine mepesuccinate","","omacetaxine mepesuccinate"
"94793","","","WP4255","N-[(2S)-2,3-dihydroxypropyl]-3-(2-fluoro-4-iodoanilino)-4-pyridinecarboxamide","","N-[(2S)-2,3-dihydroxypropyl]-3-(2-fluoro-4-iodoanilino)-4-pyridinecarboxamide"
"53030","","","WP4396;WP170;WP299;WP1982","oxysterol","","oxysterol"
"42758","","","WP4396","aldehydo-D-glucose","","aldehydo-D-glucose"
"26536","","","WP170","retinoic acid","","retinoic acid"
"73558","","","WP170","D3 vitamins","","D3 vitamins"
"35703","","","WP299","xenobiotic","C06708","xenobiotic"
"24913","","","WP299","isoprenoid","","isoprenoid"
"48607","","","WP3971","lithium chloride","","lithium chloride"
"78730","","","WP5324","9(R)-HODE","","9(R)-HODE"
"34494","","","WP5324","9(10)-EpOME","","9(10)-EpOME"
"143095","","","WP5324","10-hydroxyoctadecanoic acid","","10-hydroxyoctadecanoic acid"
"88464","","","WP5324","(9E,11E)-octadecadienoic acid","","(9E,11E)-octadecadienoic acid"
"91217","","","WP5324","9,12,13-trihydroxyoctadec-10-enoic acid","","9,12,13-trihydroxyoctadec-10-enoic acid"
"89606","","","WP5324","12(13)Ep-9-KODE","","12(13)Ep-9-KODE"
"72639","","","WP5324","13-HODE","","13-HODE"
"137495","","","WP5324","13(R)-HODE","","13(R)-HODE"
"44526","","","WP5324","(10E,12Z)-octadecadienoic acid","","(10E,12Z)-octadecadienoic acid"
"23079","","","WP4304","cerebroside","","cerebroside"
"61995","","","WP4304;WP2525","lecithin","","lecithin"
"18179","","","WP4304","phosphoinositide","","phosphoinositide"
"63544","","","WP4723","(7Z,10Z,13Z,16Z)-docosatetraenoyl-CoA","","(7Z,10Z,13Z,16Z)-docosatetraenoyl-CoA"
"63542","","","WP4723","(8Z,11Z,14Z,17Z)-icosatetraenoyl-CoA","","(8Z,11Z,14Z,17Z)-icosatetraenoyl-CoA"
"63543","","","WP4723","(9Z,12Z,15Z,18Z,21Z)-tetracosapentaenoyl-CoA","","(9Z,12Z,15Z,18Z,21Z)-tetracosapentaenoyl-CoA"
"77366","","","WP4723","(6Z,9Z,12Z,15Z,18Z,21Z)-tetracosahexaenoic acid","","(6Z,9Z,12Z,15Z,18Z,21Z)-tetracosahexaenoic acid"
"77360","","","WP4723","(9Z,12Z,15Z,18Z,21Z)-tetracosapentaenoic acid","","(9Z,12Z,15Z,18Z,21Z)-tetracosapentaenoic acid"
"77526","","","WP4723;WP5424","(9Z,12Z,15Z,18Z)-tetracosatetraenoic acid","","(9Z,12Z,15Z,18Z)-tetracosatetraenoic acid"
"77527","","","WP4723;WP5424","(6Z,9Z,12Z,15Z,18Z)-tetracosapentaenoic acid","","(6Z,9Z,12Z,15Z,18Z)-tetracosapentaenoic acid"
"53026","","","WP5424","(5S,6S)-dihydroxy-(7E,9E,11Z,14Z)-icosatetraenoic acid","","(5S,6S)-dihydroxy-(7E,9E,11Z,14Z)-icosatetraenoic acid"
"165318","","","WP5424","1a,1b-Dihomo-PGJ2","","1a,1b-Dihomo-PGJ2"
"27624","","","WP5424","prostaglandin B1","C00959","Prostaglandin B1"
"73994","","","WP5424","thromboxane B1","","thromboxane B1"
"89568","","","WP5424","bicyclo-PGE2","","bicyclo-PGE2"
"138295","","","WP5424","(5S,6R)-dihydroxy-(7E,9E,11Z,14Z)-icosatetraenoic acid","","(5S,6R)-dihydroxy-(7E,9E,11Z,14Z)-icosatetraenoic acid"
"134499","","","WP5424","13,14-dihydro-15-oxoprostaglandin E1","","13,14-dihydro-15-oxoprostaglandin E1"
"183014","","","WP5424","1a,1b-Dihomo-PGF2alpha","","1a,1b-Dihomo-PGF2alpha"
"88346","","","WP5424","13,14-dihydroprostaglandin F2alpha","","13,14-dihydroprostaglandin F2alpha"
"185711","","","WP5424","1a,1b-dihomo-PGE2","","1a,1b-dihomo-PGE2"
"34821","","","WP5424","levuglandin E2","C13807","Levuglandin E2"
"34820","","","WP5424","levuglandin D2","C13808","Levuglandin D2"
"133739","","","WP5424","pyroglutamylglutaminate","","pyroglutamylglutaminate"
"15546","","","WP5424;WP5183","prostaglandin C1","C04686","(13E)-(15S)-15-Hydroxy-9-oxoprosta-11,13-dienoate"
"165343","","","WP5424","Tetranor-PGDM","","Tetranor-PGDM"
"28852","","","WP5424","prostaglandin F1alpha","C06475","Prostaglandin F1alpha"
"15545","","","WP5424","prostaglandin A1","C04685","(13E)-(15S)-15-Hydroxy-9-oxoprosta-10,13-dienoate"
"73944","","","WP5424","2,3-dinor-6-oxoprostaglandin F1alpha","","2,3-dinor-6-oxoprostaglandin F1alpha"
"165317","","","WP5424","1a,1b-Dihomo-15-deoxy-delta-12,14-PGD2","","1a,1b-Dihomo-15-deoxy-delta-12,14-PGD2"
"89315","","","WP5424","15-Keto-13,14-dihydroprostaglandin A2","","15-Keto-13,14-dihydroprostaglandin A2"
"175297","","","WP5424","9-Deoxy-delta12-PGD2","","9-Deoxy-delta12-PGD2"
"91133","","","WP5424","prostaglandin H1","","prostaglandin H1"
"15548","","","WP5424","15-dehydro-prostaglandin E1","C04654","(13E)-11alpha-Hydroxy-9,15-dioxoprost-13-enoate"
"27696","","","WP5424","prostaglandin D1","C06438","Prostaglandin D1"
"165313","","","WP5424","19R-Hydroxy-PGE2","","19R-Hydroxy-PGE2"
"172589","","","WP5424","13,14-Dihydro PGF1alpha","","13,14-Dihydro PGF1alpha"
"72595","","","WP5424","6,15-diketo,13,14-dihydroprostaglandin F1alpha","","6,15-diketo,13,14-dihydroprostaglandin F1alpha"
"165323","","","WP5424","2,3-Dinor-11beta-PGF2alpha","","2,3-Dinor-11beta-PGF2alpha"
"165328","","","WP5424","Dihomo-PGI2","","Dihomo-PGI2"
"175523","","","WP5424","8-iso-15-keto-PGF2alpha","","8-iso-15-keto-PGF2alpha"
"187201","","","WP5424","8-iso-PGF2alpha III-EA","","8-iso-PGF2alpha III-EA"
"131888","","","WP5424","8-epi-prostaglandin E2","","8-epi-prostaglandin E2"
"82742","","","WP4724","(8Z,11Z)-icosadienoyl-CoA","","(8Z,11Z)-icosadienoyl-CoA"
"31009","","","WP4724","hexacosanoic acid","","hexacosanoic acid"
"78706","","","WP4724","(8Z,11Z)-icosadienoic acid","","(8Z,11Z)-icosadienoic acid"
"72865","","","WP4724","(5Z,8Z,11Z)-icosatrienoic acid","","(5Z,8Z,11Z)-icosatrienoic acid"
"12071","","","WP241;WP5150","5,10-methylenetetrahydrofolate(2-)","","5,10-methylenetetrahydrofolate(2-)"
"53374","","","WP241","gamma-poly(L-glutamic acid) macromolecule","","gamma-poly(L-glutamic acid) macromolecule"
"133093","","","WP4487","gamma-Glu-Abu(1-)","","gamma-Glu-Abu(1-)"
"84058","","","WP4487;WP2525","ophthalmic acid","","ophthalmic acid"
"88364","","","WP5093","DG(18:1(11Z)/16:1(9Z)/0:0)","","DG(18:1(11Z)/16:1(9Z)/0:0)"
"88376","","","WP5094","DG(18:0/20:5(5Z,8Z,11Z,14Z,17Z)/0:0)","","DG(18:0/20:5(5Z,8Z,11Z,14Z,17Z)/0:0)"
"15991","","","WP5094","ferricytochrome c","C00125","Ferricytochrome c"
"18156","","","WP5094","1D-myo-inositol 4,5-bisphosphate","C04064","D-myo-Inositol 4,5-bisphosphate"
"35780","","","WP12","phosphate ion","","phosphate ion"
"50803","","","WP3287","nanoparticle","","nanoparticle"
"48043","","","WP4545","(25R)-3alpha,7alpha,12alpha-trihydroxy-5beta-cholestan-26-oic acid","","(25R)-3alpha,7alpha,12alpha-trihydroxy-5beta-cholestan-26-oic acid"
"48939","","","WP4545","(25R)-5beta-cholestane-3alpha,7alpha,12alpha,26-tetrol","","(25R)-5beta-cholestane-3alpha,7alpha,12alpha,26-tetrol"
"88109","","","WP4545","7alpha-hydroxy-3-oxochol-4-en-24-oic acid","","7alpha-hydroxy-3-oxochol-4-en-24-oic acid"
"76591","","","WP4545","(25R)-cholest-5-ene-3beta,26-diol","","(25R)-cholest-5-ene-3beta,26-diol"
"76592","","","WP4545","(25R)-7alpha,26-dihydroxycholesterol","","(25R)-7alpha,26-dihydroxycholesterol"
"86378","","","WP4545","(25R)-3beta-hydroxycholest-5-en-26-oic acid","","(25R)-3beta-hydroxycholest-5-en-26-oic acid"
"87476","","","WP4545","(25R)-7alpha,26-dihydroxycholest-4-en-3-one","","(25R)-7alpha,26-dihydroxycholest-4-en-3-one"
"48833","","","WP4545","7alpha,12alpha,26-trihydroxycholest-4-en-3-one","","7alpha,12alpha,26-trihydroxycholest-4-en-3-one"
"187968","","","WP4545","7alpha,12alpha,25-Trihydroxycholest-4-en-3-one","","7alpha,12alpha,25-Trihydroxycholest-4-en-3-one"
"49269","","","WP4545","7alpha,12alpha-dihydroxy-3-oxochol-4-en-24-oic acid","C15568","7alpha,12alpha-Dihydroxy-3-oxochol-4-enoate"
"63838","","","WP4545","(24S)-7alpha,24-dihydroxycholest-4-en-3-one","","(24S)-7alpha,24-dihydroxycholest-4-en-3-one"
"145879","","","WP3844","PIP2[3',4'](16:0/18:0)","","PIP2[3',4'](16:0/18:0)"
"65056","","","WP4141","EC 3.1.3.11 (fructose-bisphosphatase) inhibitor","","EC 3.1.3.11 (fructose-bisphosphatase) inhibitor"
"26607","","","WP3942","saturated fatty acid","","saturated fatty acid"
"23899","","","WP3942","icosanoid","","icosanoid"
"50867","","","WP3942","ciprofibrate","","ciprofibrate"
"35622","","","WP3942","thiazolidines","","thiazolidines"
"61560","","","WP4705","2'-deoxyribonucleoside 5'-triphosphate(4-)","","2'-deoxyribonucleoside 5'-triphosphate(4-)"
"18274","","","WP4705","2'-deoxyribonucleoside","C02269","Deoxynucleoside"
"82852","","","WP4705","inosine 5'-phosphate(1-) residue","","inosine 5'-phosphate(1-) residue"
"27354","","","WP134","xylulose 5-phosphate","","xylulose 5-phosphate"
"70817","","","WP5043;WP5294","EC 1.2.1.12 [glyceraldehyde-3-phosphate dehydrogenase (phosphorylating)] inhibitor","","EC 1.2.1.12 [glyceraldehyde-3-phosphate dehydrogenase (phosphorylating)] inhibitor"
"48462","","","WP5043","5-deoxy-alpha-D-ribose 1-phosphate","C16637","5-Deoxyribose-1-phosphate"
"52326","","","WP1941","3-hydroxytetracosanoyl-CoA","","3-hydroxytetracosanoyl-CoA"
"52329","","","WP1941","3-oxotetracosanoyl-CoA","","3-oxotetracosanoyl-CoA"
"51277","","","WP136","thioester","","thioester"
"37734","","","WP136","phosphoric ester","","phosphoric ester"
"33308","","","WP136","carboxylic ester","C02391","Ester"
"32988","","","WP136","amide","C00241","Amide"
"74965","","","WP4195","1-stearoyl-2-arachidonoyl-sn-glycero-3-phosphocholine","","1-stearoyl-2-arachidonoyl-sn-glycero-3-phosphocholine"
"74968","","","WP4195","1-icosanoyl-sn-glycero-3-phosphocholine","","1-icosanoyl-sn-glycero-3-phosphocholine"
"73792","","","WP4195","1-arachidonoyl-sn-glycerol 3-phosphate","","1-arachidonoyl-sn-glycerol 3-phosphate"
"77239","","","WP4195","1-stearoyl-2-arachidonoyl-sn-glycero-3-phosphate","","1-stearoyl-2-arachidonoyl-sn-glycero-3-phosphate"
"104872","","","WP4222","rolipram","","rolipram"
"31401","","","WP4222","cilostazol","","cilostazol"
"9139","","","WP4222;WP5294","sildenafil","C07259","Sildenafil"
"58456","","","WP4971","1-phosphatidyl-1D-myo-inositol 4,5-bisphosphate(5-)","","1-phosphatidyl-1D-myo-inositol 4,5-bisphosphate(5-)"
"58088","","","WP4971","1-phosphatidyl-1D-myo-inositol 3-phosphate(3-)","","1-phosphatidyl-1D-myo-inositol 3-phosphate(3-)"
"57658","","","WP4971","1-phosphatidyl-1D-myo-inositol 3,4-bisphosphate(5-)","","1-phosphatidyl-1D-myo-inositol 3,4-bisphosphate(5-)"
"8093","","","WP1528","phenylephrine","C07441","Phenylephrine"
"62519","","","WP5087","(2S,3S,5R,10R,12S,14S,15R,16R)-2-amino-12,16-dimethylicosane-3,5,10,14,15-pentol","","(2S,3S,5R,10R,12S,14S,15R,16R)-2-amino-12,16-dimethylicosane-3,5,10,14,15-pentol"
"60871","","","WP2848;WP15","selenium(2+)","","selenium(2+)"
"91108","","","WP2848","SB 431542","","SB 431542"
"86193","","","WP2848","DAPT","","DAPT"
"17270","","","WP2848","glycerol 2-phosphate","C02979","Glycerol 2-phosphate"
"7465","","","WP2848","naltrexone","C07253","Naltrexone"
"135694","","","WP2571","mozavaptan","","mozavaptan"
"9747","","","WP2571","Triptolide","C09204","Triptolide"
"32246","","","WP2571","tolvaptan","","tolvaptan"
"16070","","","WP690","1,5-anhydro-D-glucitol","C07326","1,5-Anhydro-D-glucitol"
"6060","","","WP690","Isosorbide","","Isosorbide"
"77318","","","WP2876","pregnane X receptor agonist","","pregnane X receptor agonist"
"8764","","","WP2572","mycophenolate mofetil","C07908","Mycophenolate mofetil"
"138013","","","WP3995","Z-DEVD-FMK","","Z-DEVD-FMK"
"60039","","","WP5026;WP4595;WP497","L-proline zwitterion","","L-proline zwitterion"
"50164","","","WP5026","gamma-glutamyl phosphate","","gamma-glutamyl phosphate"
"70744","","","WP5026","Gly-Pro","","Gly-Pro"
"25523","","","WP5026","NADP","","NADP"
"73393","","","WP5026","Ala-Pro","","Ala-Pro"
"58509","","","WP5026","1-pyrroline-3-hydroxy-5-carboxylate","","1-pyrroline-3-hydroxy-5-carboxylate"
"77731","","","WP5122;WP5321;WP5121","p53 activator","","p53 activator"
"36728","","","WP98","20-hydroxypregn-4-en-3-one","","20-hydroxypregn-4-en-3-one"
"32497","","","WP3980","thioacetamide","C19302","Thioacetamide"
"16605","","","WP3980","allyl alcohol","C02001","Allyl alcohol"
"50211","","","WP3980","retinol","","retinol"
"18222","","","WP4784","xylose","C01394","Xylose"
"29932","","","WP4784","tetraoxidophosphate(.2-)","","tetraoxidophosphate(.2-)"
"59640","","","WP4784","N-acetylglucosamine","","N-acetylglucosamine"
"24769","","","WP4784","iduronic acid","","iduronic acid"
"46818","","","WP4917","urate anion","","urate anion"
"58942","","","WP4917","cationic amino-acid residue","","cationic amino-acid residue"
"39745","","","WP4917","dihydrogenphosphate","","dihydrogenphosphate"
"83419","","","WP5199","1,2-dioctanoyl-sn-glycero-3-phospho-(1D-myo-inositol-4,5-bisphosphate)(5-)","","1,2-dioctanoyl-sn-glycero-3-phospho-(1D-myo-inositol-4,5-bisphosphate)(5-)"
"83416","","","WP5199;WP1981","1,2-dioctanoyl-sn-glycero-3-phospho-(1D-myo-inositol-3,4,5-trisphosphate)(7-)","","1,2-dioctanoyl-sn-glycero-3-phospho-(1D-myo-inositol-3,4,5-trisphosphate)(7-)"
"53200","","","WP5199","poly(caprolactone) macromolecule","","poly(caprolactone) macromolecule"
"58681","","","WP4224","5-phospho-beta-D-ribosylaminium(1-)","","5-phospho-beta-D-ribosylaminium(1-)"
"171302","","","WP4224","TG(22:1(13Z)/14:1(9Z)/20:3n6)","","TG(22:1(13Z)/14:1(9Z)/20:3n6)"
"58457","","","WP4224","N(1)-(5-phospho-D-ribosyl)glycinamide(1-)","","N(1)-(5-phospho-D-ribosyl)glycinamide(1-)"
"58426","","","WP4224","N(2)-formyl-N(1)-(5-phospho-D-ribosyl)glycinamide(2-)","","N(2)-formyl-N(1)-(5-phospho-D-ribosyl)glycinamide(2-)"
"58478","","","WP4224","2-formamido-N(1)-(5-O-phosphonato-D-ribosyl)acetamidine","","2-formamido-N(1)-(5-O-phosphonato-D-ribosyl)acetamidine"
"137981","","","WP4224","5-amino-1-(5-phosphonato-beta-D-ribosyl)imidazol-3-ium","","5-amino-1-(5-phosphonato-beta-D-ribosyl)imidazol-3-ium"
"73283","","","WP4900","CGS-21680","","CGS-21680"
"91832","","","WP4900","LSM-1748","","LSM-1748"
"93424","","","WP4900","LSM-3822","","LSM-3822"
"131358","","","WP4900","BAY 60-6583","","BAY 60-6583"
"132742","","","WP4900","lysophosphatidic acid","","lysophosphatidic acid"
"91624","","","WP4900","5-[6-(cyclohexylamino)-9-purinyl]-2-(hydroxymethyl)-4-methoxy-3-oxolanol","","5-[6-(cyclohexylamino)-9-purinyl]-2-(hydroxymethyl)-4-methoxy-3-oxolanol"
"134726","","","WP4900","istradefylline","","istradefylline"
"93269","","","WP4900","N-(4-cyanophenyl)-2-[4-(2,6-dioxo-1,3-dipropyl-7H-purin-8-yl)phenoxy]acetamide","","N-(4-cyanophenyl)-2-[4-(2,6-dioxo-1,3-dipropyl-7H-purin-8-yl)phenoxy]acetamide"
"92667","","","WP4900","N-[9-chloro-2-(2-furanyl)-[1,2,4]triazolo[1,5-c]quinazolin-5-yl]-2-phenylacetamide","","N-[9-chloro-2-(2-furanyl)-[1,2,4]triazolo[1,5-c]quinazolin-5-yl]-2-phenylacetamide"
"73282","","","WP4900","DPCPX","C13709","CPX"
"92361","","","WP4900","4-[2-[[7-amino-2-(2-furanyl)-[1,2,4]triazolo[1,5-a][1,3,5]triazin-5-yl]amino]ethyl]phenol","","4-[2-[[7-amino-2-(2-furanyl)-[1,2,4]triazolo[1,5-a][1,3,5]triazin-5-yl]amino]ethyl]phenol"
"135613","","","WP4900","regadenoson","","regadenoson"
"92714","","","WP4900","(2R,3R,4S,5R)-2-[6-[[(1S,2S)-2-hydroxycyclopentyl]amino]-9-purinyl]-5-(hydroxymethyl)oxolane-3,4-diol","","(2R,3R,4S,5R)-2-[6-[[(1S,2S)-2-hydroxycyclopentyl]amino]-9-purinyl]-5-(hydroxymethyl)oxolane-3,4-diol"
"109538","","","WP4900","8-cyclopentyl-1,3-dimethyl-7H-purine-2,6-dione","","8-cyclopentyl-1,3-dimethyl-7H-purine-2,6-dione"
"73286","","","WP4900","3-iodobenzyl-5'-N-methylcarboxamidoadenosine","","3-iodobenzyl-5'-N-methylcarboxamidoadenosine"
"59732","","","WP4900","N-methylglucamine","","N-methylglucamine"
"92848","","","WP4900","4-(2,6-dioxo-1-propyl-3,7-dihydropurin-8-yl)benzenesulfonic acid","","4-(2,6-dioxo-1-propyl-3,7-dihydropurin-8-yl)benzenesulfonic acid"
"92814","","","WP4900","LSM-3027","","LSM-3027"
"6078","","","WP4900","ivermectin","","ivermectin"
"45906","","","WP4900","suramin","C07974","Suramin"
"34941","","","WP4900","5'-phosphopyridoxal-6-azobenzene-2,4-disulfonic acid","C13745","Pyridoxalphosphate-6-azophenyl-2',4'-disulfonic acid"
"Q5280143","","","WP4022","","",""
"64183","","","WP4225;WP5037;WP78","ubiquinol-10","","ubiquinol-10"
"141212","","","WP4225","(R)-methylmalonate semialdehyde","","(R)-methylmalonate semialdehyde"
"58655","","","WP4225","(S)-3-aminoisobutyric acid zwitterion","","(S)-3-aminoisobutyric acid zwitterion"
"45951","","","WP4838","trifluoperazine","C07168","Trifluoperazine"
"28398","","","WP4838","butan-2-one","C02845","Methyl ethyl ketone"
"31991","","","WP4838","phenol red","C12600","Phenolsulfonphthalein"
"41847","","","WP4838","1,2-dioctadecanoyl-sn-glycerol","","1,2-dioctadecanoyl-sn-glycerol"
"52242","","","WP4838","1,4-diphenylbenzene","","1,4-diphenylbenzene"
"133022","","","WP4838","B-cell lymphoma 2 inhibitor","","B-cell lymphoma 2 inhibitor"
"34956","","","WP4838","ruthenium red","C13932","Ruthenium red"
"125649","","","WP3664","N-(6-methyl-1,3-benzothiazol-2-yl)-2-[(4-oxo-3-phenyl-6,7-dihydrothieno[3,2-d]pyrimidin-2-yl)thio]acetamide","","N-(6-methyl-1,3-benzothiazol-2-yl)-2-[(4-oxo-3-phenyl-6,7-dihydrothieno[3,2-d]pyrimidin-2-yl)thio]acetamide"
"3556","","","WP3664","cercosporin","C10309","Cercosporin"
"26537","","","WP3664","retinoid","","retinoid"
"8687","","","WP3664","pyrvinium","C07412","Pyrvinium"
"95032","","","WP3664","(6S,9aS)-6-[(4-hydroxyphenyl)methyl]-8-(1-naphthalenylmethyl)-4,7-dioxo-N-(phenylmethyl)-3,6,9,9a-tetrahydro-2H-pyrazino[1,2-a]pyrimidine-1-carboxamide","","(6S,9aS)-6-[(4-hydroxyphenyl)methyl]-8-(1-naphthalenylmethyl)-4,7-dioxo-N-(phenylmethyl)-3,6,9,9a-tetrahydro-2H-pyrazino[1,2-a]pyrimidine-1-carboxamide"
"92168","","","WP3664","3-[(2,4,6-trimethoxyphenyl)methylidene]-1H-indol-2-one","","3-[(2,4,6-trimethoxyphenyl)methylidene]-1H-indol-2-one"
"81559","","","WP5191","resolvin E1","C18171","Resolvin E1"
"35291","","","WP5188","all-trans-retinoate","","all-trans-retinoate"
"78630","","","WP5188","9-cis-retinoate","","9-cis-retinoate"
"138676","","","WP5188","11-cis-retinyl tetradecanoate","","11-cis-retinyl tetradecanoate"
"58210","","","WP5037","FMN(3-)","","FMN(3-)"
"60721","","","WP5037","all-trans-decaprenyl diphosphate(3-)","","all-trans-Decaprenyl diphosphate"
"50775","","","WP5037","3-decaprenyl-4,5-dihydroxybenzoic acid","","3-decaprenyl-4,5-dihydroxybenzoic acid"
"64181","","","WP5037","2-decaprenyl-6-methoxy-3-methylhydroquinone","","2-decaprenyl-6-methoxy-3-methylhydroquinone"
"64182","","","WP5037","3-demethylubiquinol-10","","3-demethylubiquinol-10"
"50776","","","WP5037","3-decaprenyl-4-hydroxy-5-methoxybenzoic acid","","3-decaprenyl-4-hydroxy-5-methoxybenzoic acid"
"50774","","","WP5037","2-decaprenyl-6-methoxyphenol","","2-decaprenyl-6-methoxyphenol"
"64180","","","WP5037","2-decaprenyl-6-methoxyhydroquinone","","2-decaprenyl-6-methoxyhydroquinone"
"58391","","","WP5037","all-trans-nonaprenyl diphosphate(3-)","","all-trans-nonaprenyl diphosphate(3-)"
"131429","","","WP4486","carcinine","","carcinine"
"67249","","","WP4486","N-acetylcarnosine","","N-acetylcarnosine"
"172495","","","WP4486","Homoanserine","","Homoanserine"
"89490","","","WP5181;WP4726","SM(d18:0/22:0)","","SM(d18:0/22:0)"
"90710","","","WP4883","receptor modulator","","receptor modulator"
"35222","","","WP4883","inhibitor","","inhibitor"
"76244","","","WP5315","sapienic acid","","sapienic acid"
"Q61233","","","WP2597","","",""
"30185","","","WP2597","zinc(0)","","zinc(0)"
"15075","","","WP28","selenate","","selenate"
"134407","","","WP15","prostaglandin H3","","prostaglandin H3"
"28031","","","WP15","prostaglandin E3","C06439","Prostaglandin E3"
"36897","","","WP15","monoatomic iodine","","monoatomic iodine"
"30660","","","WP15","thyroxine","","thyroxine"
"17242","","","WP15","dehydroascorbic acid","","dehydroascorbic acid"
"15076","","","WP15","selenide","","selenide"
"143243","","","WP15","cysteineglutathione disulfide","","cysteineglutathione disulfide"
"57524","","","WP4688","O-phosphonato-L-serine(2-)","","O-phosphonato-L-serine(2-)"
"58272","","","WP4688","3-phosphonato-D-glycerate(3-)","","3-phosphonato-D-glycerate(3-)"
"173246","","","WP722","Glycerol 1,2-diacetate","","Glycerol 1,2-diacetate"
"29320","","","WP722;WP732","calcium(0)","","calcium(0)"
"6123","","","WP3947;WP3944","ketanserin","C07464","Ketanserin"
"Q312208","","","WP5151","","",""
"147398","","","WP5294","tideglusib","","tideglusib"
"68844","","","WP5294","phosphodiesterase IV inhibitor","","phosphodiesterase IV inhibitor"
"133021","","","WP4658","venetoclax","","venetoclax"
"26347","","","WP247","prostanoid","","prostanoid"
"67194","","","WP247","cannabinoid","","cannabinoid"
"64572","","","WP5381","1,2-diacyl-sn-glycero-3-phospho-N,N-dimethylethanolamine zwitterion","","1,2-diacyl-sn-glycero-3-phospho-N,N-dimethylethanolamine zwitterion"
"85694","","","WP5381","diacylglycerol 34:1","","diacylglycerol 34:1"
"64708","","","WP5381","one-carbon compound","","one-carbon compound"
"64573","","","WP5381","1,2-diacyl-sn-glycero-3-phospho-N-methylethanolamine zwitterion","","1,2-diacyl-sn-glycero-3-phospho-N-methylethanolamine zwitterion"
"37845","","","WP4186","growth hormone","C18181","Growth hormone"
"78331","","","WP5121","PP2","","PP2"
"78646","","","WP4726","N-hexadecanoylsphingosine-1-phosphocholine","","N-hexadecanoylsphingosine-1-phosphocholine"
"84716","","","WP4726","beta-D-glucosyl-N-hexadecanoylsphingosine","","beta-D-glucosyl-N-hexadecanoylsphingosine"
"78647","","","WP4726","N-hexadecanoylsphinganine-1-phosphocholine","","N-hexadecanoylsphinganine-1-phosphocholine"
"84782","","","WP4726;WP1422","beta-D-glucosyl-(1<->1')-N-hexadecanoylsphinganine","","beta-D-glucosyl-(1<->1')-N-hexadecanoylsphinganine"
"74149","","","WP4726","(17Z)-hexacosenoyl-CoA","","(17Z)-hexacosenoyl-CoA"
"83358","","","WP4726;WP1422","N-stearoylsphingosine-1-phosphocholine","","N-stearoylsphingosine-1-phosphocholine"
"84719","","","WP4726","beta-D-glucosyl-N-octadecanoylsphingosine","","beta-D-glucosyl-N-octadecanoylsphingosine"
"89483","","","WP4726","SM(d18:0/18:0)","","SM(d18:0/18:0)"
"84697","","","WP4726","beta-D-glucosyl-(1<->1')-N-octadecanoylsphinganine","","beta-D-glucosyl-(1<->1')-N-octadecanoylsphinganine"
"67033","","","WP4726","N-octodecanoylsphinganine","","N-octodecanoylsphinganine"
"83359","","","WP4726","N-icosanoylsphingosine-1-phosphocholine","","N-icosanoylsphingosine-1-phosphocholine"
"84721","","","WP4726","beta-D-glucosyl-N-eicosanoylsphingosine","","beta-D-glucosyl-N-eicosanoylsphingosine"
"89491","","","WP4726","SM(d18:0/20:0)","","SM(d18:0/20:0)"
"84703","","","WP4726","beta-D-glucosyl-(1<->1')-N-eicosanoylsphinganine","","beta-D-glucosyl-(1<->1')-N-eicosanoylsphinganine"
"67027","","","WP4726","N-eicosanoylsphinganine","","N-eicosanoylsphinganine"
"74532","","","WP4726","N-docosanoylsphingosine-1-phosphocholine","","N-docosanoylsphingosine-1-phosphocholine"
"62107","","","WP4726","beta-D-glucosyl-N-(docosanoyl)sphingosine","","beta-D-glucosyl-N-(docosanoyl)sphingosine"
"84705","","","WP4726","beta-D-glucosyl-(1<->1')-N-docosanoylsphinganine","","beta-D-glucosyl-(1<->1')-N-docosanoylsphinganine"
"67021","","","WP4726","N-docosanoylsphinganine","","N-docosanoylsphinganine"
"72966","","","WP4726","N-docosanoylsphingosine","","N-docosanoylsphingosine"
"83360","","","WP4726","N-lignoceroylsphingosine-1-phosphocholine","","N-lignoceroylsphingosine-1-phosphocholine"
"84744","","","WP4726","beta-D-glucosyl-N-(tetracosanoyl)sphingosine","","beta-D-glucosyl-N-(tetracosanoyl)sphingosine"
"142699","","","WP4726","glucosylceramide (d18:1/24:0)","","glucosylceramide (d18:1/24:0)"
"84495","","","WP4726","N-tetracosanoylsphinganine-1-phosphocholine","","N-tetracosanoylsphinganine-1-phosphocholine"
"84707","","","WP4726","beta-D-glucosyl-(1<->1')-N-tetracosanoylsphinganine","","beta-D-glucosyl-(1<->1')-N-tetracosanoylsphinganine"
"52961","","","WP4726","N-tetracosanoylsphinganine","","N-tetracosanoylsphinganine"
"72965","","","WP4726","N-tetracosanoylsphingosine","","N-tetracosanoylsphingosine"
"74535","","","WP4726","N-[(15Z)-tetracosenoyl]sphing-4-enine-1-phosphocholine","","N-[(15Z)-tetracosenoyl]sphing-4-enine-1-phosphocholine"
"84746","","","WP4726","","",""
"91146","","","WP4726","N-[(15Z)-tetracosenoyl]sphinganine-1-phosphocholine","","N-[(15Z)-tetracosenoyl]sphinganine-1-phosphocholine"
"84699","","","WP4726","beta-D-glucosyl-(1<->1')-N-[(15Z)-tetracosenoyl]sphinganine","","beta-D-glucosyl-(1<->1')-N-[(15Z)-tetracosenoyl]sphinganine"
"74130","","","WP4726","N-[(15Z)-tetracosenoyl]sphinganine","","N-[(15Z)-tetracosenoyl]sphinganine"
"74450","","","WP4726","N-(15Z)-tetracosenoylsphingosine","","N-(15Z)-tetracosenoylsphingosine"
"84476","","","WP4726","N-(17Z-hexacosenoyl)-sphingosine-1-phosphocholine","","N-(17Z-hexacosenoyl)-sphingosine-1-phosphocholine"
"84750","","","WP4726","beta-D-glucosyl-N-[(17Z)-hexacosenoyl]sphingosine","","beta-D-glucosyl-N-[(17Z)-hexacosenoyl]sphingosine"
"84713","","","WP4726","beta-D-glucosyl-(1<->1')-N-[(17Z)-hexacosenoyl]sphinganine","","beta-D-glucosyl-(1<->1')-N-[(17Z)-hexacosenoyl]sphinganine"
"74132","","","WP4726","N-[(17Z)-hexacosenoyl]sphinganine","","N-[(17Z)-hexacosenoyl]sphinganine"
"84375","","","WP4726","N-(17Z-hexacosenoyl)sphingosine","","N-(17Z-hexacosenoyl)sphingosine"
"83361","","","WP4726","N-hexacosanoylsphingosine-1-phosphocholine","","N-hexacosanoylsphingosine-1-phosphocholine"
"75344","","","WP4726","beta-D-glucosyl-N-(hexacosanoyl)sphingosine","","beta-D-glucosyl-N-(hexacosanoyl)sphingosine"
"85022","","","WP4726","N-hexacosanoylsphinganine-1-phosphocholine","","N-hexacosanoylsphinganine-1-phosphocholine"
"84710","","","WP4726","beta-D-glucosyl-(1<->1')-N-hexacosanoylsphinganine","","beta-D-glucosyl-(1<->1')-N-hexacosanoylsphinganine"
"52962","","","WP4726","N-hexacosanoylsphinganine","","N-hexacosanoylsphinganine"
"72968","","","WP4726","N-hexacosanoylsphingosine","","N-hexacosanoylsphingosine"
"84757","","","WP1422","beta-D-galactosyl-(1->4)-beta-D-glucosyl-(1<->1')-N-hexadecanoylsphinganine","","beta-D-galactosyl-(1->4)-beta-D-glucosyl-(1<->1')-N-hexadecanoylsphinganine"
"20096","","","WP1422","3-dehydrosphingosine","C06121","3-Ketosphingosine"
"85452","","","WP5150","2'-deoxycytidine 5'-monophosphate(1-) residue","","2'-deoxycytidine 5'-monophosphate(1-) residue"
"85454","","","WP5150","5-methyl dCMP(1-) residue","","5-methyl dCMP(1-) residue"
"6736","","","WP2431","melittin","C11198","Melitten"
"44661","","","WP2431","olomoucine","","olomoucine"
"131504","","","WP2431","PD 168393","","PD 168393"
"136912","","","WP430","1,2-diacyl-sn-glycero-3-phospholipid","","Phospholipid"
"35664","","","WP430","EC 1.1.1.34/EC 1.1.1.88 (hydroxymethylglutaryl-CoA reductase) inhibitor","","EC 1.1.1.34/EC 1.1.1.88 (hydroxymethylglutaryl-CoA reductase) inhibitor"
"166781","","","WP5277","Pregn-5-ene-3beta,20alpha-diol","","Pregn-5-ene-3beta,20alpha-diol"
"86990","","","WP706","N-methyl-3-phenyl-3-[4-(trifluoromethyl)phenoxy]propan-1-amine","","N-methyl-3-phenyl-3-[4-(trifluoromethyl)phenoxy]propan-1-amine"
"5118","","","WP706","fluoxetine","","fluoxetine"
"169453","","","WP706","Poly-g-D-glutamate","C05723","Poly-gamma-D-glutamate"
"58343","","","WP5368","adenosine 3',5'-bismonophosphate(4-)","","adenosine 3',5'-bismonophosphate(4-)"
"58339","","","WP5368","3'-phosphonato-5'-adenylyl sulfate(4-)","","3'-phosphonato-5'-adenylyl sulfate(4-)"
"75408","","","WP2542","sulindac sulfide","","sulindac sulfide"
"64212","","","WP2542","sulindac sulfone","","sulindac sulfone"
"133444","","","WP5194","1-O-acylceramide","","1-O-acylceramide"
"36774","","","WP5194","gibberellin A2","","gibberellin A2"
"140817","","","WP5194","alpha-D-Gal-(1->3)-beta-D-Gal-(1->4)-beta-D-Glc-(1<->1')-Cer","","alpha-D-Gal-(1->3)-beta-D-Gal-(1->4)-beta-D-Glc-(1<->1')-Cer"
"67109","","","WP5194","1-deoxysphinganine(1+)","","1-deoxysphinganine(1+)"
"57719","","","WP5078","D-tryptophan zwitterion","","D-tryptophan zwitterion"
"89224","","","WP2583","DG(18:1(9Z)/20:0/0:0)","","DG(18:1(9Z)/20:0/0:0)"
"145877","","","WP5098","PIP2[3',4'] 34:0","","PIP2[3',4'] 34:0"
"139109","","","WP5098","IP3 receptor agonist","","IP3 receptor agonist"
"84974","","","WP5098","1,2-dihexadecadienoyl-sn-glycerol","","1,2-dihexadecadienoyl-sn-glycerol"
"84238","","","WP5098","1,2-dioctanoyl-sn-glycero-3-phospho-(1D-myo-inositol-3,4,5-trisphosphate)","","1,2-dioctanoyl-sn-glycero-3-phospho-(1D-myo-inositol-3,4,5-trisphosphate)"
"35019","","","WP5362","tributyl phosphate","C14439","Tributyl phosphate"
"50623","","","WP2453","S(8)-acetyldihydrolipoamide","","S(8)-acetyldihydrolipoamide"
"40823","","","WP5050","(aminooxy)acetic acid","","(aminooxy)acetic acid"
"35923","","","WP231","hydroperoxide","","hydroperoxide"
"50949","","","WP691","serotonin uptake inhibitor","","serotonin uptake inhibitor"
"75844","","","WP4321","1,2,3-trilinoleoylglycerol","","1,2,3-trilinoleoylglycerol"
"80233","","","WP4321","Atrial natriuretic peptide","C16003","Atrial natriuretic peptide"
"80234","","","WP4321","Brain natriuretic peptide","C16004","Brain natriuretic peptide"
"61912","","","WP4297","branched-chain fatty acyl-CoA","","branched-chain fatty acyl-CoA"
"45931","","","WP4297","thiamine(1+) diphosphate(1-)","","thiamine(1+) diphosphate(1-)"
"33283","","","WP4297","thiamine(1+) chloride","","thiamine(1+) chloride"
"25400","","","WP4746","monoiodotyrosine","","monoiodotyrosine"
"75602","","","WP4746","dT4","","dT4"
"85053","","","WP4746","EC 2.7.11.31 {[hydroxymethylglutaryl-CoA reductase (NADPH)] kinase} activator","","EC 2.7.11.31 {[hydroxymethylglutaryl-CoA reductase (NADPH)] kinase} activator"
"89575","","","WP4746","3,5-Diiodothyronine","","3,5-Diiodothyronine"
"138527","","","WP1981","D-myo-Ins(1,4,5)P3 hexakis(butyryloxymethyl) ester","","D-myo-Ins(1,4,5)P3 hexakis(butyryloxymethyl) ester"
"59524","","","WP75","lipoarabinomannan","","lipoarabinomannan"
"15634","","","WP2525","10-formyldihydrofolic acid","C03204","10-Formyldihydrofolate"
"3962","","","WP3","curcumin","C10443","Curcumin"
"8062","","","WP3","phenethyl caffeate","C10484","Phenethyl caffeate"
"47807","","","WP3","sulforaphane","","sulforaphane"
"138799","","","WP3","1-isothiocyanato-6-(methylsulfinyl)hexane","","1-isothiocyanato-6-(methylsulfinyl)hexane"
"91329","","","WP4566","AZD-8055","","AZD-8055"
"37008","","","WP4210","nicotinic acid mononucleotide","","nicotinic acid mononucleotide"
"30854","","","WP465","indole-3-acetate","","indole-3-acetate"
"62214","","","WP465","5-hydroxykynurenaminium(1+)","","5-hydroxykynurenaminium(1+)"
"18410","","","WP465","N-formylanthranilate","","N-formylanthranilate"
"19775","","","WP465","quinaldate","","quinaldate"
"22470","","","WP465","alpha-tocopherol","","alpha-tocopherol"
"35581","","","WP465","indole","","indole"
"26666","","","WP465","short-chain fatty acid","","short-chain fatty acid"
"16700","","","WP465","indican","C08481","Indican"
"145761","","","WP465","indolylacryloylglycine","","indolylacryloylglycine"
"28238","","","WP465","indole-3-carbaldehyde","C08493","Indole-3-carboxaldehyde"
"132244","","","WP465","(E)-3-(indol-3-yl)acrylic acid","","(E)-3-(indol-3-yl)acrylic acid"
"18386","","","WP465","quinaldic acid","C06325","2-Quinolinecarboxylic acid"
"176458","","","WP465","Indoleacetylglutamine","","Indoleacetylglutamine"
"167176","","","WP4868","GRL-0617","","GRL-0617"
"2955","","","WP4868","azithromycin","C06838","Azithromycin"
"27386","","","WP4506","cinnamic acid","C10438","Cinnamic acid"
"31128","","","WP4506","4-hydroxyphenyl acetate","C13636","4-Hydroxyphenyl acetate"
"29256","","","WP4506","thiol","C00145","Thiol"
"149584","","","WP4506","hawkinsin","","hawkinsin"
"87897","","","WP4506","4,6-dioxoheptanoic acid","","4,6-dioxoheptanoic acid"
"50378","","","WP4506","nitisinone","","nitisinone"
"87999","","","WP4506","3,5-dioxooctanedioic acid","","3,5-dioxooctanedioic acid"
"36659","","","WP4506","3-(4-hydroxyphenyl)lactate","C03672","3-(4-Hydroxyphenyl)lactate"
"36090","","","WP4506","4-coumaric acid","","4-coumaric acid"
"58885","","","WP5394","UDP-alpha-D-glucose(2-)","","UDP-alpha-D-glucose(2-)"
"61970","","","WP5394","N-acetyl-alpha-D-galactosamine 1-phosphate(2-)","","N-acetyl-alpha-D-galactosamine 1-phosphate(2-)"
"142399","","","WP5394","alpha-D-galactosamine 1-phosphate(1-)","","alpha-D-galactosamine 1-phosphate(1-)"
"71674","","","WP5394","D-galactosamine 6-phosphate(1-)","","D-galactosamine 6-phosphate(1-)"
"58516","","","WP5394","alpha-D-glucosamine 1-phosphate(1-)","","alpha-D-glucosamine 1-phosphate(1-)"
"58066","","","WP4595;WP4228","L-glutamic 5-semialdehyde zwitterion","","L-glutamic 5-semialdehyde zwitterion"
"29972","","","WP497","L-glutamic acid residue","","L-glutamic acid residue"
"410867","","","WP3871","","",""
"10223","","","WP716","alpha-cryptoxanthin","C15981","alpha-Cryptoxanthin"
"27547","","","WP716","zeaxanthin","C06098","Zeaxanthin"
"28838","","","WP716","lutein","C08601","Lutein"
"15948","","","WP716","lycopene","C05432","Lycopene"
"545914","","","WP716","","",""
"35288","","","WP716","all-trans-violaxanthin","C08614","Violaxanthin"
"3362","","","WP716","canthaxanthin","C08583","Canthaxanthin"
"40968","","","WP716","astaxanthin","C08580","Astaxanthin"
"35147","","","WP716","(6'R)-beta,epsilon-carotene","","(6'R)-beta,epsilon-carotene"
"67188","","","WP5397","9-cis-beta-carotene","C20484","9-cis-beta-Carotene"
"16987","","","WP4228","1-piperideine-6-carboxylate","","1-piperideine-6-carboxylate"
"89324","","","WP1531","24,25-Dihydroxyvitamin D","","24,25-Dihydroxyvitamin D"
"8403","","","WP1531","previtamin D3","C07711","Previtamin D(3)"
"49713","","","WP4698","lithium(1+)","","lithium(1+)"
"48343","","","WP5186","disulfide","","disulfide"
"15759","","","WP5186","2,3-epoxyphylloquinone","","2,3-epoxyphylloquinone"
"61938","","","WP5186","gamma-carboxy-L-glutamic acid zwitterion(2-)","","gamma-carboxy-L-glutamic acid zwitterion(2-)"
"23853","","","WP5186","dithiol","","dithiol"
"87732","","","WP5186","4-hydroxy-3-(3-oxo-1-phenylbutyl)-1-benzopyran-2-one","","4-hydroxy-3-(3-oxo-1-phenylbutyl)-1-benzopyran-2-one"
"78277","","","WP5186","menaquinone-4","","menaquinone-4"
"44245","","","WP5186","menaquinone-7","","menaquinone-7"
"78030","","","WP5442","LGK974","","LGK974"
"13145","","","WP5027","Met-tRNA(fMet)","","Met-tRNA(fMet)"
