"pathway_id","pathway_name","pathway_gene_ncbi_id","pathway_cpd_chebi_id"
"hsa01100","Metabolic pathways","",""
"hsa01200","Carbon metabolism","",""
"hsa01210","2-Oxocarboxylic acid metabolism","",""
"hsa01212","Fatty acid metabolism","",""
"hsa01230","Biosynthesis of amino acids","",""
"hsa01232","Nucleotide metabolism","",""
"hsa01250","Biosynthesis of nucleotide sugars","",""
"hsa01240","Biosynthesis of cofactors","",""
"hsa00010","Glycolysis / Gluconeogenesis","3101;3098;3099;80201;2645;2821;5213;5214;5211;2203;8789;230;226;229;7167;2597;26330;5232;5230;5223;5224;441531;2027;2026;2023;387712;5315;5313;5161;5160;5162;1737;1738;160287;92483;3939;3945;3948;124;125;126;131;127;128;130;10327;217;224;219;501;223;221;222;218;84532;55902;130589;5236;55276;2538;57818;92579;83440;669;9562;5105;5106","15361;32816;15351;4167;15366;30089;16452;30744;9532;18021;44897;15343;61553;15946;29042;16108;29052;422;16651;17794;15903;16001;17925;37736;16905;16236;17835;17665;17720;17719;17814;978;18305;2807;9003;80218;80219;80404"
"hsa00020","Citrate cycle (TCA cycle)","1431;47;50;48;3417;3418;3420;3421;3419;55753;4967;1743;1738;8802;8801;8803;6389;6390;6391;6392;2271;4190;4191;5091;5105;5106;5161;5160;5162;1737","15361;32816;15351;16810;30915;16452;30744;15741;9532;18021;44897;15380;18012;29806;15589;30797;16947;30769;16087;30887;16383;32805;978;7815;1463;80218;80219;80403;80404"
"hsa00030","Pentose phosphate pathway","2821;2539;25796;9563;5226;6120;729020;7086;84076;8277;6888;22934;23729;51071;64080;5236;55276;221823;5634;5631;9104;414328;132158;230;226;229;2203;8789;5213;5214;5211","15361;32816;4167;61553;15946;52742;17797;29052;17111;47013;17794;16217;17363;17032;15903;16332;18391;33198;16659;32398;48153;48928;37736;16905;17378;16300;17835;17665;11563;28542;190741;16132;55513;68819;17994;17719;16710;2229;16938;28816;167607;16802;27520;17784;15925;15721;27973;27469"
"hsa00040","Pentose and glucuronate interconversions","2990;9365;10941;79799;7367;10720;54490;54578;54657;54658;54659;7365;54600;7364;54575;54576;54579;7366;54577;7363;574537;7358;7360;10327;51084;6120;729020;9942;231;57016;441282;51181;6652;27294;55277;729920","15361;32816;16810;30915;167608;18066;46229;29042;16108;17754;17200;53455;15936;4178;47952;15748;17363;17032;46994;17108;16332;17535;17071;17173;17140;165240;17399;12952;4153;17151;17415;68837;15446;15963;82838;16789;48093;182416;16880;17767;33076;18403;17886;16142;17309;16022;13115;16154;46644;17360;4126;16246;17666;62321;28480;18333;15867;33809;141006;27975;168472;169226;166759;167579;174831;176746;15341;16593;1060;17117;17782;15623;15622;16787;28547;48092;6268;27450;28566;49039;37425"
"hsa00051","Fructose and mannose metabolism","4351;5373;5372;29925;29926;2762;7264;8790;197258;55556;3101;3098;3099;80201;5213;5214;5211;2203;8789;5207;5208;5209;5210;57103;3795;6652;231;57016;441282;230;226;229;7167;26007","61553;15946;37721;15824;15820;16108;29052;4208;422;16651;48649;17925;48066;17369;13332;17009;37736;16905;16899;18041;28808;62345;62346;17378;18205;35374;16298;28602;17924;17897;85507;2181;18105;37515;17044;6220;16647;17892;16955;28796;4093;21291;17291;17617;17548;21376;17357;16935;27857;38342;17942;16097;12387;28319;17937;17661;12350;16950;18078;468;7765;28845;16351;15847;81457;81499"
"hsa00052","Galactose metabolism","130589;2584;2592;2582;7360;5236;55276;3101;3098;3099;80201;2645;2538;57818;92579;2720;3938;3906;2683;8704;2717;231;57016;441282;5213;5214;5211;8972;93432;2548;2595;6476","167608;18066;46229;4167;67119;18307;61553;15946;17992;37721;15824;29042;16108;17754;29052;4139;17268;4208;17716;17925;17973;181444;16634;17378;17665;17924;4249;12931;16534;28061;4251;4141;17733;28037;17028;17505;17860;17164;16813;60312;177035;15945;15895;67118;4250;28339;27527;4808;153890;191711;15754;28053;31005;27387;37165;28663;191640;18207;18232"
"hsa00053","Ascorbate and aldarate metabolism","7358;10941;79799;7367;10720;54490;54578;54657;54658;54659;7365;54600;7364;54575;54576;54579;7366;54577;7363;574537;2990;9365;55586;10327;9104;217;224;219;501;223","15361;32816;16810;30915;167608;18066;46229;29073;38290;15820;17268;17200;4178;47952;15748;46994;17108;16332;17535;12952;4153;17415;16501;33510;17886;16085;16142;16292;16369;42819;17647;13115;16154;16002;30612;16157;30852;17587;16504;17666;17100;17464;16992;49060;15908;42905;42660;18038;18268;168472;169226;166759;167579;174831;176746;15341;16943;73681;16593;1060;17305;17543;15622;16787;28547;48092;6268;27956;17803;49039;37704;80181;80182;53072;37425;80368;85532;182410"
"hsa00500","Starch and sucrose metabolism","8972;93432;2548;2595;6476;7360;5167;5169;57733;2998;2997;2992;8908;2632;5836;5837;5834;178;278;279;276;280;277;124905666;124905668;128966568;128966570;11181;5236;55276;3101;3098;3099;80201;2645;2538;57818;92579;283209;2821","167608;18066;46229;4167;61553;15946;17992;4170;37721;15824;29042;17057;17306;28189;28017;52071;18269;62254;17383;29062;15751;28942;16218;18283;28102;28675;167580;18246;22798;37671;229909;17623;16551;18148;6435;3523;18398;16308;15703;15443;2233;17429;16703;28796;131603"
"hsa00520","Amino sugar and nucleotide sugar metabolism","27159;1118;3073;3074;55577;51005;10007;132789;3101;3098;3099;80201;9945;2673;64841;5238;2585;6675;91373;10020;5973;54187;140838;80896;55907;51706;1727;51700;606495;51167;123956252;80146;2645;5236;55276;7360;7358;2584;2592;2582;2821;4351;5373;5372;29925;29926;2762;7264;197258;8790","167608;18066;46229;4167;16264;67119;18307;61553;15946;37721;15824;15820;29042;16556;506227;4208;17200;53455;15936;16082;4178;47952;15748;165842;67168;46994;17108;17535;17925;17012;48066;17369;13332;17009;47977;12952;4153;47987;15873;15784;62254;17383;29062;17973;17029;15751;28942;16085;18205;35374;63153;17122;17665;17309;16261;17983;85507;28061;18097;2181;70765;28037;68678;139396;16955;73886;28681;70799;84725;42660;18038;15447;37166;22590;21615;181907;28881;16097;12387;28319;17661;146193;29025;70802;88237;184650;18098;67118;15807;17543;85804;62168;28273;70800;16446;52775;65047;15886;62420;17867;63273;68507;16787;28547;35373;27625;70738;27438;18232;15855;35041;80182;47025;47027;47028;53028;47039;47968;81010;81011;81012;44313;81497;63422;63283;63281;67178;138229"
"hsa00620","Pyruvate metabolism","84532;55902;5161;5160;5162;1737;1738;124;125;126;131;127;130;128;10327;5315;5313;31;32;98;97;217;224;219;501;223;134526;160287;92483;3939;3945;3948;197257;2739;3029;9380;4200;10873;4199;5091;4190;4191;2271;5105;5106;39;38","15361;32816;15351;15366;30089;16452;30744;15741;15740;30751;9532;18021;44897;15531;15343;18012;29806;15589;30797;422;16651;15350;16004;42111;15345;18041;16236;17158;17167;52222;17852;36457;15583;1178;35128;15357;30781;15694;28394;978;37666;28652;80218;80219;80404"
"hsa00630","Glyoxylate and dicarboxylate metabolism","84532;55902;4190;4191;1431;50;48;39;38;84693;5095;5096;4594;51179;54363;847;9380;283871;189;2752;6472;6470;2731;275;1738;2653;124908081;81888;132158;112817;125061","25805;15379;16526;16134;15361;32816;15351;16015;16810;30915;16240;15366;30089;16452;30744;15428;15741;16891;15740;30751;18050;17115;15380;15539;16108;15517;15589;30797;16947;30769;17497;29805;17180;30841;17794;16995;30623;16659;32398;17071;16087;30887;15535;15345;16383;32805;15673;17835;15466;15522;15473;36926;15536;15671;15674;30924;4593;17795;17150;17742;30923;16992;16710;15465;30742;16600;36986;15591;15593;30926;15594;30850;16729;16278;17778;15900;15452;47980;15454;27969;7282;81456;81672"
"hsa00640","Propanoate metabolism","84532;55902;79611;593;594;1629;1738;35;8310;51;3030;1962;1892;26275;31;32;23417;18;5095;5096;55862;84693;4594;8802;8801;8803;4329;160287;92483;3939;3945;3948","15351;15741;9532;15531;15380;16958;15539;16763;30831;16108;17272;30768;422;16651;17960;33190;18041;17153;18308;37080;17158;16997;15466;15364;33199;15529;15513;16510;33404;15465;17453;30860;10860;30836;15598;15507;8478;16717;15607;27957;27762;28831;62415;50613;1148;177266;28673;27821;80218;80219;190398"
"hsa00650","Butanoate metabolism","39;38;3033;3030;1962;1892;35;116285;123876;341392;54988;6296;348158;142827;79944;2571;2572;18;7915;3157;3158;3155;54511;5019;64064;65985;622","15361;32816;15351;16015;16810;30915;15741;15380;18012;29806;17790;15517;13705;15344;15347;16265;17968;30772;15345;16865;30566;15467;15588;30796;16583;15686;15473;36926;16724;30830;10983;17066;15453;18300;15743;15687;15688;17824;15543;15497;17260;17084;16982;16812;28578;15452;10979;17663;18409;28885;8295;1461;62211;28180;27444;28522;77700"
"hsa00562","Inositol phosphate metabolism","5289;4534;8776;8898;8897;9110;55613;9107;9108;64419;5297;5298;55361;55300;22908;22876;23396;8394;8395;138429;4952;3633;56623;8867;8871;23236;5330;5331;5332;5333;113026;84812;51196;5335;5336;89869;23007;9651;3707;3706;80271;9562;3632;51763;27124;3628;3613;3612;3705;253430;64768;3631;8821;51477;5290;5293;5291;5294;5728;3635;3636;5288;5286;5287;200576;9896;79837;5305;8396;10423;55586;4329;7167","15351;4170;16108;29052;17268;4178;47952;15748;17960;33190;17886;17815;17811;18297;16749;187038;17401;191032;17816;18228;16595;166489;16783;17526;16322;166491;18384;18427;28310;18169;18225;28858;16145;28446;16155;15844;17283;16507;191030;18345;48405;18348;16618;10642;27972;16925;16152;16067;16851;16500;50923;62574;195865"
"hsa00190","Oxidative phosphorylation","4535;4536;4537;4538;4539;4540;4541;4719;4720;4722;4724;4725;4726;374291;4728;4723;4729;4731;4694;4695;4696;4697;56901;107984365;4698;4700;4701;4702;4704;4705;4706;126328;55967;51079;4707;4708;4709;4710;4711;4712;4713;4714;4715;4716;54539;4717;4718;100532726;6389;6390;6391;6392;7386;4519;1537;7384;7385;7388;440567;7381;27089;29796;10975;1352;4514;4512;4513;84701;1327;9377;1329;1337;1339;1340;125965;1345;1346;1347;9167;1349;170712;1350;341947;1351;1353;1355;10063;54205;498;506;509;513;514;539;4508;515;516;517;518;10476;521;9551;124901481;10632;267020;522;4509;523;525;526;245973;528;51382;90423;529;9296;101927180;9550;127124;534;51606;10312;23545;50617;535;527;533;9114;245972;8992;155066;537;495;496;479;27068;5464;64077","15377;15422;15846;16908;25805;15379;16761;26078;18367;18361;29888;15741;24636;15378;18012;29806;18036;39949"
"hsa00910","Nitrogen metabolism","2747;2746;2752;1373;377677;759;765;766;771;11238;23632;768;761;763;767;760;762","25805;15379;16526;16134;16015;15740;30751;18050;25567;16301;17672;15429;48107;17544;16397;16480;17997;18379;17045;28024;29195;28616;15571;7587"
"hsa00920","Sulfur metabolism","9060;9061;10380;54928;6821;58472;23474;4357;7263;8991","15366;30089;15741;17980;17985;26836;16189;17115;15343;26833;17909;48854;17561;17588;17709;15891;15699;16136;33539;33541;16007;17437;17981;16160;15987;15226;16853;17827;16457;1438;9349;28262;27376;62081;52857"
"hsa00061","Fatty acid biosynthesis","31;32;197322;27349;2194;54995;84869;7923;109703458;51102;55301;23305;2182;2180;51703;2181;23205;81616","15351;15531;15525;16018;18359;15756;15792;30794;15904;16196;17330;25629;28842;27689;30813;18262;30805;33184;17093;1480;2393;3247;1642;326;10727;5704;1646;7725;1634;10724;4349;1637;325;10725;1655;10735;50651;1639;10729;5697;28837;28875;30807;28716;80386;80387;80388;80547"
"hsa00062","Fatty acid elongation","10449;3032;3033;3030;1892;51102;5538;9374;64834;54898;83401;6785;60481;79071;79993;51144;201562;9200;401494;51495;9524;122970;10965;641371;11332;117145;284486","15351;17984;15531;15517;15525;35366;15756;15489;19573;15469;15904;15455;50998;15521;15533;15532;33184;15471;27402;15491;27466;28726;27668;27868;28325;28528;28632;28264;28276;27648;27540;28706;28935;27721;28493;10723;27537"
"hsa00071","Fatty acid degradation","39;38;30;10449;3032;3033;3030;1962;1892;8310;51;35;34;33;36;37;2639;23305;2182;2180;51703;2181;23205;81616;1374;1375;126129;1376;1632;10455;113612;124;125;126;131;127;128;130;217;224;219;501;223","15346;15351;17478;15517;15525;35366;15734;18359;15756;15345;17859;17600;15524;15904;16125;15473;36926;15453;18310;15521;15533;15532;17490;15471;10615;15452;10283;27402;15491;27466;28726;27668;27868;28325;28528;28632;28264;28276;27648;27540;28706;28935;27721;28493;10723;27537;28387;184652;28002"
"hsa00100","Steroid biosynthesis","2222;6713;4047;1595;7108;3930;6307;50814;51478;10682;1718;6309;1717;3988;1056;8435;6646;120227;1594;1591","16113;17407;15440;15441;17759;17168;17933;17823;16933;16521;27693;28623;17737;17030;17791;16653;17002;15442;175094;16608;17038;1949;181919;27910;193304;18364;28113;18252;16290;18249;28934;28824;28940;28818;3168;28604;1307;17813;30109;29107;80094;50586;52972;19812;166888;80097;50591;168659;177277;50593;181923;212200;87044;47799;182951;182761;182502"
"hsa00120","Primary bile acid biosynthesis","10858;51302;80270;9023;9420;1581;1593;1582;6718;1109;10998;23600;8309;3295;6342;10005;570","15428;16113;15891;16359;16466;15519;17687;29746;16755;17500;182016;16577;85674;18402;181348;28865;28701;171981;28540;27428;17278;27393;27403;28533;2290;28047;2288;16496;17899;27505;9407;16525;36274;27379;2149;177282;181350;18431;34310;37640;42977;37623;17703;37642;48701;171686;81013;81014;81015;48825;190406;28477;81017;81018;81019"
"hsa00140","Steroid hormone biosynthesis","1583;1586;412;6820;1589;3283;3284;6715;6716;79644;1646;8644;1584;1585;6718;1109;3290;374875;3291;1645;9420;6783;3292;3294;8630;51478;7923;51144;79154;1543;1544;1577;1551;100861540;1571;1576;1545;1588;1581;51170;10941;79799;7367;10720;54490;54578;54657;54658;54659;7365;54600;7364;54575;54576;54579;7366;54577;7363;574537;1312;220074;3293","16113;16422;17026;17263;16032;17347;15994;180955;17650;16962;16469;16485;17252;28689;27584;16581;16827;17998;17160;17474;16973;28952;190408;16076;16985;18011;16330;16784;28453;2710;28195;16418;16814;18084;28750;27771;27582;27974;190716;27967;2495;27576;196340;2295;2150;798;75308;27768;799;1156;1189;776;28744;28955;18093;9901;732;28320;86389;1684;173194;86381;9481;1298;172122;1690;175452;30154;1712;3899;3898;1689;8387;177534;28043;27832;181455;28324;171954;27783;78600;180960;28697;177269;28247;783;1296;1294;190409;67237;175586;36489;766;4866;166844;1191;1188;36491;37450;28919;28835;28832;37451;50169;34461;81467;30834;81468;81469;81470;41321;35420;81471;81481"
"hsa00561","Glycerolipid metabolism","132158;217;224;219;501;223;231;57016;441282;10327;26007;2712;2710;2713;57678;150763;128966744;137964;84803;10554;10555;56894;56895;55326;253558;154141;129642;8611;8613;8612;23175;64900;9663;84513;196051;8525;8527;9162;1606;8526;1607;160851;1608;1609;139189;8694;84649;346606;1056;57104;80339;5406;5407;5408;119548;3990;8513;9388;4023;55750;11343;7920;116255;80168;2717","167608;18066;46229;17984;15978;29042;16108;17754;35366;16018;16016;17794;16659;32398;16337;17855;17378;17835;17815;16975;17871;35759;16826;16109;17615;18063;16599;191711;15754;28396;76256;76264;17670;15855;32167"
"hsa00564","Glycerophospholipid metabolism","23171;2819;2820;57678;150763;128966744;137964;84803;10554;10555;56894;56895;55326;253558;154141;129642;8443;56985;8611;8613;8612;23175;64900;9663;84513;196051;8525;8527;9162;1606;8526;1607;160851;1608;1609;139189;56994;10390;5337;5338;23646;122618;3931;8399;26279;30814;50487;64600;81579;84647;5319;5322;5320;391013;123745;5321;8681;100137049;8605;283748;255189;8398;151056;11145;54979;54947;79888;254531;10162;10434;23659;11313;10908;375775;56261;1103;43;1119;1120;162466;9468;5130;85465;55500;55224;5833;64850;10400;1040;8760;51365;9791;81490;23761;9489;54675;6901;9926;10423;79143","17984;17115;15343;15978;16108;15354;16110;49183;16000;17962;16436;17517;17553;16038;16337;132202;16732;18132;16221;17815;194386;16870;16975;16749;16463;16929;15958;15355;11750;18303;15835;28914;16542;37393;17936;183975;17504;16728;17152;29017;16206;50725;16266;28936;37646;28494;28621;28123;31997;50726;60430;81557;81558;71591"
"hsa00565","Ether lipid metabolism","8540;8611;8613;8612;85465;56994;10390;387521;387522;8399;26279;30814;50487;64600;81579;84647;5319;5322;5320;391013;123745;5321;8681;100137049;8605;283748;255189;8398;151056;11145;54979;254531;133121;5168;79153;284161;255043;5337;5338;23646;122618;7368;9514;54947;79888;5048;5049;5050;7941;5051","194386;16870;17810;16929;17555;15850;52595;15835;17197;16291;17106;30909;17473;36712;17832;177262;36707;15785;17476;36702;73332;37296;73322;73423;177404;73327;185429;79332"
"hsa00600","Sphingolipid metabolism","10558;9517;55304;2531;10715;29956;79603;204219;253782;91012;427;56624;340485;125981;55331;8560;123099;259230;166929;6609;6610;55512;55627;339221;64781;8611;8613;8612;81537;130367;8877;56848;8879;7357;2629;57704;9331;9334;2720;7368;2581;9514;410;4758;10825;129807;4759;2717;2583;3073;3074;2760;5660;768239","17115;15525;17761;52639;194383;16393;17553;190464;184744;185051;17636;62490;16566;16893;18368;17950;16874;176270;18390;36498;17862;16197;4177;71981;185325;177780;18259;37986;52897;180863;15681;180844;185377;18313;177482;177682;51013;177678;177701;18216;28943;37550;176327;184960;184397;184402;18318;178201;184954;27499;27731;27938;31488;191244;46961;31998"
"hsa00590","Arachidonic acid metabolism","8399;26279;30814;50487;64600;81579;84647;5319;5322;5320;391013;123745;5321;8681;100137049;8605;283748;255189;8398;151056;11145;54979;5742;5743;9536;80142;10728;873;874;127281;3248;6916;5730;27306;8644;5740;240;4048;284273;145482;22949;8529;4051;4056;2678;2687;2879;1571;1573;113612;1557;11283;239;59344;242;247;1555;1558;1559;2053;246","16110;49183;15843;15554;174978;174980;174982;174983;174985;15551;187232;15553;15555;15651;15552;165291;15647;16978;15627;28700;15559;15550;15547;15558;15557;28209;15629;15556;15646;15632;27814;27562;28666;15650;27820;28099;27555;27647;27485;28130;27595;28442;28158;28269;182522;28728;28667;15626;15628;6498;6499;27491;34505;34159;52449;34306;34185;34450;34490;171868;34130;34157;63974;63970;63969;63966;34486;34146;34162;34495;34126;34160;34128;34230;34229;34151;36190;36203;34784;35032;182157;34145;34137;34131;64095;34127;34497;34144;34487;34484"
"hsa00591","Linoleic acid metabolism","8399;26279;30814;50487;64600;81579;84647;5319;5322;5320;391013;123745;5321;8681;100137049;8605;283748;255189;8398;151056;11145;54979;246;1544;1558;1559;1557;1573;1571;1576","16110;49183;15843;17351;30245;53486;32798;15655;28661;14030;16423;15657;15658;34154;68947;72842;34496;86022;38300;34498;177850;72663;72665;34485;34148;34506;34504;34499;34500;34503"
"hsa00592","alpha-Linolenic acid metabolism","8399;26279;30814;50487;64600;81579;84647;5319;5322;5320;391013;123745;5321;8681;100137049;8605;283748;255189;8398;151056;11145;54979;9415;8310;51;30","16110;49183;15560;15653;36438;137132;48905;27432;181431;18292;28857;15929;32389;545687;19144;23292;19143;84441;18435;25242;80443;60959;60961;60962;78700;80444;80445;80446;80447;80448;80449;80451;139105;80453;80455;80456;80457;80459;80460;76236;76234;76151;177251;76235;80462;80463;182960;182622"
"hsa01040","Biosynthesis of unsaturated fatty acids","64834;54898;83401;6785;60481;79071;79993;51144;201562;9200;401494;51495;9524;6319;79966;9415;3992;8310;51;3295;30;6342;122970;10965;641371;11332;570","15525;15843;15756;15541;15534;16196;25629;28842;17351;30245;15527;15530;15514;15508;53486;27979;5697;28822;28661;27432;28364;28125;23858;28941;28792;28866;44247;80357;80358;51985;190939;63545;63539;63541;80359;63540;63548;63546;76450;74606;76534;53488;53460;73731;32425;53487;65088;52974;74126;74106;74142;75117;80632"
"hsa00230","Purine metabolism","53343;56985;11164;5236;55276;221823;5634;5631;5471;2618;5198;10606;158;471;353;22978;84618;93034;30833;56953;100526794;284958;4907;4860;144811;3251;3614;3615;10201;29922;4831;4833;4830;4832;654364;221264;956;377841;953;124583;9583;957;955;131870;3704;7498;318;8833;2766;51292;9615;2987;6240;50484;6241;51020;1716;1633;374659;58497;107;108;109;196883;111;112;113;114;115;55811;2977;2982;2983;2984;3000;2986;4881;4882;5136;5153;5137;5138;5139;5140;8654;5145;5158;5146;5147;5148;5149;5152;10846;50940;122622;159;271;272;270;132;100;51816;122481;205;26289;204;203;158067;102157402;50808;954;84284;5167;5169;5141;5142;5143;5144;5150;27115;8622;5151;2272;22875;9060;9061;646625;55821","15422;16761;16526;16134;16027;17552;15428;16991;15996;16891;17980;17985;26836;16189;18050;16039;16199;17808;52742;17797;17111;17202;16284;17345;16708;17672;16174;16995;30623;16335;17709;16235;17368;16497;17544;17596;16960;17172;17713;28862;16192;17775;48517;17712;16750;17536;30837;17256;17489;15412;16300;15652;10049;16582;16356;17633;17422;15883;28823;28807;28931;18058;18107;59945;16282;15677;15678;175195;27844;18415;37737;138560;18334;15919;18349;2030;18272;28400;16690;190761;18413;18406;18381;28413;18319;16607;28997;50547;27580;28280;37666;28072;28181;51023;28470;28806;27775;1955;156046;1956;18072;31132;48000"
"hsa00240","Pyrimidine metabolism","790;1723;7372;51727;129607;10201;29922;4831;4833;4830;4832;654364;221264;956;377841;953;124583;9583;957;955;5167;5169;8623;318;1503;56474;83549;7371;54963;22978;84618;93034;30833;56953;100526794;284958;4907;151531;7378;51251;115024;978;6240;50484;6241;79077;51020;1633;1635;1841;1854;1890;7084;7083;7298;1806;1807;51733","17659;16991;181630;17361;17677;18050;15713;16199;16958;16695;17568;17239;17111;17672;17821;17748;17960;33190;15918;16742;16704;17025;18075;17013;17622;16040;15792;30794;15901;15859;16311;18077;17625;17562;16450;11563;28542;28846;16294;29745;15698;17065;16510;33404;15842;18116;16320;28850;28895;28616;17802;17453;30860;27652;28637;27551;18261;16952;28492;53013;27791;835;836;49049;189756;176874;182625"
"hsa00250","Alanine, aspartate and glutamate metabolism","2805;137362;2806;259307;8528;80150;440;56954;84706;2875;189;64902;445;435;122622;159;158;339983;57494;284716;2346;443;2571;2572;18;7915;2747;2746;8659;2752;790;27165;2744;1373;9945;2673;5471","16134;15361;32816;16015;16810;30915;16452;30744;16977;15741;17053;18050;18012;29806;17196;16947;30769;17672;16265;16865;30566;47987;15873;17364;15859;16769;30882;21547;16953;16327;37737;184023;15682;15919;371;17388;73688;191259"
"hsa00260","Glycine, serine and threonine metabolism","6472;6470;189;9380;132158;5223;5224;441531;669;26227;29968;5723;23464;211;212;4129;4128;8639;314;2731;275;1738;2653;124908081;1610;64902;2628;2593;55349;501;635;29958;51268;1757;27232;875;102724560;1491;10993;113675;63826","16526;16134;15361;32816;15428;16891;17053;17115;16828;17561;20506;15635;16763;30831;15354;1989;17180;30841;16857;17794;15611;16659;32398;15699;16919;17549;13086;18051;17158;15710;16344;17835;17750;16523;15725;15811;17724;15961;16882;17906;15804;17482;11750;18303;16194;15836;15675;18110;30933;48950;16944;40673;28718;27592;7351;49432"
"hsa00270","Cysteine and methionine metabolism","1491;56267;883;875;102724560;635;23743;4548;27430;4143;4144;262;6723;6611;4507;144811;84245;51074;58478;55256;6898;259307;27232;1786;1788;1789;23382;10768;191;587;586;64902;2729;2730;2937;1036;2805;137362;2806;4357;7263;160287;92483;3939;3945;3948;4190;4191;10993;113675;26227;29968","67040;15414;181457;16680;15361;32816;16977;17053;16856;26836;16189;17115;16643;48854;17561;16763;30831;17588;180963;17509;17794;15699;16136;16007;13086;18051;16283;17285;16345;16375;16208;17981;15811;16288;16160;15625;16723;33574;18053;30526;141698;17485;28839;17123;17482;74359;28340;35619;17016;15836;16552;18110;30933;17010;165241;27859;28096;17721;21264;8959;1665;16894;197142;28580;27891;18153;1438;18422;16493;17137;61289;16712;48291;49252;50604;50605;55474;176875"
"hsa00280","Valine, leucine and isoleucine degradation","587;586;259307;593;594;1629;1738;35;34;3712;36;27034;3030;1962;1892;3033;3028;30;10449;3032;5095;5096;84693;4594;26275;11112;4329;217;224;219;501;223;316;197322;18;64902;56922;64087;549;3155;54511;5019;64064;65985;39;38;3157;3158","15351;9532;15380;15539;15603;11851;16530;13705;15344;16414;17865;48430;15345;16256;15467;17191;15479;15614;35146;15466;16320;15465;17453;30860;15487;15486;15488;33094;18188;15476;15478;27754;165613;15449;35819;28291;28259;37373;62638;27821;80218;80219;80220;80221;48522;80222;80223;80224;90222"
"hsa00290","Valine, leucine and isoleucine biosynthesis","10993;113675;587;586","15361;32816;15351;16763;30831;15603;11851;16530;16414;16857;17865;48430;17191;15614;35146;30719;17626;1178;35128;15586;30934;17275;11812;17667;1467;49072;15684;35121;43468;49256;27681;49258;27512;18409;27394;34008;49257"
"hsa00310","Lysine degradation","10157;501;51166;55526;1743;1738;2639;3030;1962;1892;3033;39;38;123688;85007;51268;79823;4297;8085;58508;9757;55904;23067;9739;80854;56979;11105;55870;56950;64754;150572;6839;79723;10919;79813;9869;83852;7799;2145;2146;6419;64324;7468;54904;29072;84444;387893;93166;84787;51111;2122;63976;55217;217;224;219;223;8424;5351;5352;8985;79709;23127","15351;16810;30915;15428;15741;18019;9532;15517;13705;15344;15753;15345;30633;30913;15887;16927;49014;58769;3424;17126;17859;15524;16855;15473;36926;37023;18120;15801;32796;15613;15453;18020;1941;15616;51807;15786;18127;17752;2024;16782;32797;17534;16120;39153;16752;27713;165870;17311;17213;17917;30912;16926;15512;8555;8552;172425;8551;28376;19450;1010;28391;31130;80218;80219;18040"
"hsa00220","Arginine biosynthesis","5009;445;435;384;383;4842;4843;4846;27165;2744;2752;790;1373;2747;2746;2805;137362;2806;84706;2875;162417;95;100526760","16526;16134;16015;16810;30915;17053;16467;18050;15729;16199;18012;29806;17672;16349;181895;16543;172431;17533;44337;9889;15832;29123;16319;184023;15682;16878;49002"
"hsa00330","Arginine and proline metabolism","2628;2593;548596;1160;1152;1159;1158;113451;4953;6723;6611;262;26;54498;217;224;219;501;223;84735;55748;57571;112483;6303;4129;4128;79814;4842;4843;4846;384;383;4942;65263;29920;5831;5625;8659;5832;51056;8974;283208;5033;58510;2805;137362;2806;112817;1610;112849","16670;67040;15414;15361;32816;16015;16891;16467;15729;16199;17148;17203;17431;15611;15499;16919;16610;16865;30566;15511;15887;17902;13086;18051;16480;17769;16344;15746;16313;16737;85981;15725;15728;15737;49268;17572;15625;18095;17232;29123;16319;17249;17287;16354;16671;17768;11951;17645;18062;16034;17798;17705;16841;27574;17425;36761;18253;28116;371;17388;177806;182149;15805;6151;27391;16889;48957;27657;7101;7386;27809;18412;4083;62213;21285;6331;197035;9299;48005;61521;49260;178402;66868;67204;70431;55479"
"hsa00340","Histidine metabolism","3034;131669;144193;10841;3067;26;217;224;219;501;223;443;3176;4129;4128;221;222;218;57571;138199;55748;84735","16015;16810;30915;17053;17111;15971;15727;18295;7274;18327;27247;30817;16255;48429;48309;16996;27596;18323;16426;27676;73200;18374;16974;17406;48427;27384;16805;17805;18406;18302;27735;29009;27398;141;27850;28483;28297;24773;27487;4828;82707;9572;27467;30883;67049;168124;15781;28104;1606;71028;190595;21305;80654"
"hsa00350","Tyrosine metabolism","2805;137362;2806;6898;259307;3242;3081;2954;2184;7299;7054;1638;7306;1644;1621;5409;1312;220074;4129;4128;8639;314;221;222;218;124;125;126;131;127;128;130;7173;316;81889;4282","15361;32816;15741;17895;18012;29806;15882;13705;15344;16265;15765;15760;17594;16169;44747;18357;17189;18101;28918;32374;16852;17105;47904;15768;18034;30907;17612;41941;15999;36242;18300;15772;18332;50371;16727;30859;17458;18258;1506;16854;27847;1254;17205;16237;30749;18243;15621;10980;16003;27978;19891;15924;2003;2040;16939;17142;16098;17671;185055;28773;27683;1387;27852;27404;27406;27637;28111;545959;27932;20106;27622;28508;1582;6270;6277;17445;1576;28036;28595;1162;60872;1879;9009;9274;177665;9275;181950;5764;915;58936;165377;48400;81392;81393;81394"
"hsa00360","Phenylalanine metabolism","5053;1644;8639;314;4129;4128;221;222;218;2805;137362;2806;6898;259307;3242;4282","15361;32816;15351;15741;17295;17895;15343;15380;18012;29806;18005;30851;15669;35697;15515;15537;1113;11641;37319;16424;18101;16104;46957;18125;18280;15490;16998;16562;16815;32815;16259;17655;18136;46951;8087;17884;61470;18397;17445;27480;32978;28631;28478;49000;952;28440;30745;1427;10472;32357;61462;32356;31082;66939;34453;34002;50117"
"hsa00380","Tryptophan metabolism","6999;3620;169355;125061;8564;8942;23498;130013;64577;55526;1743;1738;2639;3030;1962;1892;3033;39;38;56267;883;51166;121278;7166;1644;4129;4128;217;224;219;501;223;316;438;15;1543;1544;1545;11185;259307;26;847","15351;16828;16567;30754;15753;16946;29750;15345;16765;16881;15524;15793;36559;18086;17780;28790;15473;36926;16411;17890;17697;17508;15453;17109;17442;16796;18344;18112;17293;16050;16886;15363;71201;16031;30249;17828;17545;17566;17380;15976;16967;32808;18033;16675;15745;995;50157;27823;27421;28883;28715;28799;3715;2012;86002;194285;2198;28549;27593;27597;28736;2065;36407;36408;36575;2010;86003;2009;86004;2013;86005;17840;2089;28281;2195;2323;20109;27440;27631;28254;1098;64962;29028;48294;28136;9171;28747;80544;80545;80546;80959"
"hsa00400","Phenylalanine, tyrosine and tryptophan biosynthesis","2805;137362;2806;6898;259307;5053","18021;44897;16828;17295;17895;16567;30754;17111;18005;30851;36062;36241;17333;84387;29934;48153;17521;29751;37736;16905;13086;18051;16881;16119;16193;30764;17530;17947;32364;18105;37515;15999;36242;16257;29112;16630;30918;17052;51793;18299;7091;18277;18150;51284;51282;43103;181422;181931;179102"
"hsa00410","beta-Alanine metabolism","339896;51380;2571;2572;84735;57571;55748;18;54498;8639;314;217;224;219;501;223;221;222;218;1806;1807;51733;26275;3030;1962;1892;35;8310;51;23417;4329","15351;17053;15531;16958;15539;17568;15971;17960;33190;16610;16865;30566;15792;30794;15727;15901;17769;15746;15364;33199;7916;46905;15513;15725;16510;33404;16682;18323;15507;18261;15905;16675;28712;27749;18090;27762;16348;27413"
"hsa00430","Taurine and hypotaurine metabolism","1036;2571;2572;339896;51380;84890;2326;2327;2330;2328;2329;2686;124975;2678;2687;570","15361;32816;15351;16015;16810;30915;15366;30089;16977;15343;48854;17561;15350;15891;17285;16668;17717;16345;17141;17228;16621;181348;28865;1157;27694;17628;50519"
"hsa00440","Phosphonate and phosphinate metabolism","5833;85465;10390;9468;5130;56994","15361;32816;15366;30089;15428;15740;30751;18021;44897;15343;52742;17797;68819;17994;16183;30935;18124;15573;142852;28388;3276;3281;631;7328;7265;15732;1019;17056;18007;1159;5810;127780;3088;7347;81396;81397;81398;81399;81400;131759;81403;81404;81405;81406;81407;131436;81412;81413;81414;190720"
"hsa00450","Selenocompound metabolism","56267;883;4548;1491;51540;7296;114112;10587;11185;9060;9061;22928;22929;118672;51091;4141;92935","16541;16977;16503;4610;29269;64331;30021;9100;18212;16633;27812;28513;28776;18170;9096;27760;64685;13170;13166;80628;26634;64729;77058;77010;77012;82049;82050"
"hsa00470","D-Amino acid metabolism","27165;2744;80017;8528;63826;1610","15361;32816;16015;16810;30915;16452;30744;15428;16977;18019;17053;16467;18050;17115;16643;15729;17295;15343;17561;15570;17148;15971;17203;18005;30851;16857;15966;17364;15887;17415;16176;172431;17533;44337;16026;47031;16488;30308;46143;16970;16855;16523;16313;15816;16375;17061;16398;16867;16576;49268;17572;18095;16723;33574;28669;18127;32969;16924;16998;35265;17534;15914;16231;17425;36761;18253;28116;4280;16352;15798;16926;28203;19450;1010;28004;1241;36751;27947"
"hsa00480","Glutathione metabolism","2686;124975;2678;2687;79017;79094;494143;26873;2729;2730;2937;51056;290;221357;2939;2941;119391;2948;2953;2952;2947;4257;4259;2944;2949;4258;2938;2946;2940;9446;653689;25774;2950;373156;27306;10314;9027;2936;3417;3418;5226;2539;51060;2879;257202;2882;2877;2878;2876;2880;493869;9588;4953;6723;6611;6240;50484;6241","16474;18009;15351;16015;15428;16856;29073;38290;15729;17561;167606;17858;17148;15705;16610;17515;15746;17792;4047;18127;18183;17842;17021;35490;17257;27956;47910;47911;8744;16613;80568;80569;80570;64860;80571;80572;80573;80649;80650"
"hsa00510","N-Glycan biosynthesis","79644;22845;1798;29880;79868;199857;8813;8818;54344;56052;85365;440138;10195;79796;79087;29929;79053;84920;144245;3703;201595;6184;6185;1603;1650;84061;7991;58505;746;57171;7841;23193;11253;10905;57134;4121;4245;4124;4122;4247;2530;2683;8704;8703;6480;84620;4248;11320;11282;152586;4249;146664;25834","15820;16214;16091;15750;172697;15812;15809;26199"
"hsa00513","Various types of N-glycan biosynthesis","79868;199857;56052;85365;440138;10195;79796;79087;3703;201595;6184;6185;1603;1650;84061;7991;58505;746;11253;10905;57134;4121;4245;4124;4122;4247;3073;3074;2530;284004;25834;11320;11282;152586;2683;8704;8703;6487;283358;338707;64377;83539",""
"hsa00512","Mucin type O-glycan biosynthesis","442117;11227;64409;63917;79695;114805;79623;57452;117248;374378;168391;55568;2590;2591;2589;11226;8693;50614;51809;26290;100528030;56913;29071;728819;2650;9245;51301;6482;6483;55808;10610;256435;27090;10331;192134;9334","8572"
"hsa00515","Mannose type O-glycan biosynthesis","10585;29954;55624;2683;8704;8703;6487;27087;135152;9486;10690;2526;146664;84892;148789;84197;729920;2218;79147;10329;11041;9215;120071","17677;16022;16246;8572"
"hsa00514","Other types of O-glycan biosynthesis","8473;285203;23509;23275;4242;3955;5986;2683;8704;8703;6480;84620;6487;145173;56983;283464;727936;152002;79709;23127;8985;10585;29954;442117;11227;64409;63917;79695;114805;79623;57452;117248;374378;168391;55568;2590;2591;2589;11226;8693;50614;51809;26290;100528030;56913;29071;728819",""
"hsa00532","Glycosaminoglycan biosynthesis - chondroitin sulfate / dermatan sulfate","64131;64132;11285;126792;26229;55790;55454;337876;22856;79586;54480;29940;92126;50515;55501;166012;9469;56548;51363;10090;113189","17980;17985;16137;4439;8572"
"hsa00534","Glycosaminoglycan biosynthesis - heparan sulfate / heparin","64131;64132;11285;126792;26229;2135;2137;2134;2131;2132;3340;8509;9348;64579;26035;9653;9394;90161;266722;9957;9956;9953;9955;222537","15366;30089;17980;17985;8572"
"hsa00533","Glycosaminoglycan biosynthesis - keratan sulfate","2530;2683;8704;8703;10678;4166;8702;93010;8534;6487;9435;10164;6482;6483",""
"hsa00531","Glycosaminoglycan degradation","8692;3373;6677;23553;8372;2990;3423;3425;411;10855;60495;6448;138050;4669;2588;2720;2799;3073;3074","18376;18250;28815"
"hsa00563","Glycosylphosphatidylinositol (GPI)-anchor biosynthesis","5277;5279;5283;51227;9091;84992;8818;9487;284098;2822;93183;54965;55650;23556;9488;84720;5281;54872;8733;10026;94005;51604;128869;80055;65258;80235","15525;17553;16038;16749"
"hsa00601","Glycosphingolipid biosynthesis - lacto and neolacto series","84002;8708;8707;10317;2523;2524;2525;6487;6484;124872;28;2683;8704;8703;8702;10690;2526;2527;2528;2529;10402;6489;53947;8706;10678;10331;79369;2651",""
"hsa00603","Glycosphingolipid biosynthesis - globo and isoglobo series","127550;8706;26301;53947;2717;10317;3073;3074;4668;2523;2524;28;6482;6483;6489;10690",""
"hsa00604","Glycosphingolipid biosynthesis - ganglio series","2583;8705;6483;6482;29906;8869;6489;9197;256435;27090;81849;30815;2720;3073;3074",""
"hsa00511","Other glycan degradation","4758;10825;129807;4759;2720;3073;3074;284004;4123;4125;23324;4126;64772;2517;2519;175;2629;57704",""
"hsa00730","Thiamine metabolism","9054;84284;249;248;250;251;52;27010;122481;205;26289;204;203;158067;79178","15846;18405;15361;32816;15428;9532;17895;17561;29052;18385;9533;16892;18306;9534;138560;17957;17857;18032;16629;27824;16493;53647;80100;194810;80101;80102;85895;134196;134399"
"hsa00740","Riboflavin metabolism","55312;54;52;53;80308;5167;5169;645","16238;15996;17621;17363;16057;17015;15963;169293;230553;17607;18337;59546;29114;17877;16019;17781;16048;15890;17601;18247;15934;27581;50606;11515;52402"
"hsa00750","Vitamin B6 metabolism","55163;8566;57026;493911;316;29968","18405;18050;52742;17797;29052;16265;17310;17071;48153;16709;16410;28803;18335;17405;16871;16253;15821;49003;17413;17978;16216;16409;30960;140633;28038;17889;2124;27951;18336;28330;64186;1449"
"hsa00760","Nicotinate and nicotinamide metabolism","554235;23475;93100;4860;54981;27231;22978;84618;93034;30833;56953;100526794;284958;4907;349565;64802;23057;5167;5169;83594;25961;55191;10135;952;683;23098;23411;22933;23410;23409;23408;51548;51547;65220;133686;23530;4837;316","15846;18009;15361;32816;15741;17053;16108;18012;29806;17154;17272;30768;16265;15940;32544;16865;30566;16171;17688;18304;23812;17081;16168;17532;16364;15763;37754;18300;29045;16093;16797;17207;18226;17681;15927;16683;15582;16675;16453;7563;50616;27748;27410;27838;27435;49087;28220;37755;80354;80355;49075;39162;49076;49077;59930;66879;66951;190393"
"hsa00770","Pantothenate and CoA biosynthesis","53354;79646;80025;79717;60490;5167;5169;80347;60496;8876;8875;587;586;1806;1807;51733;339896;51380;217;224;219","15346;15361;32816;17053;17985;17561;16958;17568;11851;16530;16414;18359;15901;18697;14737;15980;15746;16753;7916;46905;15468;11561;17094;16654;15587;4222;16858;18261;15905;16139;18416;49072;15684;15769;18090;27373;18409;61291"
"hsa00780","Biotin metabolism","54995;3141;686","18019;16199;15956;2247;17830;15504;12266;15830;17330;15516;16691;30531;27870;3110;133909"
"hsa00785","Lipoic acid metabolism","387787;11019;51601;116285;1738;5161;5160;5162;1737;55753;4967;1743;55526;593;594;1629;2731;275;2653;124908081","16526;16134;15361;32816;15351;16810;30915;15428;9532;15380;20506;15635;11851;16530;1989;17865;48430;15753;15524;15479;15614;35146;16882;15533;15804;18047;15487;16194;978;1463;7725;28391;28837;80218;80219;80220;80221;48522;80222;80223;80224;90222;55451;30314;80403;80404"
"hsa00790","Folate biosynthesis","2643;249;248;250;251;1719;200895;2356;8836;5805;6697;231;57016;441282;873;8644;5860;84105;5092;5053;7054;121278;7166;4337;4338;10243;55034","15996;20506;15635;17111;17879;30763;17333;17071;43120;15372;59560;15633;27470;17836;30753;16095;4581;17839;17321;44841;17083;59546;29114;64277;28624;17804;17248;73083;15998;17001;18372;929;44074;48954;2251;15373;27650;18198;35181;15642;45075;45126;21437;60210;59345"
"hsa00670","One carbon pool by folate","1719;200895;25902;4522;10797;441024;6472;6470;2618;471;10841;123263;275;4548;7298;10840;160428;4524;10588;100528021","20506;15635;1989;15637;15633;15641;15638;27470;168563;15639;15640"
"hsa00830","Retinol metabolism","53630;124;125;126;131;127;128;130;9249;10901;317749;10170;50700;157506;51109;145226;112724;8608;195814;8630;9227;8694;158835;8228;6121;5959;316;8854;216;220;1592;56603;340665;1543;1544;1548;1549;1555;1558;1559;1562;29785;1576;1577;1551;100861540;54905;10941;79799;7367;10720;54490;54578;54657;54658;54659;7365;54600;7364;54575;54576;54579;7366;54577;7363;574537;54884;339761","17898;17336;177281;15367;16302;63410;17579;16066;17616;16254;2998;6562;6796;5949;28870;52075;50648;63795;80656;80657;80658;78273;78272;44597;132246"
"hsa00860","Porphyrin metabolism","211;212;124454;2058;210;3145;7390;7389;1371;5498;2235;1352;1355;326625;3162;3163;644;645;10941;79799;7367;10720;54490;54578;54657;54658;54659;7365;54600;7364;54575;54576;54579;7366;54577;7363;574537;2990;3052;1356;9843;341208;2395;2495;2512;94033","16015;26355;17627;30413;15428;16857;18408;17549;16990;188102;17033;18070;16304;28599;15982;17381;15852;16645;15437;15435;5656;16900;15430;50602;15436;17204;17439;16673;29157;15890;15675;15439;138560;15431;15757;28390;15432;16837;18230;27888;28766;27484;28607;28421;27609;28307;33907;28956;10329;177263;28265;18023;2784;2786;7861;7044;8027;15617;18392;6320;36479;29026;4260;29023;181920;36378;4259;8108;44898;2978;15618;15619;27858;27513;17926;27711;16430;28629;27630;27914;27937;28531;2482;2483;2480;2481;2479;30033;30034;3790;52491;3792;3794;3789;3795;181358;16790;15434;15433;30619;38259;73113;29709;190018;37525;29033;29034;36163;24480;52488;52489;52490;48396;38209;73373;38257;47899;48398;47951;76032;74628;81544;81545;81546;81547;81548;81551;81553;60197;82594;176951;190282;137678;137696"
"hsa00130","Ubiquinone and other terpenoid-quinone biosynthesis","6898;27235;51004;51805;84274;10229;1728;2677;79001;154807;3242","17895;17879;30763;15499;17333;17211;48861;17976;15669;35697;16169;44747;32374;16374;29780;17582;15999;36242;18067;18145;18185;18325;44788;15500;15509;28433;18094;10980;16003;11935;16741;18144;75837;177421;1269;39564;18151;55337;37531;1845;78396;28371;9239;24233;31087;47772;182172;47771;33270;33275;33277;33276;52668;75406;75920;75407;50271;28026;51310;51312;64252;182408;64284;81068;81178;81179;64694;174768;81182;75402;61122;61158;81530;81531;81532;55437;138846"
"hsa00900","Terpenoid backbone biosynthesis","39;38;3157;3158;3156;4598;10654;4597;3422;91734;2224;9453;23590;57107;79947;116150;2339;2342;100529261;9986;10269;23463;51449","15361;32816;15351;29052;16584;16057;15345;17211;48861;15467;17710;36464;17407;17436;16619;15899;17528;28798;15894;18144;16275;17613;18197;75837;26199;17764;16578;16840;16493;18425;15664;35194;19515;61011;81671;70764;90236"
"hsa00232","Caffeine metabolism","1544;10;9;1548;1549;7498","16891;48517;17712;18107;28177;28946;27732;25858;49310;48991;80470;68449;62207;62208;68444;68441;68531;691622;80471;44383;80472;32643;80473"
"hsa00524","Neomycin, kanamycin and gentamicin biosynthesis","3101;3098;3099;80201;2645","16015;167608;18066;46229;4167;16264;4170;18359;28864;28098;7934;27784;7489;2790;7508;7933;45257;17630;28185;28418;28292;28295;27412;32274;32275;53634;64796;65046;65027;65018;65008;81199;65112;65110;65044;65043;65098;81279;81280;42768;81281;81282;81283;71961;81287;81448;177756;73686;81450;71962;65113;65108;81451;81452;81453;81454;190254;182400;176943;182959;132423;176944;190395;182964;190268;190275;190279;190280;190728;190267;172916;201571"
"hsa00980","Metabolism of xenobiotics by cytochrome P450","1543;1559;1576;1545;221357;2939;2941;119391;2948;2953;2952;2947;4257;4259;2944;2949;4258;2938;2946;2940;9446;653689;25774;2950;373156;27306;2052;1555;6822;1544;1548;1549;1571;1572;29785;1645;27294;1553;1565;107987478;1564;107987479;3290;374875;873;874;10941;79799;7367;10720;54490;54578;54657;54658;54659;7365;54600;7364;54575;54576;54579;7366;54577;7363;574537;1577;8574;22977;246181;221;222;218;124;125;126;131;127;128;130","17688;16482;27418;17435;28516;27869;16602;2504;28142;28094;29865;3179;28534;28888;36386;30956;2505;10432;10319;34031;34104;47248;34512;34055;34048;34063;33998;34001;34108;34871;50450;33995;34000;33993;33994;33996;33999;33997;34105;34099;34106;34103;34102;34101;34100;34589;34587;34264;34586;34388;34588;34390;34387;34324;34228;34564;34563;34560;34562;30614;34513;34374;34479;34032;34214;34624;34213;34958;34302;34254;34959;34253;48814;34688;34957;35021;34263;34962;35012;35013;34777;35896;34960;34964;32692;78576;254496;82517;82518;82558;82559;82560;82561;82562;82563;82564;66879;82565;66951;82569;82571;82572;82573;82574;82575;82576;78582;30725;82580;82581;82582;82583;78577;82584;78586;82585;82588;82589;82590;82591;82592;82593"
"hsa00982","Drug metabolism - cytochrome P450","1565;107987478;1564;107987479;1559;1576;2326;2327;2330;2328;2329;1557;1555;1577;221357;2939;2941;119391;2948;2953;2952;2947;4257;4259;2944;2949;4258;2938;2946;2940;9446;653689;25774;2950;373156;27306;124;125;126;131;127;128;130;221;222;218;4129;4128;316;10941;79799;7367;10720;54490;54578;54657;54658;54659;7365;54600;7364;54575;54576;54579;7366;54577;7363;574537;1544;1571;1558;1548;1549","15368;17303;44616;16714;27871;3387;5864;6456;41774;6807;39867;7824;701;4592;3388;4995;3723;77397;1864;1887;2560;3410;8163;4027;6441;28738;1831;7633;80553;63825;80554;80555;80556;80557;80558;80559;37599;80560;80561;80562;80563;80564;80565;80566;80567;222828;357241;55545;80574;80575;80579;80580;80581;80583;80584;80585;80586;80589;80590;80593;80594;80596;80597;80598;80599;80600;80601;80602;80603;80604;80605;80607;80631;80634;80635;80636;80637;80638;80639;80640;80641;80642;80643;80644;80645;80646;80647;80648"
"hsa00983","Drug metabolism - other enzymes","3251;3614;3615;8833;7172;7498;3704;1066;8824;10941;79799;7367;10720;54490;54578;54657;54658;54659;7365;54600;7364;54575;54576;54579;7366;54577;7363;574537;2990;1576;978;1890;1806;1807;51733;1548;1549;151531;7378;83549;7371;54963;7084;7083;7372;51727;6240;50484;6241;10201;29922;4831;4833;4830;4832;654364;1854;4353;10;9;1571;221357;2939;2941;119391;2948;2953;2952;2947;4257;4259;2944;2949;4258;2938;2946;2940;9446;653689;25774;2950","15846;18009;17021;2208;50667;2129;2332;15571;18172;30775;2948;6030;6032;2422;7207;9555;46345;8988;8990;60761;31348;32188;31521;80551;80552;80608;28279;80609;80610;80611;80612;80613;80614;80615;80616;80617;80618;80619;80624;80625;80626;40154;40101;80627;80630"
"hsa03020","RNA polymerase","5431;5430;5432;5439;548644;246721;5433;5436;5438;81488;55703;11128;51082;9533;10623;661;55718;10621;84265;10622;171568;27297;51728;84172;25885;30834;10849;221830;64425;5434;5435;5437;5440;5441",""
"hsa03022","Basal transcription factors","11036;2957;2958;2959;387332;9519;6908;6872;138474;6873;6879;54457;129685;83860;6881;27097;6877;6875;6874;6883;6878;10629;6880;51616;6882;6884;8148;2960;2961;2962;2963;2965;2966;730394;728340;2967;2968;2071;2068;404672;1022;4331;902;2969",""
"hsa03040","Spliceosome","26863;26870;6060;26869;26871;26864;101954273;101954268;101954264;124904613;101447996;101954266;101954267;101954269;101954272;101954276;101954277;124903120;124904122;124904616;124904619;124904621;124904624;124904627;124904631;124904634;124905307;124905321;124905573;124905574;124905809;6063;6066;124900915;124904145;124904135;124904136;124904137;124904138;124904139;124904140;124904141;124904142;124904143;124904144;124901219;124905062;124907964;124904651;124907965;124904146;124907963;124904147;26834;26835;124901224;124901863;124900516;26830;26831;26832;26828;26829;101954278;101954275;26827;124902331;101954271;124901516;124907961;103625684;124900632;124904694;124900887;124904727;124903414;124905326;124908124;124905264;124904107;124904986;124900883;124900488;124907960;124904109;124902335;9879;7919;8449;9785;51362;8559;1659;10569;1665;6628;6632;6633;6634;6635;6636;6637;6625;6626;6631;25766;55660;58517;1655;10915;2521;6627;6629;10291;8175;10946;23451;10992;23450;10262;83443;51639;84844;11325;7307;102724594;199746;11338;22827;10285;84991;10523;23350;6100;57819;27258;25804;23658;11157;51690;51691;9129;9128;10465;26121;4809;11017;10713;9092;153527;84950;55119;9343;23020;24148;10594;9410;9416;10907;27339;988;10286;5356;51503;56259;3312;3303;3305;3304;3310;10084;51729;22938;56949;25949;51340;57461;100534599;51645;10450;151903;55696;8896;9716;22985;9775;9939;4116;55110;9984;57187;84321;10189;4686;22916;392517;220988;3178;144983;642659;3183;27316;3190;4670;3192;5093;6426;6427;10929;6428;6429;6430;6431;6432;8683;29896;6434;10772",""
"hsa03010","Ribosome","51116;64969;64968;51081;64965;55173;64963;6183;63931;64960;51021;51373;51023;55168;54460;6187;6188;6189;6192;6191;140032;6193;6194;6201;6202;102723573;102724737;6203;6204;100529239;6205;6206;6207;6208;6209;6210;6217;6218;6222;6223;6224;6227;6228;6229;6230;6231;6232;51065;6233;6234;6235;2197;3921;388524;65008;51069;11222;51073;6182;65005;124995;65003;28998;64928;29088;54948;63875;29074;9801;55052;219927;29093;6150;79590;51264;10573;51263;64983;9553;64981;51318;64979;6123;6122;6124;6125;6128;6129;6130;6132;6133;140801;6134;4736;6135;6136;6137;23521;9045;6138;6139;100526842;6141;6142;6143;6144;200916;6146;9349;6147;51187;6152;6154;51121;6155;6157;6158;6159;6156;6160;6161;6164;11224;6165;25873;6167;6168;6169;6170;7311;6171;6166;6173;100529097;6175;6176;6181;106631781;109864273;100008588;109864280;109910380;109864271;100008589;109864282;124907672;109864272;109910382;106632264;109910379;100169751;100169767;100169757;100169762;100169756;100169764;100169755;100169754;100169753;100169761;100169763;100169759;100169758;100169765;100169766;100169768;100169760;100008587;106632260;109864281;109910381;109864274",""
"hsa00970","Aminoacyl-tRNA biosynthesis","4553;4573;4570;4555;4511;4572;4556;4563;4564;4565;4568;4567;4566;4569;4558;4571;4575;4574;4576;4578;4579;4577;124454;2058;55278;5188;283459;5859;57505;16;1615;55157;79731;4677;2617;80222;6897;123283;54938;6301;118672;51091;833;79587;4141;92935;123263;57176;7407;51520;23395;3376;55699;3735;57038;5917;25973;3035;23438;2193;10667;10056;8565;51067;10352;7453","16015;15428;16977;18019;17053;16467;18050;17115;16643;16828;17295;17895;17561;20506;15635;15603;15971;17203;17196;16414;16857;15637;17191;17732;15811;16047;16624;18366;29166;29156;16635;29162;29164;29154;29161;29158;29157;29155;29163;29152;29160;17119;29265;29153;29159;29165;29151;13170;13166;21860;80628;80866;80870"
"hsa03013","Nucleocytoplasmic transport","8086;11097;2733;11269;55308;8480;4928;8021;4927;5903;5905;7329;6612;6613;7341;387082;23279;79902;6396;57122;55746;81929;348995;79023;25909;23636;9818;53371;23165;23511;9631;9688;129401;55706;23225;91181;100101267;9883;94026;55161;7175;10762;9972;59343;3836;3838;402569;3839;3840;23633;3841;3837;3842;30000;23534;79711;3843;10527;10526;55705;51194;9670;10073;7514;1434;11260;64328;57510;23214;23039;64901;5901;1915;1917;51808;4686;22916;392517;51068;9939;4116;55110;22794;9775;22985;10284;10921;5411;10189;5976;26019;65109;65110;10482;56001;728343;56000;29107;55916;7919;10250;84305;9984;57187;8563;79228;80145;84321",""
"hsa03015","mRNA surveillance pathway","4686;22916;392517;65109;65110;9939;4116;55110;22794;9775;10284;5411;22985;10921;10189;11269;55308;2733;10482;56001;728343;56000;29107;55916;7919;84305;10250;8732;8731;2521;23435;8106;390748;100529063;11051;11052;79869;64895;56903;10914;10978;51585;29894;53981;51692;10898;642843;81608;55339;80335;5499;5500;5501;29101;143506;441584;390031;390033;196120;136157;1477;1478;23283;1479;8189;26528;4440;124540;26986;140886;5042;645974;80336;340529;8761;132430;2107;23708;2935;5976;26019;23049;9887;23381;23293;5515;5516;5519;5518;5520;5521;5522;55844;28227;55012;5523;5526;5527;5528;5529;5525;10767;53918",""
"hsa03008","Ribosome biogenesis in eukaryotes","1460;1457;1459;283106;65083;27341;23160;84916;84135;55127;84128;51096;134430;10607;10885;55813;5822;102724159;10199;55272;92856;6949;2091;345630;10528;51602;4809;1736;55651;54433;55505;51077;9724;10813;29102;10436;9790;55226;10171;10940;10557;10775;51367;138716;54913;10248;10556;10799;57455;101929601;81691;101929627;25996;54464;22803;23560;29889;26354;54552;4931;23195;55131;28987;5901;7514;51068;10482;56001;728343;56000;29107;55916;3692;51119;79631;55341;166378;102157402;83732;55781;106631781;109864273;100008588;109864280;109910380;109864271;100008587;106632260;109864281;109910381;109864274;100008589;109864282;124907672;109864272;109910382;106632264;109910379;100169751;100169767;100169757;100169762;100169756;100169764;100169755;100169754;100169753;100169761;100169763;100169759;100169758;100169765;100169766;100169768;100169760;780851;780853;780852;26851;109617015;124903435;124904802;124901221;124902847;124901505;124904983;124901858;124902595;124905292;124906378;124901860;124906193;124901508;124902101;124906382;124905065;124905291;124906379;124903595;124902596;124901506;124901859;124904668;124901507;124904669;780854;109616984;124906380;124904151;124906377;109617016;124904381;124906194;124903436;124905415;124905290;124901220;124902100;109616985;124904666;124903594;124900922;124906195;124904804;124901509;124906381;109617017;6023",""
"hsa03060","Protein export","5018;6729;29927;55176;10952;23480;7095;11231;3309;6726;6727;6731;6730;6728;6734;58477;439;51608;8266;164153;7917;6449;7485;29100;28972;9789;60559;90701;23478;196294;83943",""
"hsa04141","Protein processing in endoplasmic reticulum","29927;55176;10952;23480;7095;11231;6184;6185;1603;1650;3703;201595;84061;7991;58505;746;7841;10970;6238;64374;10525;3309;51726;64215;5611;54431;7184;23193;5589;821;2923;811;10905;57134;4121;11253;10960;3998;79748;10113;56681;51128;6396;22872;25956;10483;10484;10427;10802;9632;9871;55757;56886;9695;55741;111089941;80267;5034;9601;10130;10961;81567;30001;56605;10956;27248;6745;6746;6747;6748;10134;23471;133022;79139;51009;91319;23190;51035;165324;80700;7993;55968;258010;7415;55666;7353;3312;3303;3305;3304;3310;3301;10294;3337;3300;54788;80331;85479;285126;3320;3326;10808;22824;573;9532;23640;1409;102724652;1410;55432;9373;5887;5886;29979;29978;50613;56893;55768;4287;92552;10277;9451;1965;4780;468;23645;1649;596;22926;1388;7466;8720;51360;7494;2081;7186;4217;5609;5599;5602;5601;581;578;823;824;100506742;10299;51465;118424;7326;7327;84447;6048;91445;55829;6400;80343;9709;267;10273;51619;7321;7322;7323;5071;9978;8454;6500;26232;26270","22984;29108"
"hsa04130","SNARE interactions in vesicular transport","6804;2054;6809;112755;6810;415117;8676;8417;8675;6811;55014;53407;10490;143187;9527;9570;662;10228;9482;51272;10282;55850;8773;9342;6843;6844;9341;8673;8674;10791;6845;10652;9554",""
"hsa04120","Ubiquitin mediated proteolysis","7314;7316;7311;6233;7317;10055;10054;9039;7318;55236;7319;7320;11065;51619;7321;7322;7323;10477;7324;7325;140739;7326;7327;7328;7329;51465;118424;3093;7332;9246;9040;389898;7334;63893;55585;92912;134111;54926;997;27338;148581;55284;65264;57448;7337;89910;9690;57154;64750;83737;11059;11060;9320;4734;23327;10075;51366;8925;8924;8916;26091;9354;10277;10273;23759;27339;22888;4193;867;868;23624;5071;6477;5371;7189;4214;64326;25898;329;330;331;79444;8554;9063;10401;51588;84447;378884;326;23295;672;55120;4281;22954;4591;9978;8454;6500;8945;23291;6502;55294;26232;26272;8453;6921;6923;7428;8452;9817;55958;90293;23221;9886;8450;8451;1642;1643;1161;55070;9616;8065;8651;9021;9820;26259;51529;29882;991;51343;64682;996;29945;51433;8881;51434;8697;10393;246184;25847;25906;119504",""
"hsa04122","Sulfur relay system","9054;4357;7263;81605;27304;90353;348180;4338","67040;15414;16977;15996;17561;18385;17981;44074;81006;21437;60210"
"hsa03050","Proteasome","5709;5715;5718;5717;9861;5713;5719;10213;5714;7979;5710;5708;5707;11047;5701;5700;5705;5706;5702;5704;5720;5721;10197;23198;5687;5683;5685;5688;143471;5686;5682;5684;5694;5695;5691;5690;5693;5689;5692;5698;5699;5696;122706;3458;9491;51371",""
"hsa03018","RNA degradation","28960;51013;23404;51010;11340;118460;23016;54512;56915;5393;22894;5394;10438;10200;115752;11044;64282;84186;23517;6499;9652;80349;57472;246175;23019;4848;4849;4850;29883;9337;9125;25904;170506;5073;154197;10140;10766;10950;54766;694;7832;26986;140886;5042;645974;80336;340529;8761;132430;9924;255967;55802;196513;167227;1656;80153;23644;219988;54464;22803;131870;27257;57819;27258;25804;23658;11157;51690;51691;2027;2026;2023;87178;5213;5214;5211;3313;3329",""
"hsa03030","DNA replication","6742;246243;6117;5111;1763;2237;3978;5422;23649;5557;5558;5424;5425;10714;57804;5426;5427;54107;56655;4171;4172;4173;4174;4175;4176;6118;29935;6119;5981;5984;5982;5985;5983;10535;79621;84153",""
"hsa03410","Base excision repair","4968;4913;79661;252969;55247;7374;23583;4595;4350;8930;6996;328;11284;55775;5423;27343;3146;142;10038;10039;143;8505;54936;54840;7515;5428;11232;3980;5424;5425;10714;57804;5426;5427;54107;56655;5111;5981;5984;5982;5985;5983;2237;3978",""
"hsa03420","Nucleotide excision repair","9978;8450;8451;1642;1643;7508;5887;5886;1069;1161;2074;57654;5430;5431;5432;5433;5434;5435;5436;5437;5438;5441;5440;5439;548644;246721;81488;1022;4331;902;2071;2068;404672;2965;2966;730394;728340;2967;2968;2073;100533467;7507;6117;6118;6119;29935;2072;2067;5424;5425;10714;57804;5426;5427;54107;56655;5111;5981;5984;5982;5985;5983;3978",""
"hsa03430","Mismatch repair","6742;5395;4292;2956;4436;4437;27030;5981;5984;5982;5985;5983;5111;9156;6117;6118;6119;29935;5424;5425;10714;57804;3978",""
"hsa03440","Homologous recombination","6742;10111;4361;4683;472;672;580;5932;83990;11073;84142;51720;29086;9577;79184;79728;675;7979;50511;6117;6118;6119;29935;5888;5893;5890;5889;5892;7516;7517;8438;25788;5424;5425;10714;57804;641;7156;8940;80198;146956",""
"hsa03450","Non-homologous end-joining","2547;7520;64421;5591;27343;27434;1791;3981;7518;79840;10111;4361;2237",""
"hsa03460","Fanconi anemia pathway","84126;545;57697;91442;378708;100526739;201254;9894;3280;80233;2175;2187;2176;2178;2188;2189;55120;57599;7398;29089;55215;2177;675;79728;5889;5888;672;83990;22909;4292;5395;51455;5980;5429;11201;51426;353497;80010;116028;7156;8940;641;6117;6118;6119;29935;80198;146956;197342;2072;2067;548593;79008;130134321;84464",""
"hsa03082","ATP-dependent chromatin remodeling","8467;11177;9031;11176;29994;54108;54107;51773;6594;2186;5928;5931;124944;27443;1107;1108;3065;3066;8932;53615;9219;9112;57504;54815;57459;84295;8099;10263;6595;6597;6598;6599;6601;6602;6603;6604;6605;71;60;86;51412;9275;9274;605;26039;6760;57492;8289;8193;8110;5977;196528;55193;29117;55274;65980;29998;23506;54617;83444;125476;54891;283899;29844;4798;10445;51377;8607;10856;79913;93973;7528;404281;10847;55929;8089;6944;3014;8338;85235;221613;92815;83740;3012;8335;55506;9555;723790;55766;474382;8336;8337;8969;317772;94239;3013;3015;8330;8334;8329;8331;8332;474381;115482686;64431;10467;57634;8295;10933;9643;55257;10902;54556;80314;26122;64769;10524",""
"hsa03083","Polycomb repressive complex","2145;2146;8726;23512;5928;5931;5252;22823;26147;100170841;84458;121536;3720;8314;171023;55252;80816;8473;3054;7528;404281;55777;114785;3607;221937;6045;6015;7703;648;100532731;84733;8535;23466;23492;57332;1911;1912;80012;6322;10389;22955;57713;51460;9212;51619;7321;7322;7323;85015;10600;23429;10138;84759;84678;22992;54880;63035;6500;7874;10336;84333;1460;26053;64319;57666;10238;54881;1387;2033;84108;1876;7027;4149;23269;26013;84456;83746;91133;11335;11091;54554;3065;3066",""
"hsa03250","Viral life cycle - HIV-1","1234;7852;920;4130;4131;55201;9638;23299;636;85363;164668;200316;100913187;140564;200315;27350;60489;9582;25939;11168;5300;6598;5478;11052;79869;23534;4599;4600;5903;9972;1387;2033;8850;2648;29969;1025;904;905;27125;22936;80237;8178;4298;4300;7469;25920;51497;7936;6827;6829;7514;5901;5045;10955;256987;684;9146;7251;79643;128866;29082;10015;9525;27183",""
"hsa03260","Virion - Human immunodeficiency virus","920;1234;7852;10332;30835","28815"
"hsa03271","Virion - Rotavirus","3673;3688",""
"hsa03264","Virion - Flavivirus","7301;10332;30835;26762","37397;28815"
"hsa03265","Virion - Ebolavirus, Lyssavirus and Morbillivirus","4864;432;1134;4684;4685;4804;2213;4179;6504;81607;10332;30835",""
"hsa03266","Virion - Herpesvirus","29992;29990;3678;3690;3416;8764;5818;5819;3482",""
"hsa03267","Virion - Adenovirus","1525;4179;941;942",""
"hsa02010","ABC transporters","1672;19;20;21;24;10347;26154;154664;23461;23460;10351;10350;10349;6890;6891;11194;23457;23456;5243;5244;340273;10058;22;8647;4363;1244;8714;10257;10057;368;89845;85320;94160;1080;6833;10060;215;225;5825;5826;9619;64137;9429;64240;64241","26078;18367;16015;4167;26355;17627;30413;18291;15428;27363;29105;16977;18019;17053;16856;26836;16189;16467;18050;17115;28694;15729;17295;16199;25567;16301;17992;15978;37721;15824;46761;15354;17754;15956;47013;15603;17148;15971;17268;506227;17203;15705;4208;27638;48828;53455;15936;16414;17057;16857;17306;16335;17716;48107;15891;17015;17535;17544;28112;17596;16704;16610;33539;33541;17172;12952;4153;16412;18385;17151;16750;16899;17191;17549;68837;15446;17562;3424;17126;16283;181444;16634;48299;17113;16450;17256;17750;17924;16867;16247;15698;16822;229909;17623;16551;7794;18095;18297;1941;16892;26708;29101;28024;29195;4093;17563;29069;28309;28669;28681;17249;63152;28029;18107;6495;61993;27931;18398;16869;27649;33809;141006;15573;5257;17540;1774;17237;177806;182149;15805;100241;28053;28997;28911;28163;28199;36264;100246;3379;30049;50385;9212;63611;59063;37943;29033;29034;62081;80049;40646;80662;85895;180431;138874;190266;176938;143624"
"hsa04010","MAPK signaling pathway","773;774;775;776;777;778;8913;8912;8911;779;781;9254;55799;93589;782;783;784;785;786;10369;10368;27092;27091;59285;59284;59283;5566;5567;5568;5578;5579;5582;2768;55970;5530;5532;5533;5534;5535;5923;5924;10125;10235;25780;115727;9693;4763;5921;5922;5906;5908;1950;7039;2069;374;2246;2247;2248;2249;8822;2251;2252;2253;2254;2255;8823;2250;8817;26281;27006;9965;26291;8074;4803;627;4908;4909;3630;3479;3481;5154;5155;56034;80310;1435;4254;2323;7422;7423;5228;7424;2277;3082;284;285;51378;1942;1943;1944;1945;1946;125467750;2668;4902;9048;5623;1956;2064;2065;2066;2260;2263;2261;2264;4804;4914;4915;3643;3480;5156;5159;1436;3815;2322;2321;2324;3791;4233;7010;1969;5979;2885;6654;6655;3265;3845;4893;6237;22800;22808;369;673;5894;5604;5605;8649;5594;5595;8569;2872;6197;6195;6196;27330;468;2002;2005;4609;6722;2353;4137;3925;123745;5321;8681;100137049;8605;283748;255189;7124;3552;3553;7040;7042;7043;7132;3554;3556;7046;7048;356;355;929;5879;5880;5881;998;8717;836;7186;1616;4615;3654;51135;7189;1647;4616;10912;10454;23118;51295;8491;9448;11184;5058;5062;6789;6788;5871;1326;4214;4296;10746;4215;4293;4294;84451;7786;9175;51776;9064;4217;6885;4216;9344;51347;57551;6416;5609;5606;5608;9479;23542;23162;2316;1398;1399;408;409;5599;5602;5601;5600;6300;5603;1432;8550;9261;7867;9252;8986;994;4772;4775;3725;3727;1386;7157;1649;4149;4208;3315;207;208;10000;5494;5801;84867;5778;1843;1846;1844;1849;1850;1847;80824;1848;1852;11221;1845;5536;5495;3312;3303;3305;3304;3310;2122;5607;5598;3164;9020;1147;3551;8517;51701;4790;4791;5970;5971","22984;29108;18035;16412;17489;16595"
"hsa04012","ErbB signaling pathway","1950;7039;374;1956;2064;5335;5336;815;817;816;818;5578;5579;5582;867;868;6776;6777;6714;5747;1398;1399;25;27;4690;8440;5058;5062;5063;10298;57144;56924;106821730;6416;5609;5599;5602;5601;3725;2002;685;1839;2069;2065;3084;9542;2066;6464;25759;53358;399694;2885;6654;6655;3265;3845;4893;369;673;5894;5604;5605;5594;5595;4609;2549;10718;145957;5290;5293;5291;5295;5296;8503;110117499;207;208;10000;2475;6198;6199;1978;572;2932;1027;1026","22984;29108;18035;16595;16618"
"hsa04014","Ras signaling pathway","1950;7039;2246;2247;2248;2249;8822;2251;2252;2253;2254;2255;8823;2250;8817;26281;27006;9965;26291;8074;4803;627;4908;4909;3630;3479;3481;5154;5155;56034;80310;1435;4254;2323;7422;7423;5228;7424;2277;3082;284;285;51378;1942;1943;1944;1945;1946;125467750;1956;2260;2263;2261;2264;4804;4914;4915;3643;3480;5156;5159;1436;3815;2322;2321;2324;3791;4233;7010;1969;2885;2549;9846;6464;25759;53358;399694;5781;6654;6655;5335;5336;10125;10235;25780;115727;7535;27040;3363;2782;2783;2784;59345;10681;54331;2785;2786;2787;2788;94235;2790;2791;55970;51764;2792;2793;5566;5567;5568;5923;5924;2902;2903;2904;810;805;808;801;163688;51806;91860;3265;3845;4893;22808;6237;22800;4763;5921;5922;22821;10156;100271927;8831;8437;9462;64926;11186;83593;6789;7074;5879;5880;5881;5058;5062;5063;10298;57144;56924;106821730;387;5290;5293;5291;5295;5296;8503;110117499;207;208;10000;8517;1147;3551;4790;5970;572;598;4303;356;253959;57186;57148;5900;23179;5863;5898;5899;5337;5338;55770;29110;5966;5599;5602;5601;10928;998;4301;8036;5894;5604;5605;5594;5595;51365;8399;26279;30814;50487;64600;81579;84647;5319;5322;5320;391013;123745;5321;8681;100137049;8605;283748;255189;8398;11145;54979;2002;2113;2114;8315;8844;283455;9771;5906;5908;51196;5578;5579;5582;9610;25;27;5868;5869;5878;382","17552;15996;22984;29108;18035;17489;16595;16618"
"hsa04015","Rap1 signaling pathway","5906;5908;22808;9771;9732;2902;2903;2904;810;805;808;801;163688;51806;91860;2149;9002;5028;2357;1902;9170;23566;2846;57121;135;136;2778;107;108;109;196883;111;112;113;114;115;10411;11069;2776;23236;5330;5331;5332;25780;10235;1950;2246;2247;2248;2249;8822;2251;2252;2253;2254;2255;8823;2250;8817;26281;27006;9965;26291;8074;4803;3630;3479;5154;5155;56034;80310;1435;4254;7422;7423;5228;7424;2277;3082;284;285;51378;1942;1943;1944;1945;1946;125467750;1956;2260;2263;2261;2264;4804;3643;3480;5156;5159;1436;3815;2321;2324;3791;4233;7010;1969;1398;1399;2889;9564;999;1499;9223;9863;260425;9693;51735;27040;2533;3937;8631;5335;5578;5579;5582;5587;23683;25865;1813;1268;2770;2773;2771;2775;5909;26037;6494;57568;23094;3397;7057;5900;5898;5899;5879;5880;5881;54518;7094;83660;3674;3690;345456;5216;5217;375189;7408;55740;51466;71;60;64411;387;6714;9855;998;10451;7409;7410;7074;56288;50855;84552;84612;5590;5584;4301;1500;889;10636;83593;3683;3684;3689;3688;673;5894;5604;5605;5594;5595;5606;5608;5600;6300;5603;1432;5290;5293;5291;5295;5296;8503;110117499;207;208;10000;51196;3265;3845;4893;6237","17552;15996;22984;29108;18035;17489"
"hsa04310","Wnt signaling pathway","64840;7471;7472;7482;7473;89780;54361;7474;81029;7475;7476;7477;7478;7479;7483;7484;7480;80326;7481;51384;9350;147111;11197;50964;22943;27123;27121;5176;6422;6423;2487;6424;6425;284654;340419;84870;343637;55366;8549;59352;54894;84133;8321;8324;2535;7976;8322;7855;8325;8323;11211;8326;4041;4040;25805;147495;164284;1454;102800317;440193;1857;1856;1855;10023;23401;1457;1459;283106;1460;85407;85409;80319;59343;2932;1499;8312;8313;324;10297;122011;1452;6932;83439;6934;51176;84445;56998;25776;57680;4163;57805;23411;64321;1487;1488;102723796;7088;7089;7090;7091;79816;1501;1387;2033;8607;4089;4088;6885;51701;4609;3725;8061;595;894;896;8840;5467;4316;5663;5566;5567;5568;7157;6477;27101;6500;6907;90665;79718;8945;23291;8454;9978;2239;4919;4920;6259;57216;81839;144165;166336;29964;4007;27130;23002;23500;387;9475;5879;5880;5881;5599;5602;5601;23236;5330;5331;5332;815;817;816;818;5530;5532;5533;5534;5535;5578;5579;5582;4772;4773;4775;4776","22984;29108"
"hsa04330","Notch signaling pathway","10683;28514;54567;182;3714;4242;3955;5986;4851;4853;4854;4855;11317;3516;3280;388585;26508;23462;23493;171558;441478;1857;1856;1855;8650;9253;83737;113878;151636;1840;196403;23220;6868;5663;5664;55851;23385;51107;83464;55534;84441;9794;1387;2033;8850;2648;22938;1487;1488;102723796;7088;7089;7090;7091;79816;9612;9541;23013;3065;3066;342371;6310",""
"hsa04340","Hedgehog signaling pathway","5727;8643;6608;23432;5566;5567;5568;122011;1452;1455;1456;53944;1453;1454;102800317;2932;2735;2736;2737;51684;374654;64399;595;894;596;8454;8945;23291;55733;57467;6469;3549;50846;84976;57758;91653;50937;2619;4036;730094;1954;23295;57154;64750;156;157;2121;132884;84455;23288;408;409;11127;8452;8405;339745","17489"
"hsa04350","TGF-beta signaling pathway","8646;9241;4681;100532736;26585;64388;7057;1634;2331;10637;7044;10468;650;652;654;3625;7018;653;655;656;353500;8200;392255;151449;268;3458;7124;79875;2200;4052;7040;7042;7043;3624;3626;83729;4838;657;658;90;659;92;148738;4756;3077;7036;7037;56963;285704;269;7046;7048;2014;2615;375387;91;93;130399;3547;25805;4086;4090;4093;4087;4088;4089;4091;4092;57154;64750;9372;9765;9978;8454;6500;5594;5595;387;6093;5519;5518;5515;5516;6198;6199;57817;3397;3398;3399;3400;5933;1874;1875;7027;1387;2033;6667;6498;6497;25942;3065;3066;9611;7050;60436;4609;1030;5308","29034"
"hsa04390","Hippo signaling pathway","286204;23418;56288;50855;84552;84612;5590;5584;10207;64398;154796;10413;25937;999;8994;84962;126374;4771;23286;79981;122786;60485;6788;166824;11186;5515;5516;5519;5518;5520;5521;5522;55844;26524;9113;55233;92597;5499;5500;5501;7159;3993;3996;23513;1739;1740;1741;1742;9231;1453;1454;102800317;8945;23291;7161;27113;7003;7004;7005;8463;1490;2736;374;332;174;3689;2246;7040;7042;7043;7046;7048;4092;4087;4088;4089;5054;650;652;653;654;655;656;353500;8200;392255;151449;268;657;658;659;4086;3397;3398;7471;7472;7482;7473;89780;54361;7474;81029;7475;7476;7477;7478;7479;7483;7484;7480;80326;7481;51384;8321;8324;2535;7976;8322;7855;8325;8323;11211;8326;1857;1856;1855;7534;7529;10971;7531;7533;7532;2932;1499;324;10297;8312;8313;85407;85409;6932;83439;6934;51176;4609;595;894;896;6657;6591;329;330;71;60;29119;1495;1496",""
"hsa04392","Hippo signaling pathway - multiple species","8642;54798;79633;1454;102800317;4771;23286;79981;122786;11186;166824;6788;60485;26524;9113;55233;92597;8994;84962;126374;10413;25937;7003;7004;7005;8463;9770;83937;5058",""
"hsa04370","VEGF signaling pathway","7422;3791;9047;5335;5336;5578;5579;5582;8877;56848;3265;3845;4893;5894;5604;5605;5594;5595;123745;5321;8681;100137049;8605;283748;255189;5530;5532;5533;5534;5535;4773;5743;5747;25759;5829;998;5600;6300;5603;1432;9261;7867;3315;6714;5290;5293;5291;5295;5296;8503;110117499;5879;5880;5881;207;208;10000;4846;842;572","22984;29108;18035;16480;16595;15552;16618"
"hsa04371","Apelin signaling pathway","107;108;109;196883;111;112;113;114;115;55811;5566;5567;5568;3991;8862;100506013;187;2770;2773;2771;2782;2783;2784;59345;10681;54331;2785;2786;2787;2788;94235;2790;2791;55970;51764;2792;2793;2776;23236;5330;5331;5332;3708;3709;3710;6261;6262;6263;810;805;808;801;163688;51806;91860;4842;4843;4846;5581;6548;6546;6543;6547;4638;85366;91807;340156;4633;4634;4635;3265;3845;4893;6237;22800;22808;5894;5604;5605;5594;5595;6198;6199;6194;5294;23533;146850;207;208;10000;2475;1958;6696;182;4854;595;5140;5289;30849;8678;441925;440738;81631;84557;643246;392288;5562;5563;5564;5565;5571;53632;51422;5346;10891;7350;4899;7019;10365;8877;56848;10672;814;9759;10014;4205;4207;100271849;4208;4209;7046;4087;4088;4089;59;999;1490;185;5054;5327","22984;29108;24636;15378;18035;5054;16480;17489;16595;26708;29101;37550"
"hsa04630","JAK-STAT signaling pathway","3558;3565;3574;3578;3600;59067;85480;3559;3560;3561;3566;3575;3581;3601;50615;64109;3562;3567;1437;3563;3568;1438;1439;3569;3589;3596;246778;386653;5008;3976;1270;1489;23529;3570;3572;3590;3597;3598;9466;133396;9180;3977;1271;3586;29949;50616;50604;11009;55801;3587;3588;53832;53833;58985;116379;3592;3593;51561;3594;3595;149233;2056;2688;2689;1442;1443;1444;5617;7066;1440;3952;2057;2690;5618;4352;1441;3953;3439;3440;3441;3442;3443;3444;3445;3446;3447;3448;3449;3451;3452;3456;338376;56832;282618;282616;282617;3467;3454;3455;163702;3458;3459;3460;1950;5154;5155;1956;5156;5159;3716;3717;3718;7297;6772;6773;6774;6775;6776;6777;6778;10379;1154;8651;8835;9021;122809;9655;30837;9306;596;4170;598;5292;4609;595;894;896;1026;316;2670;10254;8027;5771;5777;1387;2033;8554;9063;10401;51588;2273;5781;2885;6654;6655;3265;5894;5290;5293;5291;5295;5296;8503;110117499;207;208;10000;2475",""
"hsa04064","NF-kappa B signaling pathway","3932;7535;27040;5335;5588;102723407;6850;4067;29760;695;5336;5579;29775;84433;79092;8915;10892;3553;3554;4615;3654;51135;7189;7124;7132;8737;8717;7186;7188;329;330;1896;10913;128178;1540;60401;23586;7706;3929;929;7099;23643;114609;353376;148022;959;958;7187;8600;8792;4049;4050;8740;4055;9020;6885;10454;23118;257397;10673;115650;8517;1147;3551;142;51588;7329;472;55367;23085;4792;4790;5970;10848;8837;331;598;596;1647;4616;10912;7185;597;4791;3576;7128;5743;6351;9560;388372;2919;2920;2921;7412;5328;1457;1459;283106;1460;5971;6357;6363;6366;6387;3383","22984;29108;18035;16595"
"hsa04668","TNF signaling pathway","7124;7132;9530;6868;64285;79651;83786;8717;7186;7188;8737;329;330;6885;10454;23118;257397;6416;5609;5599;5602;5601;3725;2353;83737;8837;5606;5608;5600;6300;5603;1432;1051;4217;9020;8517;3551;1147;4792;5970;4790;1326;5604;5594;5595;9252;8986;1385;10488;90993;64764;84699;148327;1386;468;9586;1388;11035;8772;841;843;840;836;197259;192111;10059;1540;331;6347;6352;6364;2919;2920;2921;6374;6372;3627;6376;1435;1437;355;8809;182;3553;3569;3600;3976;4049;602;9021;7128;7185;3726;4314;4318;4323;1906;7424;2277;64127;3383;6401;7412;5743;7133;7187;5290;5293;5291;5295;5296;8503;110117499;207;208;10000;153090;3659;3456",""
"hsa04066","HIF-1 signaling pathway","3569;3570;6774;7099;3458;3459;3460;5970;4790;3630;1950;3479;3643;1956;3480;2064;5604;5605;5594;5595;8569;2872;5290;5293;5291;5295;5296;8503;110117499;207;208;10000;2475;1978;1977;9470;253314;6198;6199;6194;3091;7428;9978;6921;6923;8453;54583;112399;112398;405;1387;2033;1536;5335;5336;5578;5579;5582;815;817;816;818;7076;4055;2056;7018;7037;7422;2321;5054;284;285;51378;7010;1906;4843;4846;3162;4878;6513;5163;3101;3098;3099;80201;5213;5214;5211;2597;230;226;229;2027;2026;2023;5232;5230;5209;160287;92483;3939;3945;3948;596;1026;1027;5161;5160;5162","15422;25805;15379;15361;32816;15351;16810;30915;4167;29073;38290;22984;29108;18035;422;16651;16412;16480;18421;16595;29033"
"hsa04068","FoxO signaling pathway","7040;7042;7043;7046;7048;4089;4088;6794;5562;5563;5564;5565;5571;53632;51422;51701;6502;4193;80854;1387;2033;23411;7874;6517;5599;5602;5601;6789;3479;3480;3630;3643;3667;8660;8471;5290;5293;5291;5295;5296;8503;110117499;5170;1147;3551;5728;207;208;10000;6446;10110;23678;100533105;2308;2309;4303;100132074;2911;9456;9455;9454;116986;1454;102800317;3569;3586;6774;1950;1956;2885;6654;6655;3265;3845;4893;673;5894;369;5604;5605;5594;5595;5600;6300;5603;1432;1017;3276;2290;891;9133;85417;595;894;901;1030;1032;1026;1027;5934;5347;10769;1263;10733;1647;4616;10912;356;10018;8743;604;664;9140;11337;23710;11345;11067;847;6648;472;5105;5106;2538;57818;92579;3575;10365;1901;8698;5896;5897;26260;114907","16761;16027;16015;4167;16618"
"hsa04020","Calcium signaling pathway","6546;6543;6547;490;492;493;491;1128;1131;1133;135;136;153;154;155;1812;1816;3274;3360;3361;3362;3363;2778;2774;107;108;109;196883;113;114;115;5566;5567;5568;5350;6588;100507027;401152;100130933;487;489;488;3270;6786;57620;84876;80228;93129;775;776;778;779;773;774;777;8913;8912;8911;1139;89832;2902;2903;2904;2905;2906;116443;116444;5023;22953;5024;5025;5026;9127;5027;6261;6262;6263;10345;844;845;444;10800;57105;1129;148;147;146;185;1909;1910;2149;2911;2915;2925;3269;3356;3357;3358;3973;4923;5021;552;553;56413;5724;5731;5733;5737;623;624;6869;6865;6870;6915;7201;886;887;7852;2776;2767;9630;2769;1950;7039;5154;5155;56034;80310;2246;2247;2248;2249;8822;2251;2252;2253;2254;2255;8823;2250;8817;26281;27006;9965;26291;8074;7422;7423;7424;2277;4803;3082;4485;2668;1956;2064;2065;2066;5156;5159;2260;2263;2261;2264;2321;2324;3791;4914;4915;4916;4233;4486;5979;102723407;5333;113026;84812;23236;5330;5331;5332;5335;5336;51196;89869;3708;3709;3710;952;53373;219931;57192;255231;55283;8877;56848;90550;7416;7417;7419;291;292;293;83447;10105;7134;7125;810;805;808;801;163688;51806;91860;5260;5261;5257;5256;5255;4638;85366;91807;340156;57118;57172;8536;815;817;816;818;814;5530;5532;5533;5534;5535;7942;4772;4773;4775;4776;4842;4843;4846;5136;5153;5137;2185;3707;3706;80271;5578;5579;5582","15422;16908;22984;29108;18035;17489;16595;26708;29101;37550;16851;31445;76072"
"hsa04070","Phosphatidylinositol signaling system","5297;5298;55361;55300;22908;22876;23396;8394;8395;4952;3633;56623;8867;8871;5290;5293;5291;5295;5296;8503;110117499;5728;3635;3636;3631;8821;200576;4534;8776;8898;8897;9110;55613;9107;9108;64419;79837;5305;8396;90809;55529;5289;5288;5286;5287;23236;5330;5331;5332;5333;113026;84812;51196;5335;5336;89869;253430;3707;3706;80271;3632;3705;64768;9807;51447;117283;9677;23262;3628;3613;3612;54928;8525;8527;9162;1606;8526;1607;160851;1608;1609;139189;1040;8760;10423;3708;3709;3710;5578;5579;5582;810;805;808;801;163688;51806;91860","22984;29108;17268;17962;16337;17815;18297;16749;187038;17401;191032;17816;18228;16595;166489;16783;17526;16322;166491;18384;18169;18225;28858;16155;17283;18348;16618;62919;30164;16152;16067;16851;16500"
"hsa04072","Phospholipase D signaling pathway","1950;5154;5155;56034;80310;4254;3630;1956;5156;5159;3815;3643;2885;2549;9846;6464;25759;53358;399694;5781;6654;6655;3265;3845;4893;22808;6237;22800;5900;5898;5899;5290;5293;5291;5295;5296;8503;110117499;207;208;10000;7248;7249;6009;2475;387;375;382;5335;5336;102723407;2205;2206;2207;2534;6850;5578;5337;5338;123745;5321;8681;100137049;8605;283748;255189;10554;10555;56894;56895;55326;8877;56848;5894;5604;5605;5594;5595;23396;8394;8395;8525;8527;9162;1606;8526;1607;160851;1608;1609;139189;8611;8613;8612;2147;183;551;3576;185;2149;2911;2912;2913;2914;2915;2916;2917;2918;552;553;554;1902;9170;23566;2846;57121;10161;5737;3577;3579;23236;5330;5331;5332;2768;2185;10672;5294;23533;146850;9265;27128;9266;9267;2778;107;108;109;196883;111;112;113;114;115;10411;11069;1759;26052;1785","16015;22984;29108;18035;16337;17489;187232;15553;16975;16595;18348;16618;37550"
"hsa04071","Sphingolipid signaling pathway","10558;9517;55304;171546;165679;10715;29956;79603;204219;253782;91012;8560;123099;6609;259230;166929;7124;7132;8439;6610;427;56624;340485;125981;8717;7186;1509;637;581;4217;5599;5602;5601;5600;6300;5603;1432;5590;207;208;10000;596;5515;5516;5519;5518;5520;5521;5522;55844;28227;55012;5523;5526;5527;5528;5529;5525;7157;2205;2206;2207;2534;9846;5290;5293;5291;5295;5296;8503;110117499;5337;5338;8877;56848;3827;134;140;624;4985;2770;2773;2771;23236;5330;5331;5332;5581;5594;5595;81537;130367;4363;8879;1901;9294;3265;3845;4893;5894;5604;5605;5170;4846;5879;5880;5881;1903;2776;5578;5579;5582;8698;53637;2768;10672;387;6093;9475;5728;4790;5970","17115;15525;18035;17761;52639;16335;194383;16393;17553;16480;190464;184744;185051;17636;62490;16566;16595;16618;37550;31488;25941"
"hsa04024","cAMP signaling pathway","7432;1392;1081;3972;170589;122876;7252;5443;2641;2695;2488;4878;116;153;154;1812;1816;135;3360;3362;5732;117;7434;1394;1395;3973;7253;4158;2740;2696;139760;2492;4881;2778;1906;1907;1908;6750;4852;51738;5020;3350;3351;3352;3354;3355;1128;1129;1813;2550;9568;134;1909;4886;6751;6752;6755;27198;338442;8843;2867;56670;5733;5021;2693;2770;2773;2771;107;108;109;196883;111;112;113;114;115;55811;1259;1260;1261;1262;1258;54714;810;805;808;801;163688;51806;91860;815;817;816;818;814;11149;64091;64208;3776;610;10021;10257;10411;11069;6237;22800;5337;5338;51196;5599;5602;5601;5906;5908;7074;10451;7409;7410;5879;5880;5881;5058;64411;387;4301;5290;5293;5291;5295;5296;8503;110117499;207;208;10000;673;5894;5604;5605;5594;5595;5566;5567;5568;84152;5499;5500;5501;1385;10488;90993;64764;84699;148327;9586;1387;2033;627;2353;3725;2737;2735;5727;64399;4792;4790;5970;6662;268;5465;8310;51;4772;2149;572;3991;6093;9475;4659;10398;7137;5350;487;489;488;6262;2902;2903;2904;2905;2906;116443;116444;2890;2891;2892;2893;1080;476;477;478;480;23439;481;482;483;486;5348;6548;84876;490;492;493;491;775;776;778;779;5139;5140;5141;5142;5143;5144;10846","16027;15741;22984;29108;24636;15378;18035;422;16651;16335;26216;29103;17544;16865;30566;16337;18357;17489;174978;174980;174982;174983;174985;15551;17996;28790;28918;10983;17066;16595;15552;26708;29101;15355;18243"
"hsa04022","cGMP-PKG signaling pathway","185;1909;1910;148;147;146;150;151;152;2776;2767;2768;10672;7225;5530;5532;5533;5534;5535;4205;4207;100271849;4208;4209;4772;4773;4775;4776;6722;2626;4625;4624;4879;4878;4881;4880;4882;5592;5593;775;776;778;779;3778;157855;3779;10242;27094;27345;6546;6543;6547;476;477;478;480;23439;481;482;483;486;490;492;493;491;5997;2969;23236;5330;5331;5332;3708;3709;3710;10335;5350;487;489;488;387;6093;9475;4659;5499;5500;5501;810;805;808;801;163688;51806;91860;4638;85366;91807;340156;10398;1259;1258;107;108;109;196883;111;112;113;114;115;5138;5139;5140;8654;2977;2982;2983;3827;624;4985;134;140;2770;2773;2771;3630;3643;3667;8660;8471;5294;23533;146850;207;208;10000;4846;153;154;155;5581;3764;7416;7417;7419;291;292;293;83447;10105;1385;1386;468;10488;90993;64764;84699;148327;9586;1388;572;7408;5894;5604;5605;5594;5595","16027;16240;22984;29108;17345;16335;26216;29103;16480;17489;16356;16595"
"hsa04151","PI3K-Akt signaling pathway","1950;7039;2069;374;2246;2247;2248;2249;8822;2251;2252;2253;2254;2255;8823;2250;8817;26281;27006;9965;26291;8074;4803;627;4908;4909;3630;3479;3481;5154;5155;56034;80310;1435;4254;2323;7422;7423;5228;7424;2277;3082;284;285;51378;1942;1943;1944;1945;1946;125467750;2668;4902;9048;5623;1956;2064;2065;2066;2260;2263;2261;2264;4804;4914;4915;3643;3480;5156;5159;1436;3815;2322;2321;2324;3791;4233;7010;1969;5979;2885;6654;6655;3265;3845;4893;5894;5604;5605;5594;5595;3667;7097;7099;5879;102723407;6850;930;118788;2688;2689;1442;1443;1444;5617;5008;3558;3562;3569;3565;3574;3439;3440;3441;3442;3443;3444;3445;3446;3447;3448;3449;3451;3452;3456;2056;1440;2690;5618;9180;3559;3560;3561;3563;3570;3566;3575;3454;3455;2057;1441;3716;3717;3718;1277;1278;1280;1284;1286;1288;1282;1287;1285;1291;1292;1293;131873;256076;1297;1298;1299;284217;3908;3909;3911;3910;3912;3913;3914;22798;3915;3918;10319;1101;5649;7057;1311;7058;7059;7060;2335;6696;7448;3371;63923;7143;7148;7450;3381;3672;3673;3674;3675;3676;3678;3655;3679;8516;3680;8515;22801;3685;3688;3690;3691;3693;3694;3695;3696;5747;5290;5293;5291;5295;5296;8503;110117499;2149;1128;1129;1902;9170;23566;2846;57121;10161;2782;2783;2784;59345;10681;54331;2785;2786;2787;2788;94235;2790;2791;55970;51764;2792;2793;5294;23533;146850;5170;6794;5562;5563;54541;7248;7249;6009;64223;2475;57521;1978;1977;9470;253314;6198;6199;1975;6194;5578;5585;5586;29941;6446;10110;23678;100533105;207;208;10000;9223;9863;5728;117145;5515;5516;5519;5518;5520;5521;5522;55844;28227;55012;5523;5526;5527;5528;5529;5525;3320;3326;7184;11140;200186;23239;23035;8115;9623;4515;4846;672;2932;2998;2997;5105;5106;2538;57818;92579;4609;595;1026;1027;1017;1019;1021;894;896;898;9134;2309;5934;356;10018;7534;7529;10971;7531;7533;7532;572;598;596;842;1385;1386;468;10488;90993;64764;84699;148327;9586;1388;4170;6256;3164;8517;1147;3551;5970;4790;4602;4193;7157","16027;16480;18348;16618"
"hsa04152","AMPK signaling pathway","6885;6794;51719;81617;92335;55437;3952;3953;10645;148;9370;51094;79602;5562;5563;5564;5565;5571;53632;51422;5207;5208;5209;5210;2203;8789;5213;5214;5211;3172;2538;57818;92579;5105;5106;200186;1385;10488;90993;64764;84699;148327;9586;10891;1994;595;890;8900;29904;1938;2308;2309;23411;6517;2998;2997;3991;3156;6720;2194;31;6319;79966;32;23417;1374;1375;126129;1149;5515;5516;5519;5518;5520;5521;5522;55844;28227;55012;5523;5526;5527;5528;5529;5525;23216;5862;4218;10890;9230;51552;1080;948;3479;3480;3630;3643;3667;8660;8471;5290;5293;5291;5295;5296;8503;110117499;5170;207;208;10000;7249;7248;6009;2475;57521;84335;6198;6199;1978;5468;8408","15846;16761;16027;15361;32816;15351;4167;17984;22984;29108;15531;61553;15946;35366;37736;16905;16243;28602;17665;17996;16118;17719;18406;16618;6801;4806"
"hsa04150","mTOR signaling pathway","8140;6520;153129;523;525;526;245973;528;51382;90423;529;9296;101927180;9550;127124;534;51606;55004;28956;8649;389541;10542;201163;96459;57600;10670;10325;64121;58528;83667;652968;729438;54468;81929;84219;79726;6396;9681;10641;8131;6502;220441;57521;84335;2475;64798;64223;9894;9675;6249;2887;23175;64900;9663;8408;9706;1978;1977;9470;253314;6198;6199;1975;6194;92335;55437;6794;51719;81617;5562;5563;7248;7249;51256;107080638;6009;54541;7471;7472;7482;7473;89780;54361;7474;81029;7475;7476;7477;7478;7479;7483;7484;7480;80326;7481;51384;8321;8324;2535;7976;8322;7855;8325;8323;11211;8326;4041;4040;1857;1856;1855;2932;7124;7132;3551;3630;3479;3643;3480;2885;6654;6655;3265;3845;4893;673;5894;5604;5605;5594;5595;6197;6195;6196;27330;3667;5295;5296;8503;110117499;5290;5293;5291;5728;5170;207;208;10000;1147;79109;253260;55615;79899;387;5578;5579;5582;6446","16027;16467;15603;16618"
"hsa04080","Neuroactive ligand-receptor interaction","1128;1129;1131;1132;1133;148;147;146;150;151;152;153;154;155;1812;1813;1814;1815;1816;3269;3274;11255;59340;3350;3351;3352;3354;3355;3356;3357;3358;3360;3361;3362;3363;134860;319100;134864;83551;9038;9287;183;185;186;8862;100506013;187;4828;2922;4829;2925;680;3827;623;624;718;719;727;728;7425;2357;2359;2358;885;886;887;1906;1907;1908;1909;1910;51083;85569;80763;2587;8811;8484;51738;2693;3814;84634;5443;4157;4158;4159;4160;4161;4295;2862;10874;129521;10316;56923;8620;64111;64106;10886;594857;387129;4852;5697;5539;4886;4887;5540;100996758;4889;10888;283869;256933;2831;2832;4922;4923;23620;5179;5173;5368;4985;4986;4988;4987;347148;84109;3060;3061;3062;5020;5021;6750;1325;6751;6752;6753;6754;6755;6863;255061;6869;6865;6866;6870;10911;257313;2837;551;552;553;554;2147;1511;3001;5340;5646;5645;5644;2149;2150;2151;9002;51052;2834;5367;2847;84539;2488;1081;2492;3972;3973;7252;170589;122876;7253;5729;5731;5732;5733;5734;5737;5739;6915;134;135;136;140;5029;5028;5030;5031;10161;27334;9934;286530;5032;53829;2859;1268;1269;5724;2796;2797;2798;7200;7201;4543;4544;9248;1902;9170;23566;2846;1901;9294;1903;8698;53637;1241;56413;4142;6013;6019;117579;3640;10022;59350;122042;51289;339403;10800;57105;796;797;133;79924;3375;799;10203;1392;7349;114131;90226;1394;1395;2695;2696;2641;2642;2740;9340;2691;2692;5741;113091;5745;5746;116;117;6343;6344;7432;7433;7434;2911;2912;2913;2914;2915;2916;2917;2918;2550;9568;165829;79957;344838;2902;2903;2904;2905;2906;116443;116444;2554;2555;2556;2557;2558;2559;2560;2562;2561;2563;2564;2565;2566;2567;2568;2569;2570;200959;55879;57152;432355;130574;130576;66004;399968;160065;100169851;399967;1134;1135;1136;1137;1138;8973;1139;89832;55584;57053;1140;1141;1142;1143;1144;1145;1146;5023;22953;5024;5025;5026;5027;9127;2890;2891;2892;2893;2897;2898;2899;2900;2901;2894;2895;2741;2742;8001;2743;7442;706;2908;2688;2689;1442;1443;1444;2690;7067;7068;3952;3953;5617;5618;10424;10857;27346","15422;16761;17659;16015;15428;17053;15713;16958;16335;15891;16865;30566;18295;16765;17026;15760;17285;18357;174978;174980;174982;174983;174985;15551;187232;15553;16975;15555;180955;17650;28790;28918;16893;15552;17303;16796;18332;15355;165291;15647;16978;15627;18258;18243;17134;44715;177262;36707;8337;174230;28666;15650;37550;6498;3306;2700;73688;191259;31231;31883;52392;80156;80157;80229;132223;71464"
"hsa04060","Cytokine-cytokine receptor interaction","6346;6370;6363;6366;6348;6349;414062;6351;9560;388372;6361;6367;6352;6355;6358;6360;6359;6368;6357;6354;6347;6356;6369;10344;10850;56477;6362;6364;2919;2920;2921;6374;6372;3576;5473;5196;5197;4283;3627;6373;10563;6387;58191;9547;284340;6375;6846;6376;3558;3565;3574;3578;3600;59067;85480;3562;3567;1437;3596;2056;2688;2689;1442;1443;1444;5617;7066;1440;3952;3569;3589;3592;3593;51561;246778;10148;386653;23529;1270;1489;3976;5008;3586;29949;50604;11009;50616;55801;282616;282617;282618;3439;3440;3441;3442;3443;3444;3445;3446;3447;3448;3449;3451;3452;3456;3467;56832;338376;3458;3552;3553;3557;26525;27179;27177;56300;84639;27178;3606;90865;3605;112744;27190;27189;53342;64806;3603;9235;146433;1435;7124;4049;4050;8740;356;9966;8743;1896;4803;8600;8742;970;944;959;8744;7292;8995;8741;10673;7040;7042;7043;9518;2658;27302;3623;651;2662;10220;2660;3624;3625;2657;9573;4838;2661;3626;83729;268;650;652;8200;392255;151449;9210;653;654;655;656;353500;1237;10803;51554;1236;1233;1234;1232;729230;1230;2826;1235;3577;3579;2833;643;7852;57007;10663;2829;1524;3559;3560;3561;3566;3575;3581;3601;50615;64109;3563;1439;3568;1438;3597;3598;2057;2690;5618;4352;1441;3953;3570;3572;3590;3594;3595;149233;9466;133396;1271;3977;9180;3587;3588;53832;53833;58985;163702;3454;3455;3459;3460;3554;3556;7850;8808;8809;8807;9173;23765;84818;55540;132014;920;1436;7132;7133;4055;8764;8771;355;8718;8797;8795;8794;8793;27242;10913;60401;4804;4982;8792;51330;939;943;958;3604;7293;8784;608;23495;115650;55504;84957;285613;768211;7046;7048;94;92;659;93;91;130399;90;269;657;658",""
"hsa04061","Viral protein interaction with cytokine and cytokine receptor","6352;6348;6349;414062;6355;6358;6360;6359;6368;6357;6354;6347;10850;6356;6369;10344;56477;6361;6367;6351;9560;388372;6364;6346;6370;6362;6363;6366;2919;2920;2921;6374;6372;3576;5473;5196;5197;4283;3627;6373;10563;6387;9547;6375;6846;6376;3586;3569;3558;3606;27178;29949;50604;11009;7124;4049;8740;8743;146433;1435;1230;729230;1232;1233;1234;1235;1237;10803;51554;2826;1236;3577;3579;2833;643;7852;57007;2829;1524;3587;3588;3570;3572;3559;3560;3561;8809;8807;53832;53833;58985;7132;7133;4055;8764;8797;8795;8794;8793;1436",""
"hsa04512","ECM-receptor interaction","1277;1278;1280;1284;1286;1288;1282;1287;1285;1291;1292;1293;131873;256076;1297;1298;1299;284217;3908;3909;3911;3910;3912;3913;3914;22798;3915;3918;10319;1101;5649;7057;1311;7058;7059;7060;2335;6696;7448;3371;63923;7143;7148;255743;80144;341640;158326;1834;7450;3381;1758;56955;375790;3339;3672;3673;3674;3675;3676;3678;3655;3679;8516;3680;8515;22801;3685;3688;3690;3691;3693;3694;3695;3696;960;6382;6385;22987;9899;9900;948;2814;2811;2812;2815;51206;1605;961;3161",""
"hsa04514","Cell adhesion molecules","965;914;64115;152404;941;29126;940;942;1493;23308;102723996;29851;3108;3109;3111;3112;3113;3115;3117;3118;3119;3122;3123;3125;3126;3127;920;3105;3106;3107;3134;3135;3133;925;926;927;80380;80381;79679;5133;958;959;214;923;5817;10666;5819;201633;3683;3689;3383;3384;3385;933;5788;6614;6693;25945;1364;1365;1366;149461;10686;23562;24146;26285;49861;5010;51208;53842;7122;9071;9073;9074;9075;9076;9080;137075;100288814;644672;100132463;9069;100506658;50848;58494;83700;90952;1003;5175;4267;83692;3684;6404;6403;3676;3688;3680;7412;3695;8174;6402;947;2734;6401;5818;1000;4684;4685;3897;23705;257194;22854;57689;84628;64101;5792;94030;6382;6383;9672;6385;3685;3696;8516;9378;9379;9369;22871;57555;54413;57502;22829;5802;114798;84631;139065;26050;84189;5789;22865;57863;4897;1272;5797;6900;23114;8506;26047;4359;4099;999;1462;3655;1001;1002;1013;4756",""
"hsa04144","Endocytosis","382;23396;8394;8395;138429;5337;5338;1759;26052;1785;1211;1212;1213;8218;161;160;163;1173;1175;30846;7046;7048;9372;9765;5371;4087;4088;7037;1956;5156;2263;2261;2264;3480;867;868;23624;30011;6457;6456;6455;51100;56904;273;274;29924;55040;22905;2060;58513;23111;4734;23327;4193;7189;10193;83737;57154;64750;11059;3949;26119;1601;1234;3577;3579;7852;131890;6011;156;157;2868;2869;2870;408;409;8976;10097;57180;653857;10096;10095;10552;10109;10094;10093;10092;81873;147179;7456;644150;3312;3303;3305;3304;3310;9829;23325;9897;253725;387680;100287171;124908102;124908094;51019;829;830;93661;832;51699;112936;9559;55737;29934;8724;9101;10617;7879;9146;10254;8027;7251;93343;89853;51160;155382;137492;79720;55048;11267;51028;84313;79643;128866;29082;92421;51652;100526767;27243;25978;91782;9525;27183;51534;57132;5119;51510;9798;10015;51324;3482;6642;6643;254122;27131;58533;6714;3265;3559;3560;3561;387;3105;3106;3107;3134;3135;3133;2348;2350;2352;857;858;859;30845;30844;8411;5868;5869;5878;9135;64145;5867;80230;55680;10938;11311;8723;57403;11031;10890;4218;11021;8766;9230;22841;80223;26056;118813;3798;3799;3800;84440;9727;56288;50855;84552;84612;5590;5584;998;64744;60682;28964;9815;50807;55616;8853;116983;23527;9744;116985;116984;64411;116987;116988;119016;414189;642517;729092;116986;55738;26286;84364;23362;23550;5662;84249;23096;9922;440073;9265;27128;9266;9267;10564;10565;8729;375;377;378;381","17552;15996;17283;18348;16618;16851"
"hsa04145","Phagosome","9341;23673;8417;71;60;11151;53407;9554;3105;3106;3107;3134;3135;3133;3108;3109;3111;3112;3113;3115;3117;3118;3119;3122;3123;3125;3126;3127;5868;5869;5878;8411;5289;7037;9146;523;525;526;245973;528;51382;90423;529;9296;101927180;9550;127124;534;8992;155066;10312;23545;50617;535;9114;245972;51606;527;533;537;7879;338382;83547;1778;79659;1780;1781;1783;51143;10376;7277;7278;7846;84790;51807;112714;113457;79861;84617;203068;81027;7280;10381;10382;347688;347733;10383;124908013;124908015;124908041;260334;3916;3920;200576;4074;4842;4353;1514;1520;29927;55176;10952;23480;6890;6891;811;821;2204;2209;2212;2213;9103;2214;2215;102723407;715;3684;3689;718;78989;81035;4153;653509;729238;6441;3685;3673;3678;3688;3690;3693;7057;1311;7058;7059;7060;7097;10333;7099;929;22925;4360;9902;10332;30835;64581;4481;8685;4973;949;948;1535;1536;5879;653361;4688;4689","17283"
"hsa04142","Lysosome","10312;23545;50617;535;9114;245972;51606;537;527;533;1657;23312;23335;135112;5476;1508;1075;1509;1510;8722;1511;1512;1513;1514;1519;1520;1515;1521;1522;9476;5641;1200;2717;2720;2548;2629;3425;4668;4669;2581;2990;2517;2519;3073;3074;4126;4125;4758;8692;3373;6677;23553;8372;410;411;22901;2588;2799;3423;6448;3988;23659;1777;58511;53;54;6609;427;175;5660;768239;2760;5538;9374;3916;3920;27074;968;967;950;4864;10577;1497;26503;6556;4891;55353;7805;9741;20;23457;8763;9583;6272;1201;1203;256471;138050;285362;79158;84572;51172;3482;4074;1211;1212;1213;8218;164;8906;162;8907;10053;1174;8905;130340;8943;8120;8546;26985;10947;10239;1176;23431;10717;9179;11154;23062;23163;26088;57192;9516","15422;16761;4208;48066;17369"
"hsa04146","Peroxisome","9409;8504;5824;5825;5189;5190;55670;5191;5830;51555;5195;5194;5193;5192;5828;5827;4358;84769;255027;11264;8800;8799;92960;10478;26061;23600;5264;8310;51;8309;3295;6342;570;1962;30;26063;1891;215;225;5826;11001;23305;2182;2180;51703;2181;55825;10455;283927;83594;25961;390916;10005;1384;54677;23417;8443;8540;55711;84188;4598;10654;189;1610;8528;3417;3418;196743;51268;3155;54511;51179;54363;847;25824;6647;6648;4843;5052;2053;373156;7498;10901",""
"hsa04140","Autophagy - animal","3630;3480;3667;8660;8471;5290;5293;5291;5295;5296;8503;110117499;5170;207;208;10000;5728;3265;3845;4893;22808;6237;22800;5894;5604;5605;5594;5595;3091;54541;7249;7248;664;6009;57521;64798;2475;84335;64223;6198;6199;3476;5515;5516;8408;9706;9776;60673;9821;23130;55102;26100;55062;56270;11152;285973;79065;55578;100130302;170067;140775;55255;203228;4218;116442;8878;29110;10010;5861;10670;10325;64121;58528;6794;5562;5563;5566;5567;5568;5580;5599;5602;5601;596;598;572;8678;441925;29982;30849;5289;22863;55626;7189;58476;81671;55014;7405;51100;9711;10645;6885;2081;3708;1612;1613;23604;3146;118471;9451;440275;1965;8897;9110;64419;53349;9140;9474;55054;89849;10533;83734;64422;8837;83452;5588;11337;23710;11345;440738;81631;84557;643246;392288;115201;23192;84938;84971;4077;10133;10241;8887;23001;7311;6233;7314;7316;9342;8673;10652;8417;57724;9842;55823;64601;57617;65082;23339;27072;57448;26003;64689;7879;338382;3916;3920;1509;1514;1508","17552;15996;16038;16749;17283;16618"
"hsa04136","Autophagy - other","57521;2475;64223;9706;9776;60673;3476;5515;5516;285973;79065;23130;55102;26100;55062;8678;441925;5289;30849;9140;9474;55054;10533;83734;64422;11337;23710;11345;115201;23192;84938;84971","16038;16749;17283"
"hsa04137","Mitophagy - animal","55626;65018;54543;107986346;10452;84134;387990;9804;9868;5071;54708;7186;57154;64750;267;79594;10075;6477;25820;55669;9927;55288;89941;7311;6233;7314;7316;8887;8878;10241;10133;4077;29110;11337;23710;11345;440738;81631;84557;643246;392288;8678;441925;9101;9958;84749;598;192111;1457;1459;283106;1460;6714;8408;139341;664;665;23786;23770;25813;11331;79671;345778;4580;10651;9451;1965;468;5599;5602;5601;3725;5970;3265;3845;4893;22808;6237;22800;1869;3091;6667;7157;2309;10370;4286;7942;7030;27342;5868;5869;5878;22879;84315;221960;51622;7879;338382;64786;79735;51024;285973;79065;4976;7415","17552;15996"
"hsa04148","Efferocytosis","836;840;834;24145;5029;5031;64805;8877;56848;1901;8398;19;29933;6868;102;6376;1524;4773;4772;4775;4776;3091;405;2056;2057;3717;5594;5595;1051;5468;6256;4240;2621;10461;948;7057;5604;5605;5743;5732;5734;1788;1385;7040;487;489;488;815;817;816;818;5600;6300;5603;1432;9261;240;246;1846;1844;1849;1850;1847;80824;196527;63982;121601;203859;50636;338440;682;55113;389668;343702;114786;286046;10396;51761;23200;23250;286410;55754;5627;3685;3690;3693;558;7301;575;91937;26762;84868;177;23166;55576;5747;9564;1398;1399;9844;1793;5879;8754;811;712;713;714;4035;84466;84465;8578;51454;64284;5868;5869;5878;9392;23355;55823;64601;57617;65082;51552;23339;27072;7879;338382;54896;384;383;4953;9023;10062;7376;1374;1375;126129;7386;23411;5087;3586;3988;23659;5467;6513;6566;6446;961;100133941;5175;89790;140885;55423;10326;5777;5781","15422;15846;67040;15414;4167;16467;16643;15713;15729;17148;35366;422;16651;16113;174978;174980;174982;174983;174985;15551;17002;11750;18303;183975;17504;37550;6498;42977;17703;81564"
"hsa04110","Cell cycle","595;894;896;1019;1021;5925;5933;5934;25;3065;3066;1869;1870;1871;1874;1875;7027;7029;2932;7040;7042;7043;4087;4088;4089;4609;7709;1029;1030;1031;1032;1027;1028;1026;898;9134;1017;6500;8454;9978;6502;890;8900;990;81620;4998;4999;23595;5000;5001;23594;4171;4172;4173;4174;4175;4176;8318;90381;27085;8317;10926;80174;983;891;9133;85417;994;995;7534;7529;10971;7531;7533;7532;5347;7465;494551;9088;902;1022;64682;29882;996;29945;51433;8881;51434;8697;10393;51529;246184;25847;25906;119504;991;9232;10744;9700;8243;27127;9126;5885;10735;10274;546;1663;25836;23383;55869;114799;157570;23244;23047;23063;113130;9212;151648;5515;5516;5519;5518;5526;5527;5528;5529;5525;10403;57082;7272;8379;4085;10459;701;9184;699;9319;9587;51343;26271;8555;8556;168448;1387;2033;5591;545;472;4193;7157;1647;4616;10912;5111;2810;1111;11200;993",""
"hsa04114","Oocyte meiosis","3630;3479;3480;5241;367;107;108;109;196883;111;112;113;114;115;5566;5567;5568;6790;64506;132864;22849;80315;4342;5604;5594;5595;6197;6195;6196;27330;9088;7534;7529;10971;7531;7533;7532;245711;387778;100310812;100505767;100996746;102723555;102723849;285955;388333;441272;441273;442590;729597;105180391;100101268;124906603;643862;643909;728524;105180390;641776;442572;983;1017;5600;6300;5603;1432;5499;5500;5501;9748;5347;995;9133;9978;8454;6500;8945;23291;26271;64682;29882;996;29945;51433;8881;51434;8697;10393;51529;246184;25847;25906;119504;991;286151;9232;10744;9700;9985;10734;8243;27127;9126;891;699;4085;10459;8379;898;9134;151648;5526;5527;5528;5529;5525;5519;5518;5515;5516;89869;3708;3709;3710;810;805;808;801;163688;51806;91860;5530;5532;5533;5534;5535;815;817;816;818","22984;29108;17026;17489;16595"
"hsa04210","Apoptosis","8743;8797;8795;356;355;8772;7124;7132;8717;8837;841;843;839;836;840;637;581;578;56616;5414;27429;54205;317;842;5551;3002;10376;7277;7278;7846;84790;51807;112714;113457;79861;4170;71;60;6709;4000;4001;84823;142;10038;10039;143;1676;1677;2021;9131;2081;7186;3708;3709;3710;823;824;100506742;9451;1965;468;1649;1508;1075;1509;8722;1512;1513;1514;1519;1520;1515;1521;1522;329;330;331;332;10018;598;596;1616;8737;153090;4217;5599;5602;5601;572;3725;2353;7157;8739;9020;1147;3551;8517;4792;4790;5970;5783;1647;4616;10912;7185;597;472;55367;63970;27113;5366;835;4803;4914;3562;3563;1439;5290;5293;5291;5295;5296;8503;110117499;5170;207;208;10000;3265;3845;4893;5894;5604;5605;5594;5595","16240;22984;29108;194383;16393;16618"
"hsa04215","Apoptosis - multiple species","7132;8772;841;840;836;637;10018;5366;27113;596;598;581;578;54205;317;842;56616;27429;5414;329;330;331;332;5599;5602;5601;666;79444;4804;8678;441925;57448",""
"hsa04216","Ferroptosis","6520;23657;7157;2729;2730;2937;2879;23305;2182;2180;51703;2181;10162;246;112483;6303;7018;7037;55240;4891;64116;23516;5094;30061;1356;5093;2495;2512;440738;81631;84557;643246;392288;9474;10533;8031;5621;3162;7417;7419;1536;94033","15346;15351;16015;16240;26355;17627;30413;16856;17561;167606;17858;16584;15843;15467;17710;36464;16283;17515;15514;18145;46245;29033;29034;53487;29191;94287;173109"
"hsa04217","Necroptosis","7124;7132;8717;7186;7188;8737;329;330;331;10616;55072;81858;124044;9825;1540;8772;841;8837;11035;1536;815;817;816;818;291;292;293;83447;5481;7416;7417;7419;2747;2746;2752;5836;5837;5834;5599;5602;5601;2495;2512;123745;5321;8681;100137049;8605;283748;255189;246;823;824;6609;197259;192111;10059;114548;29108;834;3553;27243;25978;51652;100526767;128866;29082;92421;79643;9525;27183;57132;5119;51510;91782;54822;3552;90865;3146;8743;8797;8795;356;355;3439;3440;3441;3442;3443;3444;3445;3446;3447;3448;3449;3451;3452;3456;3458;3454;3455;3459;3460;3716;3717;3718;7297;6772;6773;6774;6775;6776;6777;6778;10379;5610;7099;353376;148022;7098;81030;27005;8878;3320;3326;7128;142;637;581;9131;3014;8338;85235;221613;92815;83740;3012;8335;55506;9555;723790;55766;474382;8336;8337;8969;317772;94239;3013;3015;8330;8334;8329;8331;8332;474381;115482686;5478;596","15422;16240;22984;29108;17761;52639;15843;25107;18420;194383;16393;190464;184744;185051;17636;62490;21759;29191"
"hsa04115","p53 signaling pathway","472;11200;545;1111;92344;1029;4193;4194;7157;10848;1026;595;894;896;1019;1021;898;9134;1017;2810;56475;891;9133;983;1647;4616;10912;51512;25946;355;55367;8797;8795;841;637;581;5366;27113;63970;10572;598;596;9540;9538;51246;64065;64393;6477;54205;317;842;836;84883;3486;3479;5054;575;3732;7057;5268;1643;50484;6241;27244;143686;83667;5728;7249;55240;64326;25898;900;901;8493;7161",""
"hsa04218","Cellular senescence","7040;7042;7043;7046;7048;4087;4088;1030;1019;1021;595;894;896;5925;5933;5934;1869;1870;1871;1874;1875;5290;5293;5291;5295;5296;8503;110117499;2308;2309;1026;1017;898;9134;3105;3106;3107;3134;3135;3133;3805;3845;4893;6237;22800;22808;3265;207;208;10000;7248;7249;6009;2475;5728;23411;890;8900;4605;286826;55957;91750;132660;5928;2305;4609;1029;4193;7157;83593;8945;23291;10114;204851;28996;147746;5499;5500;5501;5894;5604;5605;5594;5595;2113;5606;5608;5600;6300;5603;1432;1647;4616;10912;983;891;9133;85417;4361;10111;4683;472;11200;5883;144715;5810;3364;545;1111;993;8878;2626;10758;4790;5970;3552;3569;3576;3486;5054;1978;9261;677;678;776;59341;54822;823;824;810;805;808;801;163688;51806;91860;5530;5532;5533;5534;5535;4772;4773;4775;4776;3708;3709;3710;291;292;293;83447;5481;7416;7417;7419;90550","16240;22984;29108;16618;9168;29191"
"hsa04510","Focal adhesion","1277;1278;1280;1284;1286;1288;1282;1287;1285;1291;1292;1293;131873;256076;1297;1298;1299;284217;3908;3909;3911;3910;3912;3913;3914;22798;3915;3918;10319;1101;5649;7057;1311;7058;7059;7060;2335;6696;7448;3371;63923;7143;7148;7450;3381;3672;3673;3674;3675;3676;3678;3655;3679;8516;3680;8515;22801;3685;3688;3690;3691;3693;3694;3695;3696;2013;5154;5155;56034;80310;1950;3479;7422;7423;5228;7424;2277;3082;5156;5159;3480;3791;1956;2321;2324;4233;2064;2012;6714;2909;394;387;1729;6093;9475;4633;4636;58498;10398;93408;103910;10627;29895;5499;5500;5501;4659;4660;54776;4638;85366;91807;340156;23396;8394;8395;71;60;5923;824;87;81;7094;83660;2316;2317;5829;3611;7791;7408;7414;29780;55742;64098;5170;207;208;10000;2932;1499;5578;5579;5582;5747;5290;5293;5291;5295;5296;8503;110117499;5728;10451;7409;7410;5879;5880;5881;5058;5062;5063;10298;57144;56924;106821730;998;9564;1398;1399;1793;2889;5906;5908;5599;5602;5601;3725;673;857;858;859;2534;6464;25759;53358;399694;2885;6654;6655;3265;5894;5604;5594;5595;2002;595;894;896;329;330;331;572;596","18348;16618"
"hsa04520","Adherens junction","5818;5819;25945;81607;56288;6714;9855;998;5879;5880;5881;8976;7454;8826;10458;8936;10163;10810;4301;4008;117178;10580;87;81;7414;7082;999;1500;1499;29119;1495;1496;71;60;387;52;5797;5787;5792;5770;5777;5795;1457;1459;283106;1460;6932;83439;6934;51176;3480;3643;4233;1956;2064;2260;2241;2534;7525;5594;5595;6591;6615;7046;7048;4088;4089;1387;2033;6885;51701;1003;57493;889;83605;11235;57154;64750;5906;5908;54922;55698;9411;6093;9475;4633;4636;58498;10398;93408;103910;10627;29895",""
"hsa04530","Tight junction","92359;1364;1365;1366;149461;10686;23562;24146;26285;49861;5010;51208;53842;7122;9071;9073;9074;9075;9076;9080;137075;100288814;644672;100132463;9069;100506658;50848;58494;83700;11149;998;50855;84552;84612;64398;58538;27134;10207;8777;5590;5584;154796;154810;51421;55114;5879;4771;3993;3996;1739;23513;5515;5516;5519;5518;5520;5521;5522;55844;56288;7074;7082;93643;1740;1741;4734;23327;57530;84952;9181;387;2626;91862;4214;5599;5602;5601;3725;909;910;911;912;913;1080;1019;8531;8189;5111;595;2064;861;3308;9368;7430;5962;4478;5581;71;60;776;4217;5609;6714;2017;3059;10097;57180;653857;10096;10095;10552;10109;10094;10093;10092;81873;123720;7454;7408;5566;5567;5568;5872;23370;6093;9475;4633;54566;6794;5562;5563;5564;5565;5571;53632;51422;4627;4628;4629;79784;140465;4637;10398;103910;10627;150084;9223;11346;87;81;79778;4218;51762;51735;5906;3688;4301;9414;9693;57826;153562;10376;7277;7278;7846;84790;51807;112714;113457;79861","22984;29108"
"hsa04540","Gap junction","2697;57369;1902;2770;2773;2771;5154;5155;56034;80310;1950;5156;5159;1956;2885;6654;6655;3265;3845;4893;5894;5604;5605;5594;5595;6714;10746;5607;5598;10376;7277;7278;7846;84790;51807;112714;113457;79861;84617;203068;81027;7280;10381;10382;347688;347733;10383;124908013;124908015;124908041;260334;1453;983;7082;153;1812;2778;1813;107;108;109;196883;111;112;113;114;115;5566;5567;5568;3356;3357;3358;2911;2915;2767;2776;23236;5330;5331;5332;3708;3709;3710;5578;5579;5582;2977;2982;2983;5592;5593","16015;22984;29108;18035;16480;18357;17489;16975;28790;16356;16595;18243"
"hsa04550","Signaling pathways regulating pluripotency of stem cells","3976;3977;3572;3716;3717;3718;6774;9314;6657;4609;2885;5604;5605;5594;5595;5290;5293;5291;5295;5296;8503;110117499;207;208;10000;6926;79923;388112;3624;3625;3626;83729;4838;91;130399;92;93;4087;4088;652;657;658;90;659;4086;4090;4093;4089;3397;3398;3399;3400;1852;5600;6300;5603;1432;7471;7472;7482;7473;89780;54361;7474;81029;7475;7476;7477;7478;7479;7483;7484;7480;80326;7481;51384;8321;8324;2535;7976;8322;7855;8325;8323;11211;8326;1857;1856;1855;2932;8312;8313;324;10297;1499;6929;2103;6932;5460;5462;2247;2260;2263;2261;2264;3265;3845;4893;5894;3479;3480;8820;7547;10637;7044;6498;56916;7994;9869;3720;5978;55183;84759;7703;10336;648;100532731;84333;84108;5080;4211;3211;3198;3231;64211;5013;4762;9421;1749;4617;3175;3670;463;80712",""
"hsa04814","Motor proteins","1778;79659;1780;1781;1783;51143;51626;8655;140735;83658;83657;6993;6990;6991;343521;200132;25981;55567;146754;56171;1767;1768;1770;8701;201625;127602;1769;196385;8632;27019;64446;126820;79819;7802;83544;10126;1639;10540;11258;51164;84516;10671;10121;10120;55860;829;830;93661;832;92558;146439;84376;10376;7277;7278;7846;84790;51807;112714;113457;79861;84617;203068;81027;7280;10381;10382;347688;347733;10383;124908013;124908015;124908041;260334;27175;7283;51174;51175;3798;3799;3800;147700;3831;64837;89953;11127;9371;22920;3797;57576;23095;547;10749;23303;63971;9928;55614;57519;24137;285643;374654;23046;55605;55582;3832;10112;9585;9493;1062;81930;146909;124602;221458;64147;3835;26153;55083;113220;56992;84643;11004;347240;3796;3833;3801;90990;3834;283446;4430;4542;4640;4641;4642;4643;64005;140469;53904;4644;4645;55930;4646;4647;4648;4649;4650;4651;51168;80022;23026;399687;84700;80179;4619;4622;4626;4620;4621;57644;22989;8735;4625;4624;4627;4628;4629;79784;4632;4634;4635;140465;4637;4633;4636;58498;10398;93408;103910;10627;29895;58;59;70;72;71;60;7134;7135;7138;7125;7136;7140;7137;7139;7168;7169;7170;7171",""
"hsa04820","Cytoskeleton in muscle cells","1277;1278;1281;1289;1290;50509;1301;255631;85301;1302;1297;1298;1299;1634;1462;2006;1291;1292;1293;131873;256076;7057;1311;7058;7059;7060;2200;2201;84467;1284;1286;1288;1282;1287;1285;2192;2199;3339;4811;22795;2335;6382;6383;9672;6385;375790;633;1824;1829;5318;3728;1832;7431;1674;284217;3908;3672;3673;3674;3675;3676;3678;3655;3679;8516;3680;8515;22801;3685;3688;3690;3691;3693;3694;3695;3696;7094;83660;7414;89;88;71;60;72;1605;6442;8910;6443;6444;6445;137868;8082;1756;6640;6645;6641;1837;2318;476;477;478;480;23439;481;482;483;288;6709;51332;57731;6711;6712;1465;1466;8048;4619;4622;4626;4620;4621;57644;22989;8735;4625;4624;4627;4628;4629;79784;4632;4634;4635;4633;4636;58498;10398;29895;4604;4606;4607;4608;343263;58;70;7134;7135;7138;7125;7136;7140;7137;7139;7168;7169;7170;7171;7273;9499;8557;171024;4703;10529;58529;51778;91977;27295;64236;8572;9124;829;830;93661;832;165904;129446;4892;84665;11155;10611;9260;29765;29766;29767;7111;7791;2273;2274;2275;442721;25802;56203;27063;26287;200539;114793;752;91010;64423;23002;23500;1729;1730;81624;56776;8736;9172;127294;2027;2026;2023;287;1158;57159;84675;84676;271;272;270;84033;825;5339;161176;23345;23224;23353;25777;79188;2010;3930;4000;4001;84823",""
"hsa04810","Regulation of actin cytoskeleton","1902;9170;2846;57121;6387;7852;2147;2149;3630;1950;2246;2247;2248;2249;8822;2251;2252;2253;2254;2255;8823;2250;8817;26281;27006;9965;26291;8074;5154;5155;56034;80310;3645;1956;2260;2263;2261;2264;5156;5159;2335;3672;3673;3674;3675;3676;3678;3655;3679;8516;3680;8515;22801;3685;3683;3684;3687;3681;3682;3688;3689;3690;3691;3693;3694;3695;3696;3827;623;624;1128;1129;1131;1132;1133;727;729;730;731;732;733;735;2768;10672;55970;2245;89846;5747;9564;1398;1399;1793;6714;6654;6655;3265;3845;4893;6237;22800;22808;9459;5290;5293;5291;5295;5296;8503;110117499;10451;7409;7410;7074;369;673;5894;4342;5604;5605;5594;5595;207;208;10000;28984;9138;23365;2909;387;5879;5880;5881;998;5058;5062;5063;10298;57144;56924;106821730;8874;28964;6093;9475;4638;85366;91807;340156;5499;5500;5501;4659;4660;54776;4633;4636;58498;10398;93408;103910;10627;29895;4627;4628;4629;79784;1729;1730;6548;23396;8394;8395;79837;5305;8396;200576;3984;3985;81624;10458;55740;8976;10163;23191;26999;10787;3071;10152;55845;8936;10097;57180;653857;10096;10095;10552;10109;10094;10093;10092;81873;71;60;345456;5216;5217;375189;5829;7430;5962;4478;7114;9087;1072;1073;54434;54961;85464;7414;8826;10788;128239;2934;85477;87;81;324;10297;50649;221178","16975;15355;18348;16618;16152"
"hsa04640","Hematopoietic cell lineage","4254;3574;3565;1437;2323;3567;1440;3562;3569;3589;3552;3553;7124;1435;2056;7066;947;2322;1791;3108;3109;3111;3112;3113;3115;3117;3118;3119;3122;3123;3125;3126;3127;960;3815;3559;3575;7037;952;924;914;921;909;910;911;912;913;920;925;926;927;915;916;917;4311;928;930;933;100133941;931;1380;951;102723407;2208;1378;1379;1438;3563;945;3566;3570;2209;1436;290;3684;929;3581;3554;7850;1441;3568;2057;948;2993;1604;966;3590;3690;3674;2815;2811;2812;2814;3672;3673;3675;3676;3678;3655",""
"hsa04610","Complement and coagulation cascades","2155;2152;2161;2160;2158;7450;2157;2159;2153;2147;2243;2244;2266;2162;2165;2149;2151;9002;1361;7056;10544;5624;5627;5054;5055;5104;5270;5327;5328;5329;5340;3818;3827;623;624;7035;5265;462;3053;710;5345;2;712;713;714;715;716;4153;5648;10747;720;721;100293534;110384692;717;718;629;1675;727;729;730;731;732;733;735;719;11326;1378;1379;1380;3684;3689;3687;728;722;725;3426;3075;4179;1604;10878;3078;3080;10877;81494;966;1191;7448","5054;9574;3783;3777;80542"
"hsa04611","Platelet activation","6915;2147;2149;9002;10672;9138;23365;387;6093;9475;5499;5500;5501;4659;103910;10627;5023;84876;3708;3709;3710;6786;4638;85366;91807;340156;5028;2776;23236;5330;5331;5332;5590;5584;10125;10235;5906;5908;54518;7094;83660;3674;3690;83706;2243;2244;2266;64805;2770;2773;2771;107;108;109;196883;111;112;113;114;115;5739;2778;5294;23533;146850;5566;5567;5568;7408;71;60;6714;2909;2212;6850;1277;1278;1281;51206;2207;4067;2534;3673;3688;5290;5293;5291;5295;5296;8503;110117499;3937;5336;695;7450;2814;2811;2812;2815;207;208;10000;4846;2977;2982;2983;5592;5593;5600;6300;5603;1432;5594;5595;123745;5321;8681;100137049;8605;283748;255189;5742;6916;8773;8673","15422;16761;22984;29108;18035;15843;15554;16480;17489;16356;16595;15552;15627;27647;16618"
"hsa04613","Neutrophil extracellular trap formation","2214;2215;6850;6885;5894;5604;5605;5594;5595;27180;1536;653361;1535;4688;4689;5879;5880;51284;51311;1991;4353;71;60;7416;7417;7419;291;292;293;83447;10105;23569;102723407;2209;2212;3684;3689;3683;64581;6714;23236;5330;5331;5332;5335;5336;5578;5579;5582;10533;2357;2359;2358;5290;5293;5291;5295;5296;8503;110117499;207;208;10000;2475;4790;5970;718;1378;1379;727;728;3146;7097;7099;5600;6300;5603;1432;3674;3690;2243;2244;2266;2811;7450;6403;6404;177;837;834;79792;8520;3014;8338;85235;221613;92815;83740;3012;8335;55506;9555;723790;55766;474382;8336;8337;8969;317772;94239;3013;3015;8330;8334;8329;8331;8332;474381;115482686;8341;8345;8342;158983;255626;440689;8348;3018;8339;8340;8347;3017;8344;8346;8349;8970;85236;128312;8343;286436;102724334;114483833;54145;121504;554313;8294;8360;8361;8362;8363;8364;8365;8366;8367;8368;8370;8359;8369;440093;3021;8351;8352;8350;3020;8290;126961;333932;653604;8353;8354;8355;8356;8357;8358;8968;3065;3066;8841;9759;10014;10013;51564;55869;9734;83933;79885;566;1511;820;1182;1183;1184;366","16240;16991;22984;29108;18035;16412;28808;16336;28793;18421;16595;37537;16618;5158"
"hsa04620","Toll-like receptor signaling pathway","7096;7097;10333;3929;929;23643;7098;7099;7100;51284;51311;1513;54106;5879;5290;5293;5291;5295;5296;8503;110117499;207;208;10000;54472;4615;114609;8772;841;51135;3654;7189;10454;23118;6885;8517;1147;3551;4792;4790;5970;1326;5604;5605;5594;5595;5606;5608;6416;5609;5600;6300;5603;1432;5599;5602;5601;3725;2353;7124;3553;3569;3592;3593;3576;6352;6348;6349;414062;6351;9560;388372;353376;148022;8737;3663;3665;6696;9641;29110;7187;3661;958;941;942;3439;3440;3441;3442;3443;3444;3445;3446;3447;3448;3449;3451;3452;3456;3454;3455;3716;7297;6772;6773;10379;3627;4283;6373",""
"hsa04621","NOD-like receptor signaling pathway","10392;8767;8517;1147;3551;4793;4792;4790;5970;3553;3606;3569;7124;3576;2919;2920;2921;6347;6352;820;1667;1668;1669;1670;1671;728358;1673;100289462;124906748;414325;55894;124906744;64127;6885;10454;23118;257397;5594;5595;5599;5602;5601;5600;6300;5603;1432;3725;55054;9474;9140;11337;23710;11345;440738;81631;84557;643246;392288;10910;81858;10616;55072;331;84674;7205;55914;329;330;7186;7188;7189;64170;7128;57506;7187;29110;9641;10010;3661;3665;3439;3440;3441;3442;3443;3444;3445;3446;3447;3448;3449;3451;3452;3456;79671;118429;84168;22861;29108;834;596;598;1508;114548;24145;5027;7226;54822;51393;846;222545;23236;5330;5331;5332;3708;3709;3710;7416;7417;7419;90550;4938;4939;4940;6041;56919;55669;9927;8737;11035;10059;10135;1536;1535;10628;7295;25828;140609;79184;3320;3326;22900;63940;345611;260434;152138;4210;9051;841;8772;100506742;59082;114769;171389;199713;91662;4671;58484;5580;2634;115362;9447;3428;7158;107181291;387;5585;5586;7531;2633;2635;115361;388646;838;837;79792;3454;3455;3716;7297;6772;6773;10379;7099;148022;4615;51135;340061","15422;22984;29108;17588;26216;29103;16480;16595"
"hsa04622","RIG-I-like receptor signaling pathway","23586;64135;57169;57506;79132;7187;10010;64343;9755;8517;29110;9641;3661;3665;3439;3440;3441;3442;3443;3444;3445;3446;3447;3448;3449;3451;3452;3456;3467;338376;56832;8717;8772;8737;841;843;1147;3551;4793;4792;4790;5970;7186;6885;7189;4214;5599;5602;5601;5600;6300;5603;1432;3576;7124;3592;3593;3627;103;7706;1540;54941;9636;9474;9140;79671;340061;55593;80143;1654;5300;26007",""
"hsa04623","Cytosolic DNA-sensing pathway","11128;55703;10623;661;55718;9533;51728;51082;171568;84265;10622;10621;5434;5435;5437;5440;5441;23586;57506;4790;5970;3569;5093;10146;85364;115004;340061;29800;653082;79844;51428;3428;29110;9641;3661;3665;3439;3440;3441;3442;3443;3444;3445;3446;3447;3448;3449;3451;3452;3456;81030;8737;11035;8517;1147;3551;4793;4792;6351;9560;388372;6352;3627;9447;114548;4210;8772;841;29108;834;197259;836;840;1687;79792;3553;3606;90865;103;25939;11277;1777;58511","16991"
"hsa04625","C-type lectin receptor signaling pathway","64581;4046;3265;3845;4893;22808;6237;22800;5894;5970;5971;3592;3593;3553;6850;5781;9020;1147;4791;5336;3708;3709;3710;810;805;808;801;163688;51806;91860;5530;5532;5533;5534;5535;4772;4773;4775;4776;3558;3586;1959;1960;5743;5580;5594;5595;114548;29108;834;64170;8915;10892;841;8517;3551;4792;4790;7124;3569;51561;5600;6300;5603;1432;5599;5602;5601;3725;868;93978;2207;10332;30835;23365;387;5058;8844;1263;6714;9641;6772;10379;6773;53342;1540;602;6361;6367;9261;26253;5290;5293;5291;5295;5296;8503;110117499;207;208;10000;4193;3659;338339;51266","16240;22984;29108;4208;18035;174978;174980;174982;174983;174985;15551;37671;2181;16595;29191"
"hsa04650","Natural killer cell mediated cytotoxicity","3105;3106;3107;3135;3133;3812;3811;115653;112268355;3813;3803;3802;3804;57292;3821;3824;5777;5781;3383;3384;3683;3689;2185;10451;7409;7410;5879;5880;5881;5058;5604;5605;5594;5595;7124;1437;3458;3806;3808;3809;3810;100132285;3822;3823;9436;7305;3932;102723407;2214;2215;9437;259197;2207;919;7535;6850;3937;27040;7462;5335;5336;6452;5290;5293;5291;5295;5296;8503;110117499;2534;6464;25759;53358;399694;2885;6654;6655;3265;3845;4893;369;673;5894;4277;100507436;80329;80328;79465;22914;100528032;10870;962;51744;5530;5532;5533;5534;5535;4772;4773;5578;5579;5582;117157;4068;3459;3460;3439;3440;3441;3442;3443;3444;3445;3446;3447;3448;3449;3451;3452;3456;3454;3455;8743;8797;8795;356;355;3002;5551;836;637;353091;154064;135250","22984;29108;18035;16595;16618"
"hsa04612","Antigen processing and presentation","3458;7124;5720;5721;10197;3312;3303;3305;3304;3310;3306;3308;3320;3326;3105;3106;3107;3134;3135;3133;3309;821;567;2923;811;6892;6890;6891;925;926;927;3812;3811;115653;112268355;3813;3803;3802;3804;3805;57292;3821;3822;3823;8302;3824;3806;3808;3809;3810;100132285;10437;5641;1508;3108;3109;3111;3112;3113;3115;3117;3118;3119;3122;3123;3125;3126;3127;972;1514;1520;920;4261;5993;8625;5994;1385;4800;4801;4802",""
"hsa04660","T cell receptor signaling pathway","915;916;917;919;920;925;926;927;5788;3932;2534;7535;3937;27040;3702;7006;4690;8440;10451;7409;7410;9402;2885;5058;5062;5063;10298;57144;56924;106821730;387;998;1739;5600;6300;5603;1432;5335;5530;5532;5533;5534;5535;4772;4773;4775;6654;6655;10125;3265;3845;4893;5894;5604;5605;5594;5595;2353;3725;5588;84433;8915;10892;6885;5609;5599;5602;5601;1147;3551;8517;4790;5970;4792;4793;4794;940;29851;959;5295;5296;8503;110117499;5290;5293;5291;5170;207;208;10000;1326;9020;2932;5133;1493;5777;5781;5515;5516;5519;5518;5520;5521;5522;55844;28227;55012;5523;5526;5527;5528;5529;5525;868;3558;3565;3567;3586;3458;1437;7124;1019","22984;29108;18035;16595;16618"
"hsa04658","Th1 and Th2 cell differentiation","10683;28514;54567;4854;55534;84441;9794;11317;3516;4790;5970;3458;3459;3460;3716;3717;6772;3592;3593;3594;3595;7297;6775;30009;864;3108;3109;3111;3112;3113;3115;3117;3118;3119;3122;3123;3125;3126;3127;920;3932;916;917;919;915;7535;27040;5335;5530;5532;5533;5534;5535;4772;4773;4775;5588;1147;3551;8517;4792;4793;4794;5594;5595;2353;5600;6300;5603;1432;5599;5602;5601;3725;3558;3559;3560;3561;3718;6776;6777;3565;3566;6778;2625;3567;3596;4094;182;3714;4851;4853","22984;29108;18035;16595"
"hsa04659","Th17 cell differentiation","3553;3554;3556;5600;6300;5603;1432;2475;3662;7040;7046;7048;4087;4088;4089;59067;50615;3561;3716;3718;3569;3570;3572;3717;51561;149233;3594;7297;6774;6097;6095;3091;3320;3326;196;3605;112744;50616;3108;3109;3111;3112;3113;3115;3117;3118;3119;3122;3123;3125;3126;3127;920;3932;916;917;919;915;7535;27040;5335;5530;5532;5533;5534;5535;4772;4773;4775;5588;1147;3551;8517;4792;4793;4794;4790;5970;5594;5595;2353;5599;5602;5601;3725;3565;3566;6778;2625;861;246778;10148;9466;3458;3459;3460;6772;30009;3558;3559;3560;6776;6777;50943;5914;6256;6257;6258","22984;29108;18035;177281;15367;16595"
"hsa04657","IL-17 signaling pathway","64806;23765;55540;8717;8772;836;841;10758;7189;4790;5970;2353;2354;3725;3727;8061;3565;3567;3596;6361;6356;3605;112744;84818;7187;51433;7128;3320;3326;7184;29110;23118;257397;6885;8517;1147;3551;4792;5600;6300;5603;1432;5599;5602;5601;5594;5595;5596;5597;5598;225689;1051;9618;9641;29761;7188;7186;6426;1994;2932;2919;2920;2921;6374;6372;3576;3627;6347;6354;6364;3569;7124;5743;1440;1437;1673;100289462;124906748;727897;4586;6278;338324;6279;6280;3934;4312;4314;4318;4322;27189;132014;3553;3458;27190;53342",""
"hsa04662","B cell receptor signaling pathway","102723407;973;974;4067;6850;695;27071;29760;10451;7409;7410;5879;5880;5881;55024;640;5336;5530;5532;5533;5534;5535;4772;4773;4775;2885;6654;6655;25780;3265;3845;4893;5894;5604;5605;5594;5595;2353;3725;5579;84433;8915;10892;1147;3551;8517;4790;5970;4792;4793;4794;8519;975;930;1380;5295;5296;8503;110117499;5290;5293;5291;207;208;10000;2932;2213;3635;3636;10288;10859;10990;11006;11024;11025;11026;11027;23547;79168;353514;102725035;107987425;107987462;112268336;112268337;112268340;107987441;933;971;5777;118788","22984;29108;18035;16595;16618"
"hsa04664","Fc epsilon RI signaling pathway","102723407;2205;2206;2207;6850;4067;695;3635;5335;5336;5578;5290;5293;5291;5295;5296;8503;110117499;5170;207;208;10000;5879;5880;5881;6416;5609;5606;5608;5599;5602;5601;5600;6300;5603;1432;3565;3596;3562;3567;1437;7124;3937;10451;7409;7410;2534;9846;27040;2885;6654;6655;3265;3845;4893;5894;5604;5605;5594;5595;123745;5321;8681;100137049;8605;283748;255189;240;241","22984;29108;18035;15843;28304;18295;15555;16595;16978;28666;15650;16618"
"hsa04666","Fc gamma R-mediated phagocytosis","102723407;2209;2212;2214;2215;5788;3055;4067;6850;5290;5293;5291;5295;5296;8503;110117499;207;208;10000;6198;6199;5335;5336;5580;5581;5894;5604;5594;5595;123745;5321;8681;100137049;8605;283748;255189;8398;4082;65108;5337;5338;8611;8613;8612;8877;56848;5578;5579;5582;653361;2934;85477;10451;7409;7410;998;7454;7408;10097;57180;653857;10096;10095;10552;10109;10094;10093;10092;81873;5879;5880;8936;10163;10810;5058;3984;3985;1072;1073;23396;8394;8395;382;1398;1399;1793;50807;55616;8853;2213;3635;3636;9846;27040;1785;273;274;4651","22984;29108;18035;15843;16337;16595;18348;16618;37550"
"hsa04670","Leukocyte transendothelial migration","83700;3684;3689;58494;3676;3688;5175;4267;83692;3683;50848;1003;1364;1365;1366;149461;10686;23562;24146;26285;49861;5010;51208;53842;7122;9071;9073;9074;9075;9076;9080;137075;100288814;644672;100132463;9069;100506658;90952;7412;7430;4478;71;60;5290;5293;5291;5295;5296;8503;110117499;5879;1536;1535;4688;653361;4689;1499;1500;29119;1495;1496;5781;4313;4318;5600;6300;5603;1432;3383;5335;5336;5578;5579;5582;5747;5829;9564;7070;2909;394;387;6093;9475;4633;4636;58498;10398;93408;103910;10627;29895;4301;5906;5908;6494;7408;87;81;7414;6387;7852;2770;2773;2771;10411;11069;83593;2185;3702;7294;10451;7409;7410;5880;998;399","16240;22984;29108;17489;18348"
"hsa04672","Intestinal immune network for IgA production","941;942;3108;3109;3111;3112;3113;3115;3117;3118;3119;3122;3123;3125;3126;3127;940;3558;3565;3567;3569;3586;7040;8741;10673;23495;608;115650;102723407;57379;958;959;29851;23308;102723996;10803;3676;3695;6387;7852;56477;2826;6370;8174;4055;9020;3600;3601;5284","177281;15367;50648"
"hsa04062","Chemokine signaling pathway","2919;2920;2921;6374;6372;5473;3576;4283;3627;6373;6387;10563;58191;5196;5197;9547;6375;6846;6376;6346;6347;6348;6349;414062;6351;9560;388372;6352;6354;6355;6356;6357;6358;6359;6368;6360;6361;6362;6363;6364;6366;6367;6369;6370;10344;10850;56477;3579;3577;2833;7852;643;10663;2829;1524;1237;1235;10803;1233;1236;729230;1234;1230;1232;2826;3717;3718;6772;6773;6774;6777;2770;2773;2771;107;108;109;196883;111;112;113;114;115;5566;5567;5568;4067;3055;2268;6714;6464;25759;53358;399694;2885;6654;6655;3265;3845;4893;5894;673;5604;5594;5595;5290;5293;5291;5295;5296;8503;110117499;5294;23533;146850;5590;207;208;10000;2309;1147;3551;8517;4792;4793;4790;5970;572;2931;2932;3702;10451;7409;7410;5879;5880;5881;5058;998;7454;387;6093;9475;2782;2783;2784;59345;10681;54331;2785;2786;2787;2788;94235;2790;2791;55970;51764;2792;2793;57580;9844;1794;5747;5829;9564;1398;1399;2185;2776;23236;5330;5331;5332;5335;5336;10235;5906;5908;56288;7074;5579;5580;653361;131890;6011;156;157;2868;2869;2870;408;409","22984;29108;18035;17489;16595;16618"
"hsa04911","Insulin secretion","6513;6514;2645;54795;476;477;478;480;23439;481;482;483;486;6833;3767;775;776;778;779;815;817;816;818;3778;157855;3779;10242;27094;27345;3780;3781;3782;3783;2641;2740;2695;139760;116;117;2778;107;108;109;196883;111;112;113;114;115;5566;5567;5568;1385;1386;468;10488;90993;64764;84699;148327;9586;1388;3651;3630;11069;9699;27445;5864;885;886;1131;2864;2776;2767;23236;5330;5331;5332;3710;6262;6844;6804;6616;5578;5579;5582","15422;15361;32816;4167;22984;29108;4170;35366;18035;26216;29103;17489;16595;26708;29101;15355"
"hsa04910","Insulin signaling pathway","3630;3643;3667;8660;8471;5295;5296;8503;110117499;5290;5293;5291;5170;207;208;10000;2932;2998;2997;5499;5500;5501;5506;5507;5509;79660;90673;89801;5260;5261;5257;5256;5255;810;805;808;801;163688;51806;91860;5836;5837;5834;5140;5566;5567;5568;5573;5576;5577;5575;3991;5590;5584;6517;2319;10211;10603;10580;867;868;1398;1399;2889;23433;23265;9322;6720;31;32;2194;5313;3101;3098;3099;80201;2645;5562;5563;5564;5565;5571;53632;51422;2308;10891;2538;57818;92579;2203;8789;5105;5106;2475;57521;6198;6199;6194;1978;1977;9470;253314;7248;7249;6009;572;6464;25759;53358;399694;2885;6654;6655;3265;3845;4893;369;673;5894;5604;5605;5594;5595;8569;2872;2002;8651;8835;9021;122809;5770;5792;5599;5602;5601;3551;3636;3632","4167;28017;17489;16618"
"hsa04922","Glucagon signaling pathway","207;208;10000;5140;2641;2642;2778;108;5566;5567;5568;1385;1386;468;10488;90993;64764;84699;148327;9586;55671;57223;139420;5531;200186;23235;1387;2033;10891;102724428;150094;2776;23236;5330;5331;5332;3708;3709;3710;5530;5532;5533;5534;5535;815;817;816;818;2308;23411;5465;3276;2538;57818;92579;5105;5106;1374;1375;126129;2998;2997;5257;5256;5255;5260;5261;810;805;808;801;163688;51806;91860;5836;5837;5834;5207;5562;5563;5564;5565;5571;53632;51422;31;32;6513;6514;2645;2203;8789;5213;5214;5211;5223;5224;441531;5315;5161;5160;5162;160287;92483;3939;3945;3948","15361;32816;15351;16810;30915;4167;16452;30744;17984;15741;18021;44897;22984;29108;15531;61553;15946;29042;18012;29806;15589;30797;16947;30769;28087;422;16651;17794;16087;30887;37736;16905;17489;17835;28602;17665;17719;16595"
"hsa04923","Regulation of lipolysis in adipocytes","7252;1081;7253;153;154;155;2778;107;108;109;196883;111;112;113;114;115;5566;5567;5568;4878;4881;5592;5593;5346;63924;3991;57104;51099;11343;2167;364;100509620;3630;3643;3667;8660;8471;5290;5293;5291;5295;5296;8503;110117499;207;208;10000;5140;11145;54979;5742;5743;134;5733;4852;4886;2770;2773;2771","16027;17754;35366;18035;16335;15843;17855;18357;17489;174978;174980;174982;174983;174985;15551;28918;16356;35759;16827"
"hsa04920","Adipocytokine signaling pathway","7124;7132;8717;7133;7186;2475;5599;5602;5601;1147;3551;8517;4792;4793;4794;4790;5970;9021;3667;8660;8471;207;208;10000;948;23305;2182;2180;51703;2181;23205;81616;5588;3952;3953;3717;6774;5443;181;4852;10891;5105;5106;2538;57818;92579;5781;5465;6256;6257;6258;9370;51094;79602;26060;6794;10645;5562;5563;5564;5565;5571;53632;51422;32;1374;1375;126129;6513;6517","17984;22984;29108;15531;35366;18035;17761;52639;15904;50648"
"hsa03320","PPAR signaling pathway","948;376497;10999;11001;10998;28965;2168;2169;2170;2167;2171;2172;2173;5465;6256;6257;6258;5467;5468;3157;3158;335;336;345;116519;5360;10873;4199;9415;6319;79966;1581;1582;10062;1593;1622;4023;23305;2182;2180;51703;2181;23205;81616;4973;1962;30;6342;8310;51;8309;1374;1375;126129;1376;33;34;51129;10580;5346;123;729359;440503;9370;4312;7350;3611;5170;7316;5105;5106;2712;2710;2713;364;100509620","165291;15647;34154;34496;34486;50648"
"hsa04929","GnRH secretion","3814;84634;2776;2767;23236;5330;5331;5332;5578;5579;5582;3708;3709;3710;348980;610;57657;8913;8912;8911;7220;7223;7224;3767;3760;3763;3765;3762;2550;9568;3780;3781;3782;3783;779;775;776;778;408;409;3265;3845;4893;5894;5604;5605;5594;5595;5295;5296;8503;110117499;5290;5293;5291;207;208;10000;2796;2797;2100;2852;3972;6696;1081","22984;29108;18035;26216;29103;16865;30566;17347;16469;16595;26708;29101;18348"
"hsa04912","GnRH signaling pathway","2796;2797;2798;2778;107;108;109;196883;111;112;113;114;115;5566;5567;5568;468;2776;2767;23236;5330;5331;5332;3708;3709;3710;810;805;808;801;163688;51806;91860;815;817;816;818;5578;5579;5580;775;776;778;779;4214;10746;4215;4216;5606;5608;5600;6300;5603;1432;5598;123745;5321;8681;100137049;8605;283748;255189;5337;5338;6714;998;6416;5609;5599;5602;5601;3725;3972;1081;2488;2185;4313;4323;1839;1956;2885;6654;6655;3265;3845;4893;5894;5604;5605;5594;5595;2002;1958","22984;29108;18035;15843;16337;17489;16595"
"hsa04913","Ovarian steroidogenesis","1081;3972;3973;2778;107;108;109;196883;111;112;113;114;115;5566;5567;5568;123745;5321;8681;100137049;8605;283748;255189;122970;10965;641371;240;1573;5743;3630;3643;3479;3480;3949;949;6770;1583;1586;3292;3294;8644;51478;3283;3284;2488;2492;1588;1545;1543;9210;654","16113;15843;16422;17026;17263;17347;17489;187232;15553;16469;17252;28689;16581;15514;17002;2710;28750;28744;15632;15628;62845;34450;34490;171868;34130;34146"
"hsa04915","Estrogen signaling pathway","2099;2100;3320;3326;7184;2288;2289;3312;3303;3305;3304;3310;8648;10499;8202;596;9166;3857;3858;3859;3860;3861;3866;3868;3872;3875;3880;3881;3882;3883;3884;3885;3886;125115;390792;25984;147183;162605;192666;342574;54474;8687;8688;8689;100653049;353288;1509;9687;7031;5241;7039;5914;2353;3725;6667;2852;2778;6714;4313;4318;1839;107;108;109;196883;111;112;113;114;115;5566;5567;5568;1385;1386;468;10488;90993;64764;84699;148327;9586;1388;1956;6464;25759;53358;399694;2885;6654;6655;3265;3845;4893;5894;5604;5605;5594;5595;5290;5293;5291;5295;5296;8503;110117499;207;208;10000;2550;9568;2770;2773;2771;2775;3760;3763;3765;3762;5443;4988;5580;2776;23236;5330;5331;5332;3708;3709;3710;810;805;808;801;163688;51806;91860;4846;2911","22984;29108;18035;26216;29103;16865;30566;16480;17489;16469;16595"
"hsa04914","Progesterone-mediated oocyte maturation","5241;5295;5296;8503;110117499;5290;5293;5291;5599;5602;5601;5600;6300;5603;1432;2770;2773;2771;107;108;109;196883;111;112;113;114;115;5566;5567;5568;6790;64506;132864;22849;80315;245711;387778;100310812;100505767;100996746;102723555;102723849;285955;388333;441272;441273;442590;729597;105180391;100101268;124906603;643862;643909;728524;105180390;641776;442572;1017;983;890;8900;4342;3320;3326;5604;5594;5595;6197;6195;6196;27330;9088;891;9133;85417;6793;5347;993;994;995;3630;3479;3480;207;208;10000;5140;3845;369;673;5894;699;8379;4085;10459;51343;64682;29882;996;29945;51433;8881;51434;8697;10393;51529;246184;25847;25906;119504;3835","17026;17489;16618;16152"
"hsa04917","Prolactin signaling pathway","5617;5618;3717;6464;25759;53358;399694;6714;5290;5293;5291;5295;5296;8503;110117499;207;208;10000;2309;2592;2885;6654;6655;3265;3845;4893;5894;5604;5605;5594;5595;2353;5599;5602;5601;5600;6300;5603;1432;595;2932;1154;8651;8835;9021;122809;9655;30837;9306;6772;6774;6776;6777;8600;8792;4790;5970;2001;1447;1081;3972;3973;1586;2099;2100;3659;7054;6514;2645;894;3630","15422;4167;17895;4170;16422;15765;17026;17263;16469;18243;16618"
"hsa04921","Oxytocin signaling pathway","5020;5021;2776;3265;3845;4893;5894;5604;5605;5594;5595;123745;5321;8681;100137049;8605;283748;255189;5743;5607;5598;3725;2353;4208;595;2002;6261;6262;6263;952;7226;3759;3768;100134444;3761;3770;23236;5330;5331;5332;5578;5579;5582;29904;1938;775;776;778;779;782;783;784;785;781;9254;55799;93589;786;10369;10368;27092;27091;59285;59284;59283;3708;3709;3710;810;805;808;801;163688;51806;91860;5530;5532;5533;5534;5535;4772;4773;4775;4776;5997;1827;10645;5562;5563;5564;5565;5571;53632;51422;57118;57172;8536;815;817;816;818;814;4846;2977;2982;2983;4878;4881;4882;4638;85366;91807;340156;140465;4637;10398;71;60;387;6093;9475;5499;5500;5501;4659;4660;54776;2778;107;108;109;196883;111;112;113;114;115;5566;5567;5568;2770;2773;2771;2775;5294;23533;146850;6714;3760;3763;3765;3762;1956;1026","22984;29108;18035;15843;26216;29103;15554;16480;17489;174978;174980;174982;174983;174985;15551;187232;15553;16356;16595;31445"
"hsa04926","Relaxin signaling pathway","6013;6019;59350;2775;2770;2773;2771;2778;2782;2783;2784;59345;10681;54331;2785;2786;2787;2788;94235;2790;2791;55970;51764;2792;2793;111;5566;5567;5568;1385;1386;468;10488;90993;64764;84699;148327;9586;1388;7422;7423;7424;2277;4792;4790;5970;4843;5290;5293;5291;5295;5296;8503;110117499;5590;5894;5604;5605;5594;5595;4313;4318;207;208;10000;4846;4842;1906;1910;4312;4322;7040;7046;7048;4087;59;1277;1278;1281;1284;1286;1288;1282;1287;1285;3640;122042;117579;51289;107;108;109;196883;112;113;114;115;23236;5330;5331;5332;5578;6416;5609;5600;6300;5603;1432;5599;5602;5601;3725;2353;3265;3845;4893;6714;6464;25759;53358;399694;6654;6655;408;409;1956;2885;10022;339403;2769","22984;29108;18035;16480;17489;16595;16618"
"hsa04935","Growth hormone synthesis, secretion and action","2691;2692;2778;107;108;109;196883;111;112;113;114;115;55811;6750;6751;6752;6753;6755;2770;2773;2771;5566;5567;5568;1385;1386;468;10488;90993;64764;84699;148327;9586;1388;1387;2033;5449;2353;2688;2689;1442;1443;1444;51738;2693;112609;2776;2767;23236;5330;5331;5332;5578;5579;5582;3708;3709;3710;779;775;776;778;2690;3717;5335;5336;6464;25759;53358;399694;2885;6654;6655;3265;3845;4893;5894;5604;5605;5594;5595;6772;6774;6776;6777;3667;8660;8471;5295;5296;8503;110117499;5290;5293;5291;207;208;10000;2475;2932;3479;3726;8651;8835;9021;3483;3486;5747;9564;1398;1399;4214;5606;6416;5608;5599;5602;5601;5600;6300;5603;1432","22984;29108;18035;17489;16595"
"hsa04918","Thyroid hormone synthesis","7252;1081;7253;2778;107;108;109;196883;111;112;113;114;115;5566;5567;5568;2776;23236;5330;5331;5332;5578;5579;5582;7270;8458;7849;1385;1386;468;10488;90993;64764;84699;148327;9586;1388;7038;3309;7184;821;9601;432;433;3708;3709;3710;6528;5172;7173;476;477;478;480;23439;481;482;483;486;389434;405753;53905;50506;257202;2882;2877;2878;2876;2880;493869;2936;213;7276;6906;4036","15377;16474;18009;25805;15379;16240;16856;22984;29108;4170;52742;17797;167606;17858;18035;16332;26216;29103;17489;16382;15768;16595;26708;29101;18332;18258;27847"
"hsa04919","Thyroid hormone signaling pathway","5566;5567;5568;3685;3690;3265;3845;4893;5894;5604;5605;5594;5595;6772;7157;2099;7068;9611;25942;3065;3066;8841;7067;6256;6257;6258;8850;2648;8648;10499;8202;1387;2033;29079;116931;9968;23389;9969;9282;10025;9440;9862;9442;90390;5469;595;2626;1827;3091;4609;4625;4624;487;489;488;5350;54361;1499;4851;4853;4854;4855;652;23236;5330;5331;5332;5333;113026;84812;51196;5335;5336;89869;5578;5579;5582;6548;476;477;478;480;23439;481;482;483;486;6567;117247;6714;5290;5293;5291;5295;5296;8503;110117499;5170;207;208;10000;2932;4193;7249;6009;2475;9882;5208;572;2308;842;10231;6513;5213;5214;5211;53919;1733;1734;1735;71;60","22984;29108;24636;15378;18035;26216;29103;17489;16595;26708;29101;18332;18258;16618;11684;28774"
"hsa04928","Parathyroid hormone synthesis, secretion and action","846;2770;2773;2771;107;108;109;196883;111;112;113;114;115;2776;2767;23236;5330;5331;5332;3708;3709;3710;8521;9247;9935;2625;6667;7421;6256;6257;6258;8074;2260;9365;5594;5595;1958;5741;6446;65125;65266;65267;65268;9943;27347;6559;5744;5745;5578;5579;5582;56302;6569;10568;142680;9368;2778;5141;5142;5143;5144;5566;5567;5568;1594;1591;4205;4208;4209;50964;4929;4666;342538;3727;632;4041;4040;1385;1386;10488;90993;64764;84699;148327;468;9586;1388;8600;596;1026;2353;860;4322;2768;10672;9138;9826;11214;387;5337;5338;408;409;369;673;5894;5604;4323;4324;4325;4326;10893;64386;1839;1956","26078;18367;16027;22984;29108;18035;17489;17996;16595;26708;29101;17933;17823;47799"
"hsa04916","Melanogenesis","5443;434;4157;2778;107;108;109;196883;111;112;113;114;115;5566;5567;5568;1385;10488;90993;64764;84699;148327;1387;2033;4286;7471;7472;7482;7473;89780;54361;7474;81029;7475;7476;7477;7478;7479;7483;7484;7480;80326;7481;51384;8321;8324;2535;7976;8322;7855;8325;8323;11211;8326;2775;2776;1857;1856;1855;2932;1499;6932;83439;6934;51176;4254;3815;3265;3845;4893;5894;5604;5605;5594;5595;7299;7306;1638;1906;1910;2770;2773;2771;23236;5330;5331;5332;810;805;808;801;163688;51806;91860;815;817;816;818;5578;5579;5582","22984;29108;17895;18035;17489;16595"
"hsa04924","Renin secretion","153;154;155;116;117;358;5732;5734;2778;111;112;5566;5567;5568;1385;3778;5136;5153;5137;5139;5140;5972;134;2770;2773;2771;84876;1179;9635;22802;775;776;778;779;3759;1906;1907;1908;1909;185;2776;23236;5330;5331;5332;3708;3709;3710;810;805;808;801;163688;51806;91860;5530;5532;5533;5534;5535;2977;2982;2983;4878;4881;5593;1508;183;1636","15377;15422;16761;16027;22984;29108;16335;26216;29103;16480;18357;17489;174978;174980;174982;174983;174985;15551;17996;28918;2718;16356;16595;2719"
"hsa04614","Renin-angiotensin system","183;5972;1636;1215;1511;3817;3816;2028;290;5550;59272;5476;1359;4311;7064;57486;5547;4142;116512;185;186;4012;10159","2718;2719;80127;55438;80128;80129;230958;190281;144396;181933"
"hsa04925","Aldosterone synthesis and secretion","183;185;2776;2767;23236;5330;5331;5332;3708;3709;3710;5578;5579;5582;5581;5587;23683;25865;1385;1386;468;10488;90993;64764;84699;148327;9586;1388;466;747;221955;3777;51305;3762;476;477;478;480;23439;481;482;483;8913;8912;8911;775;776;778;779;84876;810;805;808;801;163688;51806;91860;57118;57172;8536;815;817;816;818;814;490;492;493;491;3991;3949;949;5443;4158;2778;107;108;109;196883;111;112;113;114;115;5566;5567;5568;1585;6770;4929;3164;1583;3283;3284;1589;4878;4881;5138","15846;16908;16474;18009;16027;22984;29108;18035;16113;15843;26216;29103;17026;17489;16356;16485;16595;26708;29101;27584;16581;16827;16973;34146;34144"
"hsa04927","Cortisol synthesis and secretion","5443;4158;56246;2778;107;108;109;196883;111;112;113;114;115;8622;5151;5566;5567;5568;190;2516;3164;6667;5087;1385;1386;468;10488;90993;64764;84699;148327;9586;1388;1584;1586;6770;57552;183;185;2776;2767;23236;5330;5331;5332;3708;3709;3710;3776;8913;8912;8911;775;776;778;779;84876;3739;3777;3949;949;1583;3283;3284;1589","16027;22984;29108;16113;26216;29103;17026;17489;180955;17650;17252;16595;16581;28750;181455;28324"
"hsa04260","Cardiac muscle contraction","775;776;778;779;782;783;784;785;781;9254;55799;93589;786;10369;10368;27092;27091;59285;59284;59283;6262;444;845;10345;3270;487;489;488;7134;7137;7139;7168;7169;7170;7171;70;4625;4624;4633;4634;4635;7386;4519;1537;7384;7385;7388;440567;7381;27089;29796;10975;4514;4512;4513;84701;1327;9377;1329;1337;1339;1340;125965;1345;1346;1347;9167;1349;170712;1350;341947;1351;6546;6543;6547;10479;84679;476;477;478;480;23439;481;482;483;486;6548","22984;29108;24636;15378;26216;29103;26708;29101"
"hsa04261","Adrenergic signaling in cardiomyocytes","153;154;2778;107;108;109;196883;111;112;113;114;115;11149;64091;64208;3776;5566;5567;5568;476;477;478;480;23439;481;482;483;486;6548;3784;3753;102723475;490;492;493;491;6546;6543;6547;6331;6332;6324;6330;775;776;778;779;782;783;784;785;781;9254;55799;93589;786;10369;10368;27092;27091;59285;59284;59283;810;805;808;801;163688;51806;91860;815;817;816;818;6262;5515;5516;5519;5518;5520;5521;5522;55844;28227;55012;5523;5526;5527;5528;5529;5525;5499;5500;5501;7134;7137;7139;7168;7169;7170;7171;70;4625;4624;4633;4634;4635;5350;487;489;488;183;185;186;148;147;146;2776;23236;5330;5331;5332;5578;5502;5594;5595;9252;1385;1386;468;10488;90993;64764;84699;148327;9586;1388;1390;596;10411;11069;5600;6300;5603;1432;2770;2773;2771;5294;23533;146850;207;208;10000","22984;29108;24636;15378;18035;26216;29103;18357;17489;28918;16595;26708;29101;64317"
"hsa04270","Vascular smooth muscle contraction","148;147;146;183;185;1906;1907;1908;1909;551;552;553;2776;2767;8399;26279;30814;50487;64600;81579;84647;5319;5322;5320;391013;123745;5321;8681;100137049;8605;283748;255189;8398;3778;157855;3779;10242;27094;27345;775;776;778;779;810;805;808;801;163688;51806;91860;4638;85366;91807;340156;140465;4637;10398;4627;4628;4629;79784;23236;5330;5331;5332;3708;3709;3710;5578;5579;5582;5580;5581;5583;5588;369;673;5894;5604;5605;5594;5595;800;59;72;94274;5499;5500;5501;4659;4660;54776;2768;10672;23365;9138;9826;387;6093;9475;135;136;5739;796;797;133;79924;10203;10267;10266;10268;2778;107;108;109;196883;111;112;113;114;115;5566;5567;5568;4878;4879;4881;4880;4882;5592;10335;2977;2982;2983","22984;29108;18035;16335;15843;26216;29103;16480;18357;17489;16356;16595;15552;34306;34450;34490;171868;34130;34157"
"hsa04970","Salivary secretion","153;154;155;2778;107;108;109;196883;111;112;113;114;115;5566;5567;5568;6844;148;147;146;1131;2776;23236;5330;5331;5332;5578;5579;5582;3708;3709;3710;6263;810;805;808;801;163688;51806;91860;4842;2977;2982;2983;5592;5593;952;683;54831;362;476;477;478;480;23439;481;482;483;486;490;492;493;491;6558;3783;3778;6522;6548;55503;727897;4586;4589;278;279;276;280;277;124905666;124905668;128966568;128966570;5555;5554;5542;653247;1755;1469;1470;1471;1472;1473;3346;3347;6779;4069;4025;820","15377;16526;22984;29108;24636;15378;18035;26216;29103;17544;16480;18357;17489;17996;16356;16595;26708;29101;28976;15355;31445"
"hsa04971","Gastric acid secretion","1131;2520;887;2776;23236;5330;5331;5332;5578;5579;5582;7430;71;60;3708;3709;3710;810;805;808;801;163688;51806;91860;815;817;816;818;4638;85366;91807;340156;3274;2778;107;108;109;196883;111;112;113;114;115;6750;6752;2770;2773;2771;5566;5567;5568;495;496;9992;3784;3758;3759;3766;3772;3773;1080;3776;54207;476;477;478;480;23439;481;482;483;6548;389015;760;115111;6522","15377;16526;22984;29108;24636;15378;18035;26216;29103;17544;18295;17489;17996;16595;26708;29101;28976;15355"
"hsa04972","Pancreatic secretion","1131;885;886;2776;23236;5330;5331;5332;5578;5579;5582;9545;4218;8766;5874;5906;5908;387;5879;278;279;276;280;277;124905666;124905668;128966568;128966570;5646;5645;5644;440387;1504;1506;63036;51032;10136;23436;1357;1358;1359;1360;1361;5406;5407;5408;1056;8399;26279;30814;50487;64600;81579;84647;5319;5322;5320;391013;3708;3709;3710;6262;952;683;219931;487;489;488;1179;9635;22802;7220;6558;476;477;478;480;23439;481;482;483;486;3784;3778;490;492;493;491;6548;6522;6343;6344;2778;107;108;109;196883;111;112;113;114;115;1080;1811;8671;760","15377;16526;22984;29108;24636;15378;18035;26216;29103;17544;17489;17996;16595;26708;29101;28976;15355;31445;76072"
"hsa04976","Bile secretion","2052;6579;28234;10599;115072896;6554;10864;9376;6580;3156;949;3949;57552;1581;9971;6256;8431;10941;79799;7367;10720;54490;54578;54657;54658;54659;7365;54600;7364;54575;54576;54579;7366;54577;7363;574537;6822;10998;570;1576;366;343;64240;64241;8647;1244;9429;760;6522;5243;5244;6548;57835;8714;10257;200931;123264;3781;476;477;478;480;23439;481;482;483;486;6343;6344;2778;107;108;109;196883;111;112;113;114;115;5566;5567;5568;1080;8671;361;358;6555;6523;6550;6513","15377;16526;15351;16810;30915;4167;16856;24636;15378;15354;16113;26216;29103;17544;16610;16347;17775;16990;27470;17489;174978;174980;174982;174983;174985;15551;187232;15553;16359;17996;180955;17650;15746;28790;16914;30762;16247;16356;26708;29101;28976;15365;472805;4911;18332;63618;17687;29746;44185;15355;165291;15647;16978;2208;50667;18258;16755;17002;17474;16797;168472;169226;166759;167579;174831;176746;15341;17864;18243;180957;16325;28834;16814;181348;28865;6925;9407;16525;36274;175586;36489;18208;182522;28728;15854;27902;28077;46195;2453;474053;553473;4551;5050;38561;44032;63577;6801;9919;39867;27375;10101;10110;45409;45863;44296;46345;63598;3558;4866;166844;8040;7719;63632;4672;5427;2469;641;173662;63836;2965;3537;32121;80327;80581;80631"
"hsa04973","Carbohydrate digestion and absorption","278;279;276;280;277;124905666;124905668;128966568;128966570;3938;8972;93432;6476;6523;476;477;478;480;23439;481;482;483;486;6514;3101;3098;3099;80201;2542;2538;57818;92579;6518;5295;5296;8503;110117499;5290;5293;5291;207;208;10000;776;5579;80834;83756;346562;23236;5330;5331;5332","16526;4167;15366;30089;22984;29108;17992;4170;37721;15824;4139;17272;30768;18035;17306;26216;29103;17716;17968;30772;18276;28017;37166;17309;167580;18246;26708;29101;28796;61993;27931;28912;16618;32112;32159"
"hsa04974","Protein digestion and absorption","5222;643847;643834;124906959;128966586;5646;5645;5644;440387;1504;1506;63036;51032;10136;23436;1357;1358;1359;1360;1361;6550;6564;476;477;478;480;23439;481;482;483;486;3783;8645;10008;3784;3769;54407;4311;4224;4225;59272;5547;1803;7512;6505;6510;6546;6543;6547;340024;6520;23428;206358;153201;120103;285641;117247;6519;11136;9056;2006;1277;1278;1280;1281;1284;1286;1288;1282;1287;1285;1289;1290;50509;1301;255631;85301;1302;1291;1292;1293;131873;256076;1294;1295;1296;1297;1298;1299;1300;1303;1305;7373;1306;1307;1308;80781;1310;57642;81578;169044;91522;84570;136227;340267","16526;16134;16015;15366;30089;15428;16977;18019;17053;16467;18050;17115;16643;22984;29108;16828;17295;24636;15378;17895;17561;16958;15603;17148;15971;15882;17203;17196;17272;30768;16414;16857;26216;29103;17968;30772;18276;18295;17191;16881;15760;16283;17883;26708;29101;16183;17847;18127;18049;16135;35819;28484;21860;37070"
"hsa04975","Fat digestion and absorption","8513;5406;5407;5408;1056;8399;26279;30814;50487;64600;81579;84647;5319;5322;5320;391013;1208;948;2806;2169;2168;376497;10999;10554;10555;8611;8613;8612;80168;346606;8694;84649;949;29881;39;38;64240;64241;337;338;4547;335;19","15346;17984;35366;18035;16113;16337;17855;16975;16247;3098;22868;35759;17389;17002"
"hsa04979","Cholesterol metabolism","19;335;4023;3931;9388;5360;1071;3990;4018;948;3949;57552;8435;6646;341;344;350;27329;51129;55908;949;6272;338;255738;26119;29116;348;4035;4036;4043;3988;10948;7416;7417;7419;706;1593;9218;9217;4864;114879;10577;6770;27141;1581;8647;64240;64241;336;345;337","35366;16113;17855;16247;17687;29746;17002;181348;28865;9407;16525;36274;17703"
"hsa04977","Vitamin digestion and absorption","2694;8029;81693;55788;5826;25974;4363;6948;80704;10560;113278;686;8884;9963;2346;113235;6573;949;5406;151056;5948;158835;9227;338;337;335","15846;15346;16238;18405;17621;9532;29073;38290;24636;15378;15956;17154;35366;16113;18408;17310;17015;17898;18385;17855;17336;27470;16410;18335;16975;16374;7916;46905;26708;29101;3098;22868;35759;18067;63410;17579;17389;18145;17002;17439;28869;28940;27870;28115;27786;32239;32321"
"hsa04980","Cobalamin transport and metabolism","6947;2694;6948;51293;55788;5826;25974;27249;326625;166785;4594;4552;4548;7702;7629;3054;57215;5052","16643;15380;20506;15635;17588;18408;15641;16304;15465;17439;28115;27786"
"hsa04978","Mineral absorption","6569;10568;142680;7421;140803;54822;55503;6546;6543;6547;490;492;493;491;795;1811;65010;115019;1181;6550;6523;340024;476;477;478;480;23439;481;482;483;486;113235;3162;3163;79901;4891;2495;2512;30061;9843;341208;7018;55630;7779;1317;26872;261729;4490;4493;4494;4495;4496;4499;4501;4502;4489;645745;107984936;475;540;538","26078;18367;4167;26355;17627;30413;15428;27363;29105;16977;18050;17115;28694;16643;22984;29108;16828;17295;24636;15378;15603;4139;17203;17196;16414;16857;26216;29103;17544;25107;18420;17191;17996;26708;29101;17823;29033;29034"
"hsa04962","Vasopressin-regulated water reabsorption","551;554;2778;112;109;115;5566;5567;5568;397;396;398;1385;10488;90993;64764;84699;148327;9586;359;8766;9230;1778;79659;1780;1781;1783;51143;51626;8655;140735;1639;10540;51164;84516;10671;6844;4905;6810;5868;5869;5878;361;360","15377;17489"
"hsa04960","Aldosterone-regulated sodium reabsorption","3291;4306;6337;6338;6340;6446;3758;9351;23327;2810;3845;476;477;478;480;23439;481;482;483;486;53828;3630;3479;3643;3667;5295;5296;8503;110117499;5290;5293;5291;5170;5578;5579;5582;5594;5595","26216;29103;17489;17996;180955;17650;16962;26708;29101;27584;16618"
"hsa04961","Endocrine and other factor-regulated calcium reabsorption","5741;5745;2778;112;115;5566;5567;5568;7421;2099;56302;9365;1759;26052;1785;161;160;163;1173;1175;1211;1212;1213;8218;8766;793;476;477;478;480;23439;481;482;483;486;6546;6543;6547;490;492;493;491;3817;3816;624;2776;23236;5330;5331;5332;5578;5579;5582","22984;29108;18035;26216;29103;17489;16469;16595;26708;29101;17823"
"hsa04964","Proximal tubule bicarbonate reclamation","6550;762;358;760;8671;476;477;478;480;23439;481;482;483;486;10991;27165;2744;2747;2746;1468;4190;5105;5106","15377;16526;16134;16015;16810;30915;16452;30744;18050;18021;44897;24636;15378;15589;30797;26216;29103;17925;17544;17996;26708;29101;28976;18219"
"hsa04966","Collecting duct acid secretion","760;523;525;526;9550;127124;534;245973;528;51382;90423;529;9296;101927180;8992;155066;10312;23545;50617;535;527;9114;245972;495;496;6521;10723;1188","15377;16526;16134;24636;15378;26216;29103;17544;17996;28976"
"hsa04724","Glutamatergic synapse","81539;54407;27165;2744;57084;246213;57030;2897;2898;2899;2900;2901;2890;2891;2892;2893;2902;2903;2904;2905;2906;116443;116444;5530;5532;5533;5534;5535;1742;9229;85358;50944;22941;9762;7220;2911;2915;9456;9455;9454;2776;23236;5330;5331;5332;5578;5579;5582;3708;3709;3710;123745;5321;8681;100137049;8605;283748;255189;5337;5338;5594;5595;2778;107;108;109;196883;111;112;113;114;115;5566;5567;5568;2912;2913;2914;2916;2917;2918;2770;2773;2771;2775;2782;2783;2784;59345;10681;54331;2785;2786;2787;2788;94235;2790;2791;55970;51764;2792;2793;156;157;3760;773;6506;6512;6505;6511;775;776;6507;2752;10991","16015;18050;22984;29108;18035;26216;29103;17489;16595;26708;29101"
"hsa04727","GABAergic synapse","81539;54407;27165;2744;2571;2572;140679;18;2554;2555;2556;2557;2558;2559;2560;2562;2561;2565;2566;2567;2563;2564;55879;2568;5566;5567;5568;6714;5578;5579;5582;9001;11337;23710;11345;4905;66008;5334;10243;57468;2569;2570;200959;773;774;775;776;778;779;2550;9568;2770;2773;2771;2775;2782;2783;2784;59345;10681;54331;2785;2786;2787;2788;94235;2790;2791;55970;51764;2792;2793;107;108;109;196883;111;112;113;114;115;3763;6529;6540;6538;6539;2752;10991;92745","16015;16810;30915;15741;18050;22984;29108;26216;29103;16865;30566;17489;17996"
"hsa04725","Cholinergic synapse","1103;43;6572;1128;1131;1133;2776;2767;23236;5330;5331;5332;3708;3709;3710;5578;5579;5582;3784;3785;3786;9132;56479;3759;3768;100134444;3761;3770;1129;1132;2770;2773;2771;2775;2782;2783;2784;59345;10681;54331;2785;2786;2787;2788;94235;2790;2791;55970;51764;2792;2793;3760;3763;5294;23533;146850;3265;3845;4893;5604;5594;5595;2353;1139;89832;1137;1141;1136;1143;8973;107;108;109;196883;111;112;113;114;115;5566;5567;5568;1385;468;10488;90993;64764;84699;148327;9586;815;817;816;818;814;3717;2534;5290;5293;5291;5295;5296;8503;110117499;207;208;10000;596;773;774;775;776;778;779;60482","15346;15351;15366;30089;22984;29108;15354;18035;26216;29103;17489;16595;26708;29101;15355;18348"
"hsa04728","Dopaminergic synapse","7054;1644;6570;6571;1812;1816;50632;2776;23236;5330;5331;5332;3708;3709;3710;810;805;808;801;163688;51806;91860;815;817;816;818;5530;5532;5533;5578;5579;5582;2353;2778;2774;111;5566;5567;5568;1385;1386;468;10488;90993;64764;84699;148327;9586;1388;5600;6300;5603;1432;5599;5602;5601;84152;5499;5500;5501;6323;775;776;773;774;3760;3763;3765;3762;1814;1815;2770;2773;2771;2775;2782;2783;2784;59345;10681;54331;2785;2786;2787;2788;94235;2790;2791;55970;51764;2792;2793;1813;408;409;5515;5516;5519;5518;5520;5521;5522;55844;28227;55012;5523;5526;5527;5528;5529;5525;207;208;10000;2931;2932;2903;2904;2890;2891;2892;2893;3798;3799;3800;9575;406;6531;4129;4128;1312;220074","22984;29108;17895;18035;26216;29103;15765;17489;17612;41941;16595;26708;29101;18243;545959;1582"
"hsa04726","Serotonergic synapse","121278;7166;1644;6570;6571;775;776;778;779;3356;3357;3358;2776;23236;5330;5331;5332;3708;3709;3710;5578;5579;5582;5594;5595;123745;5321;8681;100137049;8605;283748;255189;1558;1559;1562;1557;1565;107987478;1564;107987479;1573;260293;240;239;242;246;247;5742;5743;3359;285242;200909;170572;9177;3360;3362;3363;2778;111;5566;5567;5568;3781;3751;2560;2562;2561;10411;351;3350;3351;3352;3354;3355;3361;2770;2773;2771;2775;2782;2783;2784;59345;10681;54331;2785;2786;2787;2788;94235;2790;2791;55970;51764;2792;2793;836;1843;3265;3845;4893;369;673;5894;5604;773;774;3760;3763;3765;3762;7220;6532;4129;4128","22984;29108;16828;18035;15843;26216;29103;15554;17489;174978;174980;174982;174983;174985;15551;187232;15553;17780;15555;28790;15651;16595;26708;29101;165291;15647;16978;15627;15629;15632;27823;27820;28099;27555;27647;27485;182522;28728;28667;15626;15628;34450;34490;171868;34130;34157;63974;63970;63969;63966;34145;34127;34497;34487"
"hsa04720","Long-term potentiation","2890;2891;107;114;5566;5567;5568;5502;5499;5500;5501;815;817;816;818;10411;5906;5908;5530;5532;5533;5534;5535;2902;2903;2904;2905;2906;775;810;805;808;801;163688;51806;91860;1387;2033;468;814;3265;3845;4893;369;673;5894;5604;5605;5594;5595;6197;6195;6196;27330;3708;3709;3710;5578;5579;5582;2911;2915;2776;23236;5330;5331;5332","16015;22984;29108;18035;25107;18420;17489;16595;26708;29101"
"hsa04730","Long-term depression","4842;2977;2982;2983;5592;5593;10842;5519;5518;5515;5516;3265;3845;4893;369;673;5894;5604;5605;5594;5595;2895;2911;2770;2773;2771;2775;2781;2778;2768;10672;123745;5321;8681;100137049;8605;283748;255189;5578;5579;5582;2776;2767;23236;5330;5331;5332;2890;2891;2892;4067;773;3708;3709;3710;6261;1392;1394;3479;3480","16015;22984;29108;18035;15843;16480;17815;16356;16595;26708;29101"
"hsa04723","Retrograde endocannabinoid signaling","57084;246213;57030;2890;2891;2892;2893;775;776;778;779;2911;2915;2776;23236;5330;5331;5332;3708;3709;3710;222236;5578;5579;5582;747;221955;5743;57406;2166;1268;2770;2773;2771;2775;2782;2783;2784;59345;10681;54331;2785;2786;2787;2788;94235;2790;2791;55970;51764;2792;2793;3760;3763;3765;3762;773;774;5594;5595;5599;5602;5601;5600;6300;5603;1432;107;108;109;196883;111;112;113;114;115;5566;5567;5568;11343;4535;4536;4537;4538;4539;4540;4541;4723;4729;4731;4694;4695;4696;4697;56901;107984365;4698;4700;4701;4702;4704;4705;4706;126328;55967;51079;4707;4708;4709;4710;4711;4712;4713;4714;4715;4716;54539;4719;4720;4722;4724;4725;4726;374291;4728;4717;4718;100532726;140679;22999;2554;2555;2556;2557;2558;2559;2560;2562;2561;2565;2566;2567;2563;2564;55879;2568;2569;2570;200959","16015;22984;29108;17754;16110;49183;18035;16000;15843;26216;29103;16865;30566;16038;15554;17489;18283;16595;26708;29101;2700;52392;144413"
"hsa04721","Synaptic vesicle cycle","140679;6570;6571;6572;57084;246213;57030;6857;6844;5864;22999;6804;2054;6809;112755;6812;23025;10497;440279;6616;10815;10814;594855;339302;773;774;4905;8775;1759;26052;1785;1211;1212;1213;8218;161;160;163;1173;1175;523;525;526;245973;528;51382;90423;529;9296;101927180;9550;127124;534;8992;155066;10312;23545;50617;535;9114;245972;51606;527;533;6529;6530;6531;6532;9152;6536;6534;6538;6539;6540;6505;6506;6507;6511;6512","15422;16015;15428;22984;29108;24636;15378;16865;30566;18295;18357;28790;15355;18243;89656"
"hsa04722","Neurotrophin signaling pathway","4803;627;4909;4908;4914;4915;4916;10603;25970;10019;2885;6654;6655;3265;3845;4893;5894;673;5604;5605;5594;5595;6197;6195;6196;27330;9252;468;596;57498;10818;1398;1399;2889;5906;5908;4215;5607;5598;5600;6300;5603;1432;9261;6464;25759;53358;399694;2549;5295;5296;8503;110117499;5290;5293;5291;207;208;10000;4793;4792;4794;4790;5970;2309;356;572;2932;5170;3667;5335;5336;5580;810;805;808;801;163688;51806;91860;815;817;816;818;814;25;5781;4145;4804;397;396;398;387;998;5879;4214;4217;5609;5599;5602;5601;3725;7157;581;7161;7189;10782;11108;9500;27018;7531;8767;3654;3656;11213;51135;3551;6272;5663;5664","22984;29108;18035;17761;52639;16595;16618"
"hsa04744","Phototransduction","6010;131890;6011;5957;6295;2780;2779;2782;2792;8787;5145;5158;5148;3000;2986;2978;2979;9626;118142757;9187;810;805;808;801;163688;51806;91860;1259;1258","22984;29108;17345;26216;29103;25107;18420;17898;16356;26708;29101;16066"
"hsa04740","Olfactory transduction","442186;442191;442194;442361;119774;120065;120066;120586;120775;119678;119679;119682;119687;119692;119694;119695;119749;119764;119772;8387;8388;4991;8386;8390;8383;26189;26707;79541;4993;26211;26692;4994;4995;8392;10798;81696;8590;26333;26659;26539;26538;26532;26476;26531;26529;81797;81285;23538;79339;79345;283694;441608;441639;441669;441670;441933;284521;390078;390079;390081;390083;390084;390093;390113;390142;390144;390151;390152;390154;390155;390157;390162;390167;390168;390174;144125;150681;158131;162998;196335;219417;219428;219429;219431;219432;219436;219437;219438;219447;219453;219464;219469;219473;219477;219479;219482;219484;219493;219858;219865;219869;219870;219873;219874;219875;219952;219954;219956;219957;219958;219959;219960;219965;219968;219981;219982;219983;219986;254783;254786;254973;255725;256144;256148;256892;26188;26212;26219;26245;26246;26248;26338;26339;26493;26496;26658;26664;26689;26696;26716;283092;283093;283111;283159;283160;283162;283189;283297;283365;284383;284433;284532;285659;286362;286365;338662;338674;338675;338751;338755;340980;341152;341276;341416;341418;341568;341799;343169;343173;343406;343563;346517;346525;346528;347168;347169;347468;387748;390036;390037;390038;390054;390058;120776;120787;120793;120796;121130;121275;121364;122740;122742;122748;124538;125958;125962;125963;126370;126541;127059;127062;127064;127066;127068;127069;127074;127077;127385;127623;128360;128367;128368;128371;128372;130075;134083;135924;135941;135946;135948;138799;138802;138803;138804;138805;138881;138882;138883;143496;143502;144124;390059;390061;390063;390064;390066;390067;390072;390075;390077;390181;390191;390195;390197;390199;390201;390260;390261;390264;390265;390275;390321;390323;390326;390327;390429;390431;390433;390436;390437;390439;390442;390445;390538;390648;390649;390882;390883;390892;391107;391109;391112;391114;391189;391190;391191;391192;391194;391195;391196;391211;392138;392309;392376;392390;392391;392392;393046;401427;401665;401666;401667;401992;401993;401994;402135;402317;4992;56656;79290;7932;81472;81697;119765;219487;254879;143503;26494;26533;26534;26683;26686;26735;26737;26740;282763;282770;282775;389090;79295;79310;79317;79324;79473;79501;79544;81050;81061;81099;81127;81168;81282;81300;81309;81318;81327;81328;81392;81399;81442;81448;81469;81470;343171;343172;504189;442184;403282;403284;26648;403257;403253;403239;441308;390148;128366;504190;504191;26341;390271;26595;390190;440153;403277;403278;81341;729759;121129;26693;81466;102723532;403273;105369274;26687;403274;79490;26530;283617;390432;391121;392133;403244;442185;653166;79296;79346;79482;107987545;79549;127608;112268384;26497;343170;388761;390082;390441;79334;81458;128966580;81169;9596;8594;81248;401661;390073;387815;65944;128966576;390313;81439;118568804;124906935;2774;2782;2788;51764;109;1260;1262;1258;57101;3000;1261;83988;5592;5593;6546;6543;6547;123041;156;157;408;409;5997;5566;5567;5568;815;817;816;818;810;805;808;801;163688;51806;91860;5136;5153;5137;5138","16027;22984;29108;17345;26216;29103;17489;17996;16356;26708;29101"
"hsa04742","Taste transduction","6337;6338;6340;954;80834;83756;346562;2784;51764;196883;112;114;5566;5567;5568;23236;5330;5331;5332;3710;29850;6326;6328;6335;255022;22953;5024;5028;5030;1131;80835;2911;2914;259285;259286;259287;259289;259290;259291;259292;259294;259295;259296;338398;353164;50831;50832;50833;50834;50835;50836;50837;50838;50839;50840;54429;5726;259293;5136;5153;5137;9033;342372;8645;10021;773;775;2554;2555;2556;2557;2558;2559;2550;9568;3350;3351;3352;3354;3355;3359;285242;200909;170572;9177;40","15422;16761;16027;16015;4167;22984;29108;24636;15378;17992;37721;15824;17202;15570;17345;15589;30797;16947;30769;17306;26216;29103;16865;30566;18357;17489;16523;28790;16595;17883;26708;29101;17814;15355;16998;15854;177838;2877;32112;82431"
"hsa04750","Inflammatory mediator regulation of TRP channels","3827;623;624;3356;3357;3358;3269;5029;2776;123745;5321;8681;100137049;8605;283748;255189;8398;239;23236;5330;5331;5332;3708;3709;3710;5581;5499;5500;5501;8989;7442;41;40;9311;55515;51802;810;805;808;801;163688;51806;91860;815;817;816;818;3553;3554;3556;5606;5608;5600;6300;5603;1432;5599;5602;5601;4803;4914;5335;5336;5290;5293;5291;5295;5296;8503;110117499;5580;6714;79054;5732;5734;2778;107;108;109;196883;111;112;113;114;115;5566;5567;5568;59341;2150;1573;5578;5579;5582;5583;5588;3479;51393;162514","15422;22984;29108;24636;15378;18035;15843;18295;15409;16236;17489;174978;174980;174982;174983;174985;15551;28790;15396;36773;15397;16731;16595;26708;29101;165291;15647;15558;28209;15626;15628;3374;28411;8116;8809;27961;2700;31231;34450;34490;73224;131184"
"hsa04360","Axon guidance","22854;84628;57689;64101;9423;4917;59277;1630;5335;5336;7220;7222;7223;7224;7225;5530;5532;5533;5534;5535;4773;4775;4776;5747;2534;6714;5879;5880;5881;998;3983;22885;84448;4690;5058;5062;5063;10298;57144;56924;106821730;387;6093;9475;90249;219699;8633;137970;5781;56963;4756;4636;10398;103910;10627;23365;9860;1942;1943;1944;1945;1946;125467750;1947;1948;1949;2041;1969;2042;2043;2044;285220;2045;2046;2047;2048;2049;2050;2051;25;55740;5921;25791;3265;3845;4893;5594;5595;8440;5998;6387;7852;2770;2773;2771;6585;9353;6586;6091;6092;64221;23380;57522;9901;10371;7869;10512;223117;9723;6405;56920;5362;55558;5361;91584;8829;3897;3984;3985;1072;1073;29984;27289;2242;56896;1808;1020;2932;10505;10507;10509;54910;57715;64218;9037;54437;57556;10501;10500;80031;5364;23654;5365;4233;5894;6237;8482;10154;3688;6469;5727;6608;5578;3611;91653;7474;81029;7976;6259;815;817;816;818;54361;5290;5293;5291;5295;5296;8503;110117499;5170;56288;5590;50855;84552;84612;54434;54961;85464;655;151449;659;658","22984;29108"
"hsa04380","Osteoclast differentiation","1435;1436;2885;5594;5595;5290;5293;5291;5295;5296;8503;110117499;207;208;10000;3458;3459;3460;6772;3552;3553;3554;7124;7132;7040;7042;7046;7048;8600;8792;4982;7186;7189;3932;2534;9020;1147;5971;4791;6885;10454;23118;8517;3551;4792;5970;4790;4773;4772;3456;5604;5608;5600;6300;5603;1432;5609;5599;5602;5601;2353;2354;2355;8061;3725;3727;3726;5879;27035;1535;4688;653361;4689;695;7006;126014;10288;10859;10990;11006;11024;11025;11026;11027;23547;79168;353514;102725035;107987425;107987462;112268336;112268337;112268340;107987441;2209;2212;2213;9103;2214;2215;54209;140885;55423;10326;7305;6850;29760;3937;5336;3708;3709;3710;487;489;488;169200;5530;5532;5533;5534;5535;814;1385;6688;4286;1513;54;799;3690;5468;3454;3455;3716;7297;6773;10379;8651;9021;9846;2274;1540;8878","16240;22984;29108;16595"
"hsa04211","Longevity regulating pathway","3630;3643;3479;3480;3667;8660;8471;3265;3845;4893;5290;5293;5291;5295;5296;8503;110117499;207;208;10000;107;108;109;196883;111;112;113;114;115;5566;5567;5568;1385;1386;10488;90993;64764;84699;148327;468;9586;1388;10919;79813;2308;2309;6648;847;9474;9365;7248;7249;6009;2475;57521;84335;8408;9776;9821;60673;6198;6199;1978;1977;9470;253314;9370;51094;79602;26060;10645;5562;5563;5564;5565;5571;53632;51422;23411;581;7157;4790;5970;5468;10891;6794;27244;143686;83667;814","15846;16027;22984;29108;17489;27881;45713;16618;6801;9168"
"hsa04213","Longevity regulating pathway - multiple species","3630;3643;3479;3480;3667;8660;8471;3265;3845;4893;5290;5293;5291;5295;5296;8503;110117499;207;208;10000;107;108;109;196883;111;112;113;114;115;5566;5567;5568;2308;2309;6648;847;9474;5562;5563;5564;5565;5571;53632;51422;2475;57521;84335;6198;6199;23411;6647;1979;3312;3303;3305;3304;3310;1410;3065;3066;3170;81570","17489;16618"
"hsa04710","Circadian rhythm","6095;6096;6097;9572;9975;4783;406;1628;8553;79365;1453;1454;102800317;5187;8864;8863;1407;1408;9575;4862;1385;5562;5563;5564;5565;5571;53632;51422;9978;8454;6500;8945;23291;26224","22984;29108;17489"
"hsa04713","Circadian entrainment","2902;2903;2904;2905;2906;810;805;808;801;163688;51806;91860;815;817;816;818;4842;5594;5595;9252;1385;3708;3710;6261;6262;6263;9722;51655;2770;2773;2771;2775;2782;2783;2784;59345;10681;54331;2785;2786;2787;2788;94235;2790;2791;55970;51764;2792;2793;2890;2891;2892;2893;8913;8912;8911;116;117;2778;107;108;109;196883;111;112;113;114;115;55811;5566;5567;5568;2977;2982;2983;5592;5593;775;776;4544;4543;2776;23236;5330;5331;5332;5578;5579;5582;3760;3762;3763;3765;5187;8864;8863;2353","16015;22984;29108;18035;26216;29103;16480;17489;16356;26708;29101;16796"
"hsa04714","Thermogenesis","155;2778;107;108;109;196883;111;112;113;114;115;55811;5566;5567;5568;1385;10488;90993;64764;84699;148327;9586;63976;9658;23028;7350;55818;51780;6595;6597;6598;6599;6601;6602;6603;6604;6605;71;60;86;51412;57492;8289;8193;8110;5468;4217;5606;5600;6300;5603;1432;10891;1386;51548;26291;5346;3991;57104;11343;5562;5563;5564;5565;5571;53632;51422;2641;656;353500;1268;4878;4879;4881;5592;5593;152831;2260;10818;2885;6654;6655;3265;3845;4893;6197;6195;6196;27330;7248;7249;6009;57521;2475;64223;84335;6198;6199;6194;23305;2182;2180;51703;2181;4535;4536;4537;4538;4539;4540;4541;4719;4720;4722;4724;4725;4726;374291;4728;4723;4729;4731;4694;4695;4696;4697;56901;107984365;4698;4700;4701;4702;4704;4705;4706;126328;55967;51079;4707;4708;4709;4710;4711;4712;4713;4714;4715;4716;54539;4717;4718;100532726;51103;91942;25915;29078;79133;137682;55471;284184;6389;6390;6391;6392;7386;4519;1537;7384;7385;7388;440567;7381;27089;29796;10975;4512;4513;4514;84701;1327;9377;1329;1337;1339;1340;125965;1345;1346;1347;9167;1349;170712;1350;341947;1351;1352;1353;84987;1355;51241;10063;285521;90639;116228;55744;28958;51287;493753;388753;65260;498;506;509;513;514;539;4508;515;516;517;518;10476;521;9551;124901481;522;4509;10632;267020;1376;123096;788;1374;1375;126129","15422;16908;16761;15346;15351;17984;24636;15378;17754;35366;18035;16347;17855;18357;17489;17688;16356;16469;17877;35759;75659;18258;2700;52392"
"hsa05200","Pathways in cancer","1630;836;842;26060;999;1499;29119;1495;1496;8312;8313;324;10297;2932;6932;83439;6934;51176;332;4609;595;7471;7472;7482;7473;89780;54361;7474;81029;7475;7476;7477;7478;7479;7483;7484;7480;80326;7481;51384;8321;8324;2535;7976;8322;7855;8325;8323;11211;8326;4041;4040;1857;1856;1855;10023;23401;2147;183;2149;9002;1902;9170;23566;2846;57121;10161;185;2768;10672;23365;9826;9138;57449;387;6093;9475;6387;7852;2770;2773;2771;5731;5732;5733;5734;2778;107;108;109;196883;111;112;113;114;115;5566;5567;5568;2782;2783;2784;59345;10681;54331;2785;2786;2787;2788;94235;2790;2791;55970;51764;2792;2793;1284;1286;1288;1282;1287;1285;284217;3908;3909;3911;3910;3912;3913;3914;22798;3915;3918;10319;2335;3673;3674;3675;3655;3685;3688;5747;5290;5293;5291;5295;5296;8503;110117499;5728;4824;207;208;10000;1147;3551;8517;4792;4790;4791;5970;5743;4843;596;329;330;331;79444;598;7185;7186;7187;9618;7188;7189;2475;6198;6199;572;2308;4193;7157;1027;1026;613;25;1398;1399;867;6776;6777;5292;11040;3827;1906;623;624;1909;1910;2776;2767;23236;5330;5331;5332;5578;5579;5582;3558;3562;3565;3567;3569;3574;3592;3593;3596;3600;51561;2056;3439;3440;3441;3442;3443;3444;3445;3446;3447;3448;3449;3451;3452;3458;3559;3560;3561;3563;3566;1439;3568;3570;3572;3575;3594;3595;3597;3601;149233;2057;3454;3455;3459;3460;27436;238;10125;10235;25780;115727;3716;3717;3718;6774;6772;6773;6775;6778;7422;7423;5228;7424;2277;7039;1950;1956;2064;5154;5155;5156;5159;3479;3481;3480;4254;3815;2323;2322;3082;4233;2246;2247;2248;2249;8822;2251;2252;2253;2254;2255;8823;2250;8817;26281;27006;9965;26291;8074;2260;2263;2261;2264;2885;6654;6655;3265;3845;4893;369;673;5894;5604;5605;5594;5595;3725;2353;2113;4312;4313;4318;3576;1019;9252;5979;8030;8031;4914;7170;7175;10342;11186;83593;6789;1612;1613;23604;5335;5336;2002;810;805;808;801;163688;51806;91860;815;817;816;818;5900;5898;5899;10928;998;5879;5880;5881;5337;5338;5599;5602;5601;7849;5468;6256;6257;6258;5915;2099;2100;8648;8202;6667;5467;3728;7704;5914;890;8900;5371;861;862;6688;1050;1438;1441;1436;1029;1869;1870;1871;4149;7709;1030;1021;894;896;1163;1164;6500;8454;9978;6502;1017;898;9134;5925;1647;4616;10912;581;578;1643;51426;7015;7012;4286;7040;7042;7043;7046;7048;4087;4088;4089;2122;1487;1488;3065;3066;4292;4436;4437;2956;675;5888;356;355;8772;841;637;5366;27113;10018;54205;317;840;9817;4780;3162;1728;221357;2939;2941;119391;2948;2953;2952;2947;4257;4259;2944;2949;4258;2938;2946;2940;9446;653689;25774;2950;7296;114112;10587;7428;6921;6923;8453;54583;112399;112398;2271;3091;2034;405;9915;1387;2033;6513;182;3714;10683;28514;54567;4851;4853;4854;4855;3280;388585;26508;23462;23493;2324;6469;5727;6608;374654;51684;2735;2736;2737;650;652;64399;8643;367;3320;3326;7184;354","16240;16991;22984;29108;18012;29806;15589;30797;18035;16113;16422;17026;16337;16480;17347;17489;174978;174980;174982;174983;174985;15551;16975;18421;180955;17650;16962;177281;15367;16469;28689;16595;15368;16330;16618;5132;50648;76290;29191"
"hsa05202","Transcriptional misregulation in cancer","861;1436;4353;1437;3562;862;3065;3066;25942;9611;1050;8864;6688;929;3684;2209;3728;5371;5914;890;8900;1053;597;7704;4609;1848;6929;5087;51384;2120;51513;1667;1668;1669;1670;1671;728358;1991;3002;4297;4299;1025;904;905;4298;4300;84444;4005;5090;860;4086;51274;4208;3205;3206;221037;8091;7403;8464;8842;2322;55589;3480;1027;5218;4211;3207;6495;51804;2138;1031;3248;2892;2530;30012;3195;64919;8861;4066;3087;171558;5966;894;329;330;7185;598;942;958;604;102723407;4094;3695;7468;440093;3021;8351;8352;8350;3020;8290;126961;333932;653604;8353;8354;8355;8356;8357;8358;8968;5079;7849;5468;6256;6257;6258;5546;7030;1026;7113;2078;5328;5327;4314;4318;6935;7850;6692;2115;2118;2119;85414;2005;1655;4613;4149;4193;5747;7157;648;100532731;6667;7709;4914;4804;4221;2130;2313;3479;3398;7048;3486;54738;466;9915;472;4286;7490;5154;3560;8938;7102;4291;8013;8148;2521;1649;1051;3569;64332;4790;5970;3576;5081;5077;2308;2321;26039;6760;6756;6757;727837;26471;79058;4233;1647;4616;10912;581;578;1643;51426",""
"hsa05206","MicroRNAs in cancer","406952;406953;406979;406981;406980;406982;407048;407049;5728;407006;407007;1027;406991;7078;406881;406882;406883;406884;406886;406887;406888;406889;406890;406891;406885;3845;1021;993;994;995;8091;406901;406948;406949;406950;406951;595;894;898;9134;406913;1398;1399;406904;406905;9759;10014;27086;5292;4233;407021;407024;407025;407026;1788;1789;406922;406923;442890;4170;599;406937;1956;7422;406985;6935;406933;7042;406959;7430;406910;406911;406912;27250;406935;406967;406969;406970;1387;2033;406997;407020;407034;407033;407029;407030;407031;407032;7168;10253;596;5268;406947;406986;100616173;406988;407018;407019;6768;1545;407035;407055;406892;2475;57521;1591;2064;2065;25;8626;9839;6624;494324;693187;11186;406903;3236;54541;90427;407009;10298;4318;574031;574452;693200;693210;407014;407040;407053;406902;407010;407011;100500809;406906;6541;900;3162;406942;407008;3925;442909;494335;6774;4609;836;3265;4893;406978;442898;619552;407015;407016;407017;406943;1786;442891;406926;406925;324;10297;3667;5295;5296;8503;110117499;5598;5290;5293;5291;406983;406984;3190;8434;406907;406909;406908;406928;406915;406916;1871;407043;407044;407045;8660;442900;4851;4853;4854;4855;648;100532731;406938;4325;406954;406995;406955;406956;406957;574457;472;8651;442918;574467;574484;574493;574473;574461;960;406895;100302282;406896;100302238;23405;7976;3678;5962;387;574455;5328;578;23414;3690;7329;442904;6659;3371;63923;7143;7148;406989;574411;5243;442910;4363;406996;672;406900;1026;406992;1942;1943;1944;1945;1946;125467750;7057;10642;131405;407041;407042;407046;407047;407051;4790;406976;406977;3551;5743;5594;5595;5578;5579;5582;2885;2261;9252;7157;4193;4194;5156;5335;5336;406893;406894;5894;406971;5604;5605;6654;6655;6464;5154;406917;406918;399694;5155;5159;1029;1869;1870;407036;10018;4082;659;554213;3065;3066;2146;27165;2744;23411;7473;89780;442902;442903;113130;9493;574476;6093;5581;85414;7431",""
"hsa05205","Proteoglycans in cancer","960;6714;2017;3059;2064;2885;10451;7409;7410;3265;3845;4893;6237;22800;22808;673;5894;369;5604;5605;5594;5595;5879;8826;998;2002;2099;595;71;60;2316;5058;7074;9138;387;6093;9475;286;287;288;2549;5290;5293;5291;5295;5296;8503;110117499;207;208;10000;6548;5499;5500;5501;4659;4660;54776;23365;51196;3708;3709;3710;815;817;816;818;79923;388112;1655;29102;6774;406991;7291;117581;406902;406903;3236;1634;3479;3480;2475;5170;6198;6199;1975;6194;1956;857;858;859;967;1026;836;7040;7097;7099;27250;7124;3593;2065;2066;4609;1499;3091;7023;7422;3791;4233;867;7078;7057;4313;4318;4060;356;355;4193;7157;7042;4087;10855;60495;6382;5328;5329;1277;1278;3673;3688;7448;3685;3690;2335;3693;3082;7471;8321;8324;2535;7976;8322;7855;8325;8323;11211;8326;3678;6383;7430;5962;4478;6385;2247;2260;10818;5781;6654;6655;5335;5336;5578;5579;5582;84309;5829;5747;1839;2817;3481;2719;7472;7482;7473;89780;54361;7474;81029;7475;7476;7477;7478;7479;7483;7484;7480;80326;7481;51384;6469;3549;5727;6608;3339;1514;5566;5567;5568;5600;6300;5603;1432;3316;5777","18376;37397;28815"
"hsa05204","Chemical carcinogenesis - DNA adducts","10;9;1544;6799;6817;6818;445329;124907837;1543;1545;1558;1559;1562;1557;1576;2052;221357;2939;2941;119391;2948;2953;2952;2947;4257;4259;2944;2949;4258;2938;2946;2940;9446;653689;25774;2950;373156;27306;6822;1577;1551;100861540;64816;5743;1548;1549;1553;1646;3290;374875;873;10941;79799;7367;10720;54490;54578;54657;54658;54659;7365;54600;7364;54575;54576;54579;7366;54577;7363;574537;1571","16240;17435;16395;16580;28073;18153;27561;27789;27871;28509;2504;29865;9570;1784;34512;35807;34055;34564;34563;34560;34562;30614;34513;34374;34479;34777;76290;32692;29191;25434;42725;76604;254496;82517;82518;30958;82558;82559;82560;82561;82562;82563;82564;66879;82565;66951;82569;82571;82572;82573;82574;82575;82576;30725;82588;82589;82591;82592;179843;179844;177487;133920;138825;138883;176919;133918;133915;176914;182765"
"hsa05207","Chemical carcinogenesis - receptor activation","1139;89832;408;409;6714;5894;5925;1869;332;331;990;993;3717;6774;9641;595;1137;1141;1136;1143;775;776;778;779;774;773;5290;5293;5291;5295;5296;8503;110117499;207;208;10000;2475;4790;5970;3265;3845;4893;5604;5605;5594;5595;2353;3725;4609;596;5578;5579;5582;7422;2247;153;154;155;2778;107;108;109;196883;111;112;113;114;115;5566;5567;5568;1385;1386;468;10488;90993;64764;84699;148327;9586;1388;2770;2773;2771;572;55584;6197;6195;6196;27330;2099;2100;7421;896;1956;2885;6654;6655;1978;6198;6199;164091;85315;54852;5241;8600;6776;6777;604;688;9314;7471;4853;182;406933;407021;407024;407025;407026;367;406881;406882;406883;406884;406886;406887;406888;406889;406890;406891;1950;2248;2249;8822;2251;2252;2253;2254;2255;8823;2250;8817;26281;27006;10683;28514;54567;10728;23746;9049;196;3320;3326;7184;3836;3838;402569;3839;3840;23633;3841;3837;405;1543;1545;2052;2053;79852;253152;221357;2939;2941;119391;2948;2953;2952;2947;4257;4259;2944;2949;4258;2938;2946;2940;9446;653689;25774;10941;79799;7367;10720;54490;54578;54657;54658;54659;7365;54600;7364;54575;54576;54579;7366;54577;7363;574537;1555;9970;6256;6257;6258;1576;1544;5465","22984;29108;17026;18357;17489;17688;28790;28918;16469;17747;16130;16618;29866;49900;16602;3750;8069;29865;28119;6716;5692;30956;7449;77649;29678;33216;34675;34317;80229;80502;32692"
"hsa05208","Chemical carcinogenesis - reactive oxygen species","57412;221357;2939;2941;119391;2948;2953;2952;2947;4257;4259;2944;2949;4258;2938;2946;2940;9446;653689;25774;4535;4536;4537;4538;4539;4540;4541;4723;4729;4731;4694;4695;4696;4697;56901;107984365;4698;4700;4701;4702;4704;4705;4706;126328;55967;51079;4707;4708;4709;4710;4711;4712;4713;4714;4715;4716;54539;4719;4720;4722;4724;4725;4726;374291;4728;4717;4718;100532726;6389;6390;6391;6392;7386;4519;1537;7384;7385;7388;440567;7381;27089;29796;10975;4514;4512;4513;84701;1327;9377;1329;1337;1339;1340;125965;1345;1346;1347;9167;1349;170712;1350;341947;1351;498;506;509;513;514;4508;515;516;517;518;10476;539;522;4509;6648;7416;7417;7419;291;292;293;83447;10105;6647;847;10861;1836;65010;115019;1544;1571;1572;1543;1545;2052;2053;79852;253152;10327;1645;1646;8644;1109;1728;873;196;4025;50507;1535;27035;653361;4688;1950;1956;3082;4233;2885;6654;6655;3265;3845;4893;369;673;5894;5604;5605;5594;5595;4217;6416;5609;5599;5602;5601;5600;6300;5603;1432;3725;2353;5295;5296;8503;110117499;5290;5293;5291;5879;5170;207;208;10000;2309;572;5770;5728;1147;3551;8517;4792;5970;4790;5580;5795;52;5781;6714;25;27;5587;23683;25865;5747;5337;5338;9020;3091;405;7422;9817;4780;3162","15377;15846;16474;18009;25805;15379;67040;15414;181457;16680;18248;16240;16856;28694;15343;167606;17858;15882;28112;16236;16509;17594;18421;16469;16716;22977;48775;2817;17977;17642;16971;17042;16580;16130;28744;15817;16618;28073;27563;47217;25016;27889;49807;16005;29852;17826;16223;48765;29865;28119;1784;62845;34563;34562;76290;32692;29191;81584;36703;27638;138830"
"hsa05203","Viral carcinogenesis","6714;3265;3845;4893;5594;5595;1385;1386;468;10488;90993;64764;84699;148327;9586;1388;1642;7534;7529;10971;7531;7533;7532;3716;6774;6776;6777;836;3249;5290;5293;5291;5295;5296;8503;110117499;5970;5966;4791;4790;7157;898;9134;1017;1959;1960;7419;4055;6672;3190;1026;1654;5610;5566;5567;5568;8341;8345;8342;158983;255626;440689;8348;3018;8339;8340;8347;3017;8344;8346;8349;8970;85236;128312;8343;286436;102724334;114483833;54145;121504;554313;8294;8360;8361;8362;8363;8364;8365;8366;8367;8368;8370;8359;8369;581;2885;8717;983;387332;9519;6908;7874;4193;11317;3516;22938;2965;2966;730394;728340;2967;2968;2960;2961;27044;1387;2033;2959;595;894;896;1021;890;8900;6502;28973;7185;7186;7187;7188;3718;4067;6850;9114;245972;7337;1739;23513;5829;578;3661;5700;5925;5933;5934;1027;23352;3725;1108;3065;3066;8841;9759;10014;10013;51564;55869;9734;83933;79885;5315;10379;9093;8850;2648;11036;2957;2958;6722;8517;4792;5922;998;5879;387;2934;85477;87;81;1019;1029;1030;1111;991;8379;55697;5902;5423;3665;3572;1234;1237;1232;1233;9261;841;572;5366;718;3105;3106;3107;3134;3135;3133",""
"hsa05230","Central carbon metabolism in cancer","6513;6514;2645;5315;5161;5160;5162;5163;7157;9997;6510;23410;9123;51548;4609;3091;3815;4233;5979;1956;2064;4914;4916;5156;5159;2260;2263;2261;2322;3265;3845;4893;5894;5604;5605;5594;5595;27165;2744;2539;3101;3098;3099;80201;5213;5214;5211;5223;5224;441531;160287;92483;3939;3945;3948;3417;3418;57103;5728;5290;5293;5291;5295;5296;8503;110117499;207;208;10000;2475;8140","15361;32816;15351;16015;16810;30915;4167;16452;30744;15428;16977;15741;17053;16467;18050;17115;16643;18021;44897;16828;17295;17895;61553;15946;4170;17561;18012;29806;15603;15971;17203;15589;30797;17196;16947;30769;16414;422;16651;17794;16087;30887;37736;16905;17191;17835;28602;18421"
"hsa05231","Choline metabolism in cancer","1950;5154;5155;56034;80310;1956;5156;5159;2885;6654;6655;3265;3845;4893;5894;5604;5605;5594;5595;5900;5599;5602;5601;123745;5321;8681;100137049;8605;283748;255189;5290;5293;5291;5295;5296;8503;110117499;5170;207;208;10000;7248;7249;6009;2475;6198;6199;1978;23396;8394;8395;7454;5879;5880;5881;8936;10163;10810;6667;5337;5338;60482;23446;80736;204962;57153;126969;6580;6582;6581;6584;6583;1119;1120;3091;3725;2353;9468;5130;56994;5335;8611;8613;8612;8525;8527;9162;1606;8526;1607;160851;1608;1609;139189;5578;5579;5582;10434;56261","15978;15354;16110;49183;35366;18035;16436;16337;18132;194386;16870;183975;17504;16618"
"hsa05235","PD-L1 expression and PD-1 checkpoint pathway in cancer","3091;1950;1956;3265;3845;4893;5894;5604;5605;5594;5595;2353;3725;27436;238;5295;5296;8503;110117499;5290;5293;5291;5728;207;208;10000;2475;6198;6199;1147;3551;8517;4792;4793;4794;4790;5970;3458;3459;3460;3716;3717;6772;6774;7097;7099;54106;114609;4615;7189;4772;4773;4775;148022;353376;29126;5133;5777;5781;55509;10538;116071;1457;1459;283106;1460;920;3932;916;917;919;915;7535;4215;5606;5608;5600;6300;5603;1432;27040;5335;5530;5532;5533;5534;5535;10125;940;5588","22984;29108;18035;16595;16618"
"hsa05210","Colorectal cancer","2932;8312;8313;1499;324;10297;6932;83439;6934;51176;332;4609;595;3845;5290;5293;5291;5295;5296;8503;110117499;207;208;10000;572;842;369;673;5894;5604;5605;5594;5595;3725;2353;5900;5898;5899;5879;5880;5881;387;5599;5602;5601;1630;836;26060;7040;7042;7043;7046;7048;4087;4088;4089;4292;4436;4437;2956;581;5366;10018;27113;596;54205;7157;1026;1647;4616;10912;578;1643;51426;1950;7039;2069;374;1956;2885;6654;6655;3265;4893;2475;6198;6199","16618"
"hsa05212","Pancreatic cancer","3845;5290;5293;5291;5295;5296;8503;110117499;9459;5879;5880;5881;4790;5970;207;208;10000;1147;3551;8517;572;598;842;369;673;5894;5604;5594;5595;5599;5602;5601;5900;5898;5899;10928;998;5337;5338;7039;1950;1956;2064;2475;6198;6199;3716;6774;6772;7422;1029;1019;1021;595;5925;1869;1870;1871;7157;1026;1647;4616;10912;581;578;1643;51426;7040;7042;7043;7046;7048;4087;4088;4089;675;5888","16337;16618"
"hsa05225","Hepatocellular carcinoma","7039;1956;3481;3480;5335;5336;5578;5579;5582;2002;6464;25759;53358;399694;2885;6654;6655;3265;3845;4893;369;673;5894;5604;5605;5594;5595;5290;5293;5291;5295;5296;8503;110117499;5728;207;208;10000;2475;6198;6199;572;598;4609;5925;1869;1870;1871;7015;7012;7157;1026;1647;4616;10912;581;578;1643;51426;1029;1019;1021;595;7040;7042;7043;7046;7048;4087;4088;4089;7471;7472;7482;7473;89780;54361;7474;81029;7475;7476;7477;7478;7479;7483;7484;7480;80326;7481;51384;8321;8324;2535;7976;8322;7855;8325;8323;11211;8326;4041;4040;1857;1856;1855;10023;23401;2932;8312;8313;324;10297;1499;122011;1452;6932;83439;6934;51176;9817;4780;3162;1728;221357;2939;2941;119391;2948;2953;2952;2947;4257;4259;2944;2949;4258;2938;2946;2940;9446;653689;25774;2950;7296;114112;10587;3082;4233;2549;71;60;86;51412;6602;6603;6604;55274;8193;8110;57492;8289;6605;6598;6599;6601;6595;6597;196528;55193;29117","16240;16991;22984;29108;18035;16480;18421;16595;15368;16618;28509;2504;29191"
"hsa05226","Gastric cancer","1045;4583;1015;83998;5243;6469;7157;1026;1647;4616;10912;581;578;1643;51426;5915;6256;6257;6258;7471;7472;7482;7473;89780;54361;7474;81029;7475;7476;7477;7478;7479;7483;7484;7480;80326;7481;51384;8321;8324;2535;7976;8322;7855;8325;8323;11211;8326;4041;4040;1857;1856;1855;10023;23401;2932;8312;8313;324;10297;1499;122011;1452;6932;83439;6934;51176;4609;595;7015;7012;1950;1956;2064;6464;25759;53358;399694;2885;6654;6655;3265;3845;4893;369;673;5894;5604;5605;5594;5595;5290;5293;5291;5295;5296;8503;110117499;207;208;10000;2475;6198;6199;596;4292;1027;1017;898;9134;5925;1869;1870;1871;7040;7042;7043;7046;7048;4087;4088;4089;1030;999;29119;1495;1496;3728;3082;4233;2246;2247;2248;2249;8822;2251;2252;2253;2254;2255;8823;2250;8817;26281;27006;9965;26291;8074;2263;2549","16991;177281;15367;16618;50648"
"hsa05214","Glioma","1950;7039;1956;5154;5155;5156;5159;3479;3480;5335;5336;810;805;808;801;163688;51806;91860;57118;57172;8536;815;817;816;818;814;5578;5579;5582;6464;25759;53358;399694;2885;6654;6655;3265;3845;4893;369;673;5894;5604;5605;5594;5595;5290;5293;5291;5295;5296;8503;110117499;207;208;10000;2475;5728;1029;4193;7157;1026;595;1019;1021;5925;1869;1870;1871;1647;4616;10912;581;578;1643;51426","22984;29108;18035;16595;16618"
"hsa05216","Thyroid cancer","5979;8030;8031;4914;7170;7175;10342;3265;4893;3845;673;5604;5605;5594;5595;7849;5468;6256;6257;6258;7157;1026;1647;4616;10912;581;578;1643;51426;999;1499;6932;83439;6934;51176;4609;595",""
"hsa05221","Acute myeloid leukemia","3815;2322;5290;5293;5291;5295;5296;8503;110117499;207;208;10000;1147;3551;8517;4790;5970;572;2475;1978;6198;6199;2885;6654;6655;3265;4893;3845;369;673;5894;5604;5605;5594;5595;6774;6776;6777;5292;11040;861;1436;4353;1437;3562;862;5371;5914;7704;1050;8864;6688;929;3684;2209;1053;597;890;8900;4609;1848;3728;6932;83439;6934;51176;595;5467","16618"
"hsa05220","Chronic myeloid leukemia","613;25;1398;1399;867;5290;5293;5291;5295;5296;8503;110117499;207;208;10000;572;598;1147;3551;8517;4792;4790;5970;4193;7157;1027;2885;9846;5781;6654;6655;3265;3845;4893;5894;369;673;5604;5605;5594;5595;6464;25759;53358;399694;4609;6776;6777;1029;1026;595;1019;1021;5925;1869;1870;1871;1647;4616;10912;581;578;1643;51426;7040;7042;7043;7046;7048;4088;4089;2122;861;1487;1488;3065;3066","16618"
"hsa05217","Basal cell carcinoma","7157;1026;1647;4616;10912;581;578;1643;51426;6469;5727;6608;374654;51684;2735;2736;2737;650;652;64399;8643;7471;7472;7482;7473;89780;54361;7474;81029;7475;7476;7477;7478;7479;7483;7484;7480;80326;7481;51384;8321;8324;2535;7976;8322;7855;8325;8323;11211;8326;1857;1856;1855;2932;8312;8313;324;10297;1499;6932;83439;6934;51176","16113"
"hsa05218","Melanoma","2246;2247;2248;2249;8822;2251;2252;2253;2254;2255;8823;2250;8817;26281;27006;9965;26291;8074;3082;3479;5154;5155;56034;80310;1950;2260;4233;3480;5156;5159;1956;3265;3845;4893;369;673;5894;5604;5605;5594;5595;595;1019;5290;5293;5291;5295;5296;8503;110117499;207;208;10000;572;5728;1029;4193;7157;1026;1021;5925;1869;1870;1871;999;1647;4616;10912;581;578;1643;51426;4286","16618"
"hsa05211","Renal cell carcinoma","3091;2034;54583;112399;112398;7428;6921;6923;9978;8453;405;9915;1387;2033;6513;7422;7040;7042;7043;5155;7039;3082;4233;2549;5290;5293;5291;5295;5296;8503;110117499;207;208;10000;572;1398;1399;2889;5906;5908;5781;2885;6654;6655;3265;3845;4893;369;673;5894;5604;5605;5594;5595;2113;3725;5879;998;5058;5062;5063;10298;57144;56924;106821730;5546;7030;1026;2271;201163","25805;15379;18012;29806;15589;30797"
"hsa05219","Bladder cancer","2261;3265;3845;4893;369;673;5894;5604;5605;5594;5595;9252;4609;11186;1612;1613;23604;1029;4193;7157;1026;595;1019;5925;1869;1870;1871;7057;1839;4313;4318;7380;6714;1950;2064;1956;1890;7422;4312;3576;999",""
"hsa05215","Prostate cancer","2950;1027;1017;898;9134;5925;1869;1870;1871;7113;2078;5328;5327;4314;4318;6935;7850;6692;2119;3630;5154;5155;56034;80310;1950;7039;3479;3645;5156;5159;2260;2263;1956;2064;3480;5290;5293;5291;5295;5296;8503;110117499;5728;5170;4824;207;208;10000;842;572;2308;1026;4193;7157;2932;1385;468;10488;90993;64764;84699;148327;9586;1499;1387;2033;6932;83439;6934;51176;595;1147;3551;8517;4792;4790;5970;596;2475;2885;6654;6655;3265;3845;4893;369;673;5894;5604;5605;5594;5595;6716;367;3320;3326;7184;354","16422;17026;17347;180955;17650;16962;16469;28689;16330;16618;5132;76290"
"hsa05213","Endometrial cancer","1950;1956;5290;5293;5291;5295;5296;8503;110117499;5728;5170;3611;207;208;10000;842;572;2309;2885;6654;6655;3265;3845;4893;369;673;5894;5604;5605;5594;5595;2002;4292;999;1499;29119;1495;1496;8312;8313;324;10297;2932;6932;83439;6934;51176;4609;595;7157;1026;1647;4616;10912;581;578;1643;51426;2064","16618"
"hsa05224","Breast cancer","2099;2100;8648;8202;2353;3725;6667;595;4609;5241;7471;54361;8600;2064;2246;2247;2248;2249;8822;2251;2252;2253;2254;2255;8823;2250;8817;26281;27006;9965;26291;8074;2260;3479;3480;1950;1956;3815;6464;25759;53358;399694;2885;6654;6655;3265;3845;4893;369;673;5894;5604;5605;5594;5595;5290;5293;5291;5295;5296;8503;110117499;5728;207;208;10000;2475;6198;6199;182;3714;10683;28514;54567;4851;4853;4854;4855;3280;388585;26508;23462;23493;2324;1026;4791;7472;7482;7473;89780;7474;81029;7475;7476;7477;7478;7479;7483;7484;7480;80326;7481;51384;8321;8324;2535;7976;8322;7855;8325;8323;11211;8326;4041;4040;1857;1856;1855;10023;23401;2932;8312;8313;324;10297;1499;122011;1452;6932;83439;6934;51176;7157;1647;4616;10912;581;578;1643;51426;1019;1021;5925;1869;1870;1871;672;675","17026;16469;16618"
"hsa05222","Small cell lung cancer","2272;5915;6256;6257;6258;7157;1026;1647;4616;10912;581;578;1643;51426;596;54205;317;842;836;4609;4149;7709;1030;1019;1021;595;1163;1164;6502;1027;1017;898;9134;5925;1869;1870;1871;1284;1286;1288;1282;1287;1285;284217;3908;3909;3911;3910;3912;3913;3914;22798;3915;3918;10319;2335;3673;3674;3675;3655;3685;3688;5747;5290;5293;5291;5295;5296;8503;110117499;5728;207;208;10000;1147;3551;8517;4792;4790;5970;329;330;331;79444;598;7185;7186;7187;9618;7188;7189;5743;4843","177281;15367;16618;50648"
"hsa05223","Non-small cell lung cancer","2272;5915;6256;6257;6258;1029;1019;1021;595;5925;1869;1870;1871;3845;11186;83593;6789;5290;5293;5291;5295;5296;8503;110117499;5170;207;208;10000;572;842;2309;1950;7039;1956;2064;3082;4233;2885;6654;6655;3265;4893;369;673;5894;5604;5605;5594;5595;5335;5336;5578;5579;5582;7157;1026;1647;4616;10912;581;578;1643;51426;3798;3799;3800;5979;27436;238;3718;6774;6776;6777","22984;29108;18035;177281;15367;16595;16618;50648"
"hsa05166","Human T-cell leukemia virus 1 infection","6513;8829;4609;8295;10524;894;3683;3689;3383;3265;3845;4893;5604;5605;5594;5595;920;7094;83660;8498;5901;7514;811;821;5530;5532;5533;5534;5535;4772;4773;4775;4776;3560;3561;3716;3718;6776;6777;3558;3105;3106;3107;3134;3135;3133;567;2224;7416;291;292;293;83447;7417;7419;706;55697;5902;8379;4085;701;9184;64682;29882;996;29945;51433;8881;51434;8697;10393;51529;246184;25847;25906;119504;991;9232;10744;9700;9133;1030;1029;1019;595;896;1026;890;8900;898;9134;1017;5925;1869;1870;1871;472;545;1111;11200;7157;5295;5296;8503;110117499;5290;5293;5291;207;208;10000;1739;5728;7124;7132;4214;6416;5599;5602;5601;3725;4316;3554;7850;915;916;917;4215;1147;3551;8517;4792;4790;5970;2874;4055;958;115650;9020;5971;4791;7538;3559;3600;3601;3569;1437;4049;598;331;7040;7042;7043;7046;7048;4087;4088;4089;107;108;109;196883;111;112;113;114;115;5566;5567;5568;4801;3108;3109;3111;3112;3113;3115;3117;3118;3119;3122;3123;3125;3126;3127;6722;2005;2002;6688;2113;2114;387332;9519;6908;2353;1958;8061;1959;1385;10488;90993;64764;84699;148327;1386;468;9586;1388;23373;200186;64784;1387;2033;8850;2648;6929;5423;3932;581;1031;7015;4487;4488","16240;22984;29108;26216;29103;17489;16618"
"hsa05170","Human immunodeficiency virus 1 infection","920;8945;23291;6500;8454;9978;7852;1234;2770;2773;2771;2775;5290;5293;5291;5295;5296;8503;110117499;5747;2185;5829;1398;1399;207;208;10000;2475;6198;6199;4790;5970;2353;3725;572;3265;3845;4893;5894;5604;5605;5594;5595;2776;2767;5335;5336;3708;3709;3710;810;805;808;801;163688;51806;91860;5530;5532;5533;5534;5535;4772;4773;4775;4776;5578;5579;5582;2782;2783;2784;59345;10681;54331;2785;2786;2787;2788;94235;2790;2791;55970;51764;2792;2793;5879;5880;5881;5058;5062;5063;10298;57144;56924;106821730;3984;3985;1072;1073;7124;7133;598;7097;7099;4615;51135;3654;7189;10454;23118;6885;1147;3551;8517;4792;3439;3440;3441;3442;3443;3444;3445;3446;3447;3448;3449;3451;3452;3456;5600;6300;5603;1432;5599;5602;5601;115004;340061;29110;3661;164668;200316;100913187;140564;200315;27350;60489;9582;25939;85363;684;7132;8737;8717;7188;7186;5606;5608;5609;356;355;8772;841;637;581;578;596;54205;842;836;916;917;915;919;6890;6891;6892;2923;811;3105;3106;3107;3134;3135;3133;162;164;8906;8907;10053;1174;8905;130340;567;6923;6921;8065;9616;9730;1642;8450;8451;472;545;1111;995;7465;494551;891;9133;85417;983","22984;29108;18035;16595;16618"
"hsa05161","Hepatitis B","3339;6554;7040;7042;7043;7046;7048;4088;1026;5599;5602;5601;4609;1959;1960;1387;2033;356;1642;1643;4214;7534;7529;10971;6416;5290;5293;5291;5295;5296;8503;110117499;207;208;10000;1147;3551;8517;4792;4790;5970;4318;596;572;355;8772;841;843;637;581;317;54205;842;836;100506742;332;7157;890;8900;1017;898;9134;5925;1869;1870;1871;537;5578;5579;5582;4772;4773;4775;4776;7124;3716;3717;3718;7297;6774;6772;6773;6775;6776;6777;6778;7419;2185;6714;2885;6654;6655;3265;3845;4893;3725;4089;1386;1385;10488;90993;64764;84699;148327;468;9586;1388;3576;5111;369;673;5894;5604;5605;5594;5595;2353;2002;7097;4615;114609;7099;51135;3654;7189;10454;23118;6885;3569;5606;5608;5600;6300;5603;1432;5609;353376;7098;148022;23586;64135;57506;7187;9641;29110;1654;3661;3665;3439;3440;3441;3442;3443;3444;3445;3446;3447;3448;3449;3451;3452;3456;3454","22984;29108"
"hsa05160","Hepatitis C","3949;949;975;1364;1365;1366;149461;10686;23562;24146;26285;49861;5010;51208;53842;7122;9071;9073;9074;9075;9076;9080;137075;100288814;644672;100132463;9069;100506658;4938;4939;4940;6041;23586;57506;7187;29110;9641;3661;3665;3439;3440;3441;3442;3443;3444;3445;3446;3447;3448;3449;3451;3452;3456;3458;7098;148022;7189;8737;1147;3551;8517;4792;4790;5970;7124;3627;27102;5610;9451;440275;3434;439996;3646;1965;6774;9021;3454;3455;3716;7297;6772;6773;10379;4599;4600;91543;5519;5518;5520;5521;5522;55844;5515;5516;8554;1950;1956;2885;6654;6655;3265;3845;4893;673;5894;369;7534;7529;10971;7531;7533;7532;5604;5605;5594;5595;5295;5296;8503;110117499;5290;5293;5291;207;208;10000;2932;1499;572;1026;7157;1017;1019;1021;5925;1869;1870;1871;7132;8717;7186;356;355;8772;841;836;8837;637;581;578;54205;317;842;10197;6256;5465;10062;595;4609","16618"
"hsa05171","Coronavirus disease - COVID-19","7113;59272;8829;1636;4142;185;1536;4790;5970;7124;3569;3553;3592;3593;4314;4312;6347;3576;6868;7132;4792;4793;1839;1956;3570;3572;3716;7297;6774;3558;1440;1437;3627;6187;6188;6189;6192;6191;140032;6193;6194;6201;6202;102723573;102724737;6203;6204;100529239;6205;6206;6207;6208;6209;6210;6217;6218;6222;6223;6224;6227;6228;6229;6230;6231;6232;51065;6233;6234;6235;2197;3921;388524;6123;6122;6124;6125;6128;6129;6130;6132;6133;140801;6134;4736;6135;6136;6137;23521;9045;6138;6139;100526842;6141;6142;6143;6144;200916;6146;9349;6147;51187;6152;6154;51121;6155;6157;6158;6159;6156;6160;6161;6164;11224;6165;25873;6167;6168;6169;6170;7311;6171;6166;6173;100529097;6175;6176;6181;102723407;2212;6850;5290;5293;5291;5295;5296;8503;110117499;5335;5336;5578;5579;5582;5594;5595;5600;6300;5603;1432;7097;7099;4615;51284;51311;51135;3654;7189;6885;23118;5599;5602;5601;2353;3725;1147;3551;8517;114548;834;7098;23586;9636;64135;57506;7187;9641;29110;3661;115004;340061;3439;3440;3441;3442;3443;3444;3445;3446;3447;3448;3449;3451;3452;3456;3454;3455;6772;6773;10379;103;4938;4939;4940;4599;4600;5610;728;719;718;629;1675;727;729;730;731;732;733;735;6403;7450;712;713;714;715;716;717;720;721;100293534;110384692;4153;5648;10747;2147;2162;2165;2243;2244;2266","16240;18035;5054;16480;18421;2718;2719;55438"
"hsa05164","Influenza A","23430;7177;64499;5340;5646;5645;5644;7113;56649;9407;5579;4938;4939;4940;6041;3337;5611;5610;1965;7706;23586;64135;79671;57506;1147;3551;8517;4793;4792;4790;5970;10241;7098;148022;7187;29110;9641;3661;1387;2033;7099;51284;4615;51135;3665;3552;3553;3569;3592;3593;7124;3576;6347;6352;3627;3383;3439;3440;3441;3442;3443;3444;3445;3446;3447;3448;3449;3451;3452;3456;3454;3455;3716;7297;9021;6772;6773;10379;4599;4600;103;5371;3458;3459;3460;3717;4261;3108;3109;3111;3112;3113;3115;3117;3118;3119;3122;3123;3125;3126;3127;114548;29108;834;3606;90865;5295;5296;8503;110117499;5290;5293;5291;207;208;10000;896;1019;1021;8743;8797;8795;356;355;7132;8717;8772;841;637;581;578;7416;291;292;293;83447;54205;317;842;836;10898;642843;8106;390748;100529063;10482;56001;728343;56000;29107;55916;11100;8480;4928;91543;2224;5578;5894;5604;5605;5594;5595;71;60;8766;9230;7514;3836;3838;402569;23633;3841","16240;24636;15378;16618"
"hsa05162","Measles","4179;4478;6504;10332;30835;23586;64135;57506;7187;9641;29110;3661;1147;3551;8517;4793;4792;4790;5970;51284;54106;4615;3654;51135;3665;3439;3440;3441;3442;3443;3444;3445;3446;3447;3448;3449;3451;3452;3456;7097;7099;7189;1457;1459;283106;1460;7128;6885;23118;5599;5602;5601;3725;2353;3552;3553;3569;3592;3593;3454;3455;10399;3716;7297;6772;6773;10379;4938;4939;4940;103;4599;4600;27102;5610;9451;440275;9367;51209;3312;3303;3305;3304;3310;8667;1965;25898;7157;7161;27113;356;355;8717;8772;841;637;581;578;596;598;572;54205;317;842;836;1027;595;894;896;898;9134;1019;1021;1017;915;916;917;940;3558;3559;3560;3561;5295;5296;8503;110117499;5290;5293;5291;868;207;208;10000;2932;3718;6774;6776;6777;2213","16618"
"hsa05168","Herpes simplex virus 1 infection","4049;8740;8764;7186;7188;3551;1147;8517;4792;4790;5970;329;330;6347;5818;5819;29992;29990;5781;3678;3690;6714;6850;64170;3661;3456;7157;718;727;5199;7097;54106;4615;3665;7098;148022;51135;3654;7189;6885;10454;23118;3553;6352;3569;7124;3592;3593;23586;64135;57506;7187;9641;29110;3439;3440;3441;3442;3443;3444;3445;3446;3447;3448;3449;3451;3452;115004;340061;5499;5500;5501;27102;5610;9451;440275;1965;1967;8892;8891;8890;8893;4938;4939;4940;6041;3054;29915;5451;5452;25833;3454;3455;9021;3716;7297;6772;6773;10379;147949;148156;148198;148254;148266;148268;152687;155054;155061;158431;162655;162962;162963;162967;162972;162993;163049;163050;163051;163059;163087;163131;163227;163255;169270;169841;170959;171392;199692;201514;219749;22835;22869;253639;255403;256051;25799;25888;26149;26152;26974;27153;27300;282890;284306;284307;284370;284390;284406;284459;10172;10224;10308;10520;10780;10793;10794;10795;10838;113835;114026;115196;115509;117608;121274;125893;125919;126017;7559;7561;7562;7565;7567;7568;7569;7574;7581;7582;7587;7592;7594;7596;7633;7637;7638;7639;7644;7652;7673;7678;7691;7692;7694;7695;7699;7700;7710;7711;7712;7728;7730;7733;7738;7743;7748;7755;7757;7761;7766;7767;7768;7769;7770;7771;7772;7773;79088;79175;79230;79744;79788;79818;79862;7988;79891;79898;79973;80032;80095;80110;80264;80778;80818;81856;81931;8427;84436;84449;84503;84527;84671;84765;84775;84874;84911;84914;84924;90233;90317;90321;90333;90338;90576;90592;90594;90649;90827;91120;91661;91975;92283;92285;92595;9310;93474;94039;9534;9668;163071;126070;126295;127396;136051;139735;140612;146198;146434;146540;147657;147658;147686;147687;147694;147741;147837;147923;147929;147948;285268;285676;286075;30832;339327;339559;340252;340385;342908;342909;342926;344787;346171;348327;349075;353088;353355;374879;374900;374928;388536;388566;388569;390927;400720;440077;440515;441234;51276;51385;51710;54753;54925;55422;55552;55659;55713;55762;55786;55900;56242;57209;57335;57343;57474;57547;57573;57615;57677;57693;57786;58492;58500;59348;63934;641339;65251;6940;728927;728957;729747;7539;7551;7553;7554;7556;83744;162239;163081;126375;374899;7643;347344;90075;90987;146542;7549;7571;93134;100129543;148103;100289678;57541;284349;345462;389114;54811;57232;7752;197320;9831;442319;168417;79724;65243;339318;100287226;342892;100289635;100529215;101060200;148206;163223;170960;199704;285267;388561;51427;55769;57711;730051;730291;91664;388567;284371;100131017;100131827;284323;7625;730087;162966;100129842;388558;388559;390980;126068;126231;147660;9422;170958;110116772;7576;440519;7617;388523;148213;122539214;168374;654254;400713;148203;199777;220992;284309;54807;344065;100131980;100132396;162968;90589;646864;100419780;10781;339500;684;3458;3459;3460;3717;1616;6672;5371;6890;6891;6892;2923;811;3105;3106;3107;3134;3135;3133;567;3108;3109;3111;3112;3113;3115;3117;3118;3119;3122;3123;3125;3126;3127;972;5290;5293;5291;5295;5296;8503;110117499;207;208;10000;7248;7249;6009;2475;1978;6732;6426;6427;10929;6428;6429;6430;6431;6432;8683;10482;56001;728343;56000;10189;356;355;7132;8717;8772;841;637;581;578;572;596;598;54205;317;842;836","16618"
"hsa05163","Human cytomegalovirus infection","5156;5290;5293;5291;5295;5296;8503;110117499;207;208;10000;7248;7249;6009;2475;1978;6198;6199;1147;3551;8517;4790;5970;1956;2885;6654;6655;3265;3845;4893;5894;5604;5605;5594;5595;2002;6667;3685;3690;6714;5879;5880;5881;387;115004;340061;29110;3661;3439;3440;3441;3442;3443;3444;3445;3446;3447;3448;3449;3451;3452;3456;7124;7132;8737;8717;7188;7186;3553;3554;4792;6347;6352;3576;3569;2782;2783;2784;59345;10681;54331;2785;2786;2787;2788;94235;2790;2791;55970;51764;2792;2793;2776;2767;23236;5330;5331;5332;3708;3709;3710;810;805;808;801;163688;51806;91860;5530;5532;5533;5534;5535;4772;4773;4775;4776;5743;2770;2773;2771;2775;107;108;109;196883;111;112;113;114;115;5566;5567;5568;6348;6349;414062;6351;9560;388372;6376;2768;10672;9138;9826;23365;11214;6093;9475;1499;5731;5732;5733;5734;2778;2932;595;4609;3570;3716;6774;7422;5608;5600;6300;5603;1432;1385;1386;468;10488;90993;64764;84699;148327;9586;1388;6387;7852;5578;5579;5582;2185;5747;9564;1398;1399;5829;3587;3588;3579;1230;1232;1234;6890;6891;6892;2923;811;3105;3106;3107;3134;3135;3133;567;1029;4193;7157;1026;1019;1021;5925;1869;1870;1871;356;355;8772;841;637;581;578;54205;842;836","22984;29108;18035;174978;174980;174982;174983;174985;15551;16595;16618"
"hsa05167","Kaposi sarcoma-associated herpesvirus infection","718;7098;148022;7187;9641;29110;3665;3439;3440;3441;3442;3443;3444;3445;3446;3447;3448;3449;3451;3452;3661;1387;2033;3456;3454;3455;3716;7297;6772;6773;10379;5610;5600;6300;5603;1432;9261;5608;7538;3569;1437;1232;1234;1230;1233;1237;355;8772;841;637;581;578;54205;842;836;7132;8717;7186;1147;3551;8517;4792;4790;5970;7157;1026;1019;1021;5925;1869;1870;1871;3105;3106;3107;3134;3135;3133;3459;3383;942;4277;100507436;9976;7311;6233;7314;7316;8678;441925;22863;5289;64422;440738;81631;84557;643246;392288;2782;2783;2784;59345;10681;54331;2785;2786;2787;2788;94235;2790;2791;55970;51764;2792;2793;3265;3845;4893;5894;5604;5605;5594;5595;3091;3725;2353;5294;23533;146850;5290;5293;5291;5295;5296;8503;110117499;207;208;10000;2475;57580;5879;5599;5602;5601;344807;131450;6850;6714;3055;4067;6416;5609;5336;5335;3708;3709;3710;810;805;808;801;163688;51806;91860;5530;5532;5533;5534;5535;4772;4773;4775;4776;3576;5743;2919;2920;2921;1827;2247;7422;5155;285;3572;3717;6774;2932;1499;6932;83439;6934;51176;1385;595;4609","22984;29108;18035;16038;16595;16618"
"hsa05169","Epstein-Barr virus infection","1380;930;3108;3109;3111;3112;3113;3115;3117;3118;3119;3122;3123;3125;3126;3127;7097;4615;51135;3654;7189;10454;23118;6885;1147;3551;8517;4792;4790;5970;7124;3569;23586;57506;7187;29110;9641;3665;3661;3439;3440;3441;3442;3443;3444;3445;3446;3447;3448;3449;3451;3452;3456;3454;3455;3716;7297;6772;6773;10379;5610;4938;4939;4940;3627;9636;355;8772;841;637;10018;596;581;578;54205;317;842;836;916;917;915;919;5701;5700;5704;5706;5702;5705;5708;5707;5709;5718;5717;9861;5713;5719;5710;10213;5714;11047;7979;6890;6891;6892;2923;811;3105;3106;3107;3134;3135;3133;567;22938;25942;3065;3066;9612;8819;79685;9541;11317;3516;3280;2208;864;4609;7874;4193;7157;1026;1647;4616;10912;1643;51426;7188;5290;5293;5291;5295;5296;8503;110117499;207;208;10000;9020;5971;4791;8717;4793;4794;6416;5609;5599;5602;5601;7186;8737;5606;5608;5600;6300;5603;1432;3725;956;377841;953;958;960;3683;965;3383;7431;7128;3718;6774;4067;6850;4734;5879;102723407;695;29760;5336;6502;1027;595;894;896;1019;1021;890;8900;898;9134;1017;5925;1869;1870;1871","22984;29108;16595;16618"
"hsa05165","Human papillomavirus infection","7471;7472;7482;7473;89780;54361;7474;81029;7475;7476;7477;7478;7479;7483;7484;7480;80326;7481;51384;8321;8324;2535;7976;8322;7855;8325;8323;11211;8326;1857;1856;1855;2932;8312;8313;324;10297;1499;122011;1452;7015;6932;83439;6934;7337;7098;148022;7187;9641;29110;3661;3456;1387;2033;10474;7157;9223;5728;56288;50855;84552;84612;5584;5590;998;23513;1739;1740;1741;3993;3996;92359;10207;64398;7450;7057;1311;7058;7059;7060;2335;1277;1278;1280;1284;1286;1288;1282;1287;1285;1291;1292;1293;131873;256076;1297;1298;1299;284217;3908;3909;3911;3910;3912;3913;3914;22798;3915;3918;10319;1101;5649;6696;7448;3371;63923;7143;7148;3381;3672;3673;3674;3675;3676;3678;3655;3679;8516;3680;8515;22801;3685;3688;3690;3691;3693;3694;3695;3696;5747;5829;7124;7132;8717;356;355;8772;841;836;9368;5515;5516;5519;5518;5520;5521;5522;55844;28227;55012;5523;5526;5527;5528;5529;5525;7248;7249;6009;2475;1978;6198;6199;578;572;5159;5290;5293;5291;5295;5296;8503;110117499;207;208;10000;2308;1027;1026;595;894;896;1019;1021;898;9134;1017;5925;5933;5934;5700;1869;890;8900;472;545;7422;1147;3551;8517;4790;5970;4193;4799;3065;3066;1108;3659;387332;9519;6908;3105;3106;3107;3134;3135;3133;10134;523;525;526;245973;528;51382;90423;529;9296;101927180;9550;127124;534;51606;10312;23545;50617;535;9114;245972;8992;155066;527;533;537;1950;1956;2885;6654;6655;3265;3845;4893;5894;5604;5605;5594;5595;5743;5734;2778;5566;5567;5568;581;1385;10488;90993;64764;84699;148327;9586;23352;27175;7283;5315;3439;3440;3441;3442;3443;3444;3445;3446;3447;3448;3449;3451;3452;3454;3455;3716;7297;6772;6773;10379;5610;8638;4599;4600;9636;182;4851;4853;4854;4855;5663;4242;3955;5986;55534;84441;9794;11317;3516;3280;54626;55502;84667;390992;57801;388585;26508;23462;23493","17489;174978;174980;174982;174983;174985;15551;16618"
"hsa05110","Vibrio cholerae infection","523;525;526;245973;528;51382;90423;529;9296;101927180;9550;127124;534;8992;155066;10312;23545;50617;535;9114;245972;51606;537;527;533;10945;11014;11015;9601;30001;29927;55176;10952;23480;375;2778;109;115;5566;5567;5568;1080;3784;6558;71;60;5335;5336;5578;7082;9414","16134;24636;15378;18035;26216;29103;17489;17996;16595;26708;29101;177678;177701;18216"
"hsa05120","Epithelial cell signaling in Helicobacter pylori infection","5781;4233;5335;5336;7082;50848;58494;83700;150084;6868;1839;1956;3576;3577;3579;102;6714;4067;1445;5879;998;5600;6300;5603;1432;5058;6416;5599;5602;5601;3725;9020;1147;3551;8517;4792;4790;5970;10392;2919;2920;2921;6352;5803;28964;836;523;525;526;245973;528;51382;90423;529;9296;101927180;9550;127124;534;8992;155066;10312;23545;50617;535;9114;245972;51606;537;527;533","16134;24636;15378;16199;17996;28938"
"hsa05130","Pathogenic Escherichia coli infection","102723407;6714;2212;5879;9265;27128;9266;9267;382;375;10787;3071;23191;26999;10006;55845;8936;10163;10810;10097;57180;653857;10096;10095;10552;10109;10094;10093;10092;81873;71;60;9138;387;998;283446;4430;4542;4640;4641;4642;4643;64005;4644;4645;55930;4646;4651;4627;4628;4629;79784;8976;9368;7430;2147;1902;9170;2846;57121;2149;2768;10672;9826;23365;10376;7277;7278;7846;84790;51807;112714;113457;79861;84617;203068;81027;7280;10381;10382;347688;347733;10383;124908013;124908015;124908041;260334;9181;6093;9475;2534;25;55971;10458;4690;8440;147179;7456;644150;2017;3059;4691;3688;3553;3554;7099;114609;4615;7100;3654;51135;5777;5781;7189;7124;7132;8717;2597;7186;8737;6885;10454;23118;257397;8517;1147;3551;4792;4793;4790;5970;6188;5594;5595;5599;5602;5601;5600;6300;5603;1432;2353;3725;3569;3576;8743;8797;8795;356;355;8772;841;7009;578;581;54205;842;836;840;10061;114483834;4671;147945;114548;29108;834;837;3606;5058;5062;5063;5861;10427;10802;9632;9871;10972;100506658;1364;1365;1366;149461;10686;23562;24146;26285;49861;5010;51208;53842;7122;9071;9073;9074;9075;9076;9080;137075;100288814;644672;100132463;9069;7082","16412;16038;16975"
"hsa05132","Salmonella infection","5420;5788;5868;5869;5878;5289;7879;338382;9842;55823;64601;57617;65082;23339;27072;83547;1778;79659;1780;1781;1783;51143;51626;8655;140735;83658;83657;6993;6990;1639;10540;11258;51164;84516;10671;10121;10120;55860;10376;7277;7278;7846;84790;51807;112714;113457;79861;84617;203068;81027;7280;10381;10382;347688;347733;10383;124908013;124908015;124908041;260334;79443;127829;55207;23207;3798;3799;3800;147700;3831;64837;89953;64746;387;4074;9367;51209;9648;8677;345456;5216;5217;375189;2316;23265;10640;60412;55770;5898;71;60;6281;302;79026;113146;57381;26084;391;9844;63916;9475;4633;4636;58498;10398;93408;103910;10627;29895;29109;998;5879;10787;3071;23191;26999;10006;55845;10810;10097;57180;653857;10096;10095;10552;10109;10094;10093;10092;81873;5058;5063;4646;5290;5293;5291;5294;5288;5286;5287;9265;27128;9266;9267;382;375;112574;257364;51429;8976;1785;10333;7097;114609;4615;929;7099;23643;7100;54106;3654;51135;7189;6885;10454;23118;257397;8517;1147;3551;4792;4790;5970;10392;3320;3326;7184;8767;1434;3836;3839;3840;6188;3265;5894;5604;5605;5594;5595;5606;5608;5600;6300;5603;1432;6416;5609;5599;5602;5601;2353;3725;7124;3553;3569;3576;1499;6932;83439;6934;51176;4609;5585;26263;6500;7132;7186;8717;329;330;8737;2597;8743;8797;8795;8772;841;11035;581;578;54205;596;836;840;388;399;6237;207;208;10000;197259;7295;25828;114548;4671;58484;29108;834;3606;837;838;79792","16412;16749;17283;16618;16152"
"hsa05131","Shigellosis","960;3678;3688;6714;5747;1398;1399;9564;2017;3059;5829;9844;63916;1793;5879;8936;10163;10097;57180;653857;10096;10095;10552;10109;10094;10093;10092;81873;71;60;387;1729;6093;9475;4633;4636;58498;10398;93408;103910;10627;29895;87;81;3611;7094;83660;7414;998;8976;345456;5216;5217;375189;1956;5290;5293;5291;5295;5296;8503;110117499;9265;27128;9266;9267;382;375;207;208;10000;2308;2309;4303;100132074;2931;2932;6198;6199;4193;23236;5330;5331;5332;5333;113026;84812;51196;5335;5336;89869;3708;3709;3710;831;823;824;826;472;7157;598;596;3101;3098;3099;80201;7416;581;54205;664;5481;837;3553;3606;7124;7132;8717;7186;7188;8737;6885;10454;23118;257397;8517;1147;3551;4792;4793;4790;5970;3576;92610;3554;929;7099;7100;7189;5580;5581;5588;10892;8915;10392;9181;8767;5599;5602;5601;3725;7335;7336;389898;7334;10616;55072;81858;10318;51619;7321;7322;7323;9978;8454;6500;8945;23291;115004;340061;4615;29110;3661;3456;7307;102724594;199746;6352;1437;5594;5595;5600;6300;5603;1432;9252;440093;3021;8351;8352;8350;3020;8290;126961;333932;653604;8353;8354;8355;8356;8357;8358;8968;11335;8678;441925;22863;30849;5289;10670;10325;64121;58528;2475;57521;84335;55054;9474;9140;440738;81631;84557;643246;392288;718;8878;10241;7311;6233;7314;7316;4735;10801;124404;55964;23157;55752;23176;989;26100;55062;25851;23048;54874;11146;114548;4671;58484;29108;834","22984;29108;15603;18035;26216;29103;16412;17191;16595;17283;18348;180844;185377;18313;16618;4188;16500"
"hsa05135","Yersinia infection","2335;3676;3678;3688;391;6714;5747;2185;1398;1399;9564;9844;63916;1793;102723407;2212;5879;5880;5881;23396;8394;8395;382;8976;10097;57180;653857;10096;10095;10552;10109;10094;10093;10092;81873;71;60;147179;7456;644150;10458;10163;5829;9815;8874;998;7454;2776;23365;9138;64283;387;6093;9475;2533;8935;114548;58484;5585;5586;6197;6195;6196;27330;4210;3984;29108;834;3606;3553;7099;4615;51135;3654;7189;7186;10454;23118;6885;8517;1147;3551;4792;4790;5970;5604;5605;5594;5595;5606;5608;5600;6300;5603;1432;6416;5609;5599;5602;5601;2353;3725;148022;29110;3661;7124;3569;3576;3456;5290;5293;5291;5295;5296;8503;110117499;207;208;10000;2932;6347;920;925;926;927;3932;7535;27040;3937;10451;7409;7410;5335;4772;4773;4775;3558;3586","22984;29108;16412;16595;18348;16618"
"hsa05133","Pertussis","3678;3688;3684;3689;810;805;808;801;163688;51806;91860;387;1072;1073;836;840;834;29108;114548;3553;712;713;714;715;716;717;720;721;100293534;110384692;718;727;710;722;725;23643;7099;929;114609;4615;51135;3654;7189;4790;5970;353376;148022;3661;5600;6300;5603;1432;5599;5602;5601;5594;5595;2353;3725;3569;3592;3593;51561;7124;3586;3659;3394;653509;729238;2770;2773;2771;3576;6374;6372;10392;3552;4843","15422;22984;29108;26216;29103;15940;32544;16412;28304;17489;33563;31795;35371"
"hsa05134","Legionellosis","3329;718;1378;1379;3684;3689;375;5861;81876;9554;56681;51128;7415;317;54205;842;836;841;664;23786;4791;4792;4790;5970;57396;1195;10767;1915;1917;3297;3312;3303;3305;3304;3310;1937;4671;840;58484;29108;834;3606;3553;7100;7097;929;7099;4615;7124;3569;3592;3593;3576;2919;2920;2921","16412;17526"
"hsa05150","Staphylococcus aureus infection","3857;3858;3859;3860;3861;3866;3868;3872;3875;3880;3881;3882;3883;3884;3885;3886;125115;390792;25984;147183;162605;192666;342574;54474;8687;8688;8689;100653049;353288;2266;718;629;1675;3075;4153;5648;10747;102723407;712;713;714;715;716;717;720;721;100293534;110384692;727;719;728;2209;2212;2213;9103;2214;2215;2204;2359;2358;2357;5340;3426;6404;6403;3383;3683;3684;3689;1672;1673;100289462;124906748;414325;55894;124906744;1667;1668;1669;1670;1671;728358;820;1828;3108;3109;3111;3112;3113;3115;3117;3118;3119;3122;3123;3125;3126;3127;5724;3586","53490"
"hsa05152","Tuberculosis","7124;7132;8717;8772;841;843;836;637;581;54205;842;317;207;208;10000;572;596;815;817;816;818;3458;3459;3460;3716;3717;6772;4261;5993;8625;5994;4800;4801;4802;1385;3108;3109;3111;3112;3113;3115;3117;3118;3119;3122;3123;3125;3126;3127;972;1387;2033;3586;3587;3588;1520;26253;2207;64581;6714;6850;64170;10892;8915;64127;8767;3313;3329;3929;7097;7096;10333;7099;929;114609;4615;51135;3654;3656;7189;4790;5970;5600;6300;5603;1432;5594;5595;5599;5602;5601;4843;3569;3592;3593;3606;51561;3552;3553;1051;1054;54106;3439;3440;3441;3442;3443;3444;3445;3446;3447;3448;3449;3451;3452;3456;10332;30835;23365;387;4046;1263;8844;5894;7040;7042;7043;1594;7421;820;718;1378;1379;3687;3689;3684;22925;4360;9902;8877;56848;810;805;808;801;163688;51806;91860;5289;5868;5869;5878;8411;7879;1509;10312;23545;50617;535;9114;245972;51606;537;527;533;3916;3920;5530;5532;5533;5534;5535;11151;102723407;2209;2212;2213;9103;2214;2215","22984;29108;16412;16749;17933;17823;17283;37550;82287"
"hsa05100","Bacterial invasion of epithelial cells","999;1499;29119;1495;1496;79658;4233;2549;5295;5296;8503;110117499;5290;5293;5291;1398;1399;1793;998;5879;8976;8936;10163;10097;57180;653857;10096;10095;10552;10109;10094;10093;10092;81873;71;60;1731;4735;10801;124404;55964;23157;55752;23176;867;6464;25759;53358;399694;23607;1759;26052;1785;1211;1212;1213;8218;857;858;859;2017;3059;6714;5747;9564;5829;2335;3678;3688;3611;10459;26084;391;9844;63916;79767;387;7414",""
"hsa05146","Amoebiasis","3553;3554;7850;4790;5970;3315;4583;1277;1278;1284;1286;1288;1282;1287;1285;2335;284217;3908;3909;3911;3910;3912;3913;3914;22798;3915;3918;10319;836;102723407;2776;2767;9630;2769;23236;5330;5331;5332;5578;5579;5582;2778;2774;107;5566;5567;5568;5868;5869;5878;7879;338382;7097;7099;929;3569;2919;2920;2921;1437;3576;7124;3592;3593;909;910;911;912;913;3458;1281;5747;7414;87;81;384;383;4843;3689;3684;5295;5296;8503;110117499;5290;5293;5291;5052;6317;6318;5269;5272;5273;5275;1511;3586;7040;7042;7043;731;732;733;735","16240;16467;22984;29108;18035;15843;16480;17489;174978;174980;174982;174983;174985;15551;28800;16595;5291;11750;18303;81638"
"hsa05144","Malaria","6382;6383;4035;975;3082;4233;2532;2993;2994;2995;3039;3040;3043;54106;4615;7097;7099;3586;7040;7042;7043;3576;3569;6347;1440;3553;7124;3592;3606;3820;22914;100528032;3458;948;1378;1379;5175;7412;7057;1311;7058;7059;7060;6401;3683;3689;3383;959;958;6403","16480;18250"
"hsa05145","Toxoplasmosis","3458;3459;3460;3716;3717;6772;4261;3108;3109;3111;3112;3113;3115;3117;3118;3119;3122;3123;3125;3126;3127;345611;4843;8651;4615;3654;51135;7189;6885;10454;23118;5594;5595;5599;5602;5601;5606;5608;5600;6300;5603;1432;1147;3551;8517;4792;4793;4790;5970;3592;3593;7124;596;598;329;330;331;79444;23643;7099;3312;3303;3305;3304;3310;7097;284217;3908;3909;3911;3910;3912;3913;3914;22798;3915;3918;10319;3655;3688;3949;7132;841;836;54205;842;2770;2773;2771;2775;5294;23533;146850;5170;207;208;10000;572;959;958;10105;1234;240;3586;3587;3588;7297;6774;7040;7042;7043","22984;29108;16618;6498"
"hsa05140","Leishmaniasis","7097;7099;4615;3654;51135;7189;6885;10454;23118;4793;4792;4790;5970;3552;3553;3592;3593;7124;3565;4843;3586;7040;7042;7043;718;1378;1379;3684;3689;102723407;2209;2212;9103;2214;2215;3676;3688;5743;5579;653361;4688;4689;1536;1535;5594;5595;2002;2353;3725;5600;6300;5603;1432;3458;3459;3460;3716;3717;6772;3108;3109;3111;3112;3113;3115;3117;3118;3119;3122;3123;3125;3126;3127;65108;1915;1917;5777","22984;29108;17761;52639;15843;16480;174978;174980;174982;174983;174985;15551;11750;18303"
"hsa05142","Chagas disease","7099;148022;7097;10333;54106;4615;3654;51135;7189;6416;5599;5602;5601;5594;5595;5600;6300;5603;1432;2353;3725;8517;1147;3551;4792;4790;5970;3456;6352;6347;7124;3592;3593;3569;3576;6348;6349;414062;3553;5519;5518;5520;5521;5522;55844;5515;5516;3458;3459;3460;7132;4843;718;811;712;713;714;3586;7040;7042;7043;1636;3827;624;2776;2767;9630;2769;23236;5330;5331;5332;2770;2773;2771;2775;2778;2774;107;5295;5296;8503;110117499;5290;5293;5291;207;208;10000;7048;7046;4087;5054;356;355;8772;841;8837;915;916;917;919;3558","16467;22984;29108;16480;17489;16595;16618"
"hsa05143","African trypanosomiasis","102723407;54106;4615;7064;3827;4878;335;8542;3250;3039;3040;3043;3586;3592;3593;3606;3458;7124;3553;3569;356;355;7412;6401;3383;3910;3620;169355;2150;2776;23236;5330;5331;5332;5578;5579;5582","22984;29108;16828;18035;16946;16480;174978;174980;174982;174983;174985;15551;15555;16595"
"hsa05310","Asthma","3108;3109;3111;3112;3113;3115;3117;3118;3119;3122;3123;3125;3126;3127;3565;959;958;102723407;2205;2206;2207;3578;3586;3596;3567;6356;7124;3562;5553;6037;8288","18295;15555;16978;177262;36707;28666"
"hsa05322","Systemic lupus erythematosus","712;713;714;717;720;721;100293534;110384692;3014;8338;85235;221613;92815;83740;3012;8335;55506;9555;723790;55766;474382;8336;8337;8969;317772;94239;3013;3015;8330;8334;8329;8331;8332;474381;115482686;8341;8345;8342;158983;255626;440689;8348;3018;8339;8340;8347;3017;8344;8346;8349;8970;85236;128312;8343;286436;102724334;114483833;54145;440093;3021;8351;8352;8350;3020;8290;126961;333932;653604;8353;8354;8355;8356;8357;8358;8968;121504;554313;8294;8360;8361;8362;8363;8364;8365;8366;8367;8368;8370;8359;8369;6628;6632;6634;2903;2904;6737;6738;6741;87;81;3108;3109;3111;3112;3113;3115;3117;3118;3119;3122;3123;3125;3126;3127;941;942;940;959;958;7124;3458;3586;102723407;715;716;718;727;729;730;731;732;733;735;1511;1991;2209;2212;2214;2215","16240;4705;11750;18303"
"hsa05323","Rheumatoid arthritis","941;942;940;1493;3108;3109;3111;3112;3113;3115;3117;3118;3119;3122;3123;3125;3126;3127;3683;3689;3383;3600;8741;10673;102723407;4050;7124;3552;3553;3569;3589;3606;7097;7099;3725;2353;7040;7042;7043;51561;3605;5741;1435;8600;8792;523;525;526;245973;528;51382;90423;529;9296;101927180;9550;127124;534;8992;155066;10312;23545;50617;535;9114;245972;51606;537;527;533;1513;54;4312;4314;1514;1437;6352;6347;6348;6349;414062;6364;2919;2920;2921;6374;6372;3576;6387;7422;2321;284;7010;3458","24636;15378;174978;174980;174982;174983;174985;15551;28940"
"hsa05320","Autoimmune thyroid disease","3439;3440;3441;3442;3443;3444;3445;3446;3447;3448;3449;3451;3452;3108;3109;3111;3112;3113;3115;3117;3118;3119;3122;3123;3125;3126;3127;1493;7173;7038;941;942;940;3558;3105;3106;3107;3134;3135;3133;356;355;5551;3002;959;958;3565;3567;3586;102723407;7253;1081;7252","17606;18332;18258"
"hsa05321","Inflammatory bowel disease","7097;7099;7100;4790;5970;64127;3108;3109;3111;3112;3113;3115;3117;3118;3119;3122;3123;3125;3126;3127;3458;3459;3460;6772;30009;3565;3567;3592;3593;3595;3594;6775;3558;3606;8809;8807;3725;7124;3569;3552;3553;7040;7042;7043;4087;4088;6774;59067;50615;51561;149233;6097;6095;50943;3605;112744;50616;3566;3561;6778;2625;3586;3596;4094;4772",""
"hsa05330","Allograft rejection","3105;3106;3107;3134;3135;3133;941;942;940;3592;3593;356;355;5551;3002;3108;3109;3111;3112;3113;3115;3117;3118;3119;3122;3123;3125;3126;3127;3558;959;958;3458;7124;3565;3567;3586;102723407","16480"
"hsa05332","Graft-versus-host disease","3569;3552;3553;7124;3108;3109;3111;3112;3113;3115;3117;3118;3119;3122;3123;3125;3126;3127;941;942;940;3558;3105;3106;3107;3134;3135;3133;356;355;5551;3002;3458;3803;3802;3804;57292;3812;3811;115653;112268355;3813;3821;3824","16412;16480"
"hsa05340","Primary immunodeficiency","100;3575;3561;3718;64421;5896;5897;915;916;5788;920;925;926;927;326;6890;6891;3932;7535;5993;5994;8625;4261;84876;102723407;3543;973;29760;695;8517;958;959;7374;57379;29851;115650;930;23495",""
"hsa05010","Alzheimer disease","102;6868;351;8883;322;2597;23621;25825;10313;57142;55851;5663;5664;23385;51107;83464;3416;4311;4137;4535;4536;4537;4538;4539;4540;4541;4723;4729;4731;4694;4695;4696;4697;56901;107984365;4698;4700;4701;4702;4704;4705;4706;126328;55967;51079;4707;4708;4709;4710;4711;4712;4713;4714;4715;4716;54539;4719;4720;4722;4724;4725;4726;374291;4728;4717;4718;100532726;6389;6390;6391;6392;7386;4519;1537;7384;7385;7388;440567;7381;27089;29796;10975;4514;4512;4513;84701;1327;9377;1329;1337;1339;1340;125965;1345;1346;1347;9167;1349;170712;1350;341947;1351;498;506;509;513;514;4508;515;516;517;518;10476;539;522;4509;3028;5481;7416;7417;7419;291;292;293;83447;10105;4023;348;4035;355;7132;8772;841;637;810;805;808;801;163688;51806;91860;5530;5532;5533;5534;5535;572;54205;317;842;836;1128;1131;1133;2915;2776;23236;5330;5331;5332;2902;2903;2904;2905;2906;775;776;778;779;1139;89832;90550;5594;5595;6263;3708;3709;3710;487;489;488;22926;7494;1649;2081;9451;7186;4217;5609;5599;5602;5601;1965;468;5687;5683;5685;5688;143471;5686;5682;5684;5694;5695;5691;5690;5693;5689;5692;5701;5700;5704;5706;5702;5705;5708;5707;5709;5715;5718;5717;9861;5713;5719;5710;10213;5714;11047;7979;100506742;4842;823;824;8851;29986;29985;27173;55630;283375;25800;7922;64116;55334;57181;201266;221074;91252;23516;4891;1020;2932;840;22943;27123;27121;7471;7472;7482;7473;89780;54361;7474;81029;7475;7476;7477;7478;7479;7483;7484;7480;80326;7481;51384;8321;8324;2535;7976;8322;7855;8325;8323;11211;8326;4041;4040;1454;102800317;1857;1856;1855;10023;23401;1457;1459;283106;1460;8312;8313;324;10297;1499;122011;1452;3798;3799;3800;147700;3831;64837;89953;10376;7277;7278;7846;84790;51807;112714;113457;79861;84617;203068;81027;7280;10381;10382;347688;347733;10383;124908013;124908015;124908041;260334;177;3265;3845;4893;369;673;5894;5604;5605;27035;1536;50507;5970;4790;4843;5743;7124;3569;3552;3553;1435;6622;5610;1147;3551;8517;3630;3643;3667;8660;8471;5295;5296;8503;110117499;5290;5293;5291;207;208;10000;2475;8408;9706;60673;9776;9821;55626;8678;441925;30849;22863;29982;5289;23130;55102;26100;55062","16240;27363;29105;28694;22984;29108;16480;18421;16595;16170;17283;16618;29033;64646;64645;64647;64645;25941"
"hsa05012","Parkinson disease","135;2774;2778;1813;2770;2773;2771;111;5566;5567;5568;1812;7317;7318;7311;6233;7314;7316;7332;9246;118424;51465;7327;7326;5071;6622;2861;5413;9627;5687;5683;5685;5688;143471;5686;5682;5684;5694;5695;5691;5690;5693;5689;5692;5701;5700;5704;5706;5702;5705;5708;5707;5709;5715;5718;5717;9861;5713;5719;5710;10213;5714;11047;7979;7345;810;805;808;801;163688;51806;91860;815;817;816;818;4137;6263;3708;3709;3710;5335;3309;22926;1649;2081;7494;9451;1965;468;7054;4129;4128;6531;6570;6571;4891;29986;29985;27173;55630;283375;25800;7922;64116;55334;57181;201266;221074;91252;23516;4535;4536;4537;4538;4539;4540;4541;4723;4729;4731;4694;4695;4696;4697;56901;107984365;4698;4700;4701;4702;4704;4705;4706;126328;55967;51079;4707;4708;4709;4710;4711;4712;4713;4714;4715;4716;54539;4719;4720;4722;4724;4725;4726;374291;4728;4717;4718;100532726;6389;6390;6391;6392;7386;4519;1537;7384;7385;7388;440567;7381;27089;29796;10975;4514;4512;4513;84701;1327;9377;1329;1337;1339;1340;125965;1345;1346;1347;9167;1349;170712;1350;341947;1351;498;506;509;513;514;4508;515;516;517;518;10476;539;522;4509;65018;90550;120892;27429;10131;7416;7417;7419;291;292;293;83447;10105;54205;317;842;836;11315;598;581;55669;9927;3798;3799;3800;147700;3831;64837;89953;10376;7277;7278;7846;84790;51807;112714;113457;79861;84617;203068;81027;7280;10381;10382;347688;347733;10383;124908013;124908015;124908041;260334;7157;1843;4780;7295;25828;1616;4217;5599;5602;5601;6647;9817","15422;25805;15379;16761;26078;18367;18361;29888;16027;16240;18291;22984;29108;17895;18035;16335;15765;17489;18421;16595;18243;27978;17963;28201;641;173662;34905;52497;29191;74684"
"hsa05014","Amyotrophic lateral sclerosis","7157;834;637;596;598;581;572;317;54205;842;836;6647;4535;4536;4537;4538;4539;4540;4541;4723;4729;4731;4694;4695;4696;4697;56901;107984365;4698;4700;4701;4702;4704;4705;4706;126328;55967;51079;4707;4708;4709;4710;4711;4712;4713;4714;4715;4716;54539;4719;4720;4722;4724;4725;4726;374291;4728;4717;4718;100532726;6389;6390;6391;6392;7386;4519;1537;7384;7385;7388;440567;7381;27089;29796;10975;4514;4512;4513;84701;1327;9377;1329;1337;1339;1340;125965;1345;1346;1347;9167;1349;170712;1350;341947;1351;498;506;509;513;514;4508;515;516;517;518;10476;539;522;4509;7416;10452;84134;90550;65018;5071;10133;8878;440738;81631;84557;643246;392288;29110;10010;55255;140775;203228;4218;116442;5861;2475;8408;9706;60673;9776;9821;55626;8678;441925;30849;22863;29982;5289;23130;55102;26100;55062;57679;5868;5879;25978;9896;80208;5530;5532;5533;5534;5535;29979;29978;50613;56893;7415;79139;5687;5683;5685;5688;143471;5686;5682;5684;5694;5695;5691;5690;5693;5689;5692;5701;5700;5704;5706;5702;5705;5708;5707;5709;5715;5718;5717;9861;5713;5719;5710;10213;5714;11047;7979;10013;23435;2521;220988;3178;144983;642659;3181;11273;6311;9782;283;4686;10189;6428;6432;10482;56001;728343;56000;29107;55916;2733;7175;10762;9972;4928;8480;6396;81929;55746;57122;79023;23279;79902;348995;23636;9818;53371;9688;23165;23511;9631;129401;23225;91181;55706;100101267;9883;94026;8021;4927;5903;23064;400916;3309;9217;22926;1649;2081;7494;7186;4217;100506742;9451;1965;468;3710;10280;7124;7132;7133;1616;5606;5608;5600;6300;5603;1432;4842;9973;257202;2882;2877;2878;2876;2880;493869;847;5630;4747;4741;4744;345456;5216;5217;375189;71;60;310;311;3798;3799;3800;147700;3831;64837;89953;10376;7277;7278;7846;84790;51807;112714;113457;79861;84617;203068;81027;7280;10381;10382;347688;347733;10383;124908013;124908015;124908041;260334;1639;10540;11258;51164;84516;10671;10121;10120;55860;9001;25981;55567;146754;56171;1767;1768;1770;8701;201625;127602;1769;196385;8632;7802;27019;64446;83544;10126;6506;4843;2890;2891;2902;2903;2904;2905;2906;3084;9542;10718;145957;2066","15377;16761;16015;16240;16991;16467;28694;22984;29108;16480;18421;17283;29191;25941"
"hsa05016","Huntington disease","1211;1212;1213;8218;3092;161;160;163;1173;1175;3064;1639;10540;11258;51164;84516;10671;10121;10120;55860;9001;25981;55567;146754;56171;1767;1768;1770;8701;201625;127602;1769;196385;8632;7802;27019;64446;83544;10126;10376;7277;7278;7846;84790;51807;112714;113457;79861;84617;203068;81027;7280;10381;10382;347688;347733;10383;124908013;124908015;124908041;260334;5599;5602;5601;3798;3799;3800;147700;3831;64837;89953;55081;841;836;2915;2776;23236;5330;5331;5332;6804;774;2902;2904;3708;1742;2890;2891;2892;2893;7052;6507;6506;3766;5978;25942;23186;3065;3066;5430;5431;5432;5433;5434;5435;5436;5437;5438;5441;5439;548644;246721;5440;627;1387;2033;6875;6874;387332;9519;6908;6667;1385;10488;90993;64764;84699;148327;9586;10891;5468;7019;4899;6647;6648;257202;2882;2877;2878;2876;2880;493869;7350;7157;581;27113;4535;4536;4537;4538;4539;4540;4541;4723;4729;4731;4694;4695;4696;4697;56901;107984365;4698;4700;4701;4702;4704;4705;4706;126328;55967;51079;4707;4708;4709;4710;4711;4712;4713;4714;4715;4716;54539;4719;4720;4722;4724;4725;4726;374291;4728;4717;4718;100532726;6389;6390;6391;6392;7386;4519;1537;7384;7385;7388;440567;7381;27089;29796;10975;4514;4512;4513;84701;1327;9377;1329;1337;1339;1340;125965;1345;1346;1347;9167;1349;170712;1350;341947;1351;498;506;509;513;514;4508;515;516;517;518;10476;539;522;4509;7416;7417;7419;291;292;293;83447;10105;54205;317;842;5687;5683;5685;5688;143471;5686;5682;5684;5694;5695;5691;5690;5693;5689;5692;5701;5700;5704;5706;5702;5705;5708;5707;5709;5715;5718;5717;9861;5713;5719;5710;10213;5714;11047;7979;4294;2081;7186;4217;5609;2475;8408;9706;60673;9776;9821;55626;8678;441925;30849;22863;29982;5289;23130;55102;26100;55062","16015;22984;29108;26216;29103;16595;26708;29101;17283"
"hsa05017","Spinocerebellar ataxia","7222;2911;2776;23236;5330;5331;5332;5578;5579;5582;2890;2891;2892;773;3708;3709;3710;11273;6311;4287;92552;6261;5173;2902;2903;2904;2905;2906;116443;116444;90550;7416;7417;7419;291;292;293;83447;10105;54205;10939;115209;4976;2259;6712;5687;5683;5685;5688;143471;5686;5682;5684;5694;5695;5691;5690;5693;5689;5692;5701;5700;5704;5706;5702;5705;5708;5707;5709;5715;5718;5717;9861;5713;5719;5710;10213;5714;11047;7979;2081;7186;4217;5599;5602;5601;342371;6310;10524;6095;487;489;488;6511;23152;23369;9698;387332;9519;6908;11317;3516;6667;2959;4800;7494;4654;2475;8408;9706;60673;9776;9821;55626;8678;441925;30849;22863;29982;5289;23130;55102;26100;55062;3748;3752;5649;7436;1600;5290;5293;5291;5295;5296;8503;110117499;207;208;10000;56652;6315;25814;146227;10528","16015;22984;29108;18035;26216;29103;16595;26708;29101;17283"
"hsa05020","Prion disease","5621;4684;4685;3915;6647;10963;5566;5567;5568;581;2534;2902;2903;2904;2905;2906;116443;116444;774;775;776;778;779;3309;9451;1965;468;1649;6261;6262;6263;3708;3709;3710;100506742;5530;5532;5533;5534;5535;572;7416;7417;7419;291;292;293;83447;10105;317;54205;842;836;90550;4535;4536;4537;4538;4539;4540;4541;4723;4729;4731;4694;4695;4696;4697;56901;107984365;4698;4700;4701;4702;4704;4705;4706;126328;55967;51079;4707;4708;4709;4710;4711;4712;4713;4714;4715;4716;54539;4719;4720;4722;4724;4725;4726;374291;4728;4717;4718;100532726;6389;6390;6391;6392;7386;4519;1537;7384;7385;7388;440567;7381;27089;29796;10975;4514;4512;4513;84701;1327;9377;1329;1337;1339;1340;125965;1345;1346;1347;9167;1349;170712;1350;341947;1351;498;506;509;513;514;4508;515;516;517;518;10476;539;522;4509;5687;5683;5685;5688;143471;5686;5682;5684;5694;5695;5691;5690;5693;5689;5692;5701;5700;5704;5706;5702;5705;5708;5707;5709;5715;5718;5717;9861;5713;5719;5710;10213;5714;11047;7979;727;729;730;731;732;733;735;712;713;714;3312;3303;3305;3304;3310;4851;857;858;859;5290;5293;5291;5295;5296;8503;110117499;5580;1536;1535;4689;653361;4688;5879;5880;5600;6300;5603;1432;5599;5602;5601;5594;5595;1385;1386;10488;90993;64764;84699;148327;9586;1388;1958;6352;3552;3553;3569;7124;2932;1457;1459;283106;1460;3798;3799;3800;147700;3831;64837;89953;10376;7277;7278;7846;84790;51807;112714;113457;79861;84617;203068;81027;7280;10381;10382;347688;347733;10383;124908013;124908015;124908041;260334","16240;22984;29108;17489;18421;16827"
"hsa05022","Pathways of neurodegeneration - multiple diseases","351;4137;6622;23435;2521;6647;11273;6311;3064;342371;6310;4287;92552;5621;1128;1131;1133;6712;2911;2915;2776;5071;23236;5330;5331;5332;5335;5578;5579;5582;7222;10280;3708;3709;3710;6261;6262;6263;5173;1742;2902;2903;2904;2905;2906;2890;2891;2892;2893;774;775;776;778;779;6804;1139;89832;487;489;488;5663;5664;79139;7415;7311;6233;7314;7316;5687;5683;5685;5688;143471;5686;5682;5684;5694;5695;5691;5690;5693;5689;5692;5701;5700;5704;5706;5702;5705;5708;5707;5709;5715;5718;5717;9861;5713;5719;5710;10213;5714;11047;7979;7345;7317;7318;7332;9246;118424;51465;7327;7326;2861;5413;9627;3309;9217;22926;1649;7494;2081;7186;4217;5609;5599;5602;5601;100506742;4294;9451;1965;468;6531;65018;4535;4536;4537;4538;4539;4540;4541;4723;4729;4731;4694;4695;4696;4697;56901;107984365;4698;4700;4701;4702;4704;4705;4706;126328;55967;51079;4707;4708;4709;4710;4711;4712;4713;4714;4715;4716;54539;4719;4720;4722;4724;4725;4726;374291;4728;4717;4718;100532726;6389;6390;6391;6392;7386;4519;1537;7384;7385;7388;440567;7381;27089;29796;10975;4514;4512;4513;84701;1327;9377;1329;1337;1339;1340;125965;1345;1346;1347;9167;1349;170712;1350;341947;1351;498;506;509;513;514;4508;515;516;517;518;10476;539;522;4509;596;7416;10452;84134;90550;810;805;808;801;163688;51806;91860;5530;5532;5533;5534;5535;572;356;355;8772;841;637;581;578;120892;27429;10131;7417;7419;291;292;293;83447;10105;54205;317;842;836;3092;55081;3028;5481;11315;598;55669;9927;10133;8878;440738;81631;84557;643246;392288;29110;10010;55255;140775;203228;4218;116442;5861;2475;8408;9706;60673;9776;9821;55626;8678;441925;30849;22863;29982;5289;23130;55102;26100;55062;53349;57679;5868;5879;25978;9896;80208;7124;7132;7133;1616;5606;5608;5600;6300;5603;1432;4842;9973;257202;2882;2877;2878;2876;2880;493869;847;5630;4747;4741;4744;3798;3799;3800;147700;3831;64837;89953;10376;7277;7278;7846;84790;51807;112714;113457;79861;84617;203068;81027;7280;10381;10382;347688;347733;10383;124908013;124908015;124908041;260334;2932;1457;1459;283106;1460;627;1639;10540;11258;51164;84516;10671;10121;10120;55860;9001;25981;55567;146754;56171;1767;1768;1770;8701;201625;127602;1769;196385;8632;7802;27019;64446;83544;10126;815;817;816;818;823;824;8851;1020;840;22943;27123;27121;7471;7472;7482;7473;89780;54361;7474;81029;7475;7476;7477;7478;7479;7483;7484;7480;80326;7481;51384;8321;8324;2535;7976;8322;7855;8325;8323;11211;8326;4041;4040;1454;102800317;1857;1856;1855;10023;23401;8312;8313;324;10297;1499;122011;1452;177;3265;3845;4893;369;673;5894;5604;5605;5594;5595;27035;1536;50507;5970;4790;4843;5743;3569;3552;3553;1435","15377;15422;16761;26078;18367;16670;18361;29888;16541;16027;16015;16240;16467;28694;22984;29108;18035;16480;18421;16595;26708;29101;15355;17283;17963;28201;641;173662;52497;64646;64645;64647;64645;29191;25941"
"hsa05030","Cocaine addiction","7054;1644;6570;6571;4129;4128;6531;1812;2778;2912;2913;2770;2773;2771;1813;111;5566;5567;5568;26086;8787;1385;1386;468;10488;90993;64764;84699;148327;9586;1388;5173;627;3725;2354;4790;5970;1020;8851;2902;2903;2904;2905;2906;116443;116444;1742;84152;2891","16015;16240;17895;15765;17489;17612;41941;18243"
"hsa05031","Amphetamine addiction","7054;1644;6570;6571;4129;4128;6531;775;776;2902;2903;2904;2905;2906;116443;116444;2890;2891;2892;2893;1812;5578;5579;5582;6804;815;817;816;818;810;805;808;801;163688;51806;91860;814;2778;111;5566;5567;5568;84152;5499;5500;5501;1385;1386;468;10488;90993;64764;84699;148327;9586;1388;5173;23237;2353;5530;5532;5533;5534;5535;3725;2354;23411;3065;3066","16015;16240;22984;29108;17895;15765;17489;17612;41941;26708;29101;18243"
"hsa05032","Morphine addiction","4988;1812;107;108;109;196883;111;112;113;114;115;140679;3760;3763;3765;3762;773;774;2554;2555;2556;2557;2558;2559;2560;2562;2561;2565;2566;2567;2563;2564;55879;2568;2569;2570;200959;2550;9568;2770;2773;2771;2775;2782;2783;2784;59345;10681;54331;2785;2786;2787;2788;94235;2790;2791;55970;51764;2792;2793;2778;156;157;2868;2869;2870;408;409;5578;5579;5582;5566;5567;5568;5136;5153;5137;5138;5139;5140;5141;5142;5143;5144;5150;27115;8622;5151;10846;50940;134","16027;22984;29108;16335;26216;29103;16865;30566;17489;17996;18243"
"hsa05033","Nicotine addiction","140679;8973;773;774;1137;1141;2554;2555;2556;2557;2558;2559;2560;2562;2561;2565;2566;2567;2563;2564;55879;2568;2569;2570;200959;57084;246213;57030;1139;89832;2902;2903;2904;2905;2906;116443;116444;2890;2891;2892;2893","16015;22984;29108;16865;30566;17996;17688;26708;29101;15355"
"hsa05034","Alcoholism","7054;1644;6570;6571;4129;4128;6531;2902;2903;2904;2905;2906;116443;116444;3065;3066;8841;9759;10014;10013;51564;55869;9734;83933;79885;3014;8338;85235;221613;92815;83740;3012;8335;55506;9555;723790;55766;474382;8336;8337;8969;317772;94239;3013;3015;8330;8334;8329;8331;8332;474381;115482686;8341;8345;8342;158983;255626;440689;8348;3018;8339;8340;8347;3017;8344;8346;8349;8970;85236;128312;8343;286436;102724334;114483833;54145;440093;3021;8351;8352;8350;3020;8290;126961;333932;653604;8353;8354;8355;8356;8357;8358;8968;121504;554313;8294;8360;8361;8362;8363;8364;8365;8366;8367;8368;8370;8359;8369;8520;1812;2778;1813;2770;2773;2771;2775;2782;2783;2784;59345;10681;54331;2785;2786;2787;2788;94235;2790;2791;55970;51764;2792;2793;55315;2030;3177;135;136;111;5566;5567;5568;1385;1386;468;10488;90993;64764;84699;148327;9586;1388;1392;4852;627;4915;6464;25759;53358;399694;2885;6654;6655;3265;3845;4893;369;673;5894;5604;5594;5595;5173;810;805;808;801;163688;51806;91860;84254;10645;814;2354;84152;5499;5500;5501;5569","16015;16240;22984;29108;17895;16335;15765;16236;17489;17612;41941;18243"
"hsa05417","Lipid and atherosclerosis","338;337;335;3949;4973;9138;4312;387;9475;4846;5290;5293;5291;5295;5296;8503;110117499;207;208;10000;581;572;598;596;5599;5602;5601;6648;5578;5451;5452;25833;958;959;1543;1548;1549;1555;1558;1559;1573;177;27035;1536;653361;1535;4688;4689;5879;6714;3717;6774;998;6416;5609;2353;3725;6347;3383;3576;5606;5608;5600;6300;5603;1432;3265;3845;4893;5594;5595;5970;4790;6401;6403;7412;4314;4318;355;3553;3569;7124;3329;3312;3303;3305;3304;3310;3306;3308;3320;3326;7184;7097;3929;929;23643;7099;114609;4615;51135;3654;7189;10454;23118;6885;1147;3551;8517;4792;353376;148022;7187;57534;142678;10010;9641;29110;3665;3661;3439;3440;3441;3442;3443;3444;3445;3446;3447;3448;3449;3451;3452;3456;948;5468;6256;6257;6258;4067;5747;10451;7409;7410;10333;5906;5908;6352;6348;6349;414062;2919;2920;2921;3592;3593;114548;3606;3309;22926;1649;30001;3708;815;817;816;818;9451;1965;468;2081;7186;4217;7494;19;9619;4780;29108;834;7436;5170;2932;4772;4773;4775;23236;5330;5331;5332;5335;810;805;808;801;163688;51806;91860;5530;5532;5533;5534;5535;8743;8797;8795;7132;356;841;637;54205;317;842;839;836;840;7157","16240;22984;29108;16113;16412;17855;18421;16247;16595;17002;16618"
"hsa05418","Fluid shear stress and atherosclerosis","3320;3326;7184;4846;857;858;859;810;805;808;801;163688;51806;91860;2817;6382;6383;6385;59341;9817;4780;3162;221357;2939;2941;119391;2948;2953;2952;2947;4257;4259;2944;2949;4258;2938;2946;2940;9446;653689;25774;2950;1728;8878;7295;25828;4880;445;7056;5327;1003;3791;1499;5562;5563;5175;5290;5293;5291;5295;5296;8503;110117499;207;208;10000;5607;5598;4205;4208;10365;3674;3685;3690;6714;5747;9181;387;71;60;1843;406902;7132;3554;7850;6885;8517;1147;3551;4790;5970;4217;6416;5609;5599;5602;5601;5608;5600;6300;5603;1432;2353;3725;4313;4318;1514;6347;7412;3383;6401;7124;3552;3553;3458;5154;5155;1906;7422;652;659;92;93;90;657;658;27035;1535;653361;4688;5879;5880;5881;5590;51588;7157;6612;6613;7341;387082;596","22984;29108;15372;59560;16336;16480;37397;18421;28815;25941"
"hsa05410","Hypertrophic cardiomyopathy","3672;3673;3674;3675;3676;3678;3655;3679;8516;3680;8515;22801;3685;3688;3690;3691;3693;3694;3695;3696;8082;6442;6443;6445;6444;8910;137868;284217;3908;1605;859;4842;6640;6645;6641;1837;1674;1756;71;60;7273;7139;7134;7137;70;7168;7169;7170;7171;4607;4634;4633;4625;4624;2010;4000;775;776;778;779;782;783;784;785;781;9254;55799;93589;786;10369;10368;27092;27091;59285;59284;59283;6262;487;489;488;5562;5563;5564;5565;5571;53632;51422;1636;3479;7040;7042;7043;7124;3569;1906;183;6546;6543;6547","15422;22984;29108;26708;29101"
"hsa05412","Arrhythmogenic right ventricular cardiomyopathy","3672;3673;3674;3675;3676;3678;3655;3679;8516;3680;8515;22801;3685;3688;3690;3691;3693;3694;3695;3696;8082;6442;6443;6445;6444;8910;137868;284217;3908;1605;859;4842;6640;6645;6641;1837;1756;1674;71;60;2010;4000;1499;6932;83439;6934;51176;775;776;778;779;782;783;784;785;781;9254;55799;93589;786;10369;10368;27092;27091;59285;59284;59283;6262;487;489;488;6546;6543;6547;1000;3728;29119;1495;1496;89;88;1824;5318;1832;1829;2697","22984;29108;26708;29101"
"hsa05414","Dilated cardiomyopathy","3672;3673;3674;3675;3676;3678;3655;3679;8516;3680;8515;22801;3685;3688;3690;3691;3693;3694;3695;3696;8082;6442;6443;6445;6444;8910;137868;284217;3908;1605;859;4842;6640;6645;6641;1837;1756;1674;71;60;7273;7139;7134;7137;70;7168;7169;7170;7171;4607;4634;4633;4625;4624;2010;4000;102723407;153;2778;107;108;109;196883;111;112;113;114;115;5566;5567;5568;775;776;778;779;782;783;784;785;781;9254;55799;93589;786;10369;10368;27092;27091;59285;59284;59283;6262;487;489;488;5350;6546;6543;6547;3479;7040;7042;7043;7124;183","22984;29108;17489;26708;29101"
"hsa05415","Diabetic cardiomyopathy","6513;6517;9945;2673;815;817;816;818;7137;6262;5350;487;489;488;6667;183;5972;1215;5579;177;1536;653361;1535;4688;4689;5879;5880;185;4790;5970;5600;6300;5603;1432;5599;5602;5601;4313;4318;1277;1278;1281;7040;7042;7043;948;5465;1375;5164;5165;5166;5578;5580;5524;5499;5500;5501;1509;5590;1376;3630;3643;3667;5290;5293;5291;5295;5296;8503;110117499;5728;207;208;10000;2475;2932;2998;2997;9882;347411;51660;25874;5161;5160;5162;4535;4536;4537;4538;4539;4540;4541;4723;4729;4731;4694;4695;4696;4697;56901;107984365;4698;4700;4701;4702;4704;4705;4706;126328;55967;51079;4707;4708;4709;4710;4711;4712;4713;4714;4715;4716;54539;4719;4720;4722;4724;4725;4726;374291;4728;4717;4718;100532726;6389;6390;6391;6392;7386;4519;1537;7384;7385;7388;440567;7381;27089;29796;10975;4514;4512;4513;84701;1327;9377;1329;1337;1339;1340;125965;1345;1346;1347;9167;1349;170712;1350;341947;1351;498;506;509;513;514;4508;515;516;517;518;10476;539;522;4509;7416;7417;7419;291;292;293;83447;10105;5582;4846;2597;142;2539;2936;7046;7048;4087;4088;23236;5330;5331;5332;1636","15377;15422;16474;18009;15361;32816;15351;16240;4167;16264;16856;22984;29108;61553;15946;4170;37721;15824;29052;167606;17858;35366;18035;17761;52639;16001;16347;47987;15873;28017;16480;17158;18421;17924;2718;2719;33184;16618;27625;29191"
"hsa05416","Viral myocarditis","1525;1604;2534;857;25;27;5879;5880;5881;8082;6442;6443;6445;6444;8910;137868;284217;3908;1605;859;4842;6640;6645;6641;1837;1756;71;60;8672;1981;1982;595;841;637;54205;842;836;4625;4624;959;958;3108;3109;3111;3112;3113;3115;3117;3118;3119;3122;3123;3125;3126;3127;3105;3106;3107;3134;3135;3133;941;942;940;5551;3683;3689;3383;102723407",""
"hsa04930","Type II diabetes mellitus","3630;3643;3667;8660;8471;5295;5296;8503;110117499;5290;5293;5291;6517;9370;5594;5595;2475;5590;8651;8835;9021;122809;3551;5599;5602;5601;7124;5580;5581;3651;389692;6514;3101;3098;3099;80201;2645;5315;5313;3767;6833;775;776;773;774;777;8913","15422;15361;32816;4167;22984;29108;35366;26216;29103"
"hsa04940","Type I diabetes mellitus","3630;2571;2572;5798;5799;1363;3329;3382;3108;3109;3111;3112;3113;3115;3117;3118;3119;3122;3123;3125;3126;3127;941;942;940;3592;3593;3558;3458;3105;3106;3107;3134;3135;3133;356;355;5551;3002;4049;7124;3552;3553","16240;16480;18421"
"hsa04950","Maturity onset diabetes of the young","3087;3110;3175;3651;2494;50674;4821;4825;5080;5078;4760;222546;3280;6928;3170;389692;3172;6927;3174;3171;5313;6514;3630;3375;2645;168620",""
"hsa04936","Alcoholic liver disease","712;713;714;717;720;721;100293534;110384692;718;719;727;728;3929;929;23643;7099;114609;4615;51135;3654;7189;10454;23118;6885;1147;3551;8517;4792;5970;4790;7124;3553;3569;3592;3593;3576;148022;7187;9641;29110;3661;3439;3440;3441;3442;3443;3444;3445;3446;3447;3448;3449;3451;3452;3456;3605;23765;84818;2919;2920;2921;356;355;8772;7132;8717;841;836;8737;257397;6720;2194;31;6319;79966;23175;64900;9663;406999;23411;29896;6434;9370;51094;79602;10645;5562;5563;5564;5565;5571;53632;51422;2308;2309;10891;5465;1374;37;34;8310;51;2168;124;125;126;131;127;128;130;217;224;219;501;223;1571;32;23417;1375;126129;50507;207;208;10000;2932;1499;6932;83439;6934;51176;595;4217;6416;5609;5599;5602;5601;5606;5608;5600;6300;5603;1432;9020","15846;16474;18009;15351;15366;30089;17984;22984;29108;15531;15343;16236"
"hsa04932","Non-alcoholic fatty liver disease","3569;3570;9021;7124;7132;4790;5970;3630;3643;3667;8660;5290;5293;5291;5295;5296;8503;110117499;207;208;10000;2931;2932;10062;6256;6720;6945;22877;51085;5313;3952;3953;9370;51094;79602;5562;5563;5564;5565;5571;53632;51422;5600;6300;5603;1432;5465;5468;998;5879;4296;5599;5602;5601;83737;2081;7186;4217;2353;3725;3552;3553;3551;7494;1050;1571;356;3576;7040;9451;1965;468;1649;10018;581;355;841;637;54205;836;840;4723;4729;4731;4694;4695;4696;4697;56901;107984365;4698;4700;4701;4702;4704;4705;4706;126328;55967;51079;4707;4708;4709;4710;4711;4712;4713;4714;4715;4716;54539;4719;4720;4722;4724;4725;4726;374291;4728;4717;4718;100532726;6389;6390;6391;6392;7386;4519;1537;7384;7385;7388;440567;7381;27089;29796;10975;4514;4512;4513;84701;1327;9377;1329;1337;1339;1340;125965;1345;1346;1347;9167;1349;170712;1350;341947;1351","4167;35366"
"hsa04931","Insulin resistance","3630;6197;6195;6196;27330;5499;5500;5501;5506;5507;5509;79660;90673;3643;3667;5770;5781;5792;5290;5293;5291;5295;5296;8503;110117499;207;208;10000;2475;6198;6199;5579;3569;6774;9021;2932;2998;2997;7124;7132;5599;5602;5601;3551;4792;4790;5970;4846;5590;9882;6517;5562;5563;5564;5565;5571;53632;51422;32;1375;183;376497;10999;11001;11000;10998;28965;948;5588;5580;5524;6720;8660;57761;5836;5837;5834;2308;5105;5106;2538;57818;92579;6514;10062;7376;133522;6945;22877;51085;1374;5581;10891;5465;5170;5728;10724;8473;6513;9945;2673;200186;1385;10488;90993;64764;84699;148327;9586","15361;32816;15351;4167;16264;15531;61553;15946;4170;37721;15824;35366;18035;17761;52639;47987;15873;28017;17855;16480;57589;15960;33184;16618;27625"
"hsa04933","AGE-RAGE signaling pathway in diabetic complications","7042;7043;7040;7046;7048;4087;4088;4089;1027;2335;1277;1278;1281;1284;1286;1288;1282;1287;1285;183;185;177;27035;1536;50507;5333;113026;84812;23236;5330;5331;5332;5335;5336;51196;5578;5579;5580;5581;5590;5594;5595;3725;7422;7423;7424;2277;6347;5054;6401;7412;3383;4313;3552;3553;3569;3576;7124;2152;1906;7056;5600;6300;5603;1432;5970;4790;5599;5602;5601;1729;5879;998;3265;3845;4893;5290;5293;5291;5295;5296;8503;110117499;207;208;10000;4846;2308;596;581;836;3717;6774;5292;4772;6772;6776;6777;595;1019;1958","4167;22984;29108;18035;17761;52639;16595"
"hsa04934","Cushing syndrome","1392;1394;1395;2778;107;108;109;196883;111;112;113;114;115;5566;5567;5568;1385;1386;468;10488;90993;64764;84699;148327;9586;1388;4221;9070;5929;11091;54554;4297;8085;1031;1030;1029;1019;1021;595;5925;1869;1870;1871;51655;2770;2773;2771;196;23746;9049;405;1027;1017;898;9134;1026;775;776;778;779;815;817;816;818;5906;5908;673;5604;5605;5594;5595;3164;1956;9101;5443;4158;56246;8622;5151;50940;2516;6667;5087;1584;1586;6770;57552;79798;183;185;2776;2767;23236;5330;5331;5332;3708;3709;3710;3776;8913;8912;8911;84876;3739;3777;3949;949;1583;3283;3284;1589;2271;7471;7472;7482;7473;89780;54361;7474;81029;7475;7476;7477;7478;7479;7483;7484;7480;80326;7481;51384;8321;8324;2535;7976;8322;7855;8325;8323;11211;8326;1857;1856;1855;2932;8312;8313;1499;324;10297;6932;83439;6934;51176","16027;22984;29108;16113;26216;29103;17026;17489;180955;17650;17252;16595;16581;28750;181455;28324;28119"
"hsa01521","EGFR tyrosine kinase inhibitor resistance","",""
"hsa01524","Platinum drug resistance","",""
"hsa01523","Antifolate resistance","",""
"hsa01522","Endocrine resistance","",""
"R-HSA-114608","Platelet degranulation ","1;10184;10257;10447;10487;10490;1072;10916;1191;12;135228;139322;1521;1675;1893;1950;197;2;213;2153;2157;2162;2243;2244;226;2266;2277;22915;22927;23052;2316;2335;259215;2621;27154;29106;29789;308;3082;3273;3309;334;335;3479;3481;350;351;3671;3674;3690;3699;3700;374354;3827;3920;3959;5004;5005;5054;5099;51097;51368;5154;5155;51571;51706;5175;5196;5216;5265;5267;5340;5341;5345;54495;54676;5473;5478;54863;5552;55664;5627;5660;5768;5874;5919;6403;6414;66005;6647;6678;6694;6813;7018;7040;7042;7043;7044;7057;7076;7078;7094;710;7114;7123;7273;7277;7414;7422;7423;7424;7450;7873;78991;801;805;808;81;813;83706;8407;87;88;928;94121;948;967;9749;9948","15378;15996;17552;18420;18420;29108;29108;30616;30616;30616;33019;33019;350546;350546;37565;43474;43474;43474"
"R-HSA-6798695","Neutrophil degranulation","1;100049587;100302736;10043;10075;10092;10097;101;10120;10159;102;10213;102725035;10288;10312;10321;10326;10383;10394;10396;10450;10487;10493;10533;10549;10555;10562;10576;10577;10694;1075;10788;107987462;1084;10855;10857;10875;1088;10890;10970;11001;11010;11026;11031;1116;1118;11240;11314;11322;11333;1143;114790;116844;12;121260;124583;126014;1265;127829;1315;1378;138050;140885;1432;1460;1471;1476;150372;1508;1509;1511;1512;1520;1522;1535;1536;154664;158747;160364;1604;161;1650;1654;1667;1669;1675;170482;1727;1729;175;1774;1778;178;1794;1823;1828;1832;1915;1938;196527;197;1991;1992;199675;201294;203068;2040;210;2171;2204;2207;221;2212;2215;2219;222487;226;2268;22875;22918;22931;230;23071;23114;23191;23197;23200;23218;23250;23317;23352;23385;23406;23412;2352;23526;2357;2358;23593;23601;240;2444;2495;2512;2517;2519;2547;2548;25797;25798;25801;258010;25840;25852;2588;26;26578;2665;2683;2717;27180;272;2720;2760;2799;2821;28956;2896;28988;290;29099;29108;2919;2934;2950;2990;2992;29952;30;302;3043;3071;3074;3101;3106;3107;3146;3163;317;3240;326624;327;3303;3304;3310;3312;3320;3326;338339;340061;3417;3482;353;353189;353376;3577;3579;3608;3614;3615;3683;3684;3685;3687;3689;3728;374395;374403;383;3837;3848;387;387263;387921;388697;388698;3903;391;3916;3920;3934;3958;401258;4033;4048;4057;4069;410;411;4125;4126;4257;427;4282;4311;4317;4318;4332;4353;441864;4680;47;4718;4758;4790;4831;4860;4893;4973;5004;5005;5023;5036;5049;51071;51125;51143;51209;51316;51382;51411;51552;51646;51719;5175;51806;51816;5199;5211;5223;5236;5265;5269;527;5273;5284;5315;5317;5328;5329;5337;535;53831;53916;53917;54472;54509;5473;5476;5478;54918;55;55004;55276;55313;5547;5553;55754;5580;55832;55860;5594;5611;5645;5646;5657;566;5660;5663;567;56729;5683;5686;56888;5689;5695;56954;5701;5702;57020;5707;5708;5709;57126;5713;57153;5717;5718;5719;5724;5768;5777;57826;5787;5788;5795;5799;5806;5834;5836;58485;5864;5869;5870;5873;5878;5879;5906;5908;5912;6036;6037;6093;6278;6279;6280;6282;6283;6286;6317;634;6386;6402;64114;64333;64386;6515;6518;654364;6556;6590;6616;6709;671;6727;6793;683;6836;684;6947;6993;7077;7097;7130;7133;718;719;7226;7276;728;728358;7305;7414;7415;7520;7879;79169;79792;79888;79895;79930;79980;80142;80184;80301;80331;81567;81619;820;823;8288;83716;83858;84061;84329;84418;84443;84514;84658;847;84766;8514;8560;8566;8621;8635;8649;8655;8673;8694;8773;8778;8804;8826;8836;8876;8895;8904;8907;8972;89777;8987;8993;9145;9218;929;93100;932;9342;94103;945;948;9522;9535;9545;9588;960;961;963;965;966;967;968;9725;976;9761;978;9798;9861;9961",""
"R-HSA-156582","Acetylation","10;9","16395;25858;27565;30753;32643;45373;57287;57288"
"R-HSA-9753281","Paracetamol ADME","10;10057;10257;1244;124975;1571;2678;2686;2687;27233;2944;2950;2952;4363;445329;54575;54578;54600;54658;55748;6783;6817;6818;6822;7366;8714;9;9429;95","15377;15378;15379;173517;29035;29105;32635;32635;32636;32639;35235;36080;43474;57287;57288;57305;57783;57925"
"R-HSA-74217","Purine salvage","100;132;161823;1633;1716;270;271;272;2766;3251;353;4860;51292","15378;16235;16335;17368;17596;18420;28938;28997;28997;29105;33019;43474;57673;57673;57720;57783;58115"
"R-HSA-9734735","Defective ADA disrupts (deoxy)adenosine deamination","100","15377;16335"
"R-HSA-9755088","Ribavirin ADME","100;132;2030;22978;3704;4830;4831;4860;55315;64078;654364;9153","15377;17596;18367;18420;189091;189092;189093;189093;189551;28938;29101;29101;33019;36080;57720"
"R-HSA-381426","Regulation of Insulin-like Growth Factor (IGF) transport and uptake by Insulin-like Growth Factor Binding Proteins (IGFBPs)","1000;10117;10130;102;10232;10272;10618;10970;11098;1114;11167;11320;116519;1356;1435;1462;1471;147111;1511;174;1758;197;213;2147;2153;2200;2243;2266;2335;2519;255738;258;26085;2621;265;2719;29106;2999;3053;3270;334;335;336;3371;338;3479;348;3481;3483;3484;3485;3486;3487;3488;3489;3490;3491;351;354;3569;3698;375056;3816;3817;3827;3895;3912;3913;3915;3956;401138;4052;4148;4221;4240;4241;4312;4313;462;4924;5034;5069;51156;51246;51280;5179;5265;5340;54587;54757;54972;5589;5611;5624;56955;56975;57104;5768;57719;5954;60676;6383;64856;652;6694;6696;7018;7076;718;7184;720;721;7425;7466;7857;80341;8074;813;8404;84141;8542;8614;8720;91851;9210","29108;30616"
"R-HSA-418990","Adherens junctions interactions","1000;1001;1002;1003;1004;1005;1006;1007;1008;1009;1010;1012;1013;1015;1016;1495;1499;1500;23705;253559;25945;283;3728;4301;57863;5818;5819;60;64403;71;81607;999","29108;30616"
"R-HSA-525793","Myogenesis","1000;1002;100271849;1013;1432;1495;1496;1499;25;4205;4207;4208;4209;4617;4618;4654;4656;4756;4917;50937;5600;5608;6300;663;6925;6929;6938;9043;91653;998","30616;30616;30616;37565;37565"
"R-HSA-8957275","Post-translational protein phosphorylation","1000;10117;10130;102;10232;10272;10618;10970;11098;1114;11167;11320;116519;1356;1435;1462;1471;147111;174;1758;197;213;2153;2200;2243;2266;2335;2519;255738;258;2621;265;2719;29106;3053;3270;334;335;336;3371;338;348;3484;3486;3487;3488;3490;3491;351;3569;3698;375056;3827;3895;3912;3913;3915;3956;401138;4052;4148;4221;4240;4241;462;4924;5034;51156;51246;51280;5179;5265;54587;54757;54972;5589;5611;5624;56955;56975;57104;5768;57719;5954;6383;64856;652;6694;6696;7018;7076;718;7184;720;721;7425;7466;7857;80341;8074;813;8404;84141;8542;8614;8720;91851;9210",""
"R-HSA-111447","Activation of BAD and translocation to mitochondria ","10000;10971;207;208;2810;5533;5534;572;596;637;7529;7531;7532;7533;7534","30616;43474"
"R-HSA-1257604","PIP3 activates AKT signaling","10000;10718;10818;117145;118788;145957;152831;1839;1950;1956;2064;2065;2066;2069;207;208;2099;2100;2246;2247;2248;2249;2250;2251;2252;2253;2254;2255;2260;2261;2263;2264;2322;2323;2475;253260;2534;2549;255324;26281;27006;2885;29851;3082;3084;3556;3654;3667;374;3815;391;3932;4233;4254;4615;50852;51135;5154;5155;5156;5159;5170;5290;5291;5293;5295;5296;55615;57761;5781;5879;5880;64223;6446;6714;6801;685;7039;7189;7409;79109;8074;8503;8660;8817;8822;8823;90865;9173;930;9365;940;941;942;9542;9846;9965","28815;30616;37565;57836"
"R-HSA-1358803","Downregulation of ERBB2:ERBB3 signaling","10000;10193;2064;2065;207;208;3084;6233;7311;7314;7316;9101;9542","30616"
"R-HSA-198323","AKT phosphorylates targets in the cytosol","10000;1026;1027;1147;207;208;23608;2931;2932;4193;572;7249;842;84335","30616;30616"
"R-HSA-198693","AKT phosphorylates targets in the nucleus","10000;1385;207;208;2308;2309;3164;4303;6199","30616"
"R-HSA-199418","Negative regulation of the PI3K/AKT network","10000;117145;207;208;23035;23239;5728;57761","29035;43474;57836"
"R-HSA-211163","AKT-mediated inactivation of FOXO1A","10000;207;208;2308","30616"
"R-HSA-389357","CD28 dependent PI3K/Akt signaling","10000;117145;1326;207;208;2475;253260;2534;3932;5170;5290;5295;5296;55615;57761;64223;79109;8503;9020;940;941;942","30616;57836"
"R-HSA-389513","CTLA4 inhibitory signaling","10000;1493;207;208;2534;3932;4067;5515;5516;5518;5519;5525;5526;5527;5528;5529;5781;6714;7525;941;942","30616;43474"
"R-HSA-392451","G beta:gamma signalling through PI3Kgamma","10000;10681;146850;207;208;23533;2782;2783;2784;2785;2786;2787;2788;2790;2791;2792;2793;387;5170;51764;5294;54331;55970;59345;94235","30616;57836"
"R-HSA-5218920","VEGFR2 mediated vascular permeability","10000;1003;10451;117145;1495;1499;1500;207;208;2475;253260;3320;3728;4846;5058;5062;5063;5170;55615;57761;5879;64223;7409;7410;79109;801;805;808;857","15379;16480;29105;29108;29108;30616;32682;37565;57692;57743;57783;57836"
"R-HSA-5628897","TP53 Regulates Metabolic Genes","10000;10128;10325;10542;10670;10971;116228;1327;1329;1337;1340;1345;1349;1350;1351;1353;143686;153129;192669;192670;207;208;23112;2475;2539;25824;26523;27161;27165;27244;27327;2744;2810;2821;285521;2877;28956;2936;389541;4343;4512;4513;4514;4697;50484;5052;51204;51241;51422;53632;54205;54541;55004;5562;5563;5564;5565;5571;57103;5728;57521;57690;58528;6009;6341;64121;64223;6834;7001;7157;7248;7249;7295;7296;7529;7531;7532;7533;7534;83667;84987;8626;8649;90639;9167;9377;9997","15378;15378;15378;15379;16240;28602;28694;28938;30616;37565;38573;38574;43474;57634;57692;57783;57925"
"R-HSA-5674400","Constitutive Signaling by AKT1 E17K in Cancer","10000;1026;1027;1147;1385;207;208;2308;2309;2475;253260;2931;2932;3164;4193;4303;5170;55615;572;6199;64223;7249;79109;842;84335","30616;30616;65310"
"R-HSA-6804757","Regulation of TP53 Degradation","10000;1017;1029;11200;117584;1616;207;208;2475;253260;4193;4194;472;51230;5170;5515;5516;5518;5519;5527;55615;6233;64223;6446;7157;7311;7314;7316;7874;79109;80196;890;8900;900;9099;983","30616;30616;43474;57836"
"R-HSA-6804758","Regulation of TP53 Activity through Acetylation","10000;1107;1108;2033;207;208;23774;27154;29117;3065;3066;53615;5371;54815;57459;5928;5931;64769;7157;7862;7994;84289;9219","30616;57287;57288"
"R-HSA-6804759","Regulation of TP53 Activity through Association with Co-factors","10000;10848;207;208;23368;25946;51230;5457;5458;54971;7157;7159;7161;8626","30616"
"R-HSA-69202","Cyclin E associated events during G1/S transition ","10000;1017;1022;1026;1027;132660;1869;1874;1875;207;208;286826;4149;4331;4609;55957;5925;5928;5934;7027;7029;7465;898;902;9134;91750;91768;993","30616;30616;43474"
"R-HSA-69656","Cyclin A:Cdk2-associated events at S phase entry","10000;1017;1022;1026;1027;132660;1869;1874;1875;207;208;286826;4149;4331;4609;51343;55957;5925;5928;5934;7027;7029;7465;890;8900;902;91750;91768;993;994","30616;30616;43474"
"R-HSA-8876198","RAB GEFs exchange GTP for GDP on RABs","10000;10260;10890;10981;11021;11031;1121;1122;116442;117177;122553;126003;126432;160518;163259;163486;201475;201627;207;208;221960;22878;22879;22898;22930;22931;23011;23258;23682;25782;259173;26130;2664;2665;27095;27147;27342;3257;338382;414918;4218;51112;51209;51399;51552;51560;51622;51693;51762;54453;54734;55667;57589;57679;57706;58485;5861;5864;5866;5868;5869;5870;5872;5873;5874;5878;60684;6305;6399;6764;7109;7531;7879;79090;79890;79958;79961;80006;81846;81876;83696;84079;8408;84315;8567;89781;9367;9610;9827;9909","37565"
"R-HSA-8941332","RUNX2 regulates genes involved in cell migration","10000;207;208;3678;4322;860;865;9358",""
"R-HSA-8948751","Regulation of PTEN stability and activity","10000;10197;10213;10273;11060;122706;143471;1457;1459;1460;207;208;23198;23252;23608;2444;331;4734;5682;5683;5684;5685;5686;5687;5688;5689;5690;5691;5692;5693;5694;5695;5696;5698;5699;5700;5701;5702;5704;5705;5706;5707;5708;5709;5710;5711;5713;5714;5715;5716;5717;5718;5719;5720;5721;5728;5987;6233;7311;7314;7316;7979;80243;80351;81847;8658;8975;9491;9861","15377;57540"
"R-HSA-9607240","FLT3 Signaling","10000;10018;1027;207;208;2309;2322;2323;2885;2887;3265;3845;4893;5290;5295;5781;6654;9402;9846","37565;88219;91441"
"R-HSA-9614399","Regulation of localization of FOXO transcription factors","10000;10971;207;208;2308;2309;2810;4303;7529;7532;7534",""
"R-HSA-9634638","Estrogen-dependent nuclear events downstream of ESR-membrane signaling","10000;1027;127933;1385;1839;1950;1956;2002;2069;207;208;2309;2353;255324;374;5594;5595;5747;595;596;6722;685;7039;7514",""
"R-HSA-9755511","KEAP1-NFE2L2 pathway","10000;10072;10197;10213;1026;122706;139285;143471;1457;1459;1460;207;208;23198;26043;27244;4780;55666;5580;5584;5682;5683;5684;5685;5686;5687;5688;5689;5690;5691;5692;5693;5694;5695;5696;5698;5699;5700;5701;5702;5704;5705;5706;5707;5708;5709;5710;5711;5713;5714;5715;5716;5717;5718;5719;5720;5721;6233;672;6737;7311;7314;7316;7353;7415;79594;79728;7979;81631;83667;8452;8878;9451;9491;9817;9861;9978","26523;26523;36080"
"R-HSA-9755779","SARS-CoV-2 targets host intracellular signalling and regulatory pathways","10000;10971;207;208;2810;5170;7529;7531;7532;7533;7534;857","57836"
"R-HSA-1989781","PPARA activates gene expression","10001;10025;10062;1024;10498;10499;10891;11010;112950;116519;123;133522;1374;1376;1387;1543;1579;1581;183;19;196;2033;2101;211;2168;2180;219541;2222;2274;23054;23097;23179;23389;26230;27063;27242;2874;29079;29841;3156;3157;3158;335;336;34;376497;3992;400569;405;406;4199;4520;4800;4801;4802;4862;4899;50486;51;51003;51129;51586;5244;54600;5465;5468;5469;54797;55090;55588;57491;57761;6095;6256;6257;6604;6667;6720;6721;6822;6837;6907;7296;7376;79718;80205;80306;81857;8202;84246;84498;85441;8648;8800;8841;892;90390;9282;9412;9439;9440;9441;9442;9443;9477;948;9572;9575;9611;9612;96764;9862;9915;9967;9968;9969;9971","15756;15756;17351;17351;27432;27432;28119;28364;28364;28834;29105;32395;32395;33699;36144;36234;61120;61120"
"R-HSA-212436","Generic Transcription Pathway","10001;100129543;100129842;100131827;100131980;10025;100287226;100289635;10127;10155;10168;10172;10224;1024;10308;10520;10780;10781;10782;10793;10794;10795;11105;112950;113835;114026;115196;115509;117608;121274;124411;125919;126068;126070;126231;126375;127396;136051;140612;144348;146198;146434;146540;146542;147657;147686;147687;147694;147741;147837;147923;147929;147948;147949;148103;148156;148206;148213;148254;148266;148268;152687;155054;155061;158399;158431;162239;162655;162963;162966;162967;162972;163049;163050;163051;163059;163071;163081;163087;163223;163227;163255;168374;168417;169270;169841;170959;170960;171392;197320;199692;199704;199777;201514;219578;219749;220992;221785;22835;22869;23619;23660;253639;255403;256051;25799;25888;26048;26149;26152;26974;27153;27300;282890;283337;284306;284307;284309;284370;284443;284459;285267;285268;285349;285676;285971;286075;29079;30832;339327;339559;340252;340385;342132;342926;344787;348327;349075;353088;353274;353355;374655;374879;374900;374928;387032;388536;388561;388566;388567;388569;389114;390927;400720;440077;440515;441234;442319;51003;51058;51123;51276;51333;51385;51586;5469;54807;54811;54925;54989;55422;55634;55657;55659;55663;55713;55762;55778;55786;55888;55900;56242;57209;57335;57336;57343;57474;57541;57547;57573;57615;57677;57693;57711;58491;58492;58500;59348;619279;63934;65243;65251;654254;65988;6940;728927;728957;730087;730291;7539;7549;7551;7552;7556;7559;7561;7562;7565;7566;7567;7568;7571;7574;7576;7581;7582;7586;7587;7592;7594;7596;7621;7625;7626;7627;7633;7638;7652;7673;7678;7692;7694;7695;7697;7699;7700;7710;7711;7712;7728;7733;7738;7743;7745;7748;7752;7753;7755;7757;7760;7761;7762;7766;7767;7768;7769;7770;7771;7773;79027;79088;79175;79230;79744;79755;79759;79788;79818;79862;7988;79891;79898;79943;79973;80032;80095;80108;80110;80139;80264;80317;80778;80818;81856;81857;83744;84124;84246;8427;84436;84449;84527;84626;84671;84765;84775;84838;84874;84911;84914;84924;892;90075;90233;90317;90333;90338;90390;90576;90589;90592;90594;90649;90827;90874;91120;91975;92283;92285;92595;9282;9310;93134;93474;94039;9422;9439;9440;9441;9442;9443;9477;9534;9668;9862;9968;9969",""
"R-HSA-381340","Transcriptional regulation of white adipocyte differentiation","10001;10025;1019;1024;10498;10499;1050;1051;1052;10891;10974;112950;1387;168544;1879;1959;2033;2167;219541;23054;23097;23389;27332;29079;3952;400569;4023;4790;51003;5105;51129;51586;5346;5465;5468;5469;54797;55090;55588;5970;6256;6517;6604;6720;6721;6837;688;6907;7026;7040;7124;7471;7480;79718;80205;80306;81857;8202;84246;84498;85441;8648;8841;892;896;90390;9282;9314;9370;9412;9439;9440;9441;9442;9443;9477;948;9611;9612;96764;9862;9967;9968;9969","15756;17351;27432;28364;32395;34154;61120"
"R-HSA-9833110","RSV-host interactions","10001;10025;10082;10134;1024;10332;10333;112950;1524;219541;221914;2239;2262;23097;23389;23586;23643;25820;2719;2817;29079;30835;3339;375790;400569;4131;4939;51003;51191;51284;51586;5469;54797;55090;55588;6382;6383;6385;6837;7097;7098;7099;7706;80306;81857;8341;84246;8678;892;90390;9246;9282;929;9412;9439;9440;9441;9442;9443;9477;9636;9672;9862;9968;9969;KT992094;U39662","18420;29103;29103;29105;33019;67208"
"R-HSA-383280","Nuclear Receptor transcription pathway","10002;10062;126382;190;2063;2099;2100;2101;2103;2104;2494;2516;2649;2908;29959;29982;3164;3172;3174;367;4306;4929;5241;5465;5467;5468;5469;5914;5915;5916;6095;6097;6256;6257;6258;7025;7067;7068;7101;7181;7182;7376;7421;8013;8431;8856;9572;9611;9612;9970;9971;9975",""
"R-HSA-8963693","Aspartate and asparagine metabolism","10003;10165;2346;2805;2806;339896;339983;374569;440;443;8604","15377;15378;15378;16134;16452;16452;16526;21547;21547;29105;29108;33019;57287;57288;57853"
"R-HSA-2172127","DAP12 interactions","100049587;100132285;100528032;10326;124599;22914;23601;284266;3106;3107;3133;342510;3806;3809;3810;3813;3822;3824;54209;54210;567;7305;9436",""
"R-HSA-193368","Synthesis of bile acids and bile salts via 7alpha-hydroxycholesterol","10005;10499;10998;11001;1109;1581;1582;1593;1645;1646;23600;3295;570;5740;6256;6342;6718;80270;8309;8644;8647;8648;9420;9971","15378;15378;15378;15379;15379;15379;15494;15494;15494;15539;16113;16240;16466;16496;16496;16525;16525;17500;18402;18402;2288;2290;27379;27393;27403;27428;27505;28047;28047;28477;28533;28540;28834;30616;33019;36234;36252;36252;36252;36257;36257;36257;37642;37642;37643;43474;57287;57287;57305;57373;57540;57540;57692;57783;57783;9407"
"R-HSA-2046106","alpha-linolenic acid (ALA) metabolism","10005;215;2180;30;3295;3992;51;54898;60481;6342;64834;83401;9415","15379;15379;15379;15539;16240;16474;16526;18420;27432;30616;33019;57287;57287;57288;57384;57540;57540;57692;57880;65130;65131;65132;65139"
"R-HSA-389887","Beta-oxidation of pristanoyl-CoA","10005;1384;23600;3295;54677;55289;6342;8309;8310","15378;15379;15495;15539;15960;16240;28867;57287;57288;57540;57692"
"R-HSA-390247","Beta-oxidation of very long chain fatty acids","10005;10455;122970;1962;215;23417;26063;30;3295;51;641372","15378;15379;15533;15904;16240;16474;16526;27537;27700;33184;57287;57288;57384;57540;57692;64972;65052;83727;85939"
"R-HSA-9033241","Peroxisomal protein import","10005;10455;10901;10965;11001;122970;1384;1610;189;1891;1962;196743;2053;219743;23417;23600;26061;26063;283927;30;3155;3295;3416;3417;373156;390916;4358;4843;51;51179;51268;5189;5190;5191;5192;5193;5194;5195;5264;54363;54469;54677;55670;55825;570;5828;5830;6233;6342;7311;7314;7316;7321;7322;7323;8239;8309;8310;83752;8443;847;8528;8540","15377;15377"
"R-HSA-2029482","Regulation of actin dynamics for phagocytic cup formation","10006;10092;10093;10094;10095;10096;10097;10109;10152;10163;10451;10458;10552;1072;10787;10810;1398;147179;1793;2209;2212;2214;23191;25;26999;2885;3071;3320;3326;3984;4620;4627;4641;4644;4650;4651;4690;4771;5058;51517;55845;5594;5595;5747;5879;60;63916;644150;6850;695;71;7409;7410;7454;7456;8936;8976;917;919;9844;998","16152;30616;30616;37565;37565;43474;57836;57836"
"R-HSA-4420097","VEGFA-VEGFR2 Pathway","10006;10152;10163;10451;10458;10787;10810;1398;1432;1535;1536;1793;2185;23191;2534;25759;26999;3071;3315;3320;3685;3690;3791;387;4688;4689;4690;5062;5290;5291;5295;5296;5566;5567;5568;558;55845;5600;5603;5747;5829;5879;60;6093;6300;63916;6461;653361;6714;71;7409;7410;7422;7867;8440;8936;9047;9261;9475;9564;9844;998","15378;15379;17552;18420;18421;30616;30616;37565;57692;57783;57836;57836"
"R-HSA-5663213","RHO GTPases Activate WASPs and WAVEs","10006;10092;10093;10094;10095;10096;10097;10109;10152;10163;10458;10552;10787;10810;147179;23191;25;26999;2885;3071;4690;51517;55845;5594;5595;5747;5879;60;644150;695;71;7454;7456;8936;8976;998","30616;30616;37565;37565;57836;57836"
"R-HSA-9013149","RAC1 GTPase cycle","10006;10144;10152;10160;10163;10298;10395;10451;10458;10652;10672;106821730;10787;10788;10810;10811;10928;10979;11113;11135;11188;1123;1124;115557;115703;116984;116985;117289;124056;128239;128272;139818;143098;143872;147179;152273;1535;1536;1793;1794;1795;182;1894;1969;2010;201176;221178;22899;23075;23092;23191;23263;23344;23348;23370;23380;23526;23580;23592;23616;257106;25791;25894;26030;26230;26999;27;27035;28964;29;2909;29127;3071;347902;3688;3895;392;393;3930;394;396;397;4162;4168;4650;4688;4689;4810;4983;50508;5058;50619;5062;5063;50649;50855;51291;51306;51347;5290;5295;5296;5337;5338;55004;55114;55200;55619;55789;55843;55845;5585;5586;55914;55971;56924;57144;57480;57514;57522;57569;57572;57580;57584;57636;57679;58504;5879;5924;613;64333;64411;644150;64857;6510;653361;6654;6655;7037;7074;7112;7204;7409;7410;7444;7454;7456;752;7879;79658;7984;80005;80243;80728;81624;81704;81839;83478;84144;8476;84904;8503;85440;857;8773;8826;8874;8936;8976;8997;9341;9411;94134;9459;9639;9710;9732;9743;9815;9826;9855;9901;9912;9938;998","15377;37565;43474;57692"
"R-HSA-9013404","RAC2 GTPase cycle","10006;10152;10163;10298;10424;10451;10787;11135;143098;143872;1535;1536;1793;1794;1795;1829;1969;2010;23075;23092;23141;23191;23344;23580;23592;25813;26050;28964;29;2909;29127;3071;3688;392;3930;396;3998;4162;4168;4580;4688;4689;4810;4983;5058;50619;5062;51347;51566;5290;5295;5296;5338;55004;55114;55619;55789;55845;55914;55971;57580;57584;5880;613;653361;7037;7074;7112;7204;7409;7410;7444;7879;80728;81624;81839;8503;85360;857;8826;8987;9217;9341;9710;9732;9743;9815;998","15377;37565;43474"
"R-HSA-9013423","RAC3 GTPase cycle","10006;10152;10163;10298;10424;10458;10652;10787;10811;10979;11135;116984;124056;143098;143872;1535;1536;182;1829;1969;2010;22865;23075;23092;23191;23344;23380;23592;26050;27;27035;2889;28964;29;2909;29127;3071;347902;3688;392;3930;394;395;397;3998;4162;4168;4688;4689;4810;4952;4983;50508;5058;5062;51347;5295;5296;55004;55114;55619;55789;55843;55845;55914;55971;57580;57584;5881;613;64411;6510;653361;7037;7074;7112;7204;7410;7444;7879;80728;81624;81839;85360;857;8773;8936;8987;9235;9341;9710;9743;9815;998","15377;37565;43474;57692"
"R-HSA-9664422","FCGR3A-mediated phagocytosis","10006;10092;10093;10094;10095;10096;10097;10109;10152;10163;10451;10458;10552;10787;10810;1398;147179;1793;2214;2268;23191;25;2534;26999;2885;3055;3071;4067;4620;4627;4641;4644;4650;4651;4690;51517;55845;5594;5595;5649020;5651276;5656523;5747;5879;60;63916;644150;6714;6850;695;71;7409;7410;7454;7456;7525;8936;8976;917;919;9844;998","16152;23367;36080;36080;37565;37565;43474;57836;57836"
"R-HSA-70171","Glycolysis","10007;132789;2023;2026;2027;226;229;230;2597;26330;2645;2821;283209;283871;3098;3099;3101;387712;5211;5213;5214;5223;5224;5230;5232;5313;5315;669;7167;80201;83440","15378;15873;17754;18420;18420;18420;19324;28602;28938;29103;30616;30616;30769;32966;43474;43474;57288;57540;57604;57634;57642"
"R-HSA-5576890","Phase 3 - rapid repolarisation","10008;10142;23630;23704;3741;3753;3757;3784;9992","2663;29103;29103"
"R-HSA-5576893","Phase 2 - plateau phase","10008;10142;23630;23704;27092;3753;3784;59283;59284;59285;775;782;783;9254;9992","101278;2668;29103;29103;29108;29108;31399;7550;7565;7575;7577;7582;9948"
"R-HSA-9013973","TICAM1-dependent activation of IRF3/IRF7","10010;10133;148022;29110;3661;3665;6233;7098;7187;7311;7314;7316;9641","33697;67208;67208;67208;67208"
"R-HSA-933541","TRAF6 mediated IRF7 activation","10010;1387;2033;23586;29110;3439;3440;3441;3442;3443;3444;3445;3446;3447;3448;3449;3451;3452;3456;3661;3665;57506;64135;7186;7189;7706;80143;84282;89122;9641","33697;67208;67208"
"R-HSA-936964","Activation of IRF3, IRF7 mediated by TBK1, IKKε (IKBKE)","10010;100302736;10133;148022;23098;23643;29110;353376;3661;3665;5781;6233;7099;7187;7311;7314;7316;929;9641","16412"
"R-HSA-9824878","Regulation of TBK1, IKKε (IKBKE)-mediated activation of IRF3, IRF7 ","10010;100302736;10133;148022;23643;29110;353376;6233;7099;7187;7311;7314;7316;929;9641","16412"
"R-HSA-9828211","Regulation of TBK1, IKKε-mediated activation of IRF3, IRF7 upon TLR3 ligation","10010;10133;148022;29110;6233;7098;7187;7311;7314;7316;9641","33697;67208;67208;67208;67208"
"R-HSA-2122947","NOTCH1 Intracellular Domain Regulates Transcription","10013;10014;10046;1024;1387;2033;22938;23462;23493;2648;26508;26960;3065;3066;3091;3280;3516;388585;4609;4851;51564;55294;55534;55869;6233;6500;6907;7088;7089;7090;7091;7311;7314;7316;79718;79885;83933;84441;8454;8841;8850;892;9611;9612;9734;9759;9794;9978","30616"
"R-HSA-2644606","Constitutive Signaling by NOTCH1 PEST Domain Mutants","10013;10014;10046;102;1024;1387;142678;182;2033;22938;23385;23462;23493;2648;26508;28514;3065;3066;3280;3516;3714;388585;4609;4851;51107;51564;54492;54567;55294;55534;55851;55869;5663;5664;57534;6233;6500;6868;6907;7311;7314;7316;79718;79885;83464;83933;84441;8454;8841;8850;892;9148;9611;9612;9734;9759;9794;9978","29105;30616"
"R-HSA-2894862","Constitutive Signaling by NOTCH1 HD+PEST Domain Mutants","10013;10014;10046;102;1024;1387;142678;182;2033;22938;23385;23462;23493;2648;26508;28514;3065;3066;3280;3516;3714;388585;4609;4851;51107;51564;54492;54567;55294;55534;55851;55869;5663;5664;57534;6233;6500;6868;6907;7311;7314;7316;79718;79885;83464;83933;84441;8454;8841;8850;892;9148;9611;9612;9734;9759;9794;9978","29105;30616"
"R-HSA-3371511","HSF1 activation","10013;10728;1915;3281;3297;3320;3326;6117;6118;6119;7415;7531","23367"
"R-HSA-350054","Notch-HLH transcription pathway","10013;10014;10046;1387;22938;2648;3065;3066;3516;4851;4853;4854;4855;51564;55534;55869;6907;79718;79885;83933;84441;8841;8850;9611;9612;9734;9759;9794",""
"R-HSA-5617833","Cilium Assembly","10013;10376;10381;10382;10383;112714;113457;347688;347733;51807;7277;7278;7280;7846;79861;79969;81027;84617;84790","37565;57287;57288"
"R-HSA-8878166","Transcriptional regulation by RUNX2","10013;1019;1026;117581;581;595;650;6662;7291;8493;860;865;891;9464;983","15377;33019"
"R-HSA-8940973","RUNX2 regulates osteoblast differentiation","10013;10413;121340;1277;221044;23314;23462;23493;25;25925;25937;2737;3280;367;4094;5594;5595;5925;632;6714;7525;860;865;8841","16330;16330;16422;16422;17347;17347;29117;29117"
"R-HSA-9613829","Chaperone Mediated Autophagy","10013;10226;1068;1080;11315;123;1915;200894;2670;3043;3312;3320;3326;3920;5116;6035;6233;7311;7314;7316;7431;8100","36080;36080;36080;36080;36080;36080;37565"
"R-HSA-9615710","Late endosomal microautophagy","10013;100526767;10226;1068;1080;11315;123;128866;137492;155382;200894;25978;27243;29082;3043;3312;5116;51160;51271;51652;55048;6035;6233;7251;7311;7314;7316;7431;79643;79720;8100;89853;91782;92421;93343","16247;16247;36080;36080"
"R-HSA-9646399","Aggrephagy","10013;10376;10381;10382;10383;1068;1080;112714;11315;113457;140735;1778;1780;1781;1783;200894;3297;3320;347688;347733;387522;5071;51143;5116;51807;6233;7277;7278;7280;7311;7314;7316;7334;7335;7415;7431;7846;79861;8100;81027;84617;84790;8655","26523;36080;36080;36080;36080;37565;37565"
"R-HSA-1614517","Sulfide oxidation to sulfate","100131187;1468;23474;58472;6821;7263","15378;15378;15379;15589;15589;16189;16189;16240;17359;17359;25372;29105;33542;33542;57692"
"R-HSA-198933","Immunoregulatory interactions between a Lymphoid and a non-Lymphoid cell","100131439;100132285;100507436;100528032;10219;10225;102725035;10288;10666;107987462;10859;10870;10871;10990;11006;11024;11026;11027;11126;11314;114132;114836;117157;120425;124599;126014;1277;1278;1280;1281;1308;131450;135250;146722;146894;1525;196500;2209;2213;2214;22914;23547;259197;27036;27180;27181;285852;29121;29990;29992;3105;3106;3107;3133;3134;3135;3383;3384;3385;3386;339390;340205;342510;353514;3676;3683;3688;3689;3695;374383;3802;3803;3804;3805;3806;3811;3812;3820;3821;3824;3903;3904;4068;4267;4277;4345;51348;54209;54210;56253;56654;567;57823;5817;5819;6402;6441;6614;7087;718;7305;7412;79465;79865;80329;81035;8174;8519;8778;89790;89858;909;910;911;912;915;916;917;919;925;926;930;933;9436;9437;945;946;947;956529;958;959;975;9976;999","15440;28874;28879;42782;57613;64716;83273"
"R-HSA-6805567","Keratinization","100131902;100132386;100288323;100505724;100505753;100507608;100533177;100653049;11187;112802;121391;125115;140258;140807;144501;147183;147409;162605;1823;1824;1825;1828;1829;1830;1832;192666;196374;254950;25984;284827;286887;319101;337879;337880;337882;337959;337960;337963;337966;337967;337969;337970;337971;337972;337973;337974;337975;337976;337977;337978;337979;338785;342574;353288;353323;353332;353333;3728;374454;3846;3848;3849;3850;3851;3852;3853;3854;3855;3856;3857;3858;3859;3860;3861;3866;386672;386674;386675;386676;386677;386678;386679;386680;386681;386682;386683;386684;386685;3868;3872;387264;387266;387267;387273;3875;3880;3881;3882;3883;3884;3886;3887;3888;388818;3889;3890;3891;3892;390792;439915;440021;440023;440050;440051;51350;5317;5318;54474;57830;643803;643812;653240;728224;728255;728279;728299;728318;730755;81850;81851;81870;81871;81872;83895;83896;83897;83899;83900;83901;83902;84616;8502;85280;85285;85289;85290;85291;85293;85294;8687;8688;8689;9119",""
"R-HSA-1461957","Beta defensins","100133267;100289462;117285;1235;140596;140850;140881;1672;1673;245908;245909;245910;245911;245913;245927;245928;245929;245930;245932;245934;245936;245937;245938;245939;245940;400830;414325;503614;503618;503841;504180;55894;613209;613210;613211;644414;7096;7097;729230;81623",""
"R-HSA-1461973","Defensins","100133267;100289462;117285;140596;140850;140881;1667;1668;1669;1670;1671;1672;1673;245908;245909;245910;245911;245913;245927;245928;245929;245930;245932;245934;245936;245937;245938;245939;245940;400830;414325;503614;503618;503841;504180;55894;613209;613210;613211;644414;728358;81623","27692"
"R-HSA-373760","L1CAM interactions","100133941;10048;11313;1272;1463;2048;214;2596;284217;3897;3912;3915;6900","15756;30616;53170"
"R-HSA-174411","Polymerase switching on the C-strand of the telomere","100134934;10714;23649;25913;26277;5111;5422;5424;5425;54386;54921;5557;5558;57804;5981;5982;5983;5984;5985;63922;65057;7013;7014;79075;79991;80169","15986;30616;33697;43474;61120"
"R-HSA-174430","Telomere C-strand synthesis initiation","100134934;23649;25913;26277;5422;54386;5557;5558;65057;7013;7014;79991;80169","15986;33697;37568;61120"
"R-HSA-9629569","Protein hydroxylation","100137047;11338;1819;2107;2158;23210;444;4733;51389;55239;55854;6132;6157;6194;6228;65094;79697;79831;84864;91433","15379;15379;15379;16526;16526;16526;29033;29033;29033"
"R-HSA-1482788","Acyl chain remodelling of PC","100137049;10162;11145;123745;129642;151056;22925;254531;255043;255189;26279;283748;30814;50487;50640;5319;5320;5321;5322;54947;64600;79887;79888;81579;8398;8399;8605;8681","17476;17504;17504;17810;29108;29108;29108;36313;36314;57287;57560;57560;57643;57643"
"R-HSA-1482801","Acyl chain remodelling of PS","100137049;10162;11145;114879;114882;114884;123745;154141;22925;254531;255189;26279;283748;30814;51365;5319;5320;5321;5322;64600;81579;8399;8681","17526;17526;29108;29108;29108;37646;37646;57287;57560;57560"
"R-HSA-1482839","Acyl chain remodelling of PE","100137049;10162;11145;117245;123745;129642;154141;22925;254531;255189;26279;283748;30814;50487;50640;5319;5320;5321;5322;54979;57110;5920;63874;64600;79887;81579;8398;8399;8605;8681","22221;28936;29017;29017;29108;29108;29108;57287;57560;57560;57613;57613;57643"
"R-HSA-1482925","Acyl chain remodelling of PG","100137049;22925;254531;255189;26279;283748;30814;50487;5319;5320;5321;5322;54675;64600;79888;81579;8399;8681;9926","27923;27923;29108;29108;29108;57287;57287;57560;57560;57560;64716;64716;64716"
"R-HSA-1483115","Hydrolysis of LPC","100137049;123745;23659;255189;283748;5321;56261;79887;8605;8681","17504;29108;57560;57560;57597"
"R-HSA-1483166","Synthesis of PA","100137049;10554;10555;137964;149998;150763;200879;201164;22925;23171;23259;248;253558;254531;26279;2819;2820;283748;30814;374986;51205;5319;5320;5321;5322;5337;5338;55326;56894;56895;57678;64600;79888;80821;81579;8399;8443;84803;84895;8681","15378;28494;29105;29108;29108;29108;29108;30879;43474;43474;57287;57540;57560;57560;57560;57597;57597;57642;57642;57643;57692;57739;57739;57739;64716;75562"
"R-HSA-381038","XBP1(S) activates chaperone genes","100137049;10106;10113;10130;10525;10897;10954;11015;116138;118;1200;1639;1663;2134;2135;2137;22872;2673;27230;2931;3068;30827;37;4000;4189;445329;51726;55033;55062;5526;55738;56005;5611;58477;64061;6464;6734;6745;6818;7094;7466;7494;7709;84447;8681;9114;9570;9695;9797;9820",""
"R-HSA-8943724","Regulation of PTEN gene transcription","10014;100532731;10325;10542;10670;1107;1108;1386;153129;1822;1911;1912;1958;2122;2146;22955;23028;23186;23466;23512;2475;28956;3065;3066;3725;389541;51564;53615;5468;54815;55004;5594;5595;57167;57332;57459;57504;57521;58528;5928;5931;5978;6009;6015;6045;64121;64223;648;6591;6615;7101;7157;80012;84232;84733;8535;8649;8726;8841;9112;9219","34154;37565"
"R-HSA-162588","Budding and maturation of HIV virion","10015;100526767;128866;137492;155030;155348;155382;155459;155908;155945;155971;156110;23327;25978;27183;27243;29082;51160;51271;51510;51534;51652;5478;55048;6233;7251;7311;7314;7316;79643;79720;89853;91782;92421;93343;9525","17843;17843"
"R-HSA-5210891","Uptake and function of anthrax toxins","10015;118429;45025501;45025512;45025515;5045;5604;5605;5606;5608;5609;6416;801;805;808;84168","15378;29105;29105;29105;29105;29108;29108;29108;29108;30616;33019"
"R-HSA-5213460","RIPK1-mediated regulated necrosis","10015;10211;10273;11035;197259;2319;2703361;329;330;331;355;356;6386;7186;841;8473;8717;8737;8743;8772;8795;8797;8837;956533","17526;30616;57660;57733;57836"
"R-HSA-5675482","Regulation of necroptotic cell death","10015;10211;10273;11035;11140;197259;2319;329;330;331;3320;5071;57162;6233;6386;7186;7311;7314;7316;7332;83737;841;8473;8717;8737;8772","30616;57660;57705;57733"
"R-HSA-111446","Activation of BIM and translocation to mitochondria ","10018;5599;8655","30616"
"R-HSA-111453","BH3-only proteins associate with and inactivate anti-apoptotic BCL-2 members","10018;27113;5366;572;596;598;637;6774;90427",""
"R-HSA-193648","NRAGE signals death through JNK","10018;100271715;10276;10451;10672;11214;121512;128272;1894;221472;2245;22899;23229;23263;23365;23370;25791;26084;26230;26574;27237;29;389337;4168;445328;4803;4804;50649;50650;54848;55160;55701;5599;572;57449;57580;5879;5924;6453;64857;6654;6655;7074;7204;7409;7410;7984;84033;84904;8874;89846;8997;9138;9181;9459;9500;9639;9826;9828","17552;30616;30616;37565"
"R-HSA-6802952","Signaling by BRAF and RAF1 fusions","10018;10142;10256;10533;10827;11044;1185;1445;2243;2244;2266;22866;22906;23164;2335;27044;283455;3265;3674;369;3690;3717;3845;4000;408;409;4140;4893;5037;54518;54845;55109;55750;5594;5595;5604;5605;56829;57085;57670;5894;5906;5908;60;6714;673;7094;71;7414;7450;7529;801;805;808;80853;8087;815;816;817;818;8546;8805;8826;8844;9061;9444;9715","18420;29035;29108;29108;30616;37565"
"R-HSA-8862803","Deregulated CDK5 triggers multiple neurodegenerative pathways in Alzheimer's disease models","10018;1020;2309;2801;351;356;3725;4000;4001;5052;6648;7001;7531;823;824;826;831;84290;8851;993;994;995","29108;29108;30616;30616;456216;456216"
"R-HSA-8952158","RUNX3 regulates BCL2L11 (BIM) transcription","10018;2309;4088;4089;864",""
"R-HSA-9614657","FOXO-mediated transcription of cell death genes","10018;10370;1387;1649;2033;2308;2309;27113;356;4303;4800;4801;4802;604;65018;6794",""
"R-HSA-1268020","Mitochondrial protein import","100188893;100272147;100287932;10063;10165;10245;10440;10452;10469;10531;10651;131118;131474;134266;1431;150274;1537;1678;197257;23203;2395;25813;26515;26517;26519;26520;26521;2671;27235;29090;291;293;29928;3313;3329;3421;388753;400916;401505;4580;4714;498;50;5009;506;51025;51142;51287;516;54543;54927;56942;56993;617;6901;7416;79145;80273;84269;8604;90639;92609;9512;9804;9868","29105;30616;43474"
"R-HSA-5205685","PINK1-PRKN Mediated Mitophagy","100188893;10452;401505;5071;51001;54543;55669;56993;6233;65018;7311;7314;7316;7416;81631;84557;8878;9140;9474;9804;9868;9927",""
"R-HSA-1433559","Regulation of KIT signaling","10019;10603;2534;2885;3815;3932;4067;4254;5578;5777;6654;6714;7525;8651;867;9306","30616"
"R-HSA-9706369","Negative regulation of FLT3","10019;1445;2322;2323;27;5795;6233;6503;7311;7314;7316;84174;867;8835;9306","15377;16240;43474"
"R-HSA-983231","Factors involved in megakaryocyte development and platelet production","10019;1017;1020;10362;10603;10938;11216;11311;126961;139818;140628;161882;1793;1794;1795;221037;23028;23186;23348;23414;23468;23764;25;25942;25970;2623;2624;2625;2626;2627;3020;3021;3043;3045;3046;3047;3048;3065;3066;30845;30846;333932;3439;3440;3441;3442;3443;3444;3445;3446;3447;3448;3449;3451;3452;3456;3659;3660;3705;3717;4097;4602;4778;50808;51317;55604;55619;5566;55669;5567;5568;5573;5575;5576;5577;57572;5868;5879;5889;5890;60;64145;64780;653604;7157;7465;7975;80005;8165;81704;81928;829;830;832;8350;8351;8352;8353;8354;8355;8356;8357;8358;85440;8968;91768;9732;9927;998","15379;16240;36080;37565;57539;57660;57692;57733;57783;57895;61120;61120;9160"
"R-HSA-4085001","Sialic acid metabolism","10020;10402;10559;10610;10825;129807;140838;256435;26503;27090;2720;29906;30815;338596;4758;4759;51046;54187;5476;55808;55907;6480;6482;6483;6484;6487;6489;7903;80896;8128;81849;84620;8869","15378;15378;18420;21507;21507;21507;27438;28255;28273;29025;30616;33019;35418;35418;35418;37563;43474;57705;57812;57812;57812;75127;75127;75127;75127;75129;75129;75129;75129;75130;75130;75130;75130;75133;75133;75133;75133;87785;87792"
"R-HSA-4085011","Defective GNE causes sialuria, NK and IBM2","10020","30616;57705"
"R-HSA-1296061","HCN channels","10021;348980;57657;610","29103;29103"
"R-HSA-418594","G alpha (i) signalling events","10022;100996758;101060233;10287;10316;10563;10636;10663;10681;10692;107;108;10803;10850;10874;109;111;112;11251;1129;113;1132;114;115;117579;1230;1232;1233;1234;1235;1236;1237;126006;1268;1269;129521;1325;134;140;150;151;152;1524;165140;1814;1815;183;186;187;1880;1902;1903;196883;221391;23566;2357;2358;2359;23596;2550;256933;2587;259285;259286;259287;259289;259290;259292;259293;259294;259295;259296;26086;26166;2652;26575;27198;27199;2770;2771;2773;2778;2779;2780;2781;2782;2783;2784;2785;2786;2787;2788;2790;2791;2792;2793;2826;2831;2832;2833;283869;2840;2841;2847;2852;2853;2861;2912;2913;2914;2916;2917;2918;2919;2920;2921;29899;301;3351;3352;3354;3355;3361;338398;338442;339403;346562;351;353164;353299;3576;3577;3579;3627;3827;388372;4283;431704;4543;4544;4852;4886;4887;4889;4985;4986;4987;4988;5030;50831;50832;50833;50834;50835;50836;50837;50838;50839;50840;50865;51083;51289;5173;51764;5179;5196;53637;5367;5368;53829;54331;54429;5443;5473;5539;5540;55970;56477;5660;56670;56923;5697;57007;57121;5726;5733;58191;59340;59345;5956;5995;5996;5998;5999;6000;6001;6002;6003;6004;6010;623;624;6288;6346;6351;6352;6357;6360;6363;6364;6366;6368;6370;6372;6373;6374;6376;6387;63940;643;64407;64805;6714;6750;6751;6752;6753;6754;6755;718;719;727;728;728458;729230;7852;80834;80835;83756;84539;846;8484;8490;85397;8601;8698;8786;8787;8811;8843;8862;9283;9290;9294;94235;9560;9568;9628;9934","10093;15551;15555;15650;15824;15854;15940;16226;16296;16335;17552;17552;17698;17814;18305;18420;20067;23359;2366;2622;26948;2700;27613;27732;28241;2825;2853;28666;2877;28794;28973;29108;30616;30616;3193;32111;33019;350546;351346;36773;37098;37565;37565;37623;3768;3941;3944;422;43474;43474;53490;5547;6498;65408;8692;9162"
"R-HSA-444821","Relaxin receptors","10022;117579;122042;339403;3640;51289;59350;6019",""
"R-HSA-196299","Beta-catenin phosphorylation cascade","10023;139285;1452;1499;23401;2932;324;5515;5516;5518;5519;5525;5526;5527;5528;5529;8312","30616"
"R-HSA-4641262","Disassembly of the destruction complex and recruitment of AXIN to the membrane","10023;139285;1452;1455;1499;1855;1856;1857;23401;2535;2932;324;4040;4041;5515;5516;5518;5519;5525;5526;5527;5528;5529;7471;7478;7479;7855;8312;8321;857;89780","30616;30616"
"R-HSA-162791","Attachment of GPI anchor to uPAR","10026;128869;51604;5329;80055;8733;94005","57560"
"R-HSA-416482","G alpha (12/13) signalling events","100271715;10276;10451;10672;10681;11214;121512;128272;146;147;148;1894;221472;2245;22899;23229;23263;23365;23370;25791;26084;26230;27237;2768;2782;2783;2784;2785;2786;2787;2788;2790;2791;2792;2793;29;387;388;389;389337;4168;445328;50649;50650;51764;5364;54331;54848;55160;55701;55970;57449;57580;5924;59345;6093;6453;64857;6654;6655;6915;695;7074;7204;7409;7410;7984;84033;84904;8874;89846;8997;9138;9181;94235;9459;9475;9639;9826;9828","15627;17552;37565"
"R-HSA-5689880","Ub-specific processing proteases","100287144;100287178;100287205;100287238;100287327;100287364;100287404;100287441;100287478;100287513;10197;10213;10254;10454;10474;10600;1080;10868;10869;11047;11274;122706;128312;143471;154;1540;1643;219333;221613;23032;23198;23326;23358;23586;23770;255626;25862;2625;2648;27005;27430;29761;3012;3013;3017;3018;3091;317772;329;330;3416;367;377630;392188;401447;408;4086;4087;4088;4089;409;4092;4193;4194;4303;440689;4609;4792;51616;51651;5423;55031;55288;55611;5682;5683;5684;5685;5686;5687;5688;5689;5690;5691;5692;5693;5694;5695;5696;5698;5699;5700;5701;5702;5704;5705;5706;5707;5708;5709;5710;5711;5713;5714;5715;5716;5717;5718;5719;5720;5721;5728;57599;57646;57695;6233;6314;63891;63967;64135;64426;645402;645836;64750;6478;6502;6881;6885;7046;7157;7186;7189;723790;728369;728373;728379;728386;728393;728400;728405;728419;7311;7314;7316;7353;7375;7416;7417;7419;7874;79589;79594;7979;80351;8078;81847;8239;8295;8312;8313;8329;8330;8331;8332;8334;8335;8336;8337;8338;8339;8340;8341;8342;8343;8344;8345;8346;8347;8348;8349;83844;84101;84132;84196;84749;8517;85235;85236;8607;8658;8678;8724;8737;890;8900;8969;8970;8975;90865;9097;9099;9100;9101;9146;91833;92815;93624;9491;9736;9738;9804;9817;9861;9868;991;993;9958;9960;9986",""
"R-HSA-9819196","Zygotic genome activation (ZGA)","100288687;10413;1387;151871;201516;2033;23318;284355;342900;390245;503835;55211;7004;7157;79670",""
"R-HSA-166663","Initial triggering of complement","100293534;10584;10747;2219;2220;4153;5648;712;713;714;715;716;717;720;721;78989;8547","23367;23367;28009;28640;28847;28879;29108;37671;40356"
"R-HSA-174577","Activation of C3 and C5","100293534;5199;629;717;718;720;721;727","23367"
"R-HSA-977606","Regulation of Complement cascade","100293534;10877;10878;1191;1361;1369;1370;1378;1380;1604;1991;2147;27202;3075;3078;3080;3426;4179;5199;5627;629;710;712;713;714;715;716;717;718;719;720;721;722;725;727;728;729;730;731;732;733;735;7448;81494;930;966;975","15377;23367;24505;28879;29108;36080;36080"
"R-HSA-8951664","Neddylation","100302652;10072;10116;10197;10213;10238;1026;10324;10489;10517;10537;10920;10980;10987;11091;11275;114907;115290;1154;1161;122416;122706;122769;123228;123879;126433;127247;136371;139285;140456;140458;140459;140460;140461;140462;140739;140825;142685;142686;142689;143471;144699;146330;149951;150684;150726;154881;1642;1643;170622;200845;201456;2034;222235;23014;23038;23113;23142;23194;23198;23291;23363;23369;23412;25793;25879;26043;26094;26118;26190;26224;26232;26234;26235;26249;26259;26263;26267;26268;26270;26272;27252;283807;285231;2873;28952;28991;29099;3091;332;390594;4008;401036;4738;4780;50717;50813;51088;51122;51130;51138;51397;51514;51665;51666;51667;51676;51725;53339;54165;54461;54620;54850;54876;54939;54951;55175;55208;55294;55336;55527;55666;55827;55832;55884;55958;5682;5683;5684;5685;5686;5687;5688;5689;5690;5691;5692;56929;5693;5694;5695;5696;5698;5699;56995;5700;5701;5702;5704;5705;5706;5707;5708;5709;5710;5711;5713;5714;5715;5716;5717;5718;5719;5720;5721;57542;5929;5931;6233;64326;64344;64410;6468;64708;6500;6502;672;6921;6923;7311;7314;7316;7321;7322;7323;7347;7353;7415;7428;7704;79016;79176;79269;79594;79728;79754;7979;79791;80028;80067;80176;80204;80344;8065;8139;83987;84078;84085;84259;84261;8450;8451;8452;8453;8454;84541;84727;84861;84961;8533;8816;8835;8878;8883;8945;89890;899;90135;9021;90293;9039;9040;90864;92369;92591;9306;9318;93611;9491;9616;9655;9817;9820;9861;9903;9978","15377;26523;33019"
"R-HSA-983168","Antigen processing: Ubiquitination & Proteasome degradation","100302652;10075;10193;10197;10213;10273;10293;10324;10393;10422;10425;10477;10489;10517;10533;10616;11059;11065;11146;11275;114088;114907;115290;118424;122706;122769;126433;127247;127544;131405;135892;136371;140456;140458;140459;140460;140461;140462;140691;140739;142678;142685;142686;142689;143279;143471;144699;146330;148581;150726;151636;154214;154881;158506;197131;200845;201456;221687;222235;223082;22888;22954;23014;23194;23198;23291;23295;23304;23327;23352;23376;23608;246184;255488;25793;25831;25847;25897;25898;26046;26091;26118;26190;26224;26232;26234;26235;26249;26259;26263;26267;26268;26270;26272;27246;27252;27338;283807;285231;29116;29882;29945;3093;387522;390594;4008;401036;4012;4591;4734;5071;51088;51130;51132;51191;51320;51343;51433;51444;51465;51529;51619;51665;51666;51676;51725;53339;54461;54620;54778;54850;54926;55008;55070;55175;55182;55236;55284;55294;55336;55521;55585;55658;55819;55905;55958;56658;5682;5683;5684;5685;5686;5687;5688;5689;5690;5691;5692;5693;5694;5695;5696;5698;5699;5700;5701;5702;5704;5705;5706;5707;5708;5709;5710;5711;5713;5714;5715;57154;5716;5717;5718;5719;5720;5721;57520;57531;57542;57630;57674;5930;6047;6049;6233;63891;63893;642;64219;64320;64410;6468;64682;64718;64750;6477;6478;6500;6502;65264;6737;6921;6923;7064;7174;7311;7314;7316;7317;7318;7319;7320;7321;7322;7323;7324;7325;7326;7327;7328;7332;7334;7335;7336;7337;7428;7704;79176;79654;79754;7979;79791;79876;80028;80176;80196;80204;8065;8139;81559;83737;84078;84085;84231;84261;8452;8453;8454;84541;84676;84708;84727;84861;84937;84961;8651;868;8697;8881;89122;8916;8924;8925;8945;89890;899;89910;90025;90135;9021;90293;9039;9040;90678;90933;91694;92369;9246;92591;92912;9320;9354;93611;9491;9520;9604;9616;9666;9690;9730;9817;9820;9861;9867;9870;9903;991;996;997;9978","18420;23367;23367;25676;25676;25676;33019"
"R-HSA-140534","Caspase activation via Death Receptors in the presence of ligand","100302736;148022;1487017;23643;353376;355;356;4961494;7099;7186;841;8717;8737;8743;8772;8795;8797;929","16412"
"R-HSA-166016","Toll Like Receptor 4 (TLR4) Cascade","100302736;1759;1785;23643;26052;353376;3684;3689;3929;4064;5336;5775;6441;653509;671;7099;729238;929;9450","16412;16412"
"R-HSA-166166","MyD88-independent TLR4 cascade ","100302736;148022;23098;23643;353376;7099;929","16412"
"R-HSA-2562578","TRIF-mediated programmed cell death","100302736;11035;148022;23643;353376;7099;841;8737;8772;929","16412"
"R-HSA-6807878","COPI-mediated anterograde transport","100302736;10121;10282;10376;10381;10382;10383;10466;10540;10652;10671;10945;10959;10972;11014;11015;11070;11258;112714;11316;113457;1314;1315;140735;1604;1639;1778;1780;1781;1783;22796;22818;22820;23423;2348;25839;26286;26958;2801;2804;286;287;288;347688;347733;3630;372;375;377;378;381;4905;51014;51143;51164;51226;51272;51332;51807;54732;55738;55860;57511;57731;5861;63908;64689;6708;6709;6710;6711;6712;6811;7277;7278;7280;7846;79861;81027;81876;829;830;832;83548;84342;84364;84516;84617;84790;8615;8655;8729;8774;8775;91949;9276;93661;9382;9527;9570;966","30616;37565;43474"
"R-HSA-6811434","COPI-dependent Golgi-to-ER retrograde traffic","100302736;10112;10376;10381;10382;10383;1062;10749;10945;10959;10972;11004;11014;11015;11127;112714;11316;113220;113457;124602;1314;1315;146909;147700;221458;22818;22820;22920;23046;23095;23303;23423;24137;26153;26286;26958;285643;29127;347688;347733;372;375;377;378;3796;3797;3798;3799;381;3831;3832;3833;3834;3835;4905;51014;51226;51594;51807;53407;547;54732;55083;55582;55605;55614;55738;55850;56992;5861;60561;63908;64147;64837;662;6836;7277;7278;7280;7846;79861;81027;81876;81930;84364;84617;84643;84790;8729;8774;8775;89953;90990;9183;9276;9371;9493;9554;9585","30616;37565;43474"
"R-HSA-937041","IKK complex recruitment mediated by RIP1","100302736;11035;1147;148022;23098;23643;329;330;353376;3551;387522;6233;7099;7189;7311;7314;7316;7321;7322;7323;7334;7335;8517;8737;929","16412;36080"
"R-HSA-937072","TRAF6-mediated induction of TAK1 complex within TLR4 complex","100302736;10454;148022;23098;23118;23643;257397;353376;3656;6233;6885;7099;7189;7311;7314;7316;929","16412;36080"
"R-HSA-975163","IRAK2 mediated activation of TAK1 complex upon TLR7/8 or 9 stimulation","100302736;10454;148022;23118;23643;257397;353376;3656;6233;6885;7099;7189;7311;7314;7316;929","16412;36080"
"R-HSA-110362","POLB-Dependent Long Patch Base Excision Repair","10038;142;2237;328;3978;5423;54936;670;8505","16516;16551;33019;57540"
"R-HSA-5685939","HDR through MMEJ (alt-NHEJ)","10038;10111;10721;142;2237;3980;4361;4683;5893;5932;675;7515","16516;33019;57540;61120;61120;61120;61120;61120"
"R-HSA-5696394","DNA Damage Recognition in GG-NER","10038;10445;1069;10920;10980;10987;125476;142;1642;1643;283899;2873;29844;4798;50813;51138;54617;54891;5886;5887;60;6233;64708;7311;7314;7316;7508;7528;79913;83444;8450;8451;8533;86;8607;9318;93973;9978","57540;61120"
"R-HSA-5696395","Formation of Incision Complex in GG-NER","10038;1022;10401;1069;142;1642;1643;2067;2068;2071;2072;2073;2965;2966;2967;2968;404672;4331;54778;5886;5887;6117;6118;6119;6233;6612;6613;7311;7314;7316;7329;7334;7336;7341;7507;7508;8450;8451;85015;8554;902;9557;9978","30616;43474;61120;61120"
"R-HSA-5696400","Dual Incision in GG-NER","10038;10714;142;1642;1643;2067;2068;2071;2072;2073;2965;2966;2967;2968;404672;5111;51426;54107;5424;5425;5426;5427;56655;57804;5981;5982;5983;5984;5985;6117;6118;6119;6233;7311;7314;7316;7507;8450;8451;9557;9978",""
"R-HSA-1912408","Pre-NOTCH Transcription and Translation","10046;102724334;121504;126961;128312;1387;1869;1871;192669;192670;1999;2033;22938;23112;255626;2648;26523;27161;27327;3012;3013;3014;3017;3018;3020;3021;333932;3516;3725;4343;474382;4851;4853;4854;4855;51548;554313;55534;55766;5584;57690;595;653604;7027;7029;7157;723790;8294;8331;8334;8335;8337;8338;8339;8340;8341;8342;8343;8344;8345;8346;8347;8348;8349;8350;8351;8352;8353;8354;8355;8356;8357;8358;8359;8360;8361;8362;8363;8364;8365;8366;8367;8368;8370;84441;85236;861;8850;8968;8970;94239;9794","30616;57540"
"R-HSA-210744","Regulation of gene expression in late stage (branching morphogenesis) pancreatic bud precursor cells","10046;1387;2033;22938;2648;3175;3280;3516;390874;4851;50674;55534;6928;84441;8850;9794",""
"R-HSA-2197563","NOTCH2 intracellular domain regulates transcription","10046;1385;2033;2208;3002;3280;3516;388585;4853;55534;84441;9794",""
"R-HSA-8941856","RUNX3 regulates NOTCH signaling","10046;1387;182;2033;22938;2648;3280;3516;4851;55534;84441;864;8850;9794",""
"R-HSA-9013508","NOTCH3 Intracellular Domain Regulates Transcription","10046;10320;1387;171558;2033;2173;22938;23129;23286;23462;23493;2648;26508;3280;3516;388585;4851;4854;5087;55534;6772;84441;8850;9787;9794",""
"R-HSA-9013695","NOTCH4 Intracellular Domain Regulates Transcription","10046;1387;2033;22938;2324;23462;23493;2648;3280;3516;388585;4088;4851;4853;4855;55534;59;84441;8850;9794",""
"R-HSA-9793380","Formation of paraxial mesoderm","10046;10683;1387;1499;2033;2260;22938;2648;28514;343930;3516;4851;51176;55534;652;6862;6911;84441;8850;89780;9241;9794",""
"R-HSA-5673001","RAF/MAP kinase cascade","10048;10125;10718;10817;10818;115727;1437;1438;1439;145957;152831;1739;1740;1741;1742;1839;1950;1956;2064;2065;2066;2069;221002;2246;2247;2248;2249;2250;2251;2252;2253;2254;2255;2260;2261;2263;2264;23179;2322;2323;2534;255324;25759;25780;26281;2668;2674;2675;2676;27006;27040;284;2885;2902;2904;2906;3082;3084;3265;3558;3559;3560;3561;3562;3563;3567;3568;3667;3716;3717;3718;374;3815;3845;4233;4254;4684;4747;4893;4902;51332;5154;5155;5156;5159;5290;5291;5295;5296;53358;5594;5595;5623;57139;5747;57731;5786;5863;5900;5923;5924;5979;64096;6464;6654;6708;6709;6710;6711;6712;685;7010;7039;801;805;8074;808;815;816;817;818;8660;8682;88;8817;8822;8823;9048;9365;9542;9693;9965","16523;17815;28815;29108;37565;57305"
"R-HSA-8851805","MET activates RAS signaling","10048;200958;2885;3082;3265;3845;4233;4893;57610;6464;6654","37565"
"R-HSA-9861718","Regulation of pyruvate metabolism","10048;10296;192111;25852;3939;4199;4289;4750;5315;54994;6233;64777;64795;7311;7314;7316;79018;80232","15377;15378;18420;29035;43474"
"R-HSA-3371453","Regulation of HSF1-mediated heat shock response","10049;10762;10808;11097;116835;129401;22824;23165;23225;23279;23411;23511;23636;259217;27000;2932;3297;3303;3304;3305;3306;3308;3309;3310;3312;3313;3337;348995;472;4927;4928;51182;51501;53371;545;55706;55746;5594;5595;57122;573;57805;5903;6117;6118;6119;6396;6767;6782;7175;7266;7531;79023;79902;8021;8086;81929;8480;91582;9261;9529;9530;9531;9532;9631;9688;9818;9883;9972","30616;30616;43474;43474;57540;76279"
"R-HSA-351906","Apoptotic cleavage of cell adhesion  proteins","100506658;1499;1828;1829;1830;1832;5317;7082;836;9414;999",""
"R-HSA-8935964","RUNX1 regulates expression of components of tight junctions","100506658;7082;7122;861;865",""
"R-HSA-2299718","Condensation of Prophase Chromosomes","10051;102724334;10592;121504;126961;128312;23133;23310;255626;29781;3012;3013;3014;3017;3018;3020;3021;333932;387893;474382;5347;54892;554313;55766;5925;6418;653604;723790;79648;8290;8294;8331;8334;8335;8337;8338;8339;8340;8341;8342;8343;8344;8345;8346;8347;8348;8349;8350;8351;8352;8353;8354;8355;8356;8357;8358;8359;8360;8361;8362;8363;8364;8365;8366;8367;8368;8370;85236;891;8968;8970;94239;983","15379;16526;23367;23367;29033;30616;57856"
"R-HSA-2514853","Condensation of Prometaphase Chromosomes","10051;10592;1457;1459;1460;23397;64151;891;9133;983;9918","23367;23367;30616;30616;43474"
"R-HSA-112303","Electric Transmission Across Gap Junctions","10052;24145;56666;57369;84694","29103"
"R-HSA-190861","Gap junction assembly","10052;10376;10381;10382;10383;10804;112714;113457;125111;127534;219770;2697;2700;2701;2702;2703;2705;2706;2707;2709;347688;347733;375519;51807;57165;57369;7277;7278;7280;7846;79861;81025;81027;84617;84694;84790","37565"
"R-HSA-8941326","RUNX2 regulates bone development","100526737;10432;4086;4089;4091;860;865",""
"R-HSA-141444","Amplification  of signal from unattached  kinetochores via a MAD2  inhibitory signal","100526739;100527963;10403;1058;1060;1062;1063;10726;11004;11130;11243;140735;147841;151246;151648;1778;1780;1781;1783;220134;22919;23122;23279;23332;23421;2491;25909;25936;332;348235;348995;3619;378708;3796;401541;4085;4928;5048;51143;5347;54820;54821;54908;5501;55055;55143;5515;5516;55166;5518;5519;5525;5526;5527;5528;5529;55746;55839;55920;57082;57122;57405;57551;5903;5905;6232;6249;6396;64105;64946;699;701;7514;79003;79019;79023;79172;79682;79902;79980;80152;80776;81565;81929;81930;83540;8379;84643;8655;91687;9183;9184;9212;9735;9793;991",""
"R-HSA-2467813","Separation of Sister Chromatids","100526739;100527963;10197;10213;10274;10376;10381;10382;10383;10393;10403;1058;1060;1062;1063;10726;10735;11004;11065;11130;11243;112714;113130;113457;119504;122706;140735;143471;147841;151246;151648;1778;1780;1781;1783;220134;22919;23047;23063;23122;23198;23244;23279;23332;23421;246184;2491;25906;25909;25936;27338;29882;29945;332;347688;347733;348235;348995;3619;378708;3796;401541;4085;4928;5048;51143;51433;51529;51807;5347;54820;54821;54908;5501;55055;55143;5515;5516;55166;5518;5519;5525;5526;5527;5528;5529;55746;55839;55869;55920;5682;5683;5684;5685;5686;5687;5688;5689;5690;5691;5692;5693;5694;5695;5696;5698;5699;5700;5701;5702;5704;5705;5706;5707;5708;57082;5709;5710;5711;57122;5713;5714;5715;5716;5717;5718;5719;5720;5721;57405;57551;5885;5903;5905;6232;6233;6249;6396;64105;64682;64946;699;701;7277;7278;7280;7311;7314;7316;7321;7324;7514;7846;79003;79019;79023;79172;79682;7979;79861;79902;79980;80152;80776;81027;81565;81929;81930;8243;83540;8379;84617;84643;84790;8655;8697;8881;9126;91687;9183;9184;9212;9232;9491;9700;9735;9793;9861;991;996","23367;37565;57287;57288"
"R-HSA-2500257","Resolution of Sister Chromatid Cohesion","100526739;100527963;10274;10376;10381;10382;10383;10403;1058;1060;1062;1063;10726;10735;11004;11130;11243;112714;113130;113457;140735;147841;151246;151648;1778;1780;1781;1783;220134;22919;23047;23063;23122;23244;23279;23332;23421;2491;25909;25936;332;347688;347733;348235;348995;3619;378708;3796;401541;4085;4928;5048;51143;51807;5347;54820;54821;54908;5501;55055;55143;5515;5516;55166;5518;5519;5525;5526;5527;5528;5529;55732;55746;55839;55869;55920;57082;57122;57405;57551;5885;5903;5905;6232;6249;6396;64105;64946;699;701;7277;7278;7280;7514;7846;79003;79019;79023;79172;79682;79861;79902;79980;80152;80776;81027;81565;81929;81930;8243;83540;8379;84617;84643;84790;8655;891;9126;9133;91687;9183;9184;9212;9735;9793;983;991","23367;23367;30616;37565;43474;57287;57288"
"R-HSA-5663220","RHO GTPases Activate Formins","100526739;100527963;10376;10381;10382;10383;10403;1058;1060;1062;1063;10726;11004;11130;11243;112714;113457;114793;140735;147841;151246;151648;1729;1730;1778;1780;1781;1783;1855;1856;1857;220134;22919;23002;23122;23279;23332;23380;23421;2491;25909;25936;286205;29984;332;347688;347733;348235;348995;3619;3688;378708;3796;387;388;389;401541;4085;4928;5048;51143;51466;51807;5216;5217;5347;54820;54821;54908;5501;55055;55143;5515;5516;55166;5518;5519;5525;5526;5527;5528;5529;55746;55839;55920;57082;57122;57405;57551;57591;5879;5903;5905;60;6232;6249;6396;64105;64946;6714;6722;699;701;71;7277;7278;7280;7514;752;7846;79003;79019;79023;79172;79682;79861;79902;79980;80152;80776;81027;81565;81624;81929;81930;83540;8379;84617;84643;84790;8655;91010;91687;9183;9184;9212;9735;9793;991;998","18420;30616;30616;37565;37565;43474"
"R-HSA-606279","Deposition of new CENPA-containing nucleosomes at the centromere","100526739;102724334;1058;1060;11339;121504;128312;201254;23421;2491;255626;3012;3013;3014;3017;3018;378708;387103;401541;474382;4869;51773;54069;55166;55320;55355;554313;55766;55839;57082;5928;5931;64105;64946;723790;79019;79172;79682;80152;8294;8331;8334;8335;8337;8338;8339;8340;8341;8342;8343;8344;8345;8346;8347;8348;8349;8359;8360;8361;8362;8363;8364;8365;8366;8367;8368;8370;8467;85236;8607;8970;91687;94239",""
"R-HSA-6783310","Fanconi Anemia Pathway","100526739;146956;197342;199990;201254;2067;2072;2175;2176;2177;2178;2187;2188;2189;22909;29089;353497;378708;545;548593;55120;55215;57599;57697;6117;6118;6119;6233;64858;7311;7314;7316;7398;79008;80198;80233;84126;84464;91442;9937","16516;30616;33019;61120;61120"
"R-HSA-68877","Mitotic Prometaphase","100526739;100527963;10376;10381;10382;10383;10403;1058;1060;1062;1063;10726;11004;11130;11243;112714;113457;140735;147841;151246;151648;1778;1780;1781;1783;220134;22919;23122;23279;23332;23421;2491;25909;25936;332;347688;347733;348235;348995;3619;378708;3796;401541;4085;4928;5048;51143;51807;5347;54820;54821;54908;5501;55055;55143;5515;5516;55166;5518;5519;5525;5526;5527;5528;5529;55746;55839;55920;57082;57122;57405;57551;5903;5905;6232;6249;6396;64105;64946;699;701;7277;7278;7280;7514;7846;79003;79019;79023;79172;79682;79861;79902;79980;80152;80776;81027;81565;81929;81930;83540;8379;84617;84643;84790;8655;91687;9183;9184;9212;9735;9793;991","37565"
"R-HSA-9648025","EML4 and NUDC in mitotic spindle formation","100526739;100527963;10376;10381;10382;10383;10403;1058;1060;1062;1063;10726;10783;11004;11130;11243;112714;113457;140609;140735;147841;151246;151648;1778;1780;1781;1783;220134;22919;23122;23279;23332;23421;2491;25909;25936;27436;332;347688;347733;348235;348995;3619;378708;3796;401541;4085;4928;5048;51143;51807;5347;54820;54821;54908;5501;55055;55143;5515;5516;55166;5518;5519;5525;5526;5527;5528;5529;55746;55839;55920;57082;57122;57405;57551;5903;5905;6232;6249;6396;64105;64946;699;701;7277;7278;7280;7514;7846;79003;79019;79023;79172;79682;79861;79902;79980;80152;80776;81027;81565;81929;81930;83540;8379;84617;84643;84790;8655;91687;91754;9183;9184;9212;9735;9793;991","36080;37565"
"R-HSA-9833482","PKR-mediated signaling","100526739;103;10376;10381;10382;10383;112714;113457;1147;155871;1660;1965;1968;199990;201254;2175;2176;2178;2187;2188;2189;25820;3077523;3303;3304;3305;3306;3312;347688;347733;3551;3608;3609;378708;4137;4690;4869;51191;51807;54920;55120;5515;5516;5518;5519;5525;5608;5610;5611;57506;57697;5771;6622;6772;6774;6895;7157;7277;7278;7280;7329;7341;7706;7846;79861;80233;81027;84617;84790;8517;8575;8877;8894;91442;9246;956533;9636;983;NR_030583","33019;33697;33697;36080;36080;37565;67208"
"R-HSA-1632852","Macroautophagy","100526767;10325;10533;10542;10670;11152;11337;11345;115201;128866;140735;153129;22863;23192;23710;2475;25978;26100;27243;285973;28956;29082;30849;389541;440738;51422;51652;5289;53632;55004;55054;55062;5562;55626;5563;5564;5565;5571;56270;57521;58528;6009;60673;64121;64223;64419;64422;7248;7249;7405;79065;79643;81631;83734;8408;84557;84938;84971;8649;8655;8678;8897;9140;91782;92421;9474;9776;9821","26034;30616;37565;43474;57613;57613;57880;57923"
"R-HSA-5620971","Pyroptosis","100526767;128866;1687;1991;25978;27243;29082;3002;3146;3552;3553;3606;3659;3660;51652;54205;578;581;7157;79643;79792;834;836;837;838;8626;91782;92421","17526;28494;28494;57836"
"R-HSA-917729","Endosomal Sorting Complex Required For Transport (ESCRT)","100526767;10254;11267;128866;137492;155382;25978;27183;27243;29082;51028;51160;51271;51510;51534;51652;55048;6233;7251;7311;7314;7316;79643;79720;8027;84313;89853;9146;91782;92421;93343;9525","43474;57836;57836"
"R-HSA-9610379","HCMV Late Events","100526767;1052;10762;11097;11267;121504;126961;128312;128866;129401;13229470;13229473;137492;155382;221613;23165;23225;23279;23511;23636;255626;25978;27183;27243;29082;3012;3013;3017;3018;3077416;3077417;3077419;3077422;3077423;3077424;3077429;3077431;3077432;3077435;3077439;3077441;3077442;3077443;3077444;3077445;3077446;3077450;3077451;3077452;3077457;3077459;3077460;3077463;3077465;3077466;3077471;3077473;3077474;3077475;3077479;3077480;3077481;3077482;3077484;3077485;3077486;3077487;3077489;3077493;3077494;3077495;3077496;3077498;3077501;3077502;3077504;3077506;3077508;3077509;3077511;3077512;3077515;3077516;3077517;3077519;3077520;3077521;3077523;3077524;3077525;3077528;3077529;3077530;3077531;3077533;3077534;3077537;3077538;3077541;3077543;3077546;3077547;3077548;3077553;3077554;3077559;3077563;3077564;3077566;3077569;3077571;3077572;3077574;3077575;3077579;317772;3190;333932;348995;440689;4927;4928;51028;51160;5119;51271;51652;53371;55048;554313;55706;55746;57122;5903;6396;653604;7175;723790;7251;79023;79643;79720;79902;8021;8086;81929;8294;8329;8330;8331;8332;8334;8335;8336;8337;8338;8339;8340;8341;8342;8343;8344;8345;8346;8347;8348;8349;8350;8351;8352;8353;8354;8355;8356;8357;8358;8359;8360;8361;8362;8363;8364;8365;8366;8367;8368;8370;84313;8480;85235;85236;8968;8969;8970;89853;91782;92421;92815;93343;9631;9688;9818;9883;9972","16516"
"R-HSA-9668328","Sealing of the nuclear envelope (NE) by ESCRT-III","100526767;10376;10381;10382;10383;112714;113457;128866;200014;221496;25978;27183;27243;29082;347688;347733;51652;51807;6683;7277;7278;7280;7846;79643;79861;81027;84617;84790;91782;92421;9798","15377;15378;36080;37565;43474"
"R-HSA-9679504","Translation of Replicase and Assembly of the Replication Transcription Complex","100526767;128866;1489680;25978;27243;29082;30849;51652;5289;7405;79643;81631;8678;91782;92421;NC_004718.3","131825;133969;17843"
"R-HSA-9694676","Translation of Replicase and Assembly of the Replication Transcription Complex","100526767;128866;25978;27243;29082;30849;51652;5289;7405;79643;81631;8678;91782;92421;MN908947.3","8756"
"R-HSA-6803157","Antimicrobial peptides","100526773;10578;1113;114770;114771;116842;117159;1191;122665;128859;130120;140683;149954;1511;1991;3346;3347;3636229;3644711;4057;4069;5068;51297;5266;5320;55600;5645;5646;5657;57115;57119;6037;6039;6406;671;80341;820;84659;8993;92747","16412;16412;17411;21615;23367;28009;28881;29105;29105;29108;42976;55424;55478;55478;85986"
"R-HSA-74259","Purine catabolism","100526794;10591;22978;30833;3704;4860;4907;7498;84618;93034;9615","15378;15379;16235;16240;16335;16335;17368;17596;17596;17712;17775;18420;28938;28997;29105;29105;33019;43474;43474;44074;57464;57540;57673;57692;57720;58115;58115"
"R-HSA-913709","O-linked glycosylation of mucins","100528030;10071;10164;10331;10678;11226;11227;114805;117248;118430;140453;140687;143662;146712;168391;192134;200958;2589;2590;2591;26290;2650;283463;29071;374378;374907;394263;442117;4582;4583;4584;4585;4586;4588;4589;50614;51146;51809;55568;56667;56913;57452;63917;64409;727897;79369;79623;79695;84002;84752;8693;9245;93010;9331;9334;94025","57705;57847;66914"
"R-HSA-2424491","DAP12 signaling","100528032;10451;22914;2534;27040;2885;3133;3265;3822;3824;3845;3932;3937;4893;5290;5291;5295;5296;5335;5336;54209;567;5879;6464;6654;6850;695;7305;7410;9402","30616;30616;37565;57836"
"R-HSA-2514859","Inactivation, recovery and regulation of the phototransduction cascade","100529261;10681;10988;118142757;1258;1259;131890;23173;2339;2342;2779;2782;2792;2868;2979;2986;3000;388531;4836;5145;5148;5158;5475;5578;5588;5957;6010;6011;6295;79823;801;805;808;8787;9397;9626","15532;15532;16356;18420;27638;29108;29108;30616;30616;33019;37565;43474;57287;57287;57375;57844;57856"
"R-HSA-9648002","RAS processing","100529261;10434;2339;2342;23463;3265;377630;3845;402;4893;51104;51114;51125;5147;5588;5593;58489;598;6233;7311;7314;7316;801;805;808;81926;9986","15377;16356;29105;29108;33019;36080;36080;36080;36080;36080;36080;36080;37565;40277;57287;57379;57856;94119"
"R-HSA-9679191","Potential therapeutics for SARS","100529261;10280;10284;10362;10728;10800;1107;1108;1173;1175;1312;160;161;163;1901;203068;2280;2288;23028;23186;2339;2342;23476;25855;2885;2908;29110;29760;30011;3065;3066;3320;3326;3454;3455;3459;3460;3554;3570;3614;3615;3676;3688;3716;3717;3718;4690;476;477;478;4780;480;481;482;483;486;5045;51185;51284;51317;5133;51742;5336;5348;5349;53615;53822;53826;53828;54106;54815;57459;57504;5926;59272;5928;5931;5978;6093;64426;6654;6773;6850;695;7297;7409;7422;79685;81030;8452;8737;8819;9112;9219;9475;973;974;9817;9978","104023;31414;36080;40277;41879;4470;57836;6619;94119"
"R-HSA-164940","Nef mediated downregulation of MHC class I complex cell surface expression","10053;1174;130340;156110;162;164;3105;55690;567;8905;8907",""
"R-HSA-2132295","MHC class II antigen presentation","10053;10112;10120;10121;10376;10381;10382;10383;10427;10437;10484;10540;1062;10671;1075;10802;11004;11127;11258;112714;113457;114876;1173;1174;1175;1211;1213;130340;140735;147700;1508;1509;1510;1512;1513;1514;1515;1519;1520;160;161;162;163;1639;164;1759;1778;1780;1781;1783;1785;22872;22920;24137;26052;26153;285643;29127;3109;3111;3112;3113;3115;3117;3118;3119;3120;3122;3123;3125;3126;3127;347688;347733;375;3796;3797;3798;3799;3831;3832;3835;3902;51128;51143;51164;51807;5476;55860;5641;56992;6396;6456;64837;6712;7277;7278;7280;7846;7879;79861;81027;81930;821;829;830;832;83547;84516;84617;84643;84790;8655;8722;8905;8907;89953;93661;9371;9493;9632;972;9871","15841;15841;15996;23367;30616;37565;43474"
"R-HSA-432720","Lysosome Vesicle Biogenesis","10053;10717;11154;1174;1211;1212;1213;130340;134829;1522;157807;162;164;1777;1785;23431;2647;27243;2799;3312;351;375;4074;408;6456;6844;6845;81567;8673;8905;8906;8907;9146;9179;9829","30616;37565;43474;57923"
"R-HSA-432722","Golgi Associated Vesicle Biogenesis","10053;10618;10717;1174;1176;1211;1213;130340;1362;152503;162;164;1785;23431;23557;2495;2512;2580;25977;26258;2647;27131;2804;286451;3312;3482;375;388552;408;4952;51429;5286;54885;55330;5878;6272;6456;64746;6643;6844;6845;7037;7163;7164;81567;8301;84062;8546;8673;8775;8905;8907;9026;9685;9698;9829","30616;37565;43474"
"R-HSA-2559580","Oxidative Stress Induced Senescence","100532731;1019;1021;102724334;1029;1030;1031;1032;121504;126961;128312;1432;1869;1870;1871;1911;1912;192669;192670;2146;22955;23043;23112;23135;23466;23512;2353;255626;26523;27327;3012;3013;3014;3017;3018;3020;3021;333932;3456;3725;4193;4194;4217;4343;474382;50488;554313;55766;5594;5595;5599;5600;5601;5602;5606;5608;5609;57332;57690;5928;5931;6015;6045;6233;6416;648;653604;7027;7029;7157;723790;7295;7311;7314;7316;7867;80012;8294;8331;8334;8335;8337;8338;8339;8340;8341;8342;8343;8344;8345;8346;8347;8348;8349;8350;8351;8352;8353;8354;8355;8356;8357;8358;8359;8360;8361;8362;8363;8364;8365;8366;8367;8368;8370;84733;85236;8535;8550;8726;8968;8970;9261;94239;9448;NM_000077.4;NM_058195.3","26523;29033;30616;30616;30616;57856"
"R-HSA-3108214","SUMOylation of DNA damage response and repair proteins","100532731;10274;1029;1069;10735;10762;11097;129401;142;165918;1911;1912;197370;22955;23137;23165;23225;23279;23511;23636;286053;348995;4927;4928;493861;51564;51588;53371;5371;54780;55706;55746;56160;57122;57332;5885;5893;5903;6015;6045;6117;6396;641;648;6612;6613;6672;672;6996;7175;7329;7341;7486;7508;7518;7703;79023;79677;79902;80012;8021;8086;81929;8243;84733;8480;8535;8554;8924;9063;9126;9631;9656;9688;9818;9883;9972",""
"R-HSA-3899300","SUMOylation of transcription cofactors","100532731;10155;10210;10401;10499;10521;10891;11315;115426;1387;1487;1616;1655;1911;1912;2033;22955;25942;28996;3622;4152;4869;51588;57332;57591;59348;6015;6045;6294;648;6612;6613;7329;7341;7690;7703;80012;8204;84733;8535;8554;8648;9063;9612;9994",""
"R-HSA-4551638","SUMOylation of chromatin organization proteins","100532731;10762;1107;11097;121504;129401;1911;1912;22955;23165;23225;23279;23314;23468;23511;23512;23636;3065;3066;348995;4927;4928;53371;554313;55706;55746;57122;57332;5903;6015;6045;6304;6396;648;6612;6613;7175;7329;7341;7703;79023;79902;80012;8021;8086;81929;8294;8359;8360;8361;8362;8363;8364;8365;8366;8367;8368;8370;83746;84733;8480;8535;8554;9063;9189;9631;9688;9759;9818;9883;9972",""
"R-HSA-4570464","SUMOylation of RNA binding proteins","100532731;10762;11097;129401;1911;1912;22955;23165;23225;23279;23511;23636;3183;3190;348995;4927;4928;51602;53371;55706;55746;57122;57332;5903;6015;6045;6396;648;6613;7175;7329;7341;7703;79023;79902;80012;8021;8086;81929;84733;8480;8535;9631;9688;9818;9883;9972",""
"R-HSA-4655427","SUMOylation of DNA methylation proteins","100532731;1786;1788;1789;1911;1912;22955;57332;6015;6045;648;7329;7341;7703;80012;84733;8535",""
"R-HSA-8939243","RUNX1 interacts with co-factors whose precise effect on RUNX1 targets is not known","100532731;10138;1457;1459;1460;1911;1912;196528;2033;22955;23429;23466;26053;28996;51412;55193;57332;57492;6015;6045;648;6595;6597;6598;6599;6601;6602;6603;6604;6605;80012;8289;84333;84733;8535;86;861;865",""
"R-HSA-8953750","Transcriptional Regulation by E2F6","100532731;10138;10919;1111;11335;1869;1876;1911;2146;23269;23429;23468;23512;317;4149;5888;5928;5931;5932;6015;6045;6241;648;672;7027;7029;7703;79813;80012;80314;8317;83746;8409;84108;8726",""
"R-HSA-2672351","Stimuli-sensing channels","100533105;10110;10345;10786;11059;1179;1180;1181;1182;1183;1184;1185;1186;1187;1188;1193;121601;133308;144453;150159;161003;1831;196527;203859;2040;219931;22802;2281;23327;23678;259232;266675;284525;285175;285335;28962;338440;40;41;444;50636;51802;53373;54831;55107;55129;55515;57101;57348;57578;57719;5894;6233;6261;6262;6263;6337;6338;6339;6340;63982;6446;65125;65266;65267;65268;6717;7311;7314;7316;7439;7809;801;805;80727;808;844;845;9311;94015;9635","15378;15378;15378;15378;15378;15378;15378;15378;15378;15378;17544;17544;17775;17775;29101;29101;29101;29101;29101;29101;29101;29108;29108;29108;30616;34888;43474;43474;43474;76072"
"R-HSA-6781823","Formation of TC-NER Pre-Incision Complex","100534599;1022;10450;10920;10980;10987;1161;1642;2068;2071;2074;27339;2873;2965;2966;2967;2968;404672;4331;50813;51138;5430;5431;5432;5433;5434;5435;5436;5437;5438;5439;5440;5441;56949;57461;57654;6233;64708;6917;7311;7314;7316;7507;7874;8450;8451;8533;902;91603;9318;9716;9978","33019"
"R-HSA-6781827","Transcription-Coupled Nucleotide Excision Repair (TC-NER)","100534599;1022;10450;1161;1642;2068;2071;2074;27339;2965;2966;2967;2968;404672;4331;5430;5431;5432;5433;5434;5435;5436;5437;5438;5439;5440;5441;56949;57461;57654;6233;6917;7311;7314;7316;7874;8178;8450;8451;902;91603;9716;9978",""
"R-HSA-6782135","Dual incision in TC-NER","100534599;1022;10450;10714;1161;1642;2067;2068;2071;2072;2073;2074;27339;2965;2966;2967;2968;404672;4331;5111;51426;54107;5424;5425;5426;5427;5430;5431;5432;5433;5434;5435;5436;5437;5438;5439;5440;5441;56655;56949;57461;57654;57804;5981;5982;5983;5984;5985;6117;6118;6119;6233;6917;7311;7314;7316;7507;7874;8450;8451;902;91603;9716;9978","30616;43474;61120;61120;61120;61120;61120"
"R-HSA-6782210","Gap-filling DNA repair synthesis and ligation in TC-NER","100534599;1022;10450;10714;1161;1642;2068;2071;2074;27339;2965;2966;2967;2968;3978;3980;404672;4331;5111;51426;54107;5424;5425;5426;5427;5430;5431;5432;5433;5434;5435;5436;5437;5438;5439;5440;5441;56655;56949;57461;57654;57804;5981;5982;5983;5984;5985;6117;6118;6119;6233;6917;7311;7314;7316;7515;7874;8450;8451;902;91603;9716;9978","16516;33019;61120;61120;61120"
"R-HSA-72163","mRNA Splicing - Major Pathway","100534599;10084;10179;10181;10189;10236;10250;10262;102724594;10283;10284;10285;10286;10291;10450;10465;10523;10569;10594;10713;10772;10907;10915;10921;10929;10946;10992;11017;11157;11193;11325;11338;135295;143884;151903;153527;163859;1655;1659;1660;1665;199746;220988;22794;22826;22827;22916;22938;22985;23020;23350;23398;23450;23451;23517;23524;23658;23759;24144;24148;2521;25804;25949;26017;26121;27238;27258;27316;27336;27339;2962;2963;3178;3181;3183;3184;3185;3187;3188;3190;3191;3192;3312;3550;4116;4236;4670;4686;4809;4904;5093;5094;51340;51362;51428;51503;51593;51634;51639;51645;51690;51691;51729;51747;51759;5356;53938;5411;5430;5431;5432;5433;5434;5435;5436;5437;5438;5439;5440;5441;54883;55094;55100;5511;55110;55234;5546;55660;55696;55702;55749;56259;56949;5725;57461;57703;57794;57819;58509;58517;59286;60625;63932;6426;6427;6428;6429;6430;6431;6432;6434;65109;6625;6626;6627;6628;6629;6631;6632;6633;6634;6635;6636;6637;6638;6936;7307;7536;7737;79165;79171;7919;79576;79706;79753;8175;8241;83443;84081;8449;84811;84844;84950;84991;85313;8559;8683;8896;8899;8926;9092;9128;9129;9130;91603;9295;9343;9360;9410;9416;9584;9716;9775;9785;9879;988;9939","18420;30616;33697;43474"
"R-HSA-3065676","SUMO is conjugated to E1 (UBA2:SAE1)","10054;10055;6612;6613;7341","30616;30616;33019;33019"
"R-HSA-3065678","SUMO is transferred from E1 to E2 (UBE2I, UBC9)","10054;10055;25950;6612;6613;7329;7341",""
"R-HSA-379716","Cytosolic tRNA aminoacylation","10056;16;1615;2058;2193;2617;3035;3376;3735;4141;4677;51520;5464;5859;5917;6301;6897;7407;7453;7965;833;8565;9255;9521","16047;17732;18366;18420;29152;29153;29154;29155;29156;29157;29158;29159;29160;29161;29162;29163;29164;29166;29167;29168;29169;29170;29171;29172;29173;29174;29175;29176;29178;29179;30616;32513;32551;32682;33019;33384;35235;43474;57305;57427;57762;57844;57912;57926"
"R-HSA-2142850","Hyaluronan biosynthesis and export","10057;3036;3037;3038;57214","16336"
"R-HSA-382556","ABC-family proteins mediated transport","10057;10060;10197;10213;10257;10351;10613;1080;10956;11160;122706;1244;143471;1965;1968;23;23198;23457;24;27248;340273;368;3767;4363;51009;5243;5244;5682;5683;5684;5685;5686;5687;5688;5689;5690;5691;5692;5693;5694;5695;5696;5698;5699;5700;5701;5702;5704;5705;5706;5707;5708;5709;5710;5711;5713;5714;5715;5716;5717;5718;5719;5720;5721;6048;6233;6400;7311;7314;7316;7415;79139;7979;85320;8714;8894;89845;91319;91445;9491;9861","15841;15841;17544;17544;25696;25696;29103;29103;30616;41879;41879;43474;57643;57643"
"R-HSA-9748787","Azathioprine ADME","10057;10257;10451;2030;2938;2939;2944;2987;3177;3251;3614;3615;4830;4831;55270;5879;64078;654364;7172;7409;7410;7498;8833;9153","15377;15378;18420;2332;28279;29101;29101;33019;43474;44074;57540;57692;57856;57925;57925"
"R-HSA-1369007","Mitochondrial ABC transporters","10058;11194;22;23456","30616;30616;43474;43474;8337;8337"
"R-HSA-5683371","Defective ABCB6 causes MCOPCB7","10058","30616;8337"
"R-HSA-75153","Apoptotic execution phase","10059;10134;841;8428",""
"R-HSA-9833576","CDH11 homotypic and heterotypic interactions","1006;1009;1495;1499;1500;3728;64403","29108"
"R-HSA-1296025","ATP sensitive Potassium channels","10060;3764;3767;6833","29103;29103;30616"
"R-HSA-5578775","Ion homeostasis","10060;10345;10768;1193;1760;2281;3708;3709;3710;3767;444;476;477;478;480;481;482;483;4842;486;487;488;489;490;491;492;493;5348;5349;5350;53822;53826;53828;5566;6261;6262;6263;6543;6546;6547;6588;6717;6786;7137;7220;801;80228;805;808;815;816;817;818;844;845;84876","15378;15378;203600;203600;203600;29101;29101;29103;29103;29108;29108;29108;29108;29108;29108;29108;29108;29108;30616;43474;57540;57540"
"R-HSA-5678420","Defective ABCC9 causes CMD10, ATFB12 and Cantu syndrome","10060;3767","29103"
"R-HSA-9818032","NFE2L2 regulating MDR associated enzymes","10061;114483834;1387;2033;4363;4780;7975;8714;9429",""
"R-HSA-4090294","SUMOylation of intracellular receptors","10062;10401;2099;2494;2516;2908;367;4306;4929;51588;5241;5465;5468;5914;6095;6256;6612;6613;7067;7068;7181;7329;7341;7376;7421;8554;8856;9063;9759;9971","17650;27584;28077;36234"
"R-HSA-8866427","VLDLR internalisation and degradation","10062;1173;1175;1211;1213;160;161;163;255738;29116;6233;7311;7314;7316;7376;7436",""
"R-HSA-9029558","NR1H2 & NR1H3 regulate gene expression linked to lipogenesis","10062;2194;27329;6256;6257;6319;6720;7376;8204","41633"
"R-HSA-9029569","NR1H3 & NR1H2 regulate gene expression linked to cholesterol transport and efflux","10062;10123;1071;19;192669;192670;2033;221656;23028;23112;26523;27161;27327;2874;341;344;346;347;348;4343;5360;55818;57690;6256;6257;64240;64241;6907;7376;79718;80820;8648;8841;9611;9612;9619;9682","41633"
"R-HSA-9031525","NR1H2 & NR1H3 regulate gene expression to limit cholesterol uptake ","10062;29116;6256;6257;7376","41633"
"R-HSA-9031528","NR1H2 & NR1H3 regulate gene expression linked to triglyceride lipolysis in adipose","10062;5346;6256;6257;7376","41633"
"R-HSA-9623433","NR1H2 & NR1H3 regulate gene expression to control bile acid homeostasis","10062;2172;54659;6256;6257;7376;8648;9611;9612","41633"
"R-HSA-9632974","NR1H2 & NR1H3 regulate gene expression linked to gluconeogenesis ","10062;5105;6256;6257;8204","41633"
"R-HSA-6809371","Formation of the cornified envelope","100653049;1041;11005;11187;11202;112802;121391;125115;126638;140807;142910;144501;147183;147409;1475;149018;162605;1823;1824;1825;1828;1829;1830;1832;192666;196374;199834;2125;2312;23254;23581;254910;25818;25984;26085;26239;286887;319101;338785;340654;342574;353131;353132;353133;353134;353135;353137;353139;353140;353141;353142;353143;353144;353145;353288;3713;3728;374454;3848;3849;3850;3851;3852;3853;3854;3855;3856;3857;3858;3859;3860;3861;3866;3868;3872;3875;3880;3881;3882;3883;3884;3886;3887;3888;3889;3890;3891;3892;390792;4014;404203;43847;43849;448835;5045;5046;51350;5266;5317;5318;54474;5493;5652;63036;64065;643394;643414;643418;6698;6699;6700;6701;6703;6704;6705;6706;6707;6768;7051;7062;823;826;84648;8502;8687;8688;8689;9119;9333","15378;16113;16113;17761;17761;23367;29108;33575;35366;35366"
"R-HSA-9008059","Interleukin-37 signaling","10068;25930;26095;26469;27178;29110;4088;5771;5775;5777;5778;5780;5781;5782;5783;5784;59307;6774;834;84867;8809",""
"R-HSA-9012546","Interleukin-18 signaling","10068;240;27178;3565;3596;3606;8807;8809",""
"R-HSA-5083625","Defective GALNT3 causes HFTC","10071;118430;140453;143662;200958;2591;283463;394263;4582;4583;4584;4585;4586;4588;4589;56667;727897;94025","57847"
"R-HSA-5083632","Defective C1GALT1C1 causes TNPS","10071;118430;140453;143662;200958;283463;29071;394263;4582;4583;4584;4585;4586;4588;4589;56667;56913;727897;94025","66914"
"R-HSA-5083636","Defective GALNT12 causes CRCS1","10071;118430;140453;143662;200958;283463;394263;4582;4583;4584;4585;4586;4588;4589;56667;727897;79695;94025","57847"
"R-HSA-5621480","Dectin-2 family","10071;10462;118430;140453;143662;155971;170482;200958;2207;2534;26253;283463;338339;394263;4067;4582;4583;4584;4585;4586;4588;4589;50856;5336;56667;6850;727897;93978;94025","28808;28808;30616"
"R-HSA-977068","Termination of O-glycan biosynthesis","10071;10610;118430;140453;143662;200958;256435;27090;283463;394263;4582;4583;4584;4585;4586;4588;4589;56667;6480;6482;6483;6484;6487;727897;94025","57812"
"R-HSA-191859","snRNP Assembly","10073;10419;10762;11097;11218;1207;129401;22916;23165;23225;23279;23511;23636;25929;348995;4686;4927;4928;50628;51808;53371;54960;55706;55746;57122;5903;6396;6606;6607;6628;6632;6633;6634;6635;6636;6637;7175;79023;79084;79760;79833;79902;8021;8086;81929;8480;8487;9631;96764;9688;9818;9883;9972","1604;1604;17825;2274"
"R-HSA-1433557","Signaling by SCF-KIT","10076;10750;1111;1215;2241;2242;2534;2885;2886;2887;3265;3717;3815;3845;3932;4067;4254;4318;4893;5290;5295;5296;5578;5781;5879;6654;6714;6772;6774;6776;6777;7006;7409;7525;8503;9402;9846","30616;37565;57836;85994"
"R-HSA-936837","Ion transport by P-type ATPases","10079;10396;148229;23120;23200;23250;23400;27032;286410;344905;374868;476;477;478;479;480;481;482;483;486;487;488;489;490;491;492;493;495;496;51076;51248;51761;5205;5348;5349;5350;538;53822;53826;53828;540;57130;57194;57198;57205;6588;6717;79895;801;805;808;815;816;817;818;84239;9914","15377;15378;15378;15378;15378;18420;29035;29035;29036;29036;29036;29101;29101;29103;29103;29108;29108;29108;29108;29108;36916;36916;43474;57613;57613"
"R-HSA-72165","mRNA Splicing - Minor Pathway","10081;10262;10594;10907;10992;11066;11325;154007;22916;23020;23450;23451;24148;2962;2963;4686;4904;51639;5430;5431;5432;5433;5434;5435;5436;5437;5438;5439;5440;5441;55599;55954;6426;6427;6431;6432;6628;6632;6633;6634;6635;6636;6637;79622;8233;83443;85437;9343;9410;9416","33697"
"R-HSA-1971475","A tetrasaccharide linker sequence is required for GAG synthesis","10082;10675;11285;126792;135152;1462;1463;1464;1634;221914;2239;2262;26229;27087;2719;2817;3339;375790;633;6382;63827;6383;6385;64131;64132;9672","29035;57632;66914"
"R-HSA-2022928","HS-GAG biosynthesis","10082;11046;2131;2132;221914;222537;2239;2262;26035;266722;2719;2817;3339;3340;375790;6382;6383;6385;64579;64711;8509;90161;9348;9394;9653;9672;9951;9953;9955;9956;9957","57705;57705"
"R-HSA-2024096","HS-GAG degradation","10082;10855;112937;138050;221914;2239;2262;2719;2720;2817;2990;3339;3423;3425;375790;4669;60495;6382;6383;6385;6448;79411;89944;9672","15936;16189;17411;21338;28061;29108;4178;57287;57288"
"R-HSA-3560783","Defective B4GALT7 causes EDS, progeroid type","10082;10675;11285;1462;1463;1464;1634;221914;2239;2262;2719;2817;3339;375790;633;6382;63827;6383;6385;9672","66914"
"R-HSA-3560801","Defective B3GAT3 causes JDSSDHD","10082;10675;1462;1463;1464;1634;221914;2239;2262;26229;2719;2817;3339;375790;633;6382;63827;6383;6385;9672","29035"
"R-HSA-3656237","Defective EXT2 causes exostoses 2","10082;2131;2132;221914;2239;2262;2719;2817;3339;375790;6382;6383;6385;9672","57705"
"R-HSA-3656253","Defective EXT1 causes exostoses 1, TRPS2 and CHDS","10082;2131;2132;221914;2239;2262;2719;2817;3339;375790;6382;6383;6385;9672","57705"
"R-HSA-4420332","Defective B3GALT6 causes EDSP2 and SEMDJL1","10082;10675;126792;1462;1463;1464;1634;221914;2239;2262;2719;2817;3339;375790;633;6382;63827;6383;6385;9672","66914"
"R-HSA-9694614","Attachment and Entry","10082;1514;221914;2239;2262;26762;2719;2817;3339;375790;5045;59272;6382;6383;6385;7113;7415;8829;9672;MN908947.3","133969;133969;143976;143976;17851;17851;28077;8756;8756"
"R-HSA-975634","Retinoid metabolism and transport","10082;1109;1208;151056;1645;221914;2239;2262;26020;2719;2817;29967;3339;335;336;337;338;338328;344;345;348;375790;3949;4023;4035;4036;51109;53630;5406;54884;55937;57016;5947;5948;5950;6382;6383;6385;7276;7804;83875;8644;9227;9672","15377;15377;15377;15378;15378;15378;15379;15379;15756;15756;15756;15904;16113;16113;16113;16113;16113;16196;16196;16247;16247;16247;16247;16247;17336;17336;17336;17336;17336;17336;17351;17351;17579;17579;17616;17616;17616;17616;17616;17616;17616;24499;25667;26753;29033;29033;32325;32386;36080;36080;45021;53153;57540;57783;9254;9254"
"R-HSA-9820960","Respiratory syncytial virus (RSV) attachment and entry","10082;1524;1956;221914;2239;2262;23643;2719;2817;3339;3480;375790;4691;5045;5868;5869;5878;6382;6383;6385;7099;929;9672;KT992094","18420;29105"
"R-HSA-9662360","Sensory processing of sound by inner hair cells of the cochlea","10083;10518;11078;11344;117531;117532;124590;129446;140469;1488;161497;2036;2059;222662;23136;246213;25794;25861;259236;27445;286262;339768;3778;3779;389207;440699;4478;4627;4641;4647;490;491;494513;51168;51475;53405;5357;53904;5756;5864;5962;60;64072;643226;64787;65217;6616;6709;6711;6804;6844;6853;6855;71;7430;776;783;80331;829;830;832;83715;8573;8927;9132;9254;9381;9478;9750","29103;29103;29108;29108;36080;43474"
"R-HSA-9662361","Sensory processing of sound by outer hair cells of the cochlea","10083;10518;11078;11344;117531;117532;124590;129446;140469;161497;2036;2059;222662;23136;25794;25861;259236;286262;2934;339768;340990;375611;389207;4354;4478;4627;4641;4647;491;494513;51168;53405;5357;53904;5756;5962;60;64072;643226;64787;65217;6709;6711;71;7430;83715;8573;9132;9750","17544;29103;29103;29108;29108;36080;43474"
"R-HSA-427413","NoRC negatively regulates rRNA expression","100861532;1022;102724334;10284;10849;11176;121504;126961;128312;1786;1789;2068;2071;221830;23309;255626;25885;25942;29115;2965;2966;2967;2968;3012;3013;3014;3017;3018;3020;3021;3065;3066;30834;333932;404672;4331;474382;51082;51742;5434;5435;5437;5440;5441;554313;55766;64425;64426;653604;6908;723790;7270;7343;79101;79595;79685;8294;8331;8334;8335;8337;8338;8339;8340;8341;8342;8343;8344;8345;8346;8347;8348;8349;8350;8351;8352;8353;8354;8355;8356;8357;8358;8359;8360;8361;8362;8363;8364;8365;8366;8367;8368;8370;84172;8467;85236;8819;8932;8968;8970;9013;9014;9015;902;94239;9533;NR_046235;U13369","16991;27551;27551;33697;33697;57856"
"R-HSA-6790901","rRNA modification in the nucleus and cytosol","100861532;10171;10199;10436;10528;10607;10813;10885;11056;11103;114049;115939;134430;1736;2091;22984;23160;25879;25926;27042;27292;27340;27341;4809;4839;51077;51096;51118;51202;51504;51602;54433;54555;55127;55226;55272;55505;55623;55651;55813;56902;57050;57647;5822;6187;6194;6201;6203;6208;65083;79050;84128;84135;84916;8602;88745;9136;9277;92856;9724;9790;NR_006880;NR_046235","17509;20794;20794;30616;43474;57287;57288;57856;57856;65314;65314;74483;74493;74495"
"R-HSA-6791226","Major pathway of rRNA processing in the nucleolus and cytosol","100861532;10171;10199;10200;102800317;10436;10438;10528;10556;10557;10607;10799;10813;10885;10969;11056;11102;11103;11224;11340;114049;116832;117246;118460;134430;140032;140801;1453;1454;200916;2091;2197;22803;22894;22984;23016;23160;23246;23404;23481;23517;23521;25873;25879;25926;26168;26354;27042;27043;27340;27341;28987;3921;4691;4736;4809;51010;51013;51065;51077;51096;51118;51121;51202;51388;51602;5393;5394;54512;54555;54881;54913;55127;55131;55272;55720;55759;55781;55813;56902;56915;57050;57418;57647;5822;6122;6123;6124;6125;6128;6129;6130;6132;6133;6134;6135;6136;6137;6138;6139;6141;6142;6143;6144;6146;6147;6152;6154;6155;6156;6157;6158;6159;6160;6161;6164;6165;6166;6167;6168;6169;6170;6171;6173;6175;6176;6181;6187;6188;6189;6191;6192;6193;6194;6201;6202;6203;6204;6205;6206;6207;6208;6209;6210;6217;6218;6222;6223;6224;6227;6228;6229;6230;6231;6232;6233;6234;6235;65083;705;7311;79050;79159;79707;79897;81875;81887;83732;84128;84135;84916;84946;8568;8602;8780;88745;9045;90459;9136;9188;9277;92856;9349;9724;9790;NR_006880;NR_046235",""
"R-HSA-73863","RNA Polymerase I Transcription Termination","100861532;1022;10849;2068;2071;221830;25885;284119;2965;2966;2967;2968;30834;404672;4331;51082;5434;5435;5437;5440;5441;64425;6908;7270;7343;79101;84172;9013;9014;9015;902;9533;NR_046235;U13369",""
"R-HSA-211981","Xenobiotics","100861540;1543;1548;1549;1551;1553;1555;1557;1558;1559;1562;1565;1571;1572;1573;1576;1577;196;29785;405;54905;57491;64816;9915","15378;15379;16474;17347;1864;2504;27510;27561;27999;28119;28794;29133;30725;4026;4470;6532;9171"
"R-HSA-1660661","Sphingolipid de novo biosynthesis","10087;10558;10715;123099;124976;142891;1455;151742;165679;166929;171546;204219;23683;2531;253782;25865;259230;29095;29956;388931;4363;5007;55304;5587;56848;79152;79603;80777;8560;8877;91012;9217;9218;94101;94103;9429;9517","15378;15379;16526;17815;17815;17815;195634;29033;29034;30616;33384;43474;57287;57643;57643;57783;64583;64583;64612;67042;76177;83273;83273;83273;83273;84410;84411"
"R-HSA-1299308","Tandem of pore domain in a weak inwardly rectifying K+ channels (TWIK)","10089;3775;9424","29103;29103"
"R-HSA-5576886","Phase 4 - resting membrane potential","10089;338567;3759;3761;3768;3770;3775;3776;3777;50801;51305;54207;56659;56660;60598;83795;8645;89822;9424","29103;29103"
"R-HSA-9759811","Regulation of CDH11 mRNA translation by microRNAs","1009;192669;192670;23112;26523;27161;27327;4343;57690",""
"R-HSA-9762292","Regulation of CDH11 function","1009;1495;1499;1500;154796;3728;51129;80332;8728",""
"R-HSA-2022923","Dermatan sulfate biosynthesis","10090;10675;113189;1462;1463;1464;1634;29940;633;63827;92126",""
"R-HSA-72200","mRNA Editing: C to U Conversion","100913187;10930;164668;200315;27350;29974;339;403314;9582","16134"
"R-HSA-75094","Formation of the Editosome","100913187;10930;164668;200315;27350;29974;339;403314;9582","33697;33697"
"R-HSA-3928662","EPHB-mediated forward signaling","10092;10093;10094;10095;10096;10097;10109;10552;1072;1947;1948;1949;2047;2048;2049;2050;2051;2534;2902;2904;3265;387;3984;3985;4067;5058;5747;5879;5921;60;6093;6383;64283;6453;6714;7074;71;7525;8976;8997;9475;998","17552;30616;30616;37565;37565;43474;57305;57305"
"R-HSA-8856828","Clathrin-mediated endocytosis","10092;10093;10094;10096;10097;10109;10254;10552;10618;1080;11037;11252;112574;1129;115548;1173;1175;1211;1212;1213;127833;143425;154;160;1601;161;163;1759;1785;1839;185;1856;1950;1956;2017;2060;2069;22848;22905;23048;23149;23208;23396;255324;2580;25977;26052;26119;26130;273;274;286749;2885;29763;29924;29988;29993;30011;3092;3267;3312;338;3482;3575;374;382;3949;4036;4074;408;409;4952;50618;51429;5286;54874;551;554;55707;55738;58513;5868;5869;5878;60;6233;6453;6455;6456;6457;6572;6844;6845;685;6857;6869;7018;7037;7039;71;7311;7314;7316;7474;8027;8218;8301;8322;84251;85021;85439;867;8673;8674;8867;8871;8976;90019;9026;9146;915;917;9185;920;9322;9341;950;9829;9856;9892","16113;16152;16247;17526;17526;29034;29034;36080;37565;43474"
"R-HSA-977225","Amyloid fiber formation","10098;102;102724334;121504;126961;128312;1471;2243;23062;23163;23385;23555;23621;255626;26088;2934;3012;3013;3014;3015;3017;3018;3020;3021;325;3339;333932;335;337;3375;340348;348;351;3630;4057;4069;4240;474382;4878;5045;5071;51107;54959;554313;55851;5617;567;6233;6288;6406;6477;6478;653604;6622;6653;7045;723790;7276;7311;7314;7316;793;796;81619;8239;8294;8331;8334;8335;8337;8338;8339;8340;8341;8342;8343;8344;8345;8346;83464;8347;8348;8349;8350;8351;8352;8353;8354;8355;8356;8357;8358;8359;8360;8361;8362;8363;8364;8365;8366;8367;8368;8370;85236;8968;8970;9027;9246;9445;9627","15377;29105;29105;29108;29108;36080;36080;36080;36080;36080;36080;36080;36080;36080;36080;36080;36080;36080;36080;36080;36080;36080;36080;36080;36080;36080;36080;36080;36080;36080;36080;36080;36080;36080;36080;36080;36080;57287;57288"
"R-HSA-375276","Peptide ligand-binding receptors","100996758;10316;10874;10887;10911;110599583;128674;129521;1325;183;185;186;187;1889;1906;1907;1908;1909;1910;2147;2149;2150;2151;23620;2532;256933;257313;2587;2693;27202;2831;2832;2834;2837;283869;2847;2852;2861;2862;2922;2925;3576;3792;3814;3827;387129;4157;4158;4159;4160;4161;4295;4828;4829;4852;4886;4887;4889;4922;4923;4985;4986;4987;4988;51052;51083;5173;51738;5179;5367;5368;5443;5539;5540;5660;56923;5697;57486;594857;60675;623;624;6750;6751;6752;6753;6754;6755;680;718;719;7200;7201;727;728;7504;84432;84539;84634;8484;8811;885;886;8862;887;9002;9283;9718","29105;29108;3347;6541;9434;9927"
"R-HSA-1474228","Degradation of the extracellular matrix","101;102;10753;11095;11096;11131;11132;147968;1511;1513;1514;1515;1520;1634;164656;170690;170692;176;1991;2;2006;2200;2201;222663;2335;23385;23473;26254;3339;388743;3909;3911;3912;3914;3915;3918;4312;4313;4314;4316;4317;4318;4319;4320;4321;4322;4323;4324;4327;440854;4811;5340;5650;5654;5663;56999;63827;649;6650;6696;682;7092;7093;726;80274;823;824;825;826;827;831;836;84290;84467;8751;92291;9313;9507;9510;960;999","15841;29108;29108;29108;29108"
"R-HSA-2564830","Cytosolic iron-sulfur cluster assembly","10101;2068;22;27158;4682;51647;51750;5424;57019;64210;64428;83990;9391","15378;26833;57692;57783"
"R-HSA-5389840","Mitochondrial translation elongation","10102;10240;10573;10884;11222;116540;116541;118487;122704;124995;128308;219927;23107;26284;26589;28957;28973;28977;28998;29074;29088;29093;3396;5018;51021;51023;51069;51073;51081;51116;51253;51258;51263;51264;51318;51373;51642;51649;51650;54148;54460;54534;54948;54998;55037;55052;55168;55173;56945;57129;60488;6150;6182;6183;63875;63931;64432;64928;64949;64951;64960;64963;64965;64968;64969;64975;64976;64978;64979;64981;64983;65003;65005;65008;65080;65993;7284;740;7818;78988;79590;84545;85476;90480;92259;9553;9801","16047;17732;17843;17843;18366;23367;23367;29152;29153;29154;29155;29156;29157;29158;29159;29160;29161;29162;29163;29164;29166;29173;37565;37565;43474"
"R-HSA-9013148","CDC42 GTPase cycle","101059918;10160;10298;10395;10435;10451;10458;10602;10652;10672;106821730;10788;10928;11135;1123;114793;115557;115703;116984;116985;117289;121512;124997;128239;128272;139818;143872;144402;147179;148170;153478;1894;201176;2040;221178;221472;2245;22899;23002;23048;23092;23229;23263;23268;23348;23365;23380;23513;23526;23580;257106;25791;25894;26030;26084;26286;27237;28964;29;29062;2909;29127;3728;3895;392;393;3930;394;396;397;398;4168;4296;4650;4983;5058;50619;5062;5063;50649;50855;51133;51291;51306;5295;5296;5337;54874;55004;55114;55240;55619;55789;56924;56990;57144;57480;57514;57522;57569;57572;57580;57584;58504;5924;613;64333;64411;644150;6453;64857;7037;7074;7112;7204;7410;7454;7456;752;7879;79658;7984;80243;80728;81624;81704;81839;83478;84364;8476;85360;85440;857;8773;8826;8874;8976;89839;89846;90627;91010;92799;9341;9411;9459;9578;9639;9644;9743;9754;9815;9826;9901;9912;998","15377;37565;43474"
"R-HSA-9013405","RHOD GTPase cycle","101059918;10424;106821730;120;123720;144402;158747;1627;1729;1730;2010;23092;23344;23592;26092;27145;2909;29127;29984;392;3930;394;3998;4001;4162;51479;5295;5296;5361;5364;55114;55240;55789;56924;57144;57584;7112;7444;7879;79180;80728;81624;81839;832;84681;857;87;8987;9217;9341;94134;9497;9590;9743","15377;37565;43474"
"R-HSA-2187335","The retinoid cycle in cones (daylight vision)","101060233;158835;2652;5949;5956;6017;728458;9249","15378;15378;15756;16066;16254;16254;16302;16302;16302;16302;16302;17336;17336;17336;57287;57379;57783"
"R-HSA-2453864","Retinoid cycle disease events","101060233;145226;24;2652;5947;5950;5956;5959;6017;64220;7276;728458;9227","15378;16066;16302;17336;17336;25667;26753;30616;32386;45021;57540;57783"
"R-HSA-419771","Opsins","101060233;10692;221391;23596;2652;5956;5995;6010;728458;94233",""
"R-HSA-877300","Interferon gamma signaling","10107;10346;10379;10437;10475;10612;11074;115361;115362;117854;163351;2209;23087;23321;23650;2633;2634;2635;3105;3106;3107;3113;3115;3117;3118;3119;3120;3122;3123;3125;3126;3127;3133;3134;3135;3383;3394;3458;3459;3460;3659;3660;3661;3662;3663;3664;3665;3716;3717;388646;4092;4261;4281;4502;4684;4904;4938;4939;4940;51127;5371;53840;55128;55223;5580;5594;5595;567;5724;5777;6672;6737;6772;7412;7706;7726;79097;80128;80263;815;816;81603;817;818;85363;8638;8651;9021;960;9830",""
"R-HSA-2559586","DNA Damage/Telomere Stress Induced Senescence","10111;1017;1026;1027;102724334;10524;121504;128312;255626;25913;26277;3012;3013;3014;3017;3018;4361;4683;472;474382;54386;554313;55766;57634;65057;7013;7014;7157;723790;8290;8294;8331;8334;8335;8337;8338;8339;8340;8341;8342;8343;8344;8345;8346;8347;8348;8349;8359;8360;8361;8362;8363;8364;8365;8366;8367;8368;8370;85236;890;8900;8970;898;9134;94239","10545;16991;16991;23367;24636;26523;30616;57287;57288;61120;61120"
"R-HSA-5685938","HDR through Single Strand Annealing (SSA)","10111;10524;11073;116028;144715;1763;2067;2072;25;3364;4361;4683;472;545;580;5810;5883;5884;5888;5893;5932;5982;5983;5984;5985;6117;6118;6119;641;672;7156;7486;80010;83695;83990;84126;9156","30616;61120;61120;61120;61120"
"R-HSA-5685942","HDR through Homologous Recombination (HRR)","10111;10524;10635;10714;116028;1763;4361;4683;472;5111;51426;54107;5424;5425;5426;5427;5429;56655;57804;580;5888;5889;5890;5892;5932;5981;5982;5983;5984;5985;6117;6118;6119;6233;641;672;675;7156;7311;7314;7316;7486;7516;7517;79728;7979;80010;83990;9156","16516;33019;61120;61120"
"R-HSA-5693548","Sensing of DNA Double Strand Breaks","10111;10524;3838;4361;4683;472","10545;24636;26523;30616;57287;57288;61120"
"R-HSA-5693554","Resolution of D-loop Structures through Synthesis-Dependent Strand Annealing (SDSA)","10111;10524;10635;116028;1763;4361;4683;472;51750;580;5888;5889;5890;5892;5932;641;672;675;7156;7486;7516;7517;79728;7979;80010;83990;9156","23367;30616;43474;61120;61120"
"R-HSA-5693565","Recruitment and ATM-mediated phosphorylation of repair and signaling proteins at DNA double strand breaks","10111;102724334;10524;11200;121504;128312;165918;2070;2138;2139;2140;23030;25;255626;29086;3014;3017;3018;322;4361;4683;472;51035;51588;51720;5536;554313;5599;580;6233;672;7157;7158;7311;7314;7316;7329;7334;7336;7341;7468;79184;8290;8294;8314;8339;8340;8341;8342;8343;8344;8345;8346;8347;8348;8349;8359;8360;8361;8362;8363;8364;8365;8366;8367;8368;8370;84142;8467;85236;8924;8970;9025;9031;9577;9656;9682","29105;30616;43474;57856;61120"
"R-HSA-5693568","Resolution of D-loop Structures through Holliday Junction Intermediates","10111;10524;10635;116028;146956;1763;197342;23514;348654;4361;4683;472;548593;55732;580;5888;5889;5890;5892;5932;63979;641;672;675;7156;7486;7516;7517;79008;79728;7979;80010;80198;83990;84464;9156","23367;23367;30616;43474;61120;61120;61120;61120;61120"
"R-HSA-5693571","Nonhomologous End-Joining (NHEJ)","10111;102724334;10524;121504;128312;165918;22976;2547;255626;27343;27434;29086;3014;3017;3018;3981;4361;4683;472;51567;51588;51720;55183;554313;55775;5591;580;64421;672;7158;7334;7336;7468;7518;7520;79184;79840;8290;8294;8339;8340;8341;8342;8343;8344;8345;8346;8347;8348;8349;8359;8360;8361;8362;8363;8364;8365;8366;8367;8368;8370;84142;85236;8924;8970;9025;9577;9656","16516;29105;30616;33019;61120;61120;61120;61120"
"R-HSA-5693579","Homologous DNA Pairing and Strand Exchange","10111;10524;10635;116028;1763;4361;4683;472;580;5888;5889;5890;5892;5932;641;672;675;7156;7486;7516;7517;79728;7979;80010;83990;9156","23367;61120"
"R-HSA-5693607","Processing of DNA double-strand break ends","10111;1017;102724334;10524;11073;1111;116028;121504;128312;144715;151987;165918;1763;255626;29086;3014;3017;3018;3364;4361;4683;472;51548;51588;51720;545;54962;5531;554313;580;5810;5883;5884;5932;5982;5983;5984;5985;6047;6117;6118;6119;6233;63967;641;6613;672;7156;7158;7311;7314;7316;7329;7334;7336;7468;7486;79184;80010;8290;8294;8339;8340;8341;8342;8343;8344;8345;8346;8347;8348;8349;8359;8360;8361;8362;8363;8364;8365;8366;8367;8368;83695;8370;83990;84126;84142;85236;890;8900;8914;8924;8970;9025;9156;9577;9656","16516;29105;30616;43474;57540;61120"
"R-HSA-5693616","Presynaptic phase of homologous DNA pairing and strand exchange","10111;10524;11073;1111;116028;144715;1763;3364;4361;4683;472;545;580;5810;5883;5884;5888;5889;5890;5892;5932;5982;5983;5984;5985;6117;6118;6119;641;672;675;7156;7486;7516;7979;80010;83695;83990;84126;9156","30616;61120"
"R-HSA-6804756","Regulation of TP53 Activity through Phosphorylation","10111;1017;1020;10524;11073;1111;11198;11200;112858;116028;1263;138474;1432;144715;1457;1459;1460;1763;204851;22974;26155;28996;3364;4193;4194;4361;4683;472;51422;51616;5300;53632;54457;545;5562;5563;5564;5565;5571;5600;580;5810;5883;5884;5932;5982;5983;5984;5985;6117;6118;6119;6233;641;672;6749;6790;6794;6872;6873;6874;6875;6877;6878;6879;6880;6881;6882;6883;6884;6908;7156;7157;7311;7314;7316;7486;80010;8148;83695;83860;83990;84126;8445;8550;8851;890;8900;9156;9212;94241;9891","30616"
"R-HSA-69473","G2/M DNA damage checkpoint","10111;102724334;10524;11073;1111;11200;116028;121504;128312;144715;165918;1763;255626;29086;3014;3017;3018;3364;4361;4683;472;51588;51720;545;554313;580;5810;5883;5884;5932;5982;5983;5984;5985;6117;6118;6119;641;672;7156;7157;7158;7334;7336;7468;7486;79184;80010;8290;8294;8339;8340;8341;8342;8343;8344;8345;8346;8347;8348;8349;8359;8360;8361;8362;8363;8364;8365;8366;8367;8368;83695;8370;83990;84126;84142;85236;8924;8970;9025;9156;9577;9656","29105;30616;61120"
"R-HSA-912446","Meiotic recombination","10111;1017;1019;102724334;11144;121504;126961;128312;23626;255626;27030;29893;3012;3013;3014;3017;3018;3020;3021;333932;4292;4361;4438;4439;4683;472;474382;554313;55766;56979;5888;5889;5932;6117;6118;6119;641;653604;672;675;7156;723790;8290;8294;8331;8334;8335;8337;8338;8339;8340;8341;8342;8343;8344;8345;8346;8347;8348;8349;8350;8351;8352;8353;8354;8355;8356;8357;8358;8359;8360;8361;8362;8363;8364;8365;8366;8367;8368;8370;84057;85236;8968;8970;94239","57856;61120;61120;9160"
"R-HSA-9701192","Defective homologous recombination repair (HRR) due to BRCA1 loss of function","10111;10524;10635;116028;1763;4361;4683;472;580;5888;5889;5890;5892;5932;641;672;675;7156;7486;7516;79728;7979;80010;83990;9156","23367;61120"
"R-HSA-9704331","Defective HDR through Homologous Recombination Repair (HRR) due to PALB2 loss of BRCA1 binding function","10111;10524;10635;116028;1763;4361;4683;472;580;5888;5889;5890;5892;5932;641;672;675;7156;7486;7516;79728;7979;80010;83990;9156","23367"
"R-HSA-9704646","Defective HDR through Homologous Recombination Repair (HRR) due to PALB2 loss of BRCA2/RAD51/RAD51C binding function","10111;10524;10635;116028;1763;4361;4683;472;580;5888;5889;5890;5892;5932;641;672;675;7156;7486;7516;79728;7979;80010;83990;9156","23367;61120"
"R-HSA-9709570","Impaired BRCA2 binding to RAD51","10111;10524;11073;116028;144715;1763;3364;4361;4683;472;545;580;5810;5883;5884;5888;5932;5982;5983;5984;5985;6117;6118;6119;641;672;675;7156;7486;7979;80010;83695;83990;84126;9156",""
"R-HSA-9709603","Impaired BRCA2 binding to PALB2","10111;10524;10635;116028;1763;4361;4683;472;580;5888;5889;5890;5892;5932;641;672;675;7156;7486;7516;79728;80010;83990;9156","23367;61120"
"R-HSA-68884","Mitotic Telophase/Cytokinesis","10112;5347;9493","30616"
"R-HSA-983189","Kinesins","10112;10376;10381;10382;10383;1062;10749;11004;11127;112714;113220;113457;124602;146909;147700;221458;22920;23046;23095;23303;24137;26153;285643;29127;347688;347733;3796;3797;3798;3799;3831;3832;3833;3834;3835;51807;547;55083;55582;55605;55614;56992;64147;64837;7277;7278;7280;7846;79861;81027;81930;84617;84643;84790;89953;90990;9371;9493;9585","36080;37565"
"R-HSA-204005","COPII-mediated vesicle transport","10113;10175;10282;10342;10427;10484;10652;1075;10802;10959;10960;10972;11196;122553;126003;128637;1294;1453;149111;1522;2153;2157;22870;22872;23243;23256;2348;254263;26984;27095;2801;2890;374;3998;4905;51128;51399;51693;5265;55014;55291;5537;58485;5861;63908;6396;6399;64689;6811;7039;7109;79090;79748;81562;81876;83696;8615;8774;8775;89866;90411;9117;9554;9570;9632;966;9871;9919","23367;30616;37565;43474"
"R-HSA-5694530","Cargo concentration in the ER","10113;10175;10427;10484;1075;10802;10959;10960;10972;1294;149111;1522;2153;2157;2348;254263;2890;374;375056;3998;4253;51128;5265;6811;7039;79748;81562;90411;9554;9570;9632;966;9871","23367;37565"
"R-HSA-2565942","Regulation of PLK1 Activity at G2/M Transition","10121;10133;10142;102800317;10382;10383;10540;1069;10733;10806;11064;11116;11190;11258;115106;121441;1453;1454;1639;1778;1781;203068;22897;22919;22981;22994;22995;23291;23332;23354;3320;4218;4659;4660;4751;4957;5048;5108;5116;5347;54801;54820;54930;5500;55125;55142;5518;55559;5566;55722;55755;5577;55835;6233;6500;6790;7277;7283;7311;7314;7316;7531;7532;7840;7846;79441;79866;79959;80184;80254;80321;84131;8454;8481;84962;8636;8655;891;8945;9133;93323;95681;9662;9702;9738;9793;9814;983","30616;37565;43474"
"R-HSA-3371497","HSP90 chaperone cycle for steroid hormone receptors (SHR) in the presence of ligand","10121;10294;10376;10381;10382;10383;10540;10671;10728;10963;11258;112714;113457;140735;1639;1778;1780;1781;1783;2288;2289;2908;3301;3303;3304;3305;3306;3312;3320;3326;3337;347688;347733;367;4306;51143;51164;51807;5241;55466;55860;7277;7278;7280;7846;79861;81027;829;830;832;84516;84617;84790;8655;93661","15841;16330;16330;16422;16422;17347;17347;17650;17650;27584;27584;29117;29117;30616;30616;31414;37565;41879;43474;43474;7575;9463"
"R-HSA-380259","Loss of Nlp from mitotic centrosomes","10121;10142;102800317;10382;10383;10540;1069;10733;10806;11064;11116;11190;11258;115106;121441;1453;1454;1639;1778;1781;203068;22897;22919;22981;22994;22995;23332;23354;3320;4751;4957;5048;5108;5116;5347;54801;54820;54930;55125;55142;5518;55559;5566;55722;55755;5577;55835;7277;7283;7531;7532;7840;7846;79441;79959;80184;80254;80321;84131;8481;8636;8655;93323;95681;9662;9702;9738;9793;9814;983","30616"
"R-HSA-380270","Recruitment of mitotic centrosome proteins and complexes","10121;10142;102800317;10382;10383;10426;10540;1069;10733;10806;10844;11064;11116;11190;11258;114791;115106;121441;1453;1454;1639;1778;1781;203068;22897;22919;22981;22994;22995;23332;23354;27175;27229;29922;3320;440145;4751;4957;5048;5108;5116;5347;54801;54820;54930;55125;55142;5518;55559;5566;55722;55755;5577;55835;653784;7277;7283;728642;7531;7532;7840;7846;79441;79959;80097;80184;80254;80321;84131;8481;85378;8636;8655;93323;95681;9662;9702;9738;9793;9814;983;984",""
"R-HSA-380284","Loss of proteins required for interphase microtubule organization from the centrosome","10121;10142;102800317;10382;10383;10540;1069;10733;10806;11064;11116;11190;11258;115106;121441;1453;1454;1639;1778;1781;203068;22897;22919;22981;22994;22995;23332;23354;3320;4751;4957;5048;5108;5116;5347;54801;54820;54930;55125;55142;5518;55559;5566;55722;55755;5577;55835;7277;7283;7531;7532;7840;7846;79441;79959;80184;80254;80321;84131;8481;8636;8655;93323;95681;9662;9702;9738;9793;9814;983",""
"R-HSA-380320","Recruitment of NuMA to mitotic centrosomes","10121;10142;102800317;10376;10381;10382;10383;10426;10540;1069;10733;10806;10844;11064;11116;11190;11258;112714;113457;114791;115106;121441;1453;1454;1639;1778;1781;203068;22897;22919;22981;22994;22995;23332;23354;27175;27229;29922;3320;347688;347733;440145;4751;4926;4957;5048;5108;5116;51807;5347;54801;54820;54930;55125;55142;5518;55559;5566;55722;55755;5577;55835;653784;7277;7278;7280;7283;7531;7532;7840;7846;79441;79861;79959;80097;80184;80254;80321;81027;84131;84617;84790;8481;85378;8636;8655;93323;95681;9662;9702;9738;9793;9814;983","37565"
"R-HSA-5620912","Anchoring of the basal body to the plasma membrane","10121;10142;102800317;10382;10383;10540;1069;10733;10806;11064;11116;11190;11258;115106;117177;121441;132320;1453;1454;146057;1639;1778;1781;203068;22832;22897;22919;22981;22994;22995;23322;23332;23354;26005;26123;261734;27077;3320;347240;4218;4735;4751;4867;4957;5048;5108;51134;5116;51259;5347;54801;54806;54820;54903;54930;55125;55142;5518;55559;5566;55722;55755;5577;55835;57545;57787;7277;7283;7531;7532;7840;7846;79441;79598;79600;79867;79959;80184;80254;80321;80776;84131;8481;84902;85302;8636;8655;8766;91147;93323;95681;9657;9662;9702;9738;9793;9814;983","23367;37565"
"R-HSA-6811436","COPI-independent Golgi-to-ER retrograde traffic","10121;10376;10381;10382;10383;10540;10671;11258;112714;113457;140735;1639;1778;1780;1781;1783;22930;22931;23299;25782;2589;2590;347688;347733;5048;5049;5050;51143;51164;51560;51807;5321;55860;56894;5870;636;7277;7278;7280;7846;79861;81027;829;830;832;8398;84516;84617;84790;8655;93661","17504;30616;35366;37565;57287;57368;57643"
"R-HSA-8854518","AURKA Activation by TPX2","10121;10142;102800317;10382;10383;10540;1069;10733;10806;11064;11116;11190;11258;115106;121441;1453;1454;1639;1778;1781;203068;22897;22919;22974;22981;22994;22995;23332;23354;3161;3320;4751;4957;5048;5108;5116;5347;54801;54820;54930;55125;55142;5518;55559;5566;55722;55755;5577;55835;6790;7277;7283;7531;7532;7840;7846;79441;79959;80184;80254;80321;84131;8481;8636;8655;93323;95681;9662;9702;9738;9793;9814;983",""
"R-HSA-114508","Effects of PIP2 hydrolysis","10125;10235;139189;1606;1607;1608;160851;1609;3708;3709;3710;5580;5581;5583;5588;57113;7222;7225;8525;8526;8527;9162","17815;17815;203600;203600;29089;29108;29108;29108;29108;30616"
"R-HSA-1169092","Activation of RAS in B cells","10125;25780;3265;3845;4893","17815;17815;30616;37565"
"R-HSA-2871837","FCERI mediated NF-kB activation","10125;10197;10213;10235;10454;10892;1147;115727;122706;143471;2205;2206;2207;23118;23198;23291;257397;3551;387522;4067;4790;4792;5170;5588;5682;5683;5684;5685;5686;5687;5688;5689;5690;5691;5692;5693;5694;5695;5696;5698;5699;5700;5701;5702;5704;5705;5706;5707;5708;5709;5710;5711;5713;5714;5715;5716;5717;5718;5719;5720;5721;5970;6233;6500;6885;7189;7311;7314;7316;7321;7322;7334;7335;7979;84433;8454;8517;8915;8945;9491;9861;997","16152;29108;30616;33019;57836"
"R-HSA-354192","Integrin signaling","10125;10235;10411;11069;1445;207;2243;2244;2266;2335;3674;3690;5170;54518;5747;5770;5906;5908;6464;6714;6850;7094;7450","17815;18420;29035;29108;29108;30616;37565;43474"
"R-HSA-392517","Rap1 signalling","10125;10235;10411;11069;23108;5566;5567;5568;5592;5894;5906;5908;5909;6494;7529;7534","17815;29108;30616;33019;37565"
"R-HSA-177504","Retrograde neurotrophin signalling","10126;1173;1175;1211;1213;160;161;163;1759;1785;26052;4803;4914;6456","37565;43474"
"R-HSA-611105","Respiratory electron transport","10128;10131;10975;116228;126328;1327;1329;1337;1340;1345;1349;1350;1351;1353;1537;2108;2109;2110;25880;27089;285521;29796;374291;4512;4513;4514;4519;4535;4536;4537;4538;4540;4541;4694;4695;4696;4697;4698;4700;4701;4702;4704;4705;4706;4707;4708;4709;4710;4711;4712;4713;4714;4715;4716;4717;4718;4719;4720;4722;4723;4724;4725;4726;4728;4729;4731;51079;51204;51241;54205;54539;55744;55967;6341;6389;6390;6391;6392;6834;7381;7384;7385;7386;7388;80219;84987;90639;9167;93058;9377;9997","15378;15378;15379;23367;23367;23367;26355;28694;38573;38574;57540;57692;57692;64606;64607;64607"
"R-HSA-9707564","Cytoprotection by HMOX1","10128;10498;10499;10628;114548;116228;1327;1329;1337;1340;1345;1349;1350;1351;1353;1387;213;2168;23054;23309;25942;285521;3039;3040;3043;3162;3163;4363;4512;4513;4514;4697;51204;51241;54205;5465;5469;55620;5753;6256;6341;644;645;6604;6774;6834;6907;79718;80205;84987;85441;8648;8841;90639;9167;9377;9611;9612;96764;9997","15377;15377;15377;15378;15378;15379;15379;15379;15756;16234;16240;16480;17351;18421;18421;27432;28364;28694;29033;29105;32395;36144;38573;38574;57783;61120"
"R-HSA-9836573","Mitochondrial RNA degradation","10128;25996;2926;6832;81892;87178;NC_012920","15377;26561;43474"
"R-HSA-71403","Citric acid cycle (TCA cycle)","10131;1431;2271;23530;3418;3419;3420;3421;4191;50;6389;6390;6391;6392;8801;8802;8803","15378;15378;15562;15589;16452;16526;18420;26355;29035;30616;37565;43474;57287;57288;57292;57540;57783;64606;64606;64607"
"R-HSA-5357786","TNFR1-induced proapoptotic signaling","10133;10616;142678;1540;220213;27005;29110;329;330;331;55072;56957;7124;7128;7132;7186;7375;81858;841;8717;8737;8772;9099;9641;9825",""
"R-HSA-5357905","Regulation of TNFR1 signaling","10133;10273;10399;10616;1147;142678;1486086;1540;220213;25999;27005;29110;329;330;331;3551;3707572;55072;56928;56957;6233;7124;7128;7132;7185;7186;7311;7314;7316;7321;7322;7323;7332;7375;81858;8408;841;84888;8517;8567;8717;8737;8772;8837;8887;90268;9099;9261;9641;9825","30616"
"R-HSA-5357956","TNFR1-induced NF-kappa-B signaling pathway","10133;10399;10454;10616;1147;1540;220213;23118;257397;27005;329;330;331;3551;55072;56957;6233;6885;7124;7128;7132;7185;7186;7311;7314;7316;7375;81858;8517;8717;8737;9099;9825",""
"R-HSA-8854214","TBC/RABGAPs","10133;107080638;11021;11337;11345;125058;128637;23062;23163;23637;26000;26088;27342;338382;374403;382;414060;4218;4943;51256;51560;51762;54662;55357;57465;57533;5867;5868;5869;5870;5878;64786;7248;7249;729873;7879;79735;81631;83452;83874;8408;84958;8766;9135;9230;9363","15996;15996;15996;17552;17552;37565;43474"
"R-HSA-111465","Apoptotic cleavage of cellular proteins","10134;22985;2339;324;329;51765;5580;5588;5747;6093;6304;63967;660;836;839;840;841;8428",""
"R-HSA-8980692","RHOA GTPase cycle","10134;10144;10160;10211;10276;10395;10424;10451;10652;11113;11214;114822;115557;116984;116985;117289;128239;128272;143872;1729;1794;1894;2040;22899;23002;23092;2319;23197;23256;23263;23365;23370;23526;23779;257106;25791;25894;25963;26030;284119;29;2909;29127;29941;3163;3728;387;3895;392;393;3930;394;395;396;397;3998;4162;4168;4649;4650;4983;50619;50649;50650;5099;51291;5295;5296;5337;537;54443;55160;55200;55219;55701;55789;55831;5585;55852;5586;55914;57449;57514;57522;57569;57580;57584;57636;5825;58504;5924;6093;613;6242;64283;64333;64411;65124;65992;6793;6811;70;7037;7074;708;7112;7204;7409;7410;79658;7984;80243;80728;8086;81624;81839;83478;84033;84317;84986;85415;857;8773;8826;8874;89839;8987;8997;90627;91010;9138;91452;9181;9217;9341;93663;9411;9414;9475;9639;9743;9748;9754;9824;9826;9828;9912","15377;37565;43474"
"R-HSA-983170","Antigen Presentation: Folding, assembly and peptide loading of class I MHC","10134;10427;10484;10802;22863;22872;2923;30849;3105;3106;3107;3133;3134;3135;3309;51128;51752;5289;567;6396;64167;6890;6891;6892;811;821;8678;9632;9871","15377;15841;15841;15996;25676;25676;25676;36080;36080;37565;43474"
"R-HSA-1368108","BMAL1:CLOCK,NPAS2 activates circadian gene expression","10135;10498;10499;1387;1628;2155;23054;25819;28999;406;4862;5054;5465;5469;551;56938;6256;6604;6907;79365;79718;80205;85441;8553;8648;9575;96764","15756;17351;27432;28364;32395;61120"
"R-HSA-197264","Nicotinamide salvaging","10135;128240;143;1582;160728;4837;54625;54956;55328;55739;56965;5740;5743;79668;83594;83666;84875;93100;9390","10545;15378;15378;15378;15378;15378;15379;15552;15554;15763;15940;16240;18420;26355;27647;27662;29101;29101;30616;30768;30768;32544;33019;364453;41423;422;43474;57540;57540;57692;57783;57856;8887;90171;90174;90832"
"R-HSA-9768919","NPAS4 regulates expression of target genes","10135;1020;10769;1387;146713;2353;266743;2669;341359;3630;405;406;4193;440073;5594;5595;5979;627;7514;8851;9500;9915","17634"
"R-HSA-6811440","Retrograde transport at the Trans-Golgi-Network","10139;10226;10228;10244;10466;10618;122830;143187;22796;22836;23647;25839;2800;2803;339122;3482;400;4074;4905;51209;51542;51560;55275;57511;57589;5870;60560;60592;6293;63908;7110;738;79571;83548;84316;84342;8674;8675;8677;8774;8775;90196;91949;9341;9367;9382;9648;9712;9827","30616;37565;37565;57287;57288"
"R-HSA-9705671","SARS-CoV-2 activates/modulates innate and adaptive immune responses","10146;10392;10427;10454;10484;10747;10762;10802;11097;112744;114548;1147;129401;1387;22863;23118;23165;23225;23279;23367;23511;23586;23636;23765;257397;26007;29110;30849;3105;3106;3107;3133;3134;3135;3320;3326;340061;3439;3440;3441;3442;3443;3444;3445;3446;3447;3448;3449;3451;3452;3454;3455;3456;348995;3551;3605;3654;3656;3661;3665;3716;3838;387522;4153;4927;4928;51128;51284;51311;5289;53371;55706;55746;5648;567;57122;57506;5777;5781;5903;6233;6396;64127;64135;6441;6772;6773;6885;7096;7097;7175;7187;7189;7297;7311;7314;7316;7334;7335;7555;7706;79023;79902;80143;8021;8086;81929;84282;8480;84818;8517;8678;8767;89122;91662;9631;9632;9636;9641;9688;9818;9868;9871;9883;9908;9972;MN908947.3","133969;133969;143976;143976;15377;17851;17851;18420;25676;29035;29103;29103;29108;29108;33697;33697;36080;37565;57287;57288;67208;67208;8756"
"R-HSA-8984722","Interleukin-35 Signalling","10148;3572;3592;3595;3716;3717;6772;6774;6775;7297;821;9466",""
"R-HSA-9020956","Interleukin-27 signaling","10148;246778;3572;3716;3717;6772;6774;7297;821;9244;9466",""
"R-HSA-416700","Other semaphorin interactions","10154;10507;23129;3672;3688;5361;5362;5365;54209;57556;5788;64218;7305;80031;8482;9037;91584;971;9723",""
"R-HSA-9609690","HCMV Early Events","10155;10376;10381;10382;10383;10762;10951;11097;112714;113457;121504;126961;128312;129401;13229470;13229472;1385;140735;1616;1778;1780;1781;1783;1956;2002;2146;221613;23165;23225;23279;23511;23512;23636;255626;2874;3012;3013;3017;3018;3077416;3077417;3077420;3077421;3077422;3077424;3077425;3077426;3077428;3077429;3077430;3077431;3077435;3077439;3077441;3077442;3077444;3077445;3077446;3077447;3077448;3077449;3077450;3077451;3077454;3077455;3077456;3077460;3077462;3077463;3077464;3077472;3077473;3077474;3077481;3077486;3077489;3077490;3077493;3077495;3077496;3077497;3077498;3077500;3077501;3077502;3077503;3077504;3077506;3077509;3077512;3077513;3077514;3077515;3077516;3077517;3077518;3077521;3077522;3077523;3077524;3077525;3077526;3077527;3077528;3077530;3077531;3077532;3077533;3077534;3077536;3077537;3077538;3077539;3077541;3077542;3077545;3077546;3077547;3077548;3077549;3077551;3077554;3077557;3077558;3077559;3077560;3077561;3077562;3077563;3077567;3077572;3077574;3077575;3077576;3077577;3077578;3077579;317772;333932;347688;347733;348995;3688;440689;4790;4927;4928;51143;51807;53371;5371;554313;55706;55746;57122;5903;5928;5931;6396;653604;6907;7175;723790;7277;7278;7280;7846;79023;79718;79861;79902;8021;8086;81027;81929;8294;8329;8330;8331;8332;8334;8335;8336;8337;8338;8339;8340;8341;8342;8343;8344;8345;8346;8347;8348;8349;8350;8351;8352;8353;8354;8355;8356;8357;8358;8359;8360;8361;8362;8363;8364;8365;8366;8367;8368;8370;84617;84790;8480;85235;85236;8655;8726;8841;8968;8969;8970;92815;9611;9612;9631;9688;9818;9883;9972","24499;36080;37565;57287;57288;57627"
"R-HSA-5658442","Regulation of RAS by GAPs","10156;10197;10213;122706;143471;153090;161742;200734;22821;23198;3265;3845;399473;4763;4893;5682;5683;5684;5685;5686;5687;5688;5689;5690;5691;5692;5693;5694;5695;5696;5698;5699;5700;5701;5702;5704;5705;5706;5707;5708;5709;5710;5711;5713;5714;5715;5716;5717;5718;5719;5720;5721;5921;5922;6233;64926;7311;7314;7316;7979;84078;8437;8452;8831;9462;9491;9861;9978","37565"
"R-HSA-71064","Lysine catabolism","10157;123688;1428;1738;1743;2639;501;51166;51268;55526;85007;89874","15378;15378;15379;16134;16187;16240;16474;16526;18420;32551;37565;43474;57287;57332;57378;57499;57499;57540;57692;57783"
"R-HSA-2022377","Metabolism of Angiotensinogen to Angiotensins","10159;1066;1215;1359;1360;1361;1509;1511;1522;1636;183;2028;290;2999;4311;59272;5972","29105;29105;29105;30879;3698;43755;8713;8774;88200;88200;9649"
"R-HSA-9035034","RHOF GTPase cycle","10160;10409;120;1729;1730;23344;23380;26049;26092;29843;392;394;4001;4162;445582;4650;5295;5296;54509;55240;55789;55971;57584;60;65124;7112;7879;80115;80728;81624;81839;832;85360;857;87;8773;8776;9341;94134;9497;9590;9743","15377;37565;43474"
"R-HSA-416476","G alpha (q) signalling events","10161;10287;10316;10681;10800;10874;10886;10887;10911;1128;1131;1133;115557;1241;128674;129521;146;147;148;156;183;185;1902;1906;1907;1908;1909;1910;2147;2149;2150;2151;222545;23236;23566;2358;23620;2520;257313;2641;2642;26575;2693;27334;2767;2769;2776;2782;2783;2784;2785;2786;2787;2788;2790;2791;2792;2793;2796;2797;2798;2828;2829;2837;2840;2846;2847;2862;2863;2864;2865;2867;2869;2911;2915;2922;2925;29933;301;3060;3061;3062;3269;3356;3357;3358;338557;347148;351;353299;3814;3827;387129;4295;431704;4828;4829;4922;4923;4935;5020;5021;5028;5029;5031;5032;51738;51764;5290;5295;5296;5330;5331;5332;5367;54331;551;552;553;55970;56413;56923;57105;57121;5724;5731;5737;59345;594857;5996;5997;5998;5999;6003;6004;60675;623;624;6288;6368;6375;64106;64407;680;6846;6863;6865;6866;6869;6870;6915;695;7200;7201;7204;8111;84109;84432;84539;846;84634;8477;8490;8503;8620;885;886;887;8997;9002;94233;94235;9630","15378;15551;15553;15627;15647;15650;15740;15756;16196;17552;17815;203600;27432;27997;28364;28661;28666;28716;28875;29105;29108;30616;30768;30805;31011;32551;32682;350546;37565;37565;42504;43474;53460;53486;53487;57504;6498;9254"
"R-HSA-417957","P2Y receptors","10161;27334;2840;2846;5028;5029;5030;5031;5032;53829;64805;9934","30616;37941;87715;90841;9588"
"R-HSA-9856872","Malate-aspartate shuttle","10165;2805;2806;4190;4191;79751;83733;8402;8604","15378;15378;15589;15589;16452;16452;29108;57540;57540"
"R-HSA-70635","Urea cycle","10166;1373;162417;383;384;435;445;5009;57407;83884","16199;16199;17533;17544;28938;29035;29035;30616;30616;32682;32682;33019;43474;57287;57288;57472;57743;57743;57783"
"R-HSA-1538133","G0 and Early G1","1017;132660;1859;1874;1875;286826;3065;55957;5928;5933;5934;7027;7029;890;8900;898;9134;91750","30616"
"R-HSA-171319","Telomere Extension By Telomerase","1017;10856;1736;23243;25913;26277;51750;54386;54433;55135;55164;55291;5537;55505;55651;65057;7013;7014;7015;80119;8607;890;8900","15378;15986;15986;15986;30616;37568;43474"
"R-HSA-176187","Activation of ATR in response to replication stress","1017;10926;1111;144715;23594;23595;3364;4171;4172;4173;4174;4175;4176;4998;4999;5000;5001;545;55388;5810;5883;5884;5982;5983;5984;5985;6117;6118;6119;63967;8317;8318;84126;84515;990;993;995","30616;61120;61120"
"R-HSA-176408","Regulation of APC/C activators between G1/S and early anaphase","1017;10393;11065;119504;246184;25906;26271;27338;29882;29945;51343;51433;51529;64682;7321;7324;8697;8881;890;8900;891;983;991;996","30616"
"R-HSA-187577","SCF(Skp2)-mediated degradation of p27/p21","1017;1019;10197;10213;1026;1027;1163;5682;5683;5684;5685;5686;5687;5688;5689;5690;5691;5692;5693;5694;5695;5696;5698;5699;5700;5701;5702;5704;5705;5706;5707;5708;5709;5710;5711;5713;5714;5715;5716;5717;5718;5719;5720;5721;5753;595;6233;6500;6502;7311;7314;7316;7979;8454;890;8900;898;9134;9491;9861","30616;30616"
"R-HSA-2559582","Senescence-Associated Secretory Phenotype (SASP)","1017;1019;1021;1026;1027;102724334;1029;1030;1031;1032;10393;1051;10919;11065;119504;121504;126961;128312;2353;246184;255626;25906;27287;27338;29882;29945;3012;3013;3014;3017;3018;3020;3021;333932;3490;3552;3569;3576;3725;474382;4790;51343;51433;51529;554313;55766;5594;5595;5598;5970;6195;6196;6197;6233;64682;653604;6774;723790;7311;7314;7316;7321;7324;79813;8294;8331;8334;8335;8337;8338;8339;8340;8341;8342;8343;8344;8345;8346;8347;8348;8349;8350;8351;8352;8353;8354;8355;8356;8357;8358;8359;8360;8361;8362;8363;8364;8365;8366;8367;8368;8370;85236;8697;8881;890;8900;8968;8970;94239;996","30616;30616;57856"
"R-HSA-6804116","TP53 Regulates Transcription of Genes Involved in G1 Cell Cycle Arrest","1017;1026;1027;144455;1820;1869;25946;57060;7157;79733;890;8900;898;9134",""
"R-HSA-68911","G2 Phase","1017;1869;1871;890;8900","30616"
"R-HSA-68949","Orc1 removal from chromatin","1017;10197;10213;122706;143471;23198;23594;23595;4171;4172;4173;4174;4175;4176;4998;4999;5000;5001;5682;5683;5684;5685;5686;5687;5688;5689;5690;5691;5692;5693;5694;5695;5696;5698;5699;5700;5701;5702;5704;5705;5706;5707;5708;5709;5710;5711;5713;5714;5715;5716;5717;5718;5719;5720;5721;6233;6500;6502;7311;7314;7316;7979;81620;84515;8454;890;8900;9491;9861;990;9978","30616"
"R-HSA-68962","Activation of the pre-replicative complex","1017;10926;23594;23595;23649;29935;4171;4172;4173;4174;4175;4176;4998;4999;5000;5001;51053;54107;5422;5426;5427;55388;5557;5558;56655;6117;6118;6119;81620;8317;8318;84515;990","30616;43474"
"R-HSA-69017","CDK-mediated phosphorylation and removal of Cdc6","1017;10197;10213;10393;11065;119504;122706;143471;23198;246184;25906;27338;29882;29945;51343;51433;51529;5682;5683;5684;5685;5686;5687;5688;5689;5690;5691;5692;5693;5694;5695;5696;5698;5699;5700;5701;5702;5704;5705;5706;5707;5708;5709;5710;5711;5713;5714;5715;5716;5717;5718;5719;5720;5721;6233;64682;7311;7314;7316;7321;7324;7979;8697;8881;890;8900;898;9134;9491;9861;990;996","30616;30616"
"R-HSA-69200","Phosphorylation of proteins involved in G1/S transition by active Cyclin E:Cdk2 complexes","1017;5925;898;9134","30616"
"R-HSA-69231","Cyclin D associated events in G1","1017;1019;1021;1022;1026;1027;1028;1029;1030;1031;1032;1163;1869;1870;1871;1874;1875;25;28227;3717;4067;4331;5515;5516;5518;5519;5520;5753;5925;5933;5934;595;6233;6500;6502;6714;7027;7029;7311;7314;7316;8454;894;896;898;902;9134","30616;30616;43474"
"R-HSA-69273","Cyclin A/B1/B2 associated events during G2/M transition","1017;1022;2305;28227;4331;51400;51451;5347;5515;5516;5518;5519;5520;7465;7514;890;8900;891;902;9088;9133;983;993;994;995","17790;30616;30616;30616;30616;43474;43474;57856"
"R-HSA-69563","p53-Dependent G1 DNA Damage Response","1017;1026;1027;890;8900;898;9134",""
"R-HSA-8849470","PTK6 Regulates Cell Cycle","1017;1019;1027;5753;595;898",""
"R-HSA-9616222","Transcriptional regulation of granulopoiesis","1017;1019;1026;102724334;1050;1051;1053;121504;126961;128312;1385;1441;1869;2033;2313;255626;2624;2672;3012;3013;3014;3017;3018;3020;3021;333932;3570;4297;4602;4609;474382;51176;5371;554313;55766;5914;6256;653604;6688;6774;688;6886;7027;7029;723790;7913;8294;8331;8334;8335;8337;8338;8339;8340;8341;8342;8343;8344;8345;8346;8347;8348;8349;8350;8351;8352;8353;8354;8355;8356;8357;8358;8359;8360;8361;8362;8363;8364;8365;8366;8367;8368;8370;85236;861;865;8968;8970;94239",""
"R-HSA-9661069","Defective binding of RB1 mutants to E2F1,(E2F2, E2F3)","1017;1019;1021;1026;1027;1028;1869;1870;1871;5925;595;7027;7029;894;896;898;9134",""
"R-HSA-9825892","Regulation of MITF-M-dependent genes involved in cell cycle and proliferation","1017;1026;1029;1499;4233;4286;51176;5347;595;6909;6932;6934;83439;891",""
"R-HSA-2453902","The canonical retinoid cycle in rods (twilight vision)","10170;121214;145226;157506;24;285440;3292;4647;50700;51109;5947;5949;5950;5959;6010;6017;6121;64220;7276;8608;8630;9227","15378;15378;15379;15756;16066;16066;16196;16302;17336;17336;17336;17336;17351;17616;25667;26753;30616;30616;32386;43474;43474;45021;57540;57613;57783;57783;9254"
"R-HSA-5365859","RA biosynthesis pathway","10170;10901;112724;124;126;127;1381;157506;1592;195814;216;220;340665;51109;56603;57665;5959;64577;8608;8644;8854;9249","15378;15378;15379;16066;16302;16474;17336;17336;29105;57540;57783"
"R-HSA-445355","Smooth Muscle Contraction","10174;103910;10398;10580;10627;140465;217;25802;2977;2982;2983;29895;301;302;309;3672;3693;4629;4636;4637;4638;493829;5058;5062;5829;58498;59;7094;7168;7169;7170;7171;72;7414;800;801;805;808;8291;859;8654;8911;8912;8913;93408","15378;16356;16356;16480;16480;16480;18420;18420;18898;28787;29108;29108;30616;33019;37565;43474;76018;76018"
"R-HSA-9842663","Signaling by LTK","10188;285016;2885;3667;389658;4058;5290;5291;5295;5296;6464;6654",""
"R-HSA-159227","Transport of the SLBP independent Mature mRNA","10189;10482;10762;11097;129401;1977;22916;23165;23225;23279;23511;23636;348995;4686;4927;4928;53371;55706;55746;57122;5903;6396;7175;79023;79902;8021;8086;81929;8480;9631;9688;9818;9883;9972",""
"R-HSA-159230","Transport of the SLBP Dependant Mature mRNA","10189;10482;10762;11097;129401;1977;22916;23165;23225;23279;23511;23636;348995;4686;4927;4928;53371;55706;55746;57122;5903;6396;7175;7884;79023;79902;8021;8086;81929;8480;9631;9688;9818;9883;9972",""
"R-HSA-159231","Transport of Mature mRNA Derived from an Intronless Transcript","10189;10482;10762;10898;11097;129401;1977;22916;23165;23225;23279;23511;23636;29894;348995;4686;4927;4928;51692;53371;53981;55339;55706;55746;57122;5903;6396;7175;79023;79902;8021;8086;81608;8189;81929;8480;9631;9688;9818;9883;9972",""
"R-HSA-159236","Transport of Mature mRNA derived from an Intron-Containing Transcript","10189;10212;10250;102724594;10482;10569;10762;10921;11097;11338;129401;199746;22794;22916;23165;23225;23279;23511;23636;26097;2733;29107;348995;4116;4686;4927;4928;51213;51362;53371;55110;55706;55746;56001;57122;57187;5903;6396;6426;6427;6428;6429;6430;6431;6432;65109;7175;728343;7307;79023;7919;79228;79902;80145;8021;8086;81929;84248;84271;84321;84324;8480;8563;8683;9295;9631;9688;9775;9785;9818;9877;9883;9939;9972;9984","30616;33697;43474"
"R-HSA-72187","mRNA 3'-end processing","10189;10212;10250;102724594;10569;10898;10914;10921;10978;11051;11052;11338;1477;1478;1479;199746;22794;22916;23283;26097;29894;4116;4686;51213;51362;51585;51692;53981;55110;55339;57187;6426;6427;6428;6429;6430;6431;6432;65109;7307;7919;79228;79869;80145;8106;81608;8189;84248;84271;84321;84324;8563;8683;9295;9775;9785;9877;9939;9984","30616;33697"
"R-HSA-73856","RNA Polymerase II Transcription Termination","10189;10212;10250;102724594;10569;10898;10914;10921;10978;11051;11052;11338;134353;1477;1478;1479;199746;22794;22916;23283;25888;26097;29894;4116;4686;51213;51362;51585;51692;53981;55110;55339;57187;6426;6427;6428;6429;6430;6431;6432;65109;6628;6634;6635;6636;6637;7307;7884;7919;79228;79869;80145;8106;81608;8189;84248;84271;84321;84324;84967;8563;8683;9295;9775;9785;9877;9939;9984","23367;36080"
"R-HSA-2559585","Oncogene Induced Senescence","1019;1021;1029;1030;1031;1032;1869;1870;1871;192669;192670;2077;2113;2114;23112;26523;27327;3397;4193;4194;4343;5594;5595;57690;5925;6233;6667;7027;7029;7157;7311;7314;7316;NM_000077.4;NM_058195.3","30616;30616"
"R-HSA-3214858","RMTs methylate histone arginines","1019;10196;10419;10498;11091;121504;126961;1788;196528;221613;3012;3013;3014;317772;3276;333932;3717;474382;51412;54496;55170;55193;55352;554313;55766;57492;5931;595;6187;653604;6595;6597;6598;6599;6601;6602;6603;6604;6605;723790;79084;8289;8294;8329;8330;8331;8332;8334;8335;8336;8337;8338;8350;8351;8352;8353;8354;8355;8356;8357;8358;8359;8360;8361;8362;8363;8364;8365;8366;8367;8368;8370;85235;86;8968;8969;92815;94239","30616;57856;57856"
"R-HSA-75815","Ubiquitin-dependent degradation of Cyclin D","1019;10197;10213;122706;143471;23198;2932;5682;5683;5684;5685;5686;5687;5688;5689;5690;5691;5692;5693;5694;5695;5696;5698;5699;5700;5701;5702;5704;5705;5706;5707;5708;5709;5710;5711;5713;5714;5715;5716;5717;5718;5719;5720;5721;595;6233;7311;7314;7316;7979;9491;9861","36080"
"R-HSA-9630791","Evasion of Oncogene Induced Senescence Due to Defective p16INK4A binding to CDK4","1019;1029",""
"R-HSA-9630794","Evasion of Oncogene Induced Senescence Due to Defective p16INK4A binding to CDK4 and CDK6","1019;1021;1029",""
"R-HSA-9632697","Evasion of Oxidative Stress Induced Senescence Due to Defective p16INK4A binding to CDK4","1019;1029",""
"R-HSA-9632700","Evasion of Oxidative Stress Induced Senescence Due to Defective p16INK4A binding to CDK4 and CDK6","1019;1021;1029",""
"R-HSA-9754119","Drug-mediated inhibition of CDK4/CDK6 activity","1019;1021;595;894;896",""
"R-HSA-446193","Biosynthesis of the N-glycan precursor (dolichol lipid-linked oligosaccharide, LLO) and transfer to a nascent protein","10195;144245;1798;199857;29929;440138;56052;79053;79087;79796;79868;84920;85365;91869;9526","15812;15812;18278;18341;18396;37633;37633;37633;37637;53742;57523;57527;57527;57683;57683;57683;57705"
"R-HSA-4720475","Defective ALG3 causes CDG-1d","10195","37633;57523"
"R-HSA-8876725","Protein methylation","10196;151194;1915;1938;196483;2109;221143;22944;254013;3312;399818;6187;7415;79091;79609;79823;801;805;808","57856;57856;57856"
"R-HSA-1169091","Activation of NF-kappaB in B cells","10197;10213;10892;1147;122706;143471;23198;23291;3551;4790;4792;4793;4794;5579;5682;5683;5684;5685;5686;5687;5688;5689;5690;5691;5692;5693;5694;5695;5696;5698;5699;5700;5701;5702;5704;5705;5706;5707;5708;5709;5710;5711;5713;5714;5715;5716;5717;5718;5719;5720;5721;5966;5970;6233;6500;6885;7311;7314;7316;7979;84433;8454;8517;8915;8945;9491;9861","17815;29108;29108;30616;30616"
"R-HSA-1234176","Oxygen-dependent proline hydroxylation of Hypoxia-inducible Factor Alpha","10197;10213;112398;112399;122706;126374;143471;2034;23198;3091;54583;5682;5683;5684;5685;5686;5687;5688;5689;5690;5691;5692;5693;5694;5695;5696;5698;5699;5700;5701;5702;5704;5705;5706;5707;5708;5709;5710;5711;5713;5714;5715;5716;5717;5718;5719;5720;5721;6233;64344;6921;6923;7311;7314;7316;7321;7322;7323;7428;7979;8453;84962;8994;9491;9861;9978","15379;15379;15379;15379;16526;16526;16526;16526;29033;29033;29033;29033;38290;38290;38290;38290"
"R-HSA-1236974","ER-Phagosome pathway","10197;10213;10333;10952;114609;1147;122706;143471;2243;2244;2266;23198;23480;23643;2923;29927;3105;3106;3107;3133;3134;3135;3146;3551;4615;55176;567;5682;5683;5684;5685;5686;5687;5688;5689;5690;5691;5692;5693;5694;5695;5696;5698;5699;5700;5701;5702;5704;5705;5706;5707;5708;5709;5710;5711;5713;5714;5715;5716;5717;5718;5719;5720;5721;6233;6271;6279;6280;6810;6890;6891;6892;695;7096;7097;7099;7311;7314;7316;7979;811;8517;8673;8773;884327;929;9341;948;9491;9554;9861","15841;15841;16412;23367;23367;23367;25676;28640;29108;30616;30616;43474"
"R-HSA-1236978","Cross-presentation of soluble exogenous antigens (endosomes)","10197;10213;122706;143471;2209;23198;4360;50489;5682;5683;5684;5685;5686;5687;5688;5689;5690;5691;5692;5693;5694;5695;5696;5698;5699;5700;5701;5702;5704;5705;5706;5707;5708;5709;5710;5711;5713;5714;5715;5716;5717;5718;5719;5720;5721;7979;9491;9861;9902","25676"
"R-HSA-174084","Autodegradation of Cdh1 by Cdh1:APC/C","10197;10213;10393;11065;119504;246184;25906;27338;29882;29945;51343;51433;51529;5682;5683;5684;5685;5686;5687;5688;5689;5690;5691;5692;5693;5694;5695;5696;5698;5699;5700;5701;5702;5704;5705;5706;5707;5708;5709;5710;5711;5713;5714;5715;5716;5717;5718;5719;5720;5721;6233;64682;7311;7314;7316;7321;7324;7979;8697;8881;9491;9861;996",""
"R-HSA-174113","SCF-beta-TrCP mediated degradation of Emi1","10197;10213;122706;143471;23198;26271;51343;5682;5683;5684;5685;5686;5687;5688;5689;5690;5691;5692;5693;5694;5695;5696;5698;5699;5700;5701;5702;5704;5705;5706;5707;5708;5709;5710;5711;5713;5714;5715;5716;5717;5718;5719;5720;5721;6233;6500;7311;7314;7316;7979;8454;8945;9491;9861;991",""
"R-HSA-174154","APC/C:Cdc20 mediated degradation of Securin","10197;10213;10393;11065;119504;122706;143471;23198;246184;25906;27338;29882;29945;51433;51529;5682;5683;5684;5685;5686;5687;5688;5689;5690;5691;5692;5693;5694;5695;5696;5698;5699;5700;5701;5702;5704;5705;5706;5707;5708;5709;5710;5711;5713;5714;5715;5716;5717;5718;5719;5720;5721;6233;64682;7311;7314;7316;7321;7324;7979;8697;8881;9232;9491;9861;991;996",""
"R-HSA-174178","APC/C:Cdh1 mediated degradation of Cdc20 and other APC/C:Cdh1 targeted proteins in late mitosis/early G1","10197;10213;10393;11065;119504;122706;143471;23198;246184;25906;27338;29882;29945;51343;51433;51529;5347;5682;5683;5684;5685;5686;5687;5688;5689;5690;5691;5692;5693;5694;5695;5696;5698;5699;5700;5701;5702;5704;5705;5706;5707;5708;5709;5710;5711;5713;5714;5715;5716;5717;5718;5719;5720;5721;5925;6233;64682;6502;6790;7311;7314;7316;7321;7324;7979;8697;8881;9212;9232;9491;9861;991;996",""
"R-HSA-174184","Cdc20:Phospho-APC/C mediated degradation of Cyclin A","10197;10213;10393;11065;119504;122706;143471;23198;246184;25906;27338;29882;29945;4085;51433;51529;5682;5683;5684;5685;5686;5687;5688;5689;5690;5691;5692;5693;5694;5695;5696;5698;5699;5700;5701;5702;5704;5705;5706;5707;5708;5709;5710;5711;5713;5714;5715;5716;5717;5718;5719;5720;5721;6233;64682;701;7311;7314;7316;7321;7324;7979;8697;8881;890;8900;9184;9491;983;9861;991;996",""
"R-HSA-180534","Vpu mediated degradation of CD4","10197;10213;122706;143471;155945;23198;5682;5683;5684;5685;5686;5687;5688;5689;5690;5691;5692;5693;5694;5695;5696;5698;5699;5700;5701;5702;5704;5705;5706;5707;5708;5709;5710;5711;5713;5714;5715;5716;5717;5718;5719;5720;5721;6233;6500;7311;7314;7316;7979;8945;920;9491;9861",""
"R-HSA-180585","Vif-mediated degradation of APOBEC3G","10197;10213;122706;143471;155459;23198;5682;5683;5684;5685;5686;5687;5688;5689;5690;5691;5692;5693;5694;5695;5696;5698;5699;5700;5701;5702;5704;5705;5706;5707;5708;5709;5710;5711;5713;5714;5715;5716;5717;5718;5719;5720;5721;60489;6233;6921;6923;7311;7314;7316;7979;8065;9491;9861;9978",""
"R-HSA-195253","Degradation of beta-catenin by the destruction complex","10197;10213;122706;139285;143471;1452;1499;23198;2932;324;54764;5515;5516;5518;5519;5525;5526;5527;5528;5529;5682;5683;5684;5685;5686;5687;5688;5689;5690;5691;5692;5693;5694;5695;5696;5698;5699;5700;5701;5702;5704;5705;5706;5707;5708;5709;5710;5711;5713;5714;5715;5716;5717;5718;5719;5720;5721;6233;6500;7311;7314;7316;7979;8312;8454;8945;9491;9861;9978","30616"
"R-HSA-202424","Downstream TCR signaling","10197;10213;10892;1147;122706;143471;23118;23198;23291;3113;3115;3117;3118;3119;3120;3122;3123;3125;3126;3127;3551;3635;387522;3932;4790;4792;50852;5170;5290;5291;5295;5296;5588;5682;5683;5684;5685;5686;5687;5688;5689;5690;5691;5692;5693;5694;5695;5696;5698;5699;5700;5701;5702;5704;5705;5706;5707;5708;5709;5710;5711;5713;5714;5715;5716;5717;5718;5719;5720;5721;5728;5970;6233;6500;6885;7189;7311;7314;7316;7321;7322;7334;7335;7979;84433;8454;8517;8767;8915;8945;915;916;917;919;920;9491;9861;997","16152;30616;43474;57836"
"R-HSA-211733","Regulation of activated PAK-2p34 by proteasome mediated degradation","10197;10213;122706;143471;23198;5062;5682;5683;5684;5685;5686;5687;5688;5689;5690;5691;5692;5693;5694;5695;5696;5698;5699;5700;5701;5702;5704;5705;5706;5707;5708;5709;5710;5711;5713;5714;5715;5716;5717;5718;5719;5720;5721;6233;7311;7314;7316;7979;9491;9861",""
"R-HSA-349425","Autodegradation of the E3 ubiquitin ligase COP1","10197;10213;122706;143471;23198;472;5682;5683;5684;5685;5686;5687;5688;5689;5690;5691;5692;5693;5694;5695;5696;5698;5699;5700;5701;5702;5704;5705;5706;5707;5708;5709;5710;5711;5713;5714;5715;5716;5717;5718;5719;5720;5721;6233;64326;7157;7311;7314;7316;7979;9491;9861","30616"
"R-HSA-350562","Regulation of ornithine decarboxylase (ODC)","10197;10213;122706;143471;1728;23198;4946;4947;4953;51582;51686;5682;5683;5684;5685;5686;5687;5688;5689;5690;5691;5692;5693;5694;5695;5696;5698;5699;5700;5701;5702;5704;5705;5706;5707;5708;5709;5710;5711;5713;5714;5715;5716;5717;5718;5719;5720;5721;7979;9491;9861",""
"R-HSA-450408","AUF1 (hnRNP D0) binds and destabilizes mRNA","10197;10213;122706;143471;1981;23198;26986;3184;3303;3304;3312;3315;5682;5683;5684;5685;5686;5687;5688;5689;5690;5691;5692;5693;5694;5695;5696;5698;5699;5700;5701;5702;5704;5705;5706;5707;5708;5709;5710;5711;5713;5714;5715;5716;5717;5718;5719;5720;5721;6233;7311;7314;7316;7979;9491;9861",""
"R-HSA-4608870","Asymmetric localization of PCP proteins","10197;10213;122706;143471;144165;1856;23198;23513;2535;50855;5682;5683;5684;5685;5686;5687;5688;5689;5690;5691;5692;5693;5694;5695;5696;5698;5699;5700;5701;5702;5704;5705;5706;5707;5708;5709;5710;5711;5713;5714;5715;57154;5716;5717;5718;5719;5720;5721;57216;6233;64750;7311;7314;7316;7474;7855;7976;7979;8321;8322;8324;8325;9491;9861","30616"
"R-HSA-4641257","Degradation of AXIN","10197;10213;122706;143471;23198;5682;5683;5684;5685;5686;5687;5688;5689;5690;5691;5692;5693;5694;5695;5696;5698;5699;5700;5701;5702;5704;5705;5706;5707;5708;5709;5710;5711;5713;5714;5715;5716;5717;5718;5719;5720;5721;6233;64750;7311;7314;7316;7979;80351;81847;8312;8313;8658;9491;9861","57540"
"R-HSA-4641258","Degradation of DVL","10197;10213;122706;143471;1855;1856;1857;23072;23198;51339;5682;5683;5684;5685;5686;5687;5688;5689;5690;5691;5692;5693;5694;5695;5696;5698;5699;5700;5701;5702;5704;5705;5706;5707;5708;5709;5710;5711;5713;5714;5715;5716;5717;5718;5719;5720;5721;59349;6233;7311;7314;7316;7979;8452;9491;9861;9978",""
"R-HSA-5358346","Hedgehog ligand biogenesis","10197;10213;10956;122706;143471;23198;27248;3549;5034;50846;51009;55733;5682;5683;5684;5685;5686;5687;5688;5689;5690;5691;5692;5693;5694;5695;5696;5698;5699;5700;5701;5702;5704;5705;5706;5707;5708;5709;5710;5711;5713;5714;5715;5716;5717;5718;5719;5720;5721;6233;6400;6469;7311;7314;7316;7415;7979;84447;9491;9861","16113;18367;30616;57287;57379"
"R-HSA-5362768","Hh mutants are degraded by ERAD","10197;10213;10956;122706;143471;23198;27248;51009;5682;5683;5684;5685;5686;5687;5688;5689;5690;5691;5692;5693;5694;5695;5696;5698;5699;5700;5701;5702;5704;5705;5706;5707;5708;5709;5710;5711;5713;5714;5715;5716;5717;5718;5719;5720;5721;6233;6400;6469;7311;7314;7316;7415;7979;84447;9491;9861","16113;18367;30616"
"R-HSA-5607761","Dectin-1 mediated noncanonical NF-kB signaling","10197;10213;1147;122706;143471;23198;23291;4791;5682;5683;5684;5685;5686;5687;5688;5689;5690;5691;5692;5693;5694;5695;5696;5698;5699;5700;5701;5702;5704;5705;5706;5707;5708;5709;5710;5711;5713;5714;5715;5716;5717;5718;5719;5720;5721;5970;5971;6233;6500;7311;7314;7316;7979;8454;8945;9020;9039;9040;9491;9861","30616"
"R-HSA-5607764","CLEC7A (Dectin-1) signaling","10197;10213;10454;10892;1147;122706;143471;23118;23198;23291;257397;3551;387522;4790;4792;5170;5336;5580;5682;5683;5684;5685;5686;5687;5688;5689;5690;5691;5692;5693;5694;5695;5696;5698;5699;5700;5701;5702;5704;5705;5706;5707;5708;5709;5710;5711;5713;5714;5715;5716;5717;5718;5719;5720;5721;5970;6233;64170;64581;6500;6714;6850;6885;7189;7311;7314;7316;7321;7322;7334;7335;7979;84433;8454;8517;8915;8945;9491;9861;997","16152;203600;30616;30616;33019;37671;37671;57836"
"R-HSA-5610780","Degradation of GLI1 by the proteasome","10197;10213;122706;143471;23198;2735;51684;5566;5567;5568;5682;5683;5684;5685;5686;5687;5688;5689;5690;5691;5692;5693;5694;5695;5696;5698;5699;5700;5701;5702;5704;5705;5706;5707;5708;5709;5710;5711;5713;5714;5715;5716;5717;5718;5719;5720;5721;6233;6500;7311;7314;7316;7979;83737;8454;8650;8945;9491;9861;9978","30616"
"R-HSA-5610783","Degradation of GLI2 by the proteasome","10197;10213;122706;143471;1452;23198;2736;2932;51684;5566;5567;5568;5682;5683;5684;5685;5686;5687;5688;5689;5690;5691;5692;5693;5694;5695;5696;5698;5699;5700;5701;5702;5704;5705;5706;5707;5708;5709;5710;5711;5713;5714;5715;5716;5717;5718;5719;5720;5721;6233;6500;7311;7314;7316;7979;8454;8945;9491;9861;9978","30616"
"R-HSA-5610785","GLI3 is processed to GLI3R by the proteasome","10197;10213;122706;143471;1452;23198;2737;2932;51684;5566;5567;5568;5682;5683;5684;5685;5686;5687;5688;5689;5690;5691;5692;5693;5694;5695;5696;5698;5699;5700;5701;5702;5704;5705;5706;5707;5708;5709;5710;5711;5713;5714;5715;5716;5717;5718;5719;5720;5721;6233;6500;7311;7314;7316;7979;8454;8945;9491;9861;9978","30616"
"R-HSA-5632684","Hedgehog 'on' state","10197;10213;122706;132884;143471;2121;22873;23198;23432;25989;2735;2736;2737;339745;3549;374654;50846;51684;5682;5683;5684;5685;5686;5687;5688;5689;5690;5691;5692;5693;5694;5695;5696;5698;5699;5700;5701;5702;5704;5705;5706;5707;5708;5709;5710;5711;5713;5714;5715;57154;5716;5717;5718;5719;5720;5721;5727;6233;6469;64750;6608;7311;7314;7316;79577;7979;83737;8405;8452;8650;9491;9861;9978","30616;30616"
"R-HSA-5668541","TNFR2 non-canonical NF-kB pathway","10197;10213;10673;115650;122706;143471;23198;329;330;4049;4050;4055;407977;51330;5682;5683;5684;5685;5686;5687;5688;5689;5690;5691;5692;5693;5694;5695;5696;5698;5699;5700;5701;5702;5704;5705;5706;5707;5708;5709;5710;5711;5713;5714;5715;5716;5717;5718;5719;5720;5721;6233;7124;7133;7186;7187;7311;7314;7316;7979;8600;8740;8742;8792;9020;9491;958;959;9861",""
"R-HSA-5676590","NIK-->noncanonical NF-kB signaling","10197;10213;1147;122706;143471;23198;23291;4791;5682;5683;5684;5685;5686;5687;5688;5689;5690;5691;5692;5693;5694;5695;5696;5698;5699;5700;5701;5702;5704;5705;5706;5707;5708;5709;5710;5711;5713;5714;5715;5716;5717;5718;5719;5720;5721;5971;6233;6500;7311;7314;7316;7979;8454;8945;9020;9039;9040;9491;9861","30616"
"R-HSA-5678895","Defective CFTR causes cystic fibrosis","10197;10213;10613;1080;10956;11160;122706;143471;23198;27248;51009;5682;5683;5684;5685;5686;5687;5688;5689;5690;5691;5692;5693;5694;5695;5696;5698;5699;5700;5701;5702;5704;5705;5706;5707;5708;5709;5710;5711;5713;5714;5715;5716;5717;5718;5719;5720;5721;6048;6233;6400;7311;7314;7316;7415;79139;7979;91319;91445;9491;9861","30616;43474;66901"
"R-HSA-5687128","MAPK6/MAPK4 signaling","10197;10213;10435;10602;10642;122706;143471;148170;192669;192670;2118;2308;2309;23112;23198;26523;27161;27327;3315;3337;3725;4343;4609;5058;5062;5063;5566;5567;5568;5596;5597;5682;5683;5684;5685;5686;5687;5688;5689;5690;5691;5692;5693;5694;5695;5696;5698;5699;5700;5701;5702;5704;5705;5706;5707;5708;5709;5710;5711;5713;5714;5715;5716;5717;5718;5719;5720;5721;57690;5879;5896;5897;6233;7311;7314;7316;7514;7979;8202;8550;8555;8556;896;8997;9491;983;9861;989;998","30616;30616;37565;43474"
"R-HSA-5689603","UCH proteinases","10197;10213;10445;11047;114785;122706;123228;125476;143471;171023;221613;221656;221937;23198;283899;29844;3012;3013;3054;317772;3607;4092;4738;4798;51377;54617;54891;55252;55777;5682;5683;5684;5685;5686;5687;5688;5689;5690;5691;5692;5693;5694;5695;5696;5698;5699;5700;5701;5702;5704;5705;5706;5707;5708;5709;5710;5711;5713;5714;5715;5716;5717;5718;5719;5720;5721;580;60;6233;7040;7046;7048;723790;7311;7314;7316;7345;7347;7528;7979;79913;8314;8329;8330;8331;8332;8334;8335;8336;8337;8338;83444;8473;85235;86;8607;8969;92815;93973;9491;9861;9958","32551"
"R-HSA-68867","Assembly of the pre-replicative complex","10197;10213;10393;11065;119504;23594;23595;246184;25906;27338;29882;29945;4171;4172;4173;4174;4175;4176;4998;4999;5000;5001;51053;51343;51433;51529;5682;5683;5684;5685;5686;5687;5688;5689;5690;5691;5692;5693;5694;5695;5696;5698;5699;5700;5701;5702;5704;5705;5706;5707;5708;5709;5710;5711;5713;5714;5715;5716;5717;5718;5719;5720;5721;6233;64682;7311;7314;7316;7321;7324;7979;81620;8697;8881;9491;9861;990;996","30616"
"R-HSA-69481","G2/M Checkpoints","10197;10213;122706;143471;23198;51512;5682;5683;5684;5685;5686;5687;5688;5689;5690;5691;5692;5693;5694;5695;5696;5698;5699;5700;5701;5702;5704;5705;5706;5707;5708;5709;5710;5711;5713;5714;5715;5716;5717;5718;5719;5720;5721;6233;7157;7311;7314;7316;7979;9491;9861",""
"R-HSA-69601","Ubiquitin Mediated Degradation of Phosphorylated Cdc25A","10197;10213;1111;11200;122706;143471;23198;5682;5683;5684;5685;5686;5687;5688;5689;5690;5691;5692;5693;5694;5695;5696;5698;5699;5700;5701;5702;5704;5705;5706;5707;5708;5709;5710;5711;5713;5714;5715;5716;5717;5718;5719;5720;5721;6233;7311;7314;7316;7979;9491;9861;993","30616"
"R-HSA-8852276","The role of GTSE1 in G2/M progression after G2 checkpoint","10197;10213;1026;10376;10381;10382;10383;112714;113457;122706;143471;22919;23198;3320;3326;347688;347733;51512;51807;5347;5682;5683;5684;5685;5686;5687;5688;5689;5690;5691;5692;5693;5694;5695;5696;5698;5699;5700;5701;5702;5704;5705;5706;5707;5708;5709;5710;5711;5713;5714;5715;5716;5717;5718;5719;5720;5721;6233;63943;7157;7277;7278;7280;7311;7314;7316;7846;7979;79861;81027;84617;84790;891;9133;9491;983;9861","36080;37565"
"R-HSA-8854050","FBXL7 down-regulates AURKA during mitotic entry and in early mitosis","10197;10213;122706;143471;23194;23198;5682;5683;5684;5685;5686;5687;5688;5689;5690;5691;5692;5693;5694;5695;5696;5698;5699;5700;5701;5702;5704;5705;5706;5707;5708;5709;5710;5711;5713;5714;5715;5716;5717;5718;5719;5720;5721;6233;6500;6790;7311;7314;7316;7979;80028;8454;9491;9861;9978",""
"R-HSA-8939236","RUNX1 regulates transcription of genes involved in differentiation of HSCs","10197;10213;1022;102724334;10413;121504;122706;126961;128312;143471;23198;25;255626;2623;2624;2625;3012;3013;3014;3017;3018;3020;3021;333932;4004;4005;4297;4331;4602;474382;554313;55766;5682;5683;5684;5685;5686;5687;5688;5689;5690;5691;5692;5693;5694;5695;5696;5698;5699;5700;5701;5702;5704;5705;5706;5707;5708;5709;5710;5711;5713;5714;5715;5716;5717;5718;5719;5720;5721;6233;653604;6688;6886;6929;6938;7161;723790;7311;7314;7316;7979;8294;8331;8334;8335;8337;8338;8339;8340;8341;8342;8343;8344;8345;8346;8347;8348;8349;8350;8351;8352;8353;8354;8355;8356;8357;8358;8359;8360;8361;8362;8363;8364;8365;8366;8367;8368;8370;83737;85236;861;865;8861;8968;8970;902;94239;9491;9861","57856"
"R-HSA-8939902","Regulation of RUNX2 expression and activity","10197;10213;10273;10891;11059;122706;133522;143471;1749;1750;2099;2101;23198;2908;2932;4488;5682;5683;5684;5685;5686;5687;5688;5689;5690;5691;5692;5693;5694;5695;5696;5698;5699;5700;5701;5702;5704;5705;5706;5707;5708;5709;5710;5711;5713;5714;5715;57154;5716;5717;5718;5719;5720;5721;579;59269;6233;650;6500;6502;6772;7291;7311;7314;7316;7979;8454;860;865;9491;9861;9978","17650;27584"
"R-HSA-8941858","Regulation of RUNX3 expression and activity","10197;10213;1029;2033;4193;5682;5683;5684;5685;5686;5687;5688;5689;5690;5691;5692;5693;5694;5695;5696;5698;5699;5700;5701;5702;5704;5705;5706;5707;5708;5709;5710;5711;5713;5714;5715;57154;5716;5717;5718;5719;5720;5721;6233;64750;6714;7040;7311;7314;7316;7979;864;865;9491;9861",""
"R-HSA-9010553","Regulation of expression of SLITs and ROBOs","10197;10213;10921;11224;116832;122706;1287;140032;140801;143471;1605;1981;200916;2107;2197;22794;22916;23032;23053;23198;23521;23708;25873;26019;26986;2935;3199;3670;3921;4116;4440;4686;4736;51065;51121;55110;5682;5683;5684;5685;5686;5687;5688;5689;5690;5691;5692;5693;5694;5695;56956;5696;5698;5699;5700;5701;5702;5704;5705;5706;5707;5708;5709;5710;5711;5713;5714;5715;5716;5717;5718;5719;5720;5721;6091;6092;6122;6123;6124;6125;6128;6129;6130;6132;6133;6134;6135;6136;6137;6138;6139;6141;6142;6143;6144;6146;6147;6152;6154;6155;6156;6157;6158;6159;6160;6161;6164;6165;6166;6167;6168;6169;6170;6171;6173;6175;6176;6181;6187;6188;6189;6191;6192;6193;6194;6201;6202;6203;6204;6205;6206;6207;6208;6209;6210;6217;6218;6222;6223;6224;6227;6228;6229;6230;6231;6232;6233;6234;6235;64221;65109;65110;6585;6921;6923;7311;7314;7316;7979;8022;8453;8861;89884;9045;9349;9353;9355;9491;9775;9861;9939;9978","15377;36080"
"R-HSA-9020702","Interleukin-1 signaling","10197;10213;10392;10454;11213;1147;122706;143471;23118;23198;246330;257397;3551;3552;3553;3554;3556;3557;3654;3656;387522;4215;4615;4790;4792;51135;54472;5608;5682;5683;5684;5685;5686;5687;5688;5689;5690;5691;5692;5693;5694;5695;5696;5698;5699;5700;5701;5702;5704;5705;5706;5707;5708;5709;5710;5711;5713;5714;5715;5716;57161;57162;5717;5718;5719;5720;5721;5970;6233;64127;6500;6885;7189;7311;7314;7316;7334;7335;7850;7979;8454;8517;8767;8878;8945;9491;9861;9978","36080"
"R-HSA-9604323","Negative regulation of NOTCH4 signaling","10197;10213;10460;207;4855;55294;5682;5683;5684;5685;5686;5687;5688;5689;5690;5691;5692;5693;5694;5695;5696;5698;5699;5700;5701;5702;5704;5705;5706;5707;5708;5709;5710;5711;5713;5714;5715;5716;5717;5718;5719;5720;5721;6233;6500;7311;7314;7316;7534;7979;8454;9491;9861;9978","36080"
"R-HSA-9762114","GSK3B and BTRC:CUL1-mediated-degradation of NFE2L2","10197;10213;2932;4780;5682;5683;5684;5685;5686;5687;5688;5689;5690;5691;5692;5693;5694;5695;5696;5698;5699;5700;5701;5702;5704;5705;5706;5707;5708;5709;5710;5711;5713;5714;5715;5716;5717;5718;5719;5720;5721;6233;6500;7311;7314;7316;7979;8454;8945;9491;9861;9978",""
"R-HSA-9824272","Somitogenesis","10197;10213;10683;134701;145873;1499;2043;28514;343930;3516;3955;4851;51176;5682;5683;5684;5685;5686;5687;5688;5689;5690;5691;5692;5693;5694;5695;5696;5698;5699;5700;5701;5702;5704;5705;5706;5707;5708;5709;5710;5711;5713;5714;5715;5716;5717;5718;5719;5720;5721;6911;7979;84667;9491;9861",""
"R-HSA-1442490","Collagen degradation","102;1277;1278;1280;1281;1282;1284;1285;1286;1287;1288;1289;1290;1291;1292;1293;1294;1295;1296;1297;1298;1299;1300;1301;1302;1303;1305;1306;1307;1308;1310;131873;136227;1508;1509;1513;1514;164656;1991;256076;4312;4313;4314;4316;4317;4318;4319;4320;4321;4322;4323;4324;4327;5045;50509;5645;6868;7373;80781;84570;85007;8754;91522;9313","16134;43474"
"R-HSA-177929","Signaling by EGFR","102;14;1839;1950;1956;2069;222584;255324;26018;374;6714;685;6868;7039;8038;81610;84985","29105;30616"
"R-HSA-2122948","Activated NOTCH1 Transmits Signal to the Nucleus","102;113878;1272;142678;182;1840;23220;23385;28514;3714;408;409;4851;51107;54492;54567;55851;5663;5664;57534;6233;6868;7311;7314;7316;83464;83737;8650;8788;9148;92737","29105"
"R-HSA-2660826","Constitutive Signaling by NOTCH1 t(7;9)(NOTCH1:M1580_K2555) Translocation Mutant","102;182;28514;3714;4851;54567;6868","29105"
"R-HSA-2691232","Constitutive Signaling by NOTCH1 HD Domain Mutants","102;142678;182;28514;3714;4851;54492;54567;57534;6233;6868;7311;7314;7316;9148","29105"
"R-HSA-2979096","NOTCH2 Activation and Transmission of Signal to the Nucleus","102;1272;142678;182;23385;28514;3714;4192;4853;51107;54492;54567;55851;5663;5664;57534;6233;7311;7314;7316;83464;9148","29105"
"R-HSA-3928665","EPH-ephrin mediated repulsion of cells","102;10451;1173;1175;1211;1212;1213;160;161;163;1759;1942;1943;1944;1945;1946;1947;1948;1949;1969;2041;2042;2043;2044;2045;2046;2047;2048;2049;2050;2051;23385;2534;284656;285220;4067;4313;4318;51107;55851;5663;5664;5879;60;6714;7074;71;7410;7525;8218;83464","30616;30616;37565"
"R-HSA-9013507","NOTCH3 Activation and Transmission of Signal to the Nucleus","102;10460;11060;142678;182;1950;1956;23385;28514;3714;4854;51107;54492;54567;55851;5663;5664;57534;6233;7311;7314;7316;83464;9148","29105"
"R-HSA-9013700","NOTCH4 Activation and Transmission of Signal to the Nucleus","102;182;23385;4855;51107;54567;55851;5663;5664;7534;83464","29105"
"R-HSA-180024","DARPP-32 events","1020;5141;5142;5143;5144;5499;5515;5516;5518;5519;5528;5530;5532;5533;5534;5566;5567;5568;5573;5575;5576;5577;801;805;808;84152","29033;29034;29035;29105;29108;30616;43474;43474"
"R-HSA-399956","CRMPs in Sema3A signaling","1020;10371;10570;1400;1808;1809;2242;2534;2932;5361;5362;55558;56896;8829;8851;91584","30616;30616"
"R-HSA-9031628","NGF-stimulated transcription","1020;10221;1108;1385;1386;1785;1958;1959;1960;1961;2002;2033;2152;23237;2353;2354;3397;3398;3399;3400;3726;3727;4066;4209;429;466;4664;4665;5978;6236;6446;6457;6722;6938;7166;7425;8061;8851;8941",""
"R-HSA-9032845","Activated NTRK2 signals through CDK5","1020;4915;5879;627;7074;8851","37565"
"R-HSA-418555","G alpha (s) signalling events","10203;10266;10267;10268;104909134;10681;107;108;1081;10846;10888;109;111;112;11245;11250;113;113091;114;115;116;117;117579;122042;122876;133;134860;134864;135;136;1392;1394;1395;151306;153;154;155;156;157;170589;1812;1816;196883;2488;2492;2641;2642;2691;2692;2695;2696;27115;2740;2770;2771;2773;2778;2781;2782;2783;2784;2785;2786;2787;2788;2790;2791;2792;2793;2838;2843;2848;2850;2854;285601;2863;2869;2870;319100;3274;3360;3362;3363;3375;346562;3640;387129;3972;3973;408;409;4157;4158;4159;4160;4161;5032;50940;5136;5138;5139;5140;5141;5143;5144;5150;5151;5153;51764;53831;54331;5443;551;554;55970;57105;5729;5732;5734;5739;5741;5744;5745;5746;59345;59350;594857;6019;6343;6344;6714;7252;7253;7432;7433;7434;796;797;799;79924;83551;8622;9038;9287;9340;94235","15551;15552;15555;16335;18397;18420;18420;28834;29105;30616;30616;30616;33019;350546;36234;37565;37565;43474"
"R-HSA-419812","Calcitonin-like ligand receptors","10203;10266;10267;10268;133;3375;796;797;799;79924",""
"R-HSA-901032","ER Quality Control Compartment (ERQC)","10206;10299;10956;11236;11253;267;51009;55741;55757;56886;6048;6233;6400;7311;7314;7316;7844;80267;84447;91445;9695","15377;15812;36080;36080;36080;4208;57683"
"R-HSA-8934593","Regulation of RUNX1 Expression and Activity","1021;192669;192670;23112;26523;27161;27327;4343;5371;57690;5781;595;6714;861;865;894;896","15377;43474"
"R-HSA-4085377","SUMOylation of SUMOylation proteins","10210;10762;11097;129401;23165;23225;23279;23511;23636;348995;4927;4928;51588;53371;55706;55746;57122;5903;6396;6613;7175;7329;7341;79023;79902;8021;8086;81929;8480;9631;9688;9818;9883;9972",""
"R-HSA-4755510","SUMOylation of immune response proteins","10210;10401;4791;4792;51588;5610;5970;6612;7329;7341;8517;9641",""
"R-HSA-8849932","Synaptic adhesion-like molecules","10211;10313;1739;1741;1742;2319;2890;2892;2893;2902;2903;2904;2905;2906;57497;57622;5789;5792;5802;78999;79414","57305"
"R-HSA-9013026","RHOB GTPase cycle","10211;10276;10395;11113;11214;115557;128239;1729;1894;2040;23002;23092;2319;23263;23365;284119;29;2909;29127;29941;3728;388;392;394;398;4162;4168;4649;4650;4983;50650;5099;5295;5296;54443;55160;55789;5585;5586;55914;57580;57584;6093;613;6242;64283;65124;6793;70;7037;7410;7984;80728;81624;81839;85415;857;8773;90627;9138;9181;9341;9414;9475;9639;9743;9748;9754;9826;9828","15377;37565;43474"
"R-HSA-9013106","RHOC GTPase cycle","10211;10395;11113;11214;114793;115557;128239;1729;2040;23002;23092;2319;23263;23365;284119;29;2909;29127;29941;3728;387;389;392;3930;394;396;399693;3998;4162;4168;4650;4983;5295;54443;55160;55219;55701;55789;5585;5586;55914;57580;57584;5825;6093;613;6242;64283;6793;6811;7037;708;7112;7410;7984;80728;81624;81839;857;8826;90627;91010;9138;91452;9217;9341;93663;9414;9475;9639;9743;9748;9826;9828","15377;37565;43474"
"R-HSA-5689901","Metalloprotease DUBs","10213;10617;114548;114803;2033;221613;23172;29086;3012;3013;317772;51720;57559;580;6233;672;723790;7311;7314;7316;79184;8027;8329;8330;8331;8332;8334;8335;8336;8337;8338;84142;85235;8850;8969;92815;9577",""
"R-HSA-499943","Interconversion of nucleotide di- and triphosphates","102157402;122481;1503;158067;1635;1841;1854;203;204;205;221264;25961;26289;2745;2936;2987;4830;4831;4832;4833;50484;51727;56474;6240;6241;654364;7295;7296;7298;79077","15378;15378;15378;18420;18420;246422;246422;28938;29034;30616;30616;30616;33019;33019;37563;37563;37565;37565;37568;37568;43263;43474;57451;57453;57566;57566;57566;57667;57667;57667;57673;57692;57783;57925;57930;58115;86351"
"R-HSA-112382","Formation of RNA Pol II elongation complex ","1022;1025;11198;123169;2068;2071;22916;23168;25920;27125;2962;2963;2965;2966;2967;2968;404672;4298;4300;4331;4686;51224;51497;5430;5431;5432;5433;5434;5435;5436;5437;5438;5439;5440;5441;54623;55677;55840;6749;6827;6829;6830;6917;6921;6923;6924;7469;7936;79577;80349;8178;85403;8812;902;904;905;9150;9646","30616;61120"
"R-HSA-113418","Formation of the Early Elongation Complex","1022;2068;2071;22916;25920;2962;2963;2965;2966;2967;2968;404672;4331;4686;51497;5430;5431;5432;5433;5434;5435;5436;5437;5438;5439;5440;5441;6827;6829;7469;7936;902;9150",""
"R-HSA-167152","Formation of HIV elongation complex in the absence of HIV Tat","1022;1025;11198;2068;2071;22916;25920;2962;2963;2965;2966;2967;2968;404672;4331;4686;51224;51497;5430;5431;5432;5433;5434;5435;5436;5437;5438;5439;5440;5441;6749;6827;6829;6917;6921;6923;6924;7469;7936;8178;8812;902;904;905;9150","30616;33697;33697"
"R-HSA-167158","Formation of the HIV-1 Early Elongation Complex","1022;2068;2071;22916;25920;2962;2963;2965;2966;2967;2968;404672;4331;4686;51497;5430;5431;5432;5433;5434;5435;5436;5437;5438;5439;5440;5441;6827;6829;7469;7936;902;9150","33697"
"R-HSA-167160","RNA Pol II CTD phosphorylation and interaction with CE during HIV infection","1022;2068;2071;2962;2963;2965;2966;2967;2968;404672;4331;5430;5431;5432;5433;5434;5435;5436;5437;5438;5439;5440;5441;6829;8731;8732;902","30616;61120"
"R-HSA-167161","HIV Transcription Initiation","1022;138474;2068;2071;2957;2958;2959;2960;2961;2962;2963;2965;2966;2967;2968;404672;4331;51616;5430;5431;5432;5433;5434;5435;5436;5437;5438;5439;5440;5441;54457;6872;6873;6874;6875;6877;6878;6879;6880;6881;6882;6883;6884;6908;8148;83860;902","16991;16991;16991;33019"
"R-HSA-167162","RNA Polymerase II HIV Promoter Escape","1022;138474;2068;2071;2957;2958;2959;2960;2961;2962;2963;2965;2966;2967;2968;404672;4331;51616;5430;5431;5432;5433;5434;5435;5436;5437;5438;5439;5440;5441;54457;6872;6873;6874;6875;6877;6878;6879;6880;6881;6882;6883;6884;6908;8148;83860;902","16991;16991;16991;16991;16991;16991;16991;16991;33019"
"R-HSA-167172","Transcription of the HIV genome","1022;138474;2068;2071;2957;2958;2959;2960;2961;2962;2963;2965;2966;2967;2968;404672;4331;51616;5430;5431;5432;5433;5434;5435;5436;5437;5438;5439;5440;5441;54457;6872;6873;6874;6875;6877;6878;6879;6880;6881;6882;6883;6884;6908;8148;83860;902","16991;16991;16991;30616;43474"
"R-HSA-167200","Formation of HIV-1 elongation complex containing HIV-1 Tat","1022;1025;11198;155871;2068;2071;22916;25920;2962;2963;2965;2966;2967;2968;404672;4331;4686;51224;51497;5430;5431;5432;5433;5434;5435;5436;5437;5438;5439;5440;5441;6749;6827;6829;6917;6921;6923;6924;7469;7936;8178;902;904;9150","30616;30616;33697;33697;33697"
"R-HSA-167246","Tat-mediated elongation of the HIV-1 transcript","1022;1025;11198;155871;2068;2071;25920;2962;2963;2965;2966;2967;2968;404672;4331;51224;51497;5430;5431;5432;5433;5434;5435;5436;5437;5438;5439;5440;5441;6749;6827;6829;6917;6921;6923;6924;7469;7936;8178;902;904;9150","33697;33697;33697;33697"
"R-HSA-674695","RNA Polymerase II Pre-transcription Events","1022;1025;11198;123169;138474;2068;2071;22916;23168;25920;27125;2957;2958;2959;2960;2961;2962;2963;2965;2966;2967;2968;404672;4298;4300;4331;4686;51224;51497;51616;5430;5431;5432;5433;5434;5435;5436;5437;5438;5439;5440;5441;54457;54623;55677;55840;6749;6827;6829;6830;6872;6873;6874;6875;6877;6878;6879;6880;6881;6882;6883;6884;6908;6917;6921;6923;6924;7469;7936;79577;80349;8148;8178;83860;85403;8812;902;904;905;9150;9646",""
"R-HSA-6796648","TP53 Regulates Transcription of DNA Repair Genes","1022;1025;1111;11198;1386;1643;2068;2071;2176;2177;2353;25920;2962;2963;2965;2966;2967;2968;3725;404672;4292;4331;4436;472;51224;51497;51755;5395;5430;5431;5432;5433;5434;5435;5436;5437;5438;5439;5440;5441;545;55215;5892;672;6749;6827;6829;6917;6921;6923;6924;7157;7469;7936;8178;8621;8812;902;904;905;9150;9656","30616"
"R-HSA-6807505","RNA polymerase II transcribes snRNA genes","1022;1025;10302;129685;22916;22936;23248;23379;25896;26173;26512;29101;2957;2958;2959;2960;2961;2962;2963;4686;51585;51593;51808;5430;5431;5432;5433;5434;5435;5436;5437;5438;5439;5440;5441;5451;5452;54973;55174;55197;55656;55726;55756;57117;57508;58490;64859;65123;6617;6618;6619;6621;6667;6827;6829;6877;6878;6880;6882;6884;6908;7702;79035;79664;79871;80237;80789;81556;8178;84524;8812;904;905;92105","17825;30616;37563;37565;43474"
"R-HSA-72086","mRNA Capping","1022;2068;2071;22916;2962;2963;2965;2966;2967;2968;404672;4331;4686;5430;5431;5432;5433;5434;5435;5436;5437;5438;5439;5440;5441;6829;8731;8732;902","17552;33697;33697;33697;37565;43474;57856;58115;61120"
"R-HSA-73762","RNA Polymerase I Transcription Initiation","1022;10849;10919;1107;1108;2068;2071;2074;221830;25885;2648;2965;2966;2967;2968;3065;3066;30834;404672;4331;51082;53615;5434;5435;5437;5440;5441;54700;54815;57459;57504;5928;5931;64425;6908;7270;7343;79101;84172;8850;9013;9014;9015;902;9112;9219;9533;U13369","57287;57288;61120"
"R-HSA-73772","RNA Polymerase I Promoter Escape","1022;102724334;10849;11335;121504;126961;128312;2068;2071;221830;255626;25885;2965;2966;2967;2968;3012;3013;3014;3017;3018;3020;3021;30834;333932;404672;4331;474382;51082;5434;5435;5437;5440;5441;54700;554313;55766;64425;653604;6908;723790;7343;79101;8294;8331;8334;8335;8337;8338;8339;8340;8341;8342;8343;8344;8345;8346;8347;8348;8349;8350;8351;8352;8353;8354;8355;8356;8357;8358;8359;8360;8361;8362;8363;8364;8365;8366;8367;8368;8370;84172;85236;8968;8970;9013;9014;9015;902;94239;9533","61120"
"R-HSA-73776","RNA Polymerase II Promoter Escape","1022;138474;2068;2071;2957;2958;2959;2960;2961;2962;2963;2965;2966;2967;2968;404672;4331;51616;5430;5431;5432;5433;5434;5435;5436;5437;5438;5439;5440;5441;54457;6872;6873;6874;6875;6877;6878;6879;6880;6881;6882;6883;6884;6908;8148;83860;902","33019;61120;61120;61120;61120;61120;61120"
"R-HSA-73779","RNA Polymerase II Transcription Pre-Initiation And Promoter Opening","1022;138474;2068;2071;2957;2958;2959;2960;2961;2962;2963;2965;2966;2967;2968;404672;4331;51616;5430;5431;5432;5433;5434;5435;5436;5437;5438;5439;5440;5441;54457;6872;6873;6874;6875;6877;6878;6879;6880;6881;6882;6883;6884;6908;8148;83860;902","61120"
"R-HSA-75953","RNA Polymerase II Transcription Initiation","1022;138474;2068;2071;2957;2958;2959;2960;2961;2962;2963;2965;2966;2967;2968;404672;4331;51616;5430;5431;5432;5433;5434;5435;5436;5437;5438;5439;5440;5441;54457;6872;6873;6874;6875;6877;6878;6879;6880;6881;6882;6883;6884;6908;8148;83860;902","33019;61120;61120"
"R-HSA-75955","RNA Polymerase II Transcription Elongation","1022;1025;11198;123169;2068;2071;23168;25920;27125;2962;2963;2965;2966;2967;2968;404672;4298;4300;4331;51224;51497;5430;5431;5432;5433;5434;5435;5436;5437;5438;5439;5440;5441;54623;55677;55840;6749;6827;6829;6830;6917;6921;6923;6924;7469;7936;79577;80349;8178;85403;8812;902;904;905;9150;9646","33697;33697;33697"
"R-HSA-76042","RNA Polymerase II Transcription Initiation And Promoter Clearance","1022;138474;2068;2071;2957;2958;2959;2960;2961;2962;2963;2965;2966;2967;2968;404672;4331;51616;5430;5431;5432;5433;5434;5435;5436;5437;5438;5439;5440;5441;54457;6872;6873;6874;6875;6877;6878;6879;6880;6881;6882;6883;6884;6908;8148;83860;902","43474"
"R-HSA-77075","RNA Pol II CTD phosphorylation and interaction with CE","1022;2068;2071;2962;2963;2965;2966;2967;2968;404672;4331;5430;5431;5432;5433;5434;5435;5436;5437;5438;5439;5440;5441;6829;8731;8732;902",""
"R-HSA-163560","Triglyceride catabolism","10226;11343;150379;2167;2168;2169;2170;2171;2172;2173;2820;3991;51099;5346;5499;5500;5501;5566;5567;5568;646480;646486;8228;857","16113;17336;17389;17616;17754;17815;17815;30616;43474;57560;57560;57597;57642;57692"
"R-HSA-9613354","Lipophagy","10226;123;3312;51422;53632;5563;5564;5565;5571",""
"R-HSA-9706019","RHOBTB3 ATPase cycle","10226;10489;22836;3363;51209;7428;8452;898;9146;9367","15377;43474"
"R-HSA-6811438","Intra-Golgi traffic","10228;10466;10652;10905;11311;143187;1523;22796;250;25839;27128;27314;27333;347517;375;4121;4122;4124;4905;51272;54734;57134;57511;57589;63908;6811;83452;83548;84342;8675;8774;8775;91949;9265;9266;9267;9321;9342;9382;9527;9570;9609;9827;9950","15996;30616;37565"
"R-HSA-2142789","Ubiquinol biosynthesis","10229;23590;27235;51004;51117;51805;56997;57017;57107;79934;84274","15378;15378;15379;15379;16526;175763;18420;29033;29033;33019;57540;57692;57692;57783;57856;84503;84503"
"R-HSA-163125","Post-translational modification: synthesis of GPI-anchored proteins","10232;1043;1048;1087;10942;116372;123904;130576;135228;1368;137797;146183;146760;147719;152330;154064;161357;171169;2215;22854;2350;23627;248;249;251;257194;266727;27076;2813;2822;284348;338328;349633;349667;353091;390243;4045;4061;4062;419;420;4241;4978;503542;5067;50863;51299;53942;54742;58530;646627;683;6975;7007;7070;7512;8000;80328;80740;83639;8434;84628;8581;8875;8876","57880"
"R-HSA-72203","Processing of Capped Intron-Containing Pre-mRNA","10236;10772;10898;10914;10929;10978;11051;11052;135295;1477;1478;1479;220988;22916;23283;2521;27316;2962;2963;29894;3178;3181;3183;3184;3185;3187;3188;3190;3191;3192;4670;4686;4904;5093;5094;51585;51692;53981;5430;5431;5432;5433;5434;5435;5436;5437;5438;5439;5440;5441;55339;56339;5725;57721;6426;6427;6428;6429;6430;6431;6432;6434;79869;8106;81608;8189;8241;8683;9295;9589",""
"R-HSA-390471","Association of TriC/CCT with target proteins during biosynthesis","10238;10517;10528;10564;10574;10575;10576;10693;10694;11328;22803;22948;26190;26224;26234;26270;26272;2629;26330;26985;3801;54461;55135;55294;63971;6468;6499;6774;6950;7157;7203;83752;84261;8841;8877;898;908;9134",""
"R-HSA-2173796","SMAD2/SMAD3:SMAD4 heterotrimer regulates transcription","1024;1025;1030;1278;1874;1875;2033;25937;3065;3726;4087;4088;4089;4092;4221;4609;4904;5045;5054;54778;5594;5595;5933;60436;6233;6667;7027;7029;7050;7311;7314;7316;8812;892;904;905","30616"
"R-HSA-5368286","Mitochondrial translation initiation","10240;10573;10884;11222;116540;116541;118487;122704;123263;124995;128308;219402;219927;23107;26284;26589;28957;28973;28977;28998;29074;29088;29093;3396;4528;5018;51021;51023;51069;51073;51081;51116;51253;51258;51263;51264;51318;51373;51642;51649;51650;54148;54460;54534;54948;54998;55037;55052;55168;55173;56945;57129;60488;6150;6182;6183;63875;63931;64432;64928;64949;64951;64960;64963;64965;64968;64969;64975;64976;64978;64979;64981;64983;65003;65005;65008;65080;65993;740;7818;78988;79590;84545;90480;92259;9553;9801","15635;17843;37565;43474;57454"
"R-HSA-5419276","Mitochondrial translation termination","10240;10573;10884;11222;116540;116541;118487;122704;124995;128308;219927;23107;26284;26589;28957;28973;28977;28998;29074;29088;29093;3396;5018;51021;51023;51069;51073;51081;51116;51253;51258;51263;51264;51318;51373;51642;51649;51650;54148;54460;54516;54534;54948;54998;55037;55052;55168;55173;56945;57129;60488;6150;6182;6183;63875;63931;64432;64928;64949;64951;64960;64963;64965;64968;64969;64975;64976;64978;64979;64981;64983;65003;65005;65008;65080;65993;740;7818;78988;79590;84340;84545;90480;92259;92399;9553;9801","16541;17843;23367;29167;29168;29169;29170;29171;29172;29173;29174;29175;29176;29178;29179;37565;43474"
"R-HSA-1296052","Ca2+ activated K+ channels","10242;27094;27345;3778;3779;3780;3781;3782;3783","29103;29103"
"R-HSA-418457","cGMP effects","10242;10335;10846;27094;27345;3708;3778;3779;50940;5136;5138;5152;5153;5592;5593;8654","16356;16356;58115"
"R-HSA-947581","Molybdenum cofactor biosynthesis","10243;27304;4337;4338;55034;9054","15377;15378;17319;18420;25372;29105;33019;35235;36264;37565;57844"
"R-HSA-8849175","Threonine catabolism","10247;10993;113675;23464","15378;16134;30831;33019;57287;57288;57305;57540;57926;57926"
"R-HSA-6784531","tRNA processing in the nucleus","10248;10556;10557;10762;10775;10799;10898;10940;10978;11097;11102;11260;116461;129401;1478;1653;23165;23225;23279;23511;23636;283742;283989;29894;339487;348995;4927;4928;51095;51367;51493;51637;53371;54913;55706;55746;57122;5901;5903;60528;6396;7175;79023;79042;79074;79897;79902;8021;80746;8086;81929;8480;9631;9688;9818;9883;9972","10668;10668;10668;10668;10668;10668;10668;10668;17843;17843;17843;17843;17843;17843;30616;33019;37563;37565;43474;76279;83071;83071"
"R-HSA-177128","Conjugation of salicylate with glycine","10249;123876;219970;341392;348158;389396;54988;92292","30616;30762;32587;33019;57287;57305;9008"
"R-HSA-177135","Conjugation of benzoate with glycine","10249;116285;219970;348158;389396;92292","30616;30746;33019;57287;57305;57369"
"R-HSA-9749641","Aspirin ADME","10249;1066;10720;10864;10941;11309;123876;1244;133688;1557;1558;1559;1565;1571;1576;167127;213;219970;341392;348158;389396;54490;54576;54577;54578;54579;54600;54657;54658;54659;54988;574537;590;6566;682;7363;7364;7365;7366;7367;79799;8714;8824;92292","15377;15377;15377;15378;15378;15378;15379;15882;17659;176960;176960;176960;176976;176976;176976;30762;30762;30762;30762;30762;30762;32649;33019;36654;36654;36654;37054;37054;422;43474;57287;57305;64681;65137;88742;88742;88742;9008;9008;9008;90176"
"R-HSA-167238","Pausing and recovery of Tat-mediated HIV elongation","1025;11198;155871;25920;2962;2963;51224;51497;5430;5431;5432;5433;5434;5435;5436;5437;5438;5439;5440;5441;6749;6827;6829;6917;6921;6923;6924;7469;7936;8178;904;9150","33697"
"R-HSA-167243","Tat-mediated HIV elongation arrest and recovery","1025;11198;155871;25920;2962;2963;51224;51497;5430;5431;5432;5433;5434;5435;5436;5437;5438;5439;5440;5441;6749;6827;6829;6917;6921;6923;6924;7469;7936;8178;904;9150","33697"
"R-HSA-167287","HIV elongation arrest and recovery","1025;11198;25920;2962;2963;51224;51497;5430;5431;5432;5433;5434;5435;5436;5437;5438;5439;5440;5441;6749;6827;6829;6917;6921;6923;6924;7469;7936;8178;8812;904;905;9150","33697"
"R-HSA-167290","Pausing and recovery of HIV elongation","1025;11198;25920;2962;2963;51224;51497;5430;5431;5432;5433;5434;5435;5436;5437;5438;5439;5440;5441;6749;6827;6829;6917;6921;6923;6924;7469;7936;8178;8812;904;905;9150","33697"
"R-HSA-176034","Interactions of Tat with host cellular proteins","1025;155871;904",""
"R-HSA-9018519","Estrogen-dependent gene expression","1025;102724334;10274;10498;10499;10524;10728;10735;1105;121504;126961;128312;1386;1387;1509;1655;192669;192670;200845;2033;2066;2099;2288;23028;23030;23112;23189;2353;2354;2494;255626;2625;26523;27161;27327;2957;2958;2962;2963;3012;3013;3014;3017;3018;3020;3021;3065;3169;3276;3320;3326;333932;3725;3727;3838;4343;4435;4602;4609;474382;51523;5241;5430;5431;5432;5433;5434;5435;5436;5437;5438;5439;5440;5441;5451;5469;554313;55766;57678;57690;5885;595;596;6387;653604;6667;6908;7031;7033;7039;7090;723790;7391;7392;7528;7764;8202;8204;8243;8294;8312;8331;8334;8335;8337;8338;8339;8340;8341;8342;8343;8344;8345;8346;8347;8348;8349;8350;8351;8352;8353;8354;8355;8356;8357;8358;8359;8360;8361;8362;8363;8364;8365;8366;8367;8368;8370;85236;861;8648;865;8850;8968;8970;904;9126;9166;94239;9687","16469;27974;43474"
"R-HSA-9013418","RHOBTB2 GTPase cycle","10250;10574;10576;11140;11329;124540;1627;23221;27316;29766;3183;3320;3326;4646;55023;5756;6434;71;7919;8452;87;908;9352","37565"
"R-HSA-9013422","RHOBTB1 GTPase cycle","10250;10574;10576;11329;1627;23013;27316;2873;3183;4646;51138;56254;5930;6093;6434;7431;79869;8452;8654;9318;9352;9475;9886","37565"
"R-HSA-182971","EGFR downregulation","10252;10253;10254;1839;1950;1956;2060;2069;255324;2885;29924;30011;374;5774;5782;5796;58513;6233;6455;6456;6457;685;7039;7311;7314;7316;8027;867;8874;9146;998","30616;37565;43474"
"R-HSA-1295596","Spry regulation of FGF signaling","10253;2885;5515;5516;5518;5594;5595;5781;6233;6714;673;7311;7314;7316;8569;867","30616;43474"
"R-HSA-6807004","Negative regulation of MET activity","10254;2060;26018;2885;30011;3082;4233;5770;5771;5795;6233;6455;6456;6457;7311;7314;7316;8027;867;9101;9146","30616;43474"
"R-HSA-8856825","Cargo recognition for clathrin-mediated endocytosis","10254;10618;1080;10920;10980;10987;11037;1129;115548;1173;1175;1211;1212;1213;127833;143425;154;156;157;160;1601;161;163;1839;185;1856;1861;1950;1956;2060;2069;22848;22905;23149;23208;255324;25977;26119;27348;286749;2873;2885;29924;29978;29979;29988;30011;3267;338;3482;3575;374;3949;4036;4074;408;409;4738;50618;50813;51138;551;554;55707;58513;6233;6453;6455;6456;6457;64708;6572;6844;6845;685;6857;6869;7018;7037;7039;7311;7314;7316;7474;8027;8218;8301;8322;84251;85021;8533;85439;867;8673;8674;90019;9146;915;917;9185;920;9318;9341;950;9856;9892","16113;16247;29034"
"R-HSA-8875360","InlB-mediated entry of Listeria monocytogenes into host cell","10254;2060;2885;30011;4233;6233;6455;6456;6457;7311;7314;7316;8027;867;9146;986892",""
"R-HSA-9013420","RHOU GTPase cycle","10254;10298;11060;11180;1213;1969;2185;23380;257106;2885;28964;4646;4690;5058;50618;5062;5063;50855;5295;5296;55789;57514;58480;667;6709;6711;6714;79834;8027;81839;8239;8440;8826;8874;9146;9231;9352;9459;9815;998","37565"
"R-HSA-5674135","MAP2K and MAPK activation","10256;1445;2243;2244;2266;22866;2335;283455;28956;3265;3674;369;3690;3845;408;409;4140;4893;5037;54518;54756;5594;5595;5604;5605;5894;5906;5908;60;6714;673;7094;71;7414;7450;7529;84292;8649;8826;8844","18420;29035;29108;30616;37565;75991;75998;88249;90227;90851;91353;95049"
"R-HSA-6802946","Signaling by moderate kinase activity BRAF mutants","10256;1445;2243;2244;2266;22866;2335;283455;3265;3674;369;3690;3717;3845;408;409;4140;4296;4893;5037;5245;54518;5594;5595;5604;5605;5894;5906;5908;60;6714;673;7094;71;7414;7450;7529;801;805;808;815;816;817;818;8315;8826;8844","18420;29035;29108;29108;30616;37565"
"R-HSA-6802948","Signaling by high-kinase activity BRAF mutants","10256;1445;2243;2244;2266;22866;2335;283455;3265;3674;369;3690;3845;408;409;4140;4893;5037;54518;5594;5595;5604;5605;5894;5906;5908;60;6714;673;7094;71;7414;7450;7529;8826;8844","18420;29035;29108;30616;37565;75048;90295"
"R-HSA-6802955","Paradoxical activation of RAF signaling by kinase inactive BRAF","10256;1445;2243;2244;2266;22866;2335;283455;3265;3674;369;3690;3717;3845;408;409;4140;4296;4893;5037;5245;54518;5594;5595;5604;5605;5894;5906;5908;60;6714;673;7094;71;7414;7450;7529;801;805;808;815;816;817;818;8315;8826;8844","18420;29035;29108;29108;30616;37565;90295"
"R-HSA-9649948","Signaling downstream of RAS mutants","10256;1445;2243;2244;2266;22866;2335;283455;3265;3674;369;3690;3717;3845;408;409;4140;4296;4893;5037;5245;54518;5594;5595;5604;5605;5894;5906;5908;60;6714;673;7094;71;7414;7450;7529;801;805;808;815;816;817;818;8315;8826;8844","18420;29035;29108;29108;36080;37565"
"R-HSA-9656223","Signaling by RAF1 mutants","10256;1445;2243;2244;2266;22866;2335;283455;3265;3674;369;3690;3717;3845;408;409;4140;4893;54518;5594;5595;5604;5605;5894;5906;5908;60;6714;673;7094;71;7414;7450;7529;801;805;808;815;816;817;818;8826;8844","18420;29035;29108;29108;36080;37565"
"R-HSA-6785807","Interleukin-4 and Interleukin-13 signaling","1026;1052;10538;112744;1278;149233;1901;207;2162;2208;2247;2308;2309;2335;2353;240;246;2625;301;3082;3091;3162;3312;332;3320;3383;3552;3553;356;3561;3565;3566;3569;3570;3576;3586;3592;3593;3596;3597;3598;3605;3606;3662;3684;3687;3688;3689;3716;3717;3718;3726;3911;3929;3934;3976;4128;4170;4312;4313;4314;4318;4582;4609;4692;4843;4985;4988;5008;51561;5292;5295;5443;5451;5743;58480;595;596;598;604;6095;6097;6288;6347;6356;6367;6624;6657;6772;6774;6778;6935;7040;7076;7124;7133;7157;7184;7291;7297;7412;7422;7431;79923;8651;9021;948;9655","30616"
"R-HSA-69895","Transcriptional  activation of  cell cycle inhibitor p21 ","1026;25946;57060;7157",""
"R-HSA-8866911","TFAP2 (AP-2) family regulates transcription of cell cycle factors","1026;10765;4609;7020;7022",""
"R-HSA-8941855","RUNX3 regulates CDKN1A transcription","1026;4088;4089;463;7040;7157;864",""
"R-HSA-9617828","FOXO-mediated transcription of cell cycle genes","1026;1027;1647;2290;2308;2309;2660;4087;4088;4089;4303;57060;5934;694;857;901;9314",""
"R-HSA-9702518","STAT5 activation downstream of FLT3 ITD mutants","1026;2322;2885;50507;5292;5781;598;6776;6777;9846","15378;15379;16240;57783"
"R-HSA-9703465","Signaling by FLT3 fusion proteins","1026;2120;2804;2885;3265;3845;399687;4893;50507;5290;5292;5295;6654;6711;6776;6777;7750;9321;9846","15378;15379;16240;37565;57783"
"R-HSA-9725370","Signaling by ALK fusions and activated point mutants","1026;10342;10817;10818;1213;1639;1937;22872;2335;238;27436;2885;3092;3586;3667;3725;3799;3831;4008;4170;4193;4478;4627;471;4869;50616;5290;5291;5295;5296;53335;5335;5495;5573;5599;5601;57448;57674;5903;6233;6238;6464;6772;6774;6801;7157;7170;7171;7175;7297;7311;7314;7316;7414;80304;833;8496;8878;9451;9648","57836"
"R-HSA-5625900","RHO GTPases activate CIT","1027;103910;10398;10627;11113;1742;387;388;389;4627;4628;4629;4637;4659;4660;5500;5879;79784;9055;9928","30616;37565;37565"
"R-HSA-2473224","Antagonism of Activin by Follistatin","10272;10468;3624;3625",""
"R-HSA-110328","Recognition and association of DNA glycosylase with site containing an affected pyrimidine","102724334;121504;128312;23583;252969;255626;25913;26277;3012;3013;3014;3017;3018;474382;4913;4968;54386;55247;554313;55766;65057;6996;7013;7014;723790;7374;79661;8290;8294;8331;8334;8335;8337;8338;8339;8340;8341;8342;8343;8344;8345;8346;8347;8348;8349;8359;8360;8361;8362;8363;8364;8365;8366;8367;8368;8370;85236;8930;8970;94239","23367"
"R-HSA-110329","Cleavage of the damaged pyrimidine ","102724334;121504;128312;23583;252969;255626;25913;26277;3012;3013;3014;3017;3018;474382;4913;4968;54386;55247;554313;55766;65057;6996;7013;7014;723790;7374;79661;8290;8294;8331;8334;8335;8337;8338;8339;8340;8341;8342;8343;8344;8345;8346;8347;8348;8349;8359;8360;8361;8362;8363;8364;8365;8366;8367;8368;8370;85236;8930;8970;94239","15901;17568;17821;23367;27983;29115;29127;29128;29128;29145;29147"
"R-HSA-110330","Recognition and association of DNA glycosylase with site containing an affected purine","102724334;121504;128312;255626;25913;26277;3012;3013;3014;3017;3018;4350;4595;474382;4968;54386;55247;554313;55766;65057;7013;7014;723790;8290;8294;8331;8334;8335;8337;8338;8339;8340;8341;8342;8343;8344;8345;8346;8347;8348;8349;8359;8360;8361;8362;8363;8364;8365;8366;8367;8368;8370;85236;8970;94239","23367;23367"
"R-HSA-110331","Cleavage of the damaged purine","102724334;121504;128312;255626;25913;26277;3012;3013;3014;3017;3018;4350;4595;474382;4968;54386;55247;554313;55766;65057;7013;7014;723790;8290;8294;8331;8334;8335;8337;8338;8339;8340;8341;8342;8343;8344;8345;8346;8347;8348;8349;8359;8360;8361;8362;8363;8364;8365;8366;8367;8368;8370;85236;8970;94239","17368;23367;23367;29146;38635;44605"
"R-HSA-1221632","Meiotic synapsis","102724334;10274;10388;10734;10735;11083;121504;128312;23224;23345;23353;255626;256126;25777;25913;26277;27127;3012;3013;3014;3017;3018;3306;4000;4001;474382;50511;54386;545;554313;55766;56158;5885;644186;65057;672;6847;7013;7014;723790;7329;8243;8290;8294;8331;8334;8335;8337;8338;8339;8340;8341;8342;8343;8344;8345;8346;8347;8348;8349;8359;8360;8361;8362;8363;8364;8365;8366;8367;8368;8370;8468;85236;8970;9126;93426;94239;9985","23367;30616"
"R-HSA-171306","Packaging Of Telomere Ends","102724334;121504;128312;255626;25913;26277;3012;3013;3014;3017;3018;474382;54386;554313;55766;65057;7013;7014;723790;8290;8294;8331;8334;8335;8337;8338;8339;8340;8341;8342;8343;8344;8345;8346;8347;8348;8349;8359;8360;8361;8362;8363;8364;8365;8366;8367;8368;8370;85236;8970;94239","15986;23367"
"R-HSA-201722","Formation of the beta-catenin:TCF transactivating complex","102724334;10524;121504;123169;126961;128312;1387;1499;2033;255626;26108;283149;3012;3013;3014;3017;3018;3020;3021;3065;333932;4221;474382;51176;554313;55766;5929;607;653604;6597;6932;6934;7015;7088;7089;7090;7091;723790;79577;8085;8290;8294;8295;8331;8334;8335;8337;8338;8339;8340;8341;8342;8343;83439;8344;8345;8346;8347;8348;8349;8350;8351;8352;8353;8354;8355;8356;8357;8358;8359;8360;8361;8362;8363;8364;8365;8366;8367;8368;8370;85236;8607;8968;8970;9070;90780;94239","57287;57288;57856"
"R-HSA-212300","PRC2 methylates histones and DNA","102724334;121504;121536;126961;128312;1786;1788;1789;2146;22823;23512;255626;26147;3012;3013;3014;3017;3018;3020;3021;333932;3720;474382;5252;554313;55766;5928;5931;653604;723790;8294;8331;8334;8335;8337;8338;8339;8340;8341;8342;8343;8344;8345;8346;8347;8348;8349;8350;8351;8352;8353;8354;8355;8356;8357;8358;8359;8360;8361;8362;8363;8364;8365;8366;8367;8368;8370;85236;8726;8968;8970;94239","27551;57856"
"R-HSA-427359","SIRT1 negatively regulates rRNA expression","102724334;121504;126961;128312;23378;23411;255626;3012;3013;3014;3017;3018;3020;3021;333932;474382;554313;55766;653604;6839;6908;723790;79101;8294;8331;8334;8335;8337;8338;8339;8340;8341;8342;8343;8344;8345;8346;8347;8348;8349;8350;8351;8352;8353;8354;8355;8356;8357;8358;8359;8360;8361;8362;8363;8364;8365;8366;8367;8368;8370;85236;8968;8970;9013;9014;9015;94239","57540;57540;57856;76279"
"R-HSA-427389","ERCC6 (CSB) and EHMT2 (G9a) positively regulate rRNA expression","102724334;10919;1107;1108;11335;121504;126961;128312;2074;255626;3012;3013;3014;3017;3018;3020;3021;3065;3066;333932;474382;53615;54815;554313;55766;57459;57504;5928;5931;653604;723790;7270;8294;8331;8334;8335;8337;8338;8339;8340;8341;8342;8343;8344;8345;8346;8347;8348;8349;8350;8351;8352;8353;8354;8355;8356;8357;8358;8359;8360;8361;8362;8363;8364;8365;8366;8367;8368;8370;85236;8968;8970;9112;9219;94239;U13369","57856"
"R-HSA-5250924","B-WICH complex positively regulates rRNA expression","102724334;10514;10849;121504;126961;128312;2033;2074;221830;23451;255626;25885;2648;2932;3012;3013;3014;3017;3018;3020;3021;30834;333932;4641;474382;51082;5434;5435;5437;5440;5441;554313;55766;60;64425;653604;6908;723790;79101;7913;8294;8331;8334;8335;8337;8338;8339;8340;8341;8342;8343;8344;8345;8346;8347;8348;8349;8350;8351;8352;8353;8354;8355;8356;8357;8358;8359;8360;8361;8362;8363;8364;8365;8366;8367;8368;8370;84172;8467;85236;8850;8968;8970;9013;9014;9015;9031;9188;94239;9533","57287;57288;61120"
"R-HSA-5334118","DNA methylation","102724334;121504;126961;128312;1786;1788;1789;255626;29128;29947;3012;3013;3014;3017;3018;3020;3021;333932;474382;554313;55766;653604;723790;8294;8331;8334;8335;8337;8338;8339;8340;8341;8342;8343;8344;8345;8346;8347;8348;8349;8350;8351;8352;8353;8354;8355;8356;8357;8358;8359;8360;8361;8362;8363;8364;8365;8366;8367;8368;8370;85236;8968;8970;94239","27551;27551;27551;57856"
"R-HSA-5578749","Transcriptional regulation by small RNAs","102724334;10526;10762;11097;121504;126961;128312;129401;23165;23225;23279;23511;23636;255626;26523;27161;27327;3012;3013;3014;3017;3018;3020;3021;333932;348995;474382;4927;4928;53371;5430;5431;5432;5433;5434;5435;5436;5437;5438;5439;5440;5441;554313;55706;55746;55766;57122;5901;5903;6396;653604;7175;723790;79023;79902;8021;8086;81929;8294;8331;8334;8335;8337;8338;8339;8340;8341;8342;8343;8344;8345;8346;8347;8348;8349;8350;8351;8352;8353;8354;8355;8356;8357;8358;8359;8360;8361;8362;8363;8364;8365;8366;8367;8368;8370;8480;85236;8968;8970;94239;9631;9688;9818;9883;9972","37565;37565"
"R-HSA-5617472","Activation of anterior HOX genes in hindbrain development during early embryogenesis","102724334;10664;11091;121504;126961;128312;1387;1959;2033;2146;22976;23054;23512;255626;3012;3013;3014;3017;3018;3020;3021;3198;3199;3200;3201;3211;3212;3213;3214;3221;3231;3232;3233;333932;3725;4211;474382;5080;5087;5316;5430;5431;5432;5433;5434;5435;5436;5437;5438;5439;5440;5441;554313;55766;58508;5914;5915;5916;5928;5929;5931;6256;63925;653604;723790;7403;7528;7703;79447;8085;8202;8294;8331;8334;8335;8337;8338;8339;8340;8341;8342;8343;8344;8345;8346;8347;8348;8349;8350;8351;8352;8353;8354;8355;8356;8357;8358;8359;8360;8361;8362;8363;8364;8365;8366;8367;8368;8370;84661;84962;85236;8726;8841;8968;8970;9063;9070;9125;94239;9611;9935",""
"R-HSA-5625886","Activated PKN1 stimulates transcription of AR (androgen receptor) regulated genes KLK2 and KLK3","102724334;10499;121504;126961;128312;23028;23081;255626;3012;3013;3014;3017;3018;3020;3021;333932;354;367;3817;474382;554313;55766;5585;653604;723790;8294;8331;8334;8335;8337;8338;8339;8340;8341;8342;8343;8344;8345;8346;8347;8348;8349;8350;8351;8352;8353;8354;8355;8356;8357;8358;8359;8360;8361;8362;8363;8364;8365;8366;8367;8368;8370;85236;8968;8970;94239","15379;16330;16330;16422;16422;16526;17347;17347;29117;29117;30616"
"R-HSA-68616","Assembly of the ORC complex at the origin of replication","102724334;121504;126961;128312;23594;23595;23633;255626;3012;3013;3014;3017;3018;3020;3021;333932;3836;3837;474382;4998;4999;5000;5001;554313;55766;653604;723790;8294;8331;8334;8335;8337;8338;8339;8340;8341;8342;8343;8344;8345;8346;8347;8348;8349;8350;8351;8352;8353;8354;8355;8356;8357;8358;8359;8360;8361;8362;8363;8364;8365;8366;8367;8368;8370;85236;8968;8970;94239","30616;30616"
"R-HSA-73728","RNA Polymerase I Promoter Opening","102724334;121504;126961;128312;255626;3012;3013;3014;3017;3018;3020;3021;333932;474382;554313;55766;5595;653604;723790;7343;8294;8331;8334;8335;8337;8338;8339;8340;8341;8342;8343;8344;8345;8346;8347;8348;8349;8350;8351;8352;8353;8354;8355;8356;8357;8358;8359;8360;8361;8362;8363;8364;8365;8366;8367;8368;8370;85236;8932;8968;8970;94239","27551;61120"
"R-HSA-8936459","RUNX1 regulates genes involved in megakaryocyte differentiation and platelet function","102724334;10398;11091;121504;126961;128312;161882;192669;192670;2033;23112;23309;255626;25942;2623;26523;27327;2811;3012;3013;3014;3017;3018;3020;3021;3065;3276;333932;3674;4297;4343;474382;4778;5196;55170;554313;55766;5588;57690;58508;5929;653604;7057;723790;8013;8085;8294;8331;8334;8335;8337;8338;8339;8340;8341;8342;8343;8344;8345;8346;8347;8348;8349;8350;8351;8352;8353;8354;8355;8356;8357;8358;8359;8360;8361;8362;8363;8364;8365;8366;8367;8368;8370;84661;85236;861;865;8850;8968;8970;9070;94239;9739;9757","57856"
"R-HSA-9670095","Inhibition of DNA recombination at telomere","102724334;121504;128312;1616;255626;25913;26277;3012;3013;3014;3017;3018;3020;3021;474382;5430;5431;5432;5433;5434;5435;5436;5437;5438;54386;5439;5440;5441;546;554313;55766;65057;7013;7014;723790;8290;8294;8331;8334;8335;8337;8338;8339;8340;8341;8342;8343;8344;8345;8346;8347;8348;8349;8359;8360;8361;8362;8363;8364;8365;8366;8367;8368;8370;85236;8970;94239","23367"
"R-HSA-9710421","Defective pyroptosis","102724334;121504;126961;128312;1687;1786;1788;1789;2146;23512;23649;255626;3012;3013;3014;3017;3018;3020;3021;333932;474382;5422;554313;5557;5558;55766;5928;5931;653604;723790;8294;8331;8334;8335;8337;8338;8339;8340;8341;8342;8343;8344;8345;8346;8347;8348;8349;8350;8351;8352;8353;8354;8355;8356;8357;8358;8359;8360;8361;8362;8363;8364;8365;8366;8367;8368;8370;85236;8726;8968;8970;94239","17526;33697;37568;57836;57856;61120"
"R-HSA-9821002","Chromatin modifications during the maternal to zygotic transition (MZT)","102724334;10765;121504;124512;126961;128312;200424;23135;255626;285051;29128;3012;3013;3014;3017;3018;3020;3021;333932;359787;474382;554313;55766;57379;5927;653604;723790;7374;7403;8294;8331;8334;8335;8337;8338;8339;8340;8341;8342;8343;8344;8345;8346;8347;8348;8349;8350;8351;8352;8353;8354;8355;8356;8357;8358;8359;8360;8361;8362;8363;8364;8365;8366;8367;8368;8370;85236;8968;8970;94239","15377;15378;15379;16526;27551;27551;28938;29033"
"R-HSA-9821993","Replacement of protamines by nucleosomes in the male pronucleus","102724334;10361;121504;124512;128312;132243;255626;3014;3017;3018;3020;3021;554313;5619;5620;6732;7290;8294;8339;8340;8341;8342;8343;8344;8345;8346;8347;8348;8349;8359;8360;8361;8362;8363;8364;8365;8366;8367;8368;8370;85236;8970","15378;18420;57856"
"R-HSA-400253","Circadian Clock","102724428;102800317;10498;10499;10743;10891;1385;1386;1387;1390;1407;1408;1453;1454;150094;200186;2033;23054;23373;23411;26224;2908;3091;406;4208;4209;4783;4862;5187;5465;5469;5499;5500;5501;5936;6095;6233;6256;64784;6500;6604;6907;7311;7314;7316;79365;79718;80205;8204;8454;85441;8648;8841;8864;8945;9572;9575;9611;96764","15756;17351;17650;27432;27584;28364;30616;32395;36144;36144;61120"
"R-HSA-1614603","Cysteine formation from homocysteine","102724560;1491;875","16134;17482;30831;33384;35235"
"R-HSA-2408508","Metabolism of ingested SeMet, Sec, MeSec into H2Se","102724560;1491;191;27232;3176;4143;4837;51540;875","16134;16335;16503;16503;17790;18420;23367;23367;27760;27812;29009;29103;30616;30831;33019;33384;43474;57305;57433;57856;64685;9066;9066;9096"
"R-HSA-2173788","Downregulation of TGF-beta receptor signaling","10273;11171;23327;23645;25805;4087;4088;4092;51377;5499;5500;5501;56937;57154;6233;64750;7040;7046;7048;7311;7314;7316;7514;9110;9372;9958","43474;43474"
"R-HSA-8863795","Downregulation of ERBB2 signaling","10273;10718;11140;145957;1839;1950;1956;2064;2065;2066;2069;26469;3084;3320;4145;55914;5782;6233;685;7311;7314;7316;8065;9542","15377;43474"
"R-HSA-2468052","Establishment of Sister Chromatid Cohesion","10274;10735;113130;114799;157570;23047;23063;23244;5885;8243;9126","23367;23367;57287;57288"
"R-HSA-2470946","Cohesin Loading onto Chromatin","10274;10735;23047;23063;23244;23383;25836;5885;8243;9126","23367;23367"
"R-HSA-201688","WNT mediated activation of DVL","102800317;1454;1457;1459;1460;1855;1856;1857;8395","17526;30616"
"R-HSA-3214815","HDACs deacetylate histones","10284;10362;1107;1108;121504;126961;128312;221613;23028;23186;255626;25855;2874;3012;3013;3017;3018;3065;3066;317772;333932;440689;51317;51742;53615;54815;554313;55869;57459;57504;5926;5928;5931;5978;64426;653604;6907;723790;79685;79718;8294;8329;8330;8331;8332;8334;8335;8336;8337;8338;8339;8340;8341;8342;8343;8344;8345;8346;8347;8348;8349;8350;8351;8352;8353;8354;8355;8356;8357;8358;8359;8360;8361;8362;8363;8364;8365;8366;8367;8368;8370;83933;85235;85236;8819;8841;8968;8969;8970;9112;9219;92815;9611;9612","57627"
"R-HSA-418597","G alpha (z) signalling events","10287;10681;107;108;109;111;112;113;114;115;150;151;152;196883;26575;2770;2771;2773;2778;2781;2782;2783;2784;2785;2786;2787;2788;2790;2791;2792;2793;346562;353299;51764;54331;5578;5579;5580;5581;5582;5583;5588;55970;59345;5999;6004;8601;94235","17552;17552;17815;18420;18420;29108;30616;33019;37565;37565;43474"
"R-HSA-111471","Apoptotic factor-mediated response","1029;708",""
"R-HSA-3232118","SUMOylation of transcription factors","1029;10401;3090;4193;4286;51588;6612;6613;6670;668;7020;7021;7022;7157;7158;7329;7341;8554;9063;9112",""
"R-HSA-69541","Stabilization of p53","1029;11200;4193;4194;472;51230;6233;7157;7311;7314;7316","30616"
"R-HSA-8853884","Transcriptional Regulation by VENTX","1029;10393;1051;10919;11065;119504;1436;1499;192669;192670;23112;246184;25906;26523;27287;27327;27338;29882;29945;3569;4343;4790;51176;51343;51433;51529;57690;595;5970;64682;6934;7157;7321;7324;79813;8697;8881;996;NM_000077.4;NM_058195.3",""
"R-HSA-9645722","Defective Intrinsic Pathway for Apoptosis Due to p14ARF Loss of Function","1029;708",""
"R-HSA-9646303","Evasion of Oncogene Induced Senescence Due to p14ARF Defects","1029",""
"R-HSA-9646304","Evasion of Oxidative Stress Induced Senescence Due to p14ARF Defects","1029",""
"R-HSA-9759194","Nuclear events mediated by NFE2L2","1029;1387;2033;4097;4780;5563;7975;8878;9817","57287;57288"
"R-HSA-70895","Branched-chain amino acid catabolism","10295;11112;152926;1629;1738;1892;26275;27034;3028;36;3712;38;4329;549;56922;586;587;593;594;64087;9673","15378;15449;15476;15478;15488;15539;156439;16526;16530;17544;27754;28259;28654;28654;29035;29103;30616;43074;43474;57287;57288;57338;57344;57345;57427;57427;57427;57427;57540;57692;57700;57762;57762;57762;57762"
"R-HSA-428540","Activation of RAC1","10298;106821730;4690;5058;5062;5063;56924;57144;5879;6091;6654;6655;8440;9353","37565"
"R-HSA-9013406","RHOQ GTPase cycle","10298;10395;10435;10602;1080;11060;11135;115703;128239;143098;144402;200894;2040;23048;23092;23229;23380;23433;23513;23580;26030;2697;28964;2909;3728;392;394;4983;5058;5062;54438;55004;55114;55240;55789;57120;57580;57584;6453;6510;7037;7879;81624;81839;84033;8476;85360;857;8773;8826;8874;8976;9322;9341;9497;9578;9743;9815;998","15377;37565;43474"
"R-HSA-9013407","RHOH GTPase cycle","10298;10376;106821730;114885;1445;157769;1627;1629;2040;253959;2631;3728;3932;396;397;398;399;4548;5058;5062;55004;55075;55717;55968;56924;57144;6093;6510;7037;7415;7535;7879;81839;857;9341;9475;9497;9528","37565"
"R-HSA-9013408","RHOG GTPase cycle","10298;10424;10451;10652;10788;11135;143098;1793;1794;1795;1829;1969;2010;23141;23191;23263;23344;23592;26030;26084;26286;27237;2909;3336;3688;3895;391;392;3930;394;3954;396;397;398;3998;4162;4168;4296;4698;4722;4983;5062;5295;5337;55004;55789;55914;57580;57584;63916;6453;6472;6811;7037;7112;7204;7409;7410;7444;7879;7984;80005;80728;81624;81839;857;8987;8997;9217;9341;9710;9732;9743;998","15377;37565;43474"
"R-HSA-9013409","RHOJ GTPase cycle","10298;11060;11135;128239;143098;144402;147179;200894;2040;23048;23092;23513;2631;2697;28964;2909;3728;392;394;4952;4983;5058;5062;5063;5295;5296;54874;55004;55240;55789;57381;57580;57584;6510;7037;7112;7204;7454;7879;81624;81704;81839;8476;85360;857;8773;8874;8976;91010;9341;9497;9578;9743;9815;998","15377;37565;43474"
"R-HSA-9013424","RHOV GTPase cycle","10298;106821730;11180;1213;171177;1969;28964;4296;4649;4690;5058;5062;50855;5295;55789;56924;57473;57630;667;6709;6711;7170;7171;79598;79834;81839;8239;8440;84612;8826;8874;8976;9231;9352;94134;9738;9815;998","37565"
"R-HSA-75102","C6 deamination of adenosine","103;104","16134;33697;67208"
"R-HSA-77042","Formation of editosomes by ADAR proteins","103;104","67208"
"R-HSA-909733","Interferon alpha/beta signaling","103;10379;10410;10581;1958;24138;2537;25939;2634;3105;3106;3107;3133;3134;3135;3394;3429;3430;3433;3434;3437;3439;3440;3441;3442;3443;3444;3445;3446;3447;3448;3449;3451;3452;3454;3455;3456;3659;3660;3661;3662;3663;3664;3665;3669;3716;3836;3837;4599;4600;4938;4939;4940;51447;54739;5610;5696;5777;5781;6041;6059;6233;6772;6773;684;7297;7311;7314;7316;8519;8638;8651;9021;91543;9636",""
"R-HSA-749476","RNA Polymerase III Abortive And Retractive Initiation","10302;10621;10622;10623;11128;112495;171568;27297;2971;2972;2975;2976;4774;4781;4782;4784;51082;51728;5434;5435;5437;5440;5441;5451;55290;55703;55718;55814;661;6617;6618;6619;6621;6741;6908;7702;84265;9328;9329;9330;9533","33697;33697;33697;33697;33697;33697;61120;61120;61120;61120;61120;61120;61120;61120"
"R-HSA-76071","RNA Polymerase III Transcription Initiation From Type 3 Promoter","10302;10621;10622;10623;11128;171568;27297;51082;51728;5434;5435;5437;5440;5441;5451;55290;55703;55718;55814;661;6617;6618;6619;6621;6908;7702;84265;9533",""
"R-HSA-1222556","ROS and RNS production in phagocytes","10312;127124;1535;1536;155066;23545;245972;245973;4688;4689;4842;4843;4846;50617;51382;51606;523;525;526;527;528;529;533;534;535;5880;653361;6556;84329;8992;90423;9114;9296;9550","10668;15378;15378;15378;15379;15379;15841;15841;15841;15841;15841;15841;15841;16234;16240;16240;16240;16301;16301;16480;16480;16526;18421;18421;18421;25567;25935;25935;25941;25941;25941;28868;29033;29033;29034;29035;29035;29105;29105;29120;32682;33101;36144;37565;57743;57783;57925"
"R-HSA-77387","Insulin receptor recycling","10312;127124;1509;155066;23545;245972;245973;3416;3630;3643;50617;51382;51606;523;525;526;527;528;529;533;534;535;537;5770;5792;8992;90423;9114;9296;9550","15378;15378;29105;43474"
"R-HSA-917977","Transferrin endocytosis and recycling","10312;127124;155066;23545;245972;245973;3077;50617;51382;51606;523;525;526;527;528;529;533;534;535;537;55240;57192;7018;7036;7037;79689;8992;90423;9114;9296;9550","15377;15378;15378;26355;29033;29033;29034;29034;29034;29034;43474;57692;57783"
"R-HSA-9639288","Amino acids regulate mTORC1","10312;10325;10542;10641;10670;11133;127124;144577;153129;154743;155066;201163;23334;23677;245972;245973;2475;27244;28956;389541;51382;51606;523;525;526;527;528;529;533;534;54468;55004;55846;57521;57600;58528;6009;6396;64121;64223;652968;729438;79726;8131;81929;83667;84219;8649;8992;90423;9114;9296;9550;96459;9681","32682;37565;43474;57427"
"R-HSA-983712","Ion channel transport","10312;127124;155066;23545;245972;245973;50617;51382;51606;523;525;526;527;528;529;533;534;535;537;8992;90423;9114;9296;9550",""
"R-HSA-9037629","Lewis blood group biosynthesis","10317;10402;10690;124872;170384;2524;2525;2526;2527;2528;2529;30815;6484;6487;84750;8705;8707;8708","57273;57812;57847;66914"
"R-HSA-5689896","Ovarian tumor domain proteases","10318;10392;161725;2099;23252;23586;324;387;54764;55432;55593;55611;56957;5728;57506;6233;64127;64135;7128;7157;7187;7189;7311;7314;7316;7321;7415;7706;78990;79155;79589;79931;80124;84282;8517;8737;8767;89122;983","30616;30616;67208;67208"
"R-HSA-3000157","Laminin interactions","10319;1282;1284;1285;1286;1287;1288;1294;22795;284217;3339;3655;3672;3673;3675;3679;3685;3688;3691;3908;3909;3910;3911;3912;3913;3914;3915;3918;4811;80781",""
"R-HSA-3000171","Non-integrin membrane-ECM interactions","10319;1277;1278;1280;1281;1282;1284;1285;1286;1287;1288;1289;1290;1300;1301;1302;1605;1756;2247;2335;284217;3339;375790;3908;3909;3910;3911;3912;3913;3914;3915;3918;4921;50509;5154;5155;59277;7276;780;9378",""
"R-HSA-8874081","MET activates PTK2 signaling","10319;1277;1278;1280;1281;1289;1290;1301;1302;2335;255631;284217;3082;3673;3675;3688;3908;3909;3910;3911;3912;3913;3914;3915;3918;4233;50509;5747;6714;85301","36080;36080;36080;36080;36080;36080;36080;36080;36080;36080;36080;36080;36080;36080;36080"
"R-HSA-165159","MTOR signalling","10325;10542;10670;153129;207;2475;28956;389541;55004;57521;58528;6009;64121;64223;7529;84335;8649","30616;32682;32682;37565"
"R-HSA-166208","mTORC1-mediated signalling","10325;10542;10670;153129;1975;1977;1978;1981;2280;2475;28956;29904;389541;55004;57521;58528;6009;6194;6198;64121;64223;7529;84335;8649","30616;37565"
"R-HSA-380972","Energy dependent regulation of mTOR by LKB1-AMPK","10325;10542;10670;153129;2475;28956;389541;51422;51719;53632;5494;55004;55437;5562;5563;5564;5565;5571;57521;58528;6009;64121;64223;6794;7248;7249;81617;8649;92335","30616;37565;43474"
"R-HSA-391160","Signal regulatory protein family interactions","10326;140885;2185;2533;2885;55423;5747;5777;5781;6441;653509;6714;729238;7305;8935;961","30616"
"R-HSA-156590","Glutathione conjugation","10327;119391;2098;221357;27306;2938;2939;2940;2941;2944;2946;2947;2948;2949;2950;2952;2953;2954;373156;4257;4258;4259;653689;9446","15740;16225;2505;27561;29132;29132;30725;32639;32639;57783;57925;87752"
"R-HSA-5661270","Formation of xylulose-5-phosphate","10327;51084;51181;6652;9942","15378;15748;16526;17399;29105;30616;57540;57655;57737;57783"
"R-HSA-2022854","Keratan sulfate biosynthesis","10331;10402;10678;11041;11046;11081;176;2331;23563;2683;4060;4166;4958;4969;5549;6482;6483;6484;6487;79369;8534;8702;8703;8704;93010;9331;9334;9435","29035;57705;57705;57812;66914"
"R-HSA-166058","MyD88:MAL(TIRAP) cascade initiated on plasma membrane","10333;11213;114609;2243;2244;2266;23643;3146;3654;3656;4214;4615;51135;51295;59307;6271;6279;6280;695;7096;7097;7099;7189;8651;884327;929;948","16412;28640;29108;30616"
"R-HSA-168188","Toll Like Receptor TLR6:TLR2 Cascade","10333;7097;884327;929;948","28640"
"R-HSA-5602498","MyD88 deficiency (TLR2/4)","10333;114609;2243;2244;2266;23643;3146;4615;6271;6279;6280;695;7096;7097;7099;884327;929;948","16412;28640;29108"
"R-HSA-5603041","IRAK4 deficiency (TLR2/4)","10333;114609;2243;2244;2266;23643;3146;4615;51135;6271;6279;6280;695;7096;7097;7099;884327;929;948","16412;28640;29108"
"R-HSA-5686938","Regulation of TLR by endogenous ligand","10333;1687;2243;2244;2266;23643;3146;338;3929;51284;6271;6279;6280;6441;653509;7096;7097;7099;729238;79792;929;948","16113;16247;16412;17526;24654;28181;28640;29108;40304;57836;64294"
"R-HSA-1369062","ABC transporters in lipid homeostasis","10347;10349;10350;20;21;215;225;23460;23461;26154;335;5824;5825;64137;64240;64241;8504;9619","15904;15904;16113;16113;16113;16113;16113;17636;17636;26125;26125;30616;43474;57643;57643;57643;57643;64716;64716"
"R-HSA-379726","Mitochondrial tRNA aminoacylation","10352;10667;124454;23395;23438;25973;2617;27068;3735;51067;54938;55157;55699;57038;57176;57505;5859;79587;79731;80222;92935","16047;17732;18366;18420;29152;29153;29154;29155;29156;29157;29158;29159;29160;29161;29162;29163;29164;29166;29167;29168;29169;29170;29171;29172;29173;29174;29175;29176;29178;29179;30616;30616;32513;32551;32682;33019;33019;33384;35235;43474;57305;57427;57762;57844;57912;57926"
"R-HSA-1614558","Degradation of cysteine and homocysteine","1036;1491;2326;25828;2806;339896;4357;51380;7263;84890","15378;15379;16134;16208;16208;16526;16526;17359;18407;21347;29033;30831;33384;33542;35235;35235;57692;57783;57853;57853"
"R-HSA-8949215","Mitochondrial calcium ion transport","10367;221154;286097;3954;55013;6547;7416;7417;7419;80024;8165;90550;91689","15378;15378;29101;29101;29101;29101;29108;29108;29108;29108;29108"
"R-HSA-8949664","Processing of SMDT1","10367;10730;10939;11331;221154;23203;286097;30968;5245;55013;55486;6687;79568;90550;91689;9512","29105;29105"
"R-HSA-399719","Trafficking of AMPA receptors","10368;10369;1739;1742;2036;27092;2890;2892;2893;4193;4646;59283;815;816;817;818;9495","30616;43474"
"R-HSA-5682910","LGI-ADAM interactions","10368;10369;112755;163175;1742;203190;27092;4185;53616;55203;59283;6804;8745;9211",""
"R-HSA-112308","Presynaptic depolarization and calcium channel opening","10369;27092;55799;773;774;777;781;782;783;784;785;9254","29103;29108;29108"
"R-HSA-1234158","Regulation of gene expression by Hypoxia-inducible Factor","10370;1387;2033;2034;2056;25994;3091;405;64344;7422;768",""
"R-HSA-8866906","TFAP2 (AP-2) family regulates transcription of other transcription factors","10370;5308;7020;7022",""
"R-HSA-8866907","Activation of the TFAP2 (AP-2) family of transcription factors","10370;1387;163732;2033;339488;4435;51741;7020;7021;7022;8089;83741",""
"R-HSA-399954","Sema3A PAK dependent Axon repulsion","10371;1072;2242;2534;3320;3326;3984;5058;5062;5063;5361;5362;55558;5879;8829;91584","30616;30616;37565"
"R-HSA-399955","SEMA3A-Plexin repulsion signaling by inhibiting Integrin adhesion","10371;2242;23396;2534;27289;5361;5362;55558;5879;6237;7094;8829;91584;9855","17552;30616;37565;43474"
"R-HSA-1445148","Translocation of SLC2A4 (GLUT4) to the plasma membrane","10376;10381;10382;10383;10640;10890;10971;11127;112714;11336;113457;149371;207;208;22920;23216;23265;23433;2810;347688;347733;4012;4218;4627;4641;4644;51422;51552;51807;53632;54536;5563;5564;5565;5571;55763;55770;57148;57186;5867;5872;5879;5898;60;60412;6517;6810;6814;6844;71;7277;7278;7280;7529;7531;7532;7533;7534;7846;79058;79861;801;805;808;81027;84617;84790;8766;8773;9371;9847;9882","15996;17552;29108;30616;37565;43474;456215"
"R-HSA-190840","Microtubule-dependent trafficking of connexons from Golgi to the plasma membrane","10376;10381;10382;10383;112714;113457;2697;347688;347733;51807;7277;7278;7280;7846;79861;81027;84617;84790","37565"
"R-HSA-389960","Formation of tubulin folding intermediates by CCT/TriC","10376;10381;10382;10383;10574;10575;10576;10693;10694;112714;113457;22948;347733;51807;6950;7203;7277;7278;7280;7846;79861;81027;84617;84790;908","30616;37565;43474"
"R-HSA-389977","Post-chaperonin tubulin folding pathway","10376;10381;10382;10383;112714;113457;1155;347733;402;51807;6902;6903;6904;6905;7277;7278;7280;7846;79861;81027;84617;84790","37565;43474"
"R-HSA-437239","Recycling pathway of L1","10376;10381;10382;10383;112714;113457;1173;1175;1211;1213;160;161;163;1759;1785;1808;24137;26052;27330;285643;347688;347733;3897;4478;51807;5594;57698;5962;60;6195;6196;6197;6456;6714;71;7277;7278;7280;7430;7846;79861;81027;84617;84790;8650;8986;9252","30616;30616;37565;37565;43474"
"R-HSA-5610787","Hedgehog 'off' state","10376;10381;10382;10383;107;108;109;111;11127;112;113;113457;114;115;196883;23322;23432;26160;27152;2735;2736;2737;2778;347733;374654;51098;51684;54903;55081;5566;5567;5568;5573;5575;5576;55764;5577;55811;5727;57539;57728;6608;7277;7278;7280;7289;7846;79659;79809;80199;8100;81027;84617;84790;8481;9742","18420;30616;33019;37565"
"R-HSA-5620924","Intraflagellar transport","10376;10381;10382;10383;11020;11127;112752;113457;140735;150737;200132;22920;23059;255758;26146;26160;28981;347733;3797;3842;51098;51626;51668;55081;55112;55764;56912;57539;57560;57576;57728;64792;6991;7277;7278;7280;7846;79659;79809;79989;80173;8100;81027;83657;83658;84617;84790;8655;89891;90410;92104;9321;9371;9742","15996"
"R-HSA-5626467","RHO GTPases activate IQGAPs","10376;10381;10382;10383;10788;112714;113457;128239;1495;1499;347688;347733;4221;51807;5879;60;6249;71;7277;7278;7280;7846;79861;801;805;808;81027;84617;84790;8826;998;999","29108;29108;30616;37565"
"R-HSA-8955332","Carboxyterminal post-translational modifications of tubulin","10376;10381;10382;10383;112714;113457;123624;150465;158135;164395;22846;23093;23170;23287;254173;25809;25941;26140;284076;340351;347688;347733;374969;51807;54839;60509;7277;7278;7280;7846;79739;79805;79841;79861;81027;83887;84276;84617;84790;84871;91978;9654","15377;36080;36080;36080;36080;36080;37565;37565;43474;43474;57305"
"R-HSA-9609736","Assembly and cell surface presentation of NMDA receptors","10376;10381;10382;10383;112714;113457;116443;116444;1739;1740;1741;1742;26960;2902;2903;2904;2905;2906;320;347688;347733;4747;51807;55327;57576;64130;7277;7278;7280;7846;79861;81027;815;816;817;818;84617;84790;8573;88;8825","36080;37565;43474"
"R-HSA-9619483","Activation of AMPK downstream of NMDARs","10376;10381;10382;10383;10645;112714;113457;347688;347733;4137;51422;51807;53632;5562;5563;5564;5565;5571;7277;7278;7280;7846;79861;801;805;808;81027;84617;84790","29108;36080;37565"
"R-HSA-156584","Cytosolic sulfonation of small molecules","10380;25830;27233;27284;391365;445329;50512;54928;6783;6799;6817;6818;6819;6820;6822;8459;8460;84836","15882;16113;16469;17474;17703;18420;27905;28689;28774;32635;32701;35419;35420;35422;35424;35431;37946;43474;43474;456215;57905;85867"
"R-HSA-389957","Prefoldin mediated transfer of substrate  to CCT/TriC","10381;10382;10383;10471;10574;10575;10576;10693;10694;113457;22948;347733;5201;5202;5203;5204;60;6950;7203;7277;7278;7280;7411;7846;81027;84617;84790;908",""
"R-HSA-8851680","Butyrophilin (BTN) family interactions","10384;10385;11118;11119;11120;153579;30835;5493;56244;696;7498;79908","23367;23367;23367;23367"
"R-HSA-1483191","Synthesis of PC","10390;10400;10809;1103;1119;1120;126969;1457;1459;1460;162466;171586;204962;23175;23446;43;5130;56910;56994;57153;58488;590;64900;79888;80736;84879;9468;9663","16436;17815;17815;18420;18420;18420;251408;28868;29035;29035;29101;29101;30616;33019;36700;37563;42944;43474;53289;57287;57288;57613;57643;57643;57643;57643;57643;57643;57739;57856;64483;64567;64567;7514;8354;8665;8874"
"R-HSA-1483213","Synthesis of PE","10390;1119;1120;162466;23175;23761;55224;55500;5833;64850;64900;85465;9663","16000;16134;16526;17553;17553;17815;18420;18420;29035;30616;33019;37563;43474;43474;45360;57613;57613;57613;57739;57876"
"R-HSA-3928663","EPHA-mediated growth cone collapse","103910;10398;10627;1942;1943;1944;1945;1946;1969;2041;2042;2043;2044;2045;2046;2534;25791;284656;285220;387;4067;4627;4628;4629;4637;6093;6714;7525;79784;9475","30616;37565;37565"
"R-HSA-416572","Sema4D induced cell migration and growth-cone collapse","103910;10398;10507;10627;2064;23365;27289;387;388;389;3984;3985;4627;4628;4629;4637;5364;6093;79784;9475;9826","17552;30616;30616;37565;37565"
"R-HSA-5625740","RHO GTPases activate PKNs","103910;10398;10627;10971;2810;29941;387;388;389;4627;4628;4629;4637;4659;4660;5058;5170;5500;5585;5586;5879;7529;7531;7532;7533;7534;79784;94274;995","30616;37565;43474;57836"
"R-HSA-5627117","RHO GTPases Activate ROCKs","103910;10398;10627;1072;387;388;389;3984;3985;4627;4628;4629;4637;4659;4660;5058;5500;6093;79784;9475","30616;37565;37565;43474"
"R-HSA-5627123","RHO GTPases activate PAKs","103910;10398;10627;2017;2316;3984;4627;4628;4629;4637;4638;4659;4660;4771;5058;5062;5063;5500;5879;79784;801;805;808;998","29108;29108;30616;30616;37565;43474"
"R-HSA-168638","NOD1/2 Signaling Pathway","10392;10454;1147;14;1432;1540;23118;257397;329;330;3551;3654;3656;387522;5600;5603;5608;6233;6300;64127;64170;6885;7128;7189;7311;7314;7316;7334;7335;834;835;837;83737;841;842;8517;8767","30616"
"R-HSA-445989","TAK1-dependent IKK and NF-kappa-B activation  ","10392;10454;11274;1147;177;23118;257397;28511;28512;3146;351;3551;3654;3656;387522;4790;4791;4792;4793;5970;6233;6283;6285;6288;64127;6885;7189;7311;7314;7316;7334;7335;80216;8517;8767;92610","15915;30616"
"R-HSA-450302","activated TAK1 mediates p38 MAPK activation","10392;10454;1432;23118;257397;3654;3656;387522;5600;5606;5608;6233;64127;6885;7189;7311;7314;7316;7334;7335;7867;8517;8767;9261","30616;30616"
"R-HSA-450321","JNK (c-Jun kinases) phosphorylation and  activation mediated by activated human TAK1","10392;10454;23118;257397;3654;3656;387522;5599;5601;5602;5609;6233;64127;6416;6885;7189;7311;7314;7316;7334;7335;8517;8767","30616"
"R-HSA-141430","Inactivation of APC/C via direct inhibition of the APC/C complex","10393;11065;119504;246184;25906;27338;29882;29945;4085;51433;51529;64682;701;7321;7324;8697;8881;9184;991;996",""
"R-HSA-174048","APC/C:Cdc20 mediated degradation of Cyclin B","10393;11065;119504;246184;25906;27338;29882;29945;51433;51529;6233;64682;7311;7314;7316;7321;7324;8697;8881;891;983;991;996",""
"R-HSA-176407","Conversion from APC/C:Cdc20 to APC/C:Cdh1 in late anaphase","10393;11065;119504;246184;25906;27338;29882;29945;51343;51433;51529;64682;7321;7324;8556;8697;8881;991;996","33019"
"R-HSA-176409","APC/C:Cdc20 mediated degradation of mitotic proteins","10393;11065;119504;246184;25906;27338;29882;29945;4085;51433;51529;64682;701;7321;7324;8697;8881;9184;991;996",""
"R-HSA-176412","Phosphorylation of the APC/C","10393;11065;119504;246184;25906;27338;29882;29945;51433;51529;5347;64682;7321;7324;8697;8881;891;983;996",""
"R-HSA-179409","APC-Cdc20 mediated degradation of Nek2A","10393;11065;119504;246184;25906;27338;29882;29945;4085;4751;51433;51529;6233;64682;701;7311;7314;7316;7321;7324;8697;8881;9184;991;996",""
"R-HSA-9687136","Aberrant regulation of mitotic exit in cancer due to RB1 defects","10393;11065;119504;246184;25906;27338;29882;29945;51343;51433;51529;5925;64682;6502;7321;7324;8697;8881;996",""
"R-HSA-6803205","TP53 regulates transcription of several additional cell death genes whose specific roles in p53-dependent apoptosis remain uncertain","10397;1121;23368;332;5875;5876;604;64065;7157;7159;7161;79370;8626;9540","15378;15379;15817;18421;57783"
"R-HSA-5626978","TNFR1-mediated ceramide production","10399;55512;6610;7124;7132;8439",""
"R-HSA-1483226","Synthesis of PI","1040;10423;57605;83394;9600","18420;29035;33019;37563;57739;57739;57880;57880"
"R-HSA-4615885","SUMOylation of DNA replication proteins","10401;10762;11097;129401;23165;23225;23279;23511;23636;332;348995;3619;4927;4928;5111;51588;53371;55143;55706;55746;57122;5903;5905;6396;6612;6613;6790;7150;7153;7155;7175;7329;7341;79023;79902;8021;8086;81929;8480;9212;9631;9688;9818;9883;9972",""
"R-HSA-1912420","Pre-NOTCH Processing in Golgi","10402;10959;2683;3955;4242;4851;4853;4854;4855;487;488;489;5045;5870;5986;6400;6484;6487","57705;57812;66914"
"R-HSA-9830364","Formation of the nephric duct","10406;130497;1499;2018;2122;2247;255743;2625;3203;3214;3400;3975;5076;51316;57526;5979;652;7849",""
"R-HSA-381676","Glucagon-like Peptide-1 (GLP1) regulates insulin secretion","10411;10681;11069;111;112;114;26251;2641;2740;2778;2782;2783;2784;2785;2786;2787;2788;2790;2791;2792;2793;3708;3709;3710;3745;3747;3790;51764;54331;5566;5567;5568;5573;5575;5576;5577;55970;5906;59345;8826;94235;9495","17552;203600;30616;33019;37565;37565"
"R-HSA-422356","Regulation of insulin secretion","10411;10768;11069;2770;2771;3630;3708;3709;3710;3767;5566;5567;5568;6513;6514;6616;6804;6812;6833;6844;6861;773;775;776;777;783;784;9254","18420;18420;203600;27999;29105;29105;29105;29108;29108;29108;29108;29108;29108;29108;30616;30616;31654;31897;3650;37565;5383;5384;5441;57540;8805;9613"
"R-HSA-1251985","Nuclear signaling by ERBB4","10413;10608;10718;11033;1447;145957;1839;2066;2069;2099;23118;23385;2670;3084;348;3925;51107;51741;5241;55851;5663;5664;6285;6387;6678;6714;6776;685;6868;83464;9542;9611","29105"
"R-HSA-2028269","Signaling by Hippo","10413;154796;154810;1856;23286;25937;261734;26524;51421;55233;60485;6788;6789;7082;7529;7531;836;9113;92597;9414","30616"
"R-HSA-2032785","YAP1- and WWTR1 (TAZ)-stimulated gene expression","10413;1482;1490;204851;25937;2626;28996;4878;6910;7003;7004;7005;8463;860;8850",""
"R-HSA-8951671","RUNX3 regulates YAP1-mediated transcription","10413;1490;25937;7003;7004;7005;8463;864",""
"R-HSA-9619665","EGR2 and SOX10-mediated initiation of Schwann cell myelination","10413;1595;1605;1821;1959;25937;3066;3156;3908;3912;3915;4099;4155;4359;4664;4665;5376;5453;5454;57211;57716;6597;6663;6721;7003;7402;79966;84059",""
"R-HSA-9725554","Differentiation of keratinocytes in interfollicular epidermis in mammalian skin","10413;11005;1464;192666;1950;196374;2171;2312;23581;25818;26018;2707;28514;360;3655;3688;3691;3713;374897;3848;3852;3858;3861;3866;3880;388533;3963;4014;448834;51806;5646;5650;653499;6700;7037;84525;8626;8650;93099;9429","15379;29108"
"R-HSA-9796292","Formation of axial mesoderm","10413;1499;3169;3170;344022;4087;4088;51176;6469;6862;6932;7004;8463;8928",""
"R-HSA-5083635","Defective B3GALTL causes PpS","10417;10418;11093;11095;11096;11173;11174;140766;145173;157869;170689;170690;170691;170692;171019;221981;339366;5199;54437;54507;55901;56999;57188;7057;7058;79875;80070;80731;81792;81794;9037;92949;9507;9508;9509;9510;9719",""
"R-HSA-5173214","O-glycosylation of TSR domain-containing proteins","10417;10418;11093;11095;11096;11173;11174;140766;145173;157869;170689;170690;170691;170692;171019;221981;23275;339366;5199;54437;54507;55901;56999;57188;7057;7058;79875;80070;80731;81792;81794;9037;92949;9507;9508;9509;9510;9719","17659"
"R-HSA-6804760","Regulation of TP53 Activity through Methylation","10419;10919;11200;133383;133746;2033;26013;387893;4193;4194;472;56950;6233;7157;7311;7314;7316;79813;91875","30616;57856"
"R-HSA-9707616","Heme signaling","10424;10498;10499;10743;10891;113235;1385;1386;1387;200186;2033;23054;23373;23411;23643;3039;3040;3043;3162;335;338;406;4208;4209;4780;4862;51266;5465;5469;571;6095;6256;64784;6604;6907;7099;7514;79718;7975;80205;8204;85441;8648;8841;9572;9575;9611;96764","15756;16113;16234;16240;16247;17351;27432;28364;32395;36144;36144;36144;36144;36144;61120"
"R-HSA-1655829","Regulation of cholesterol biosynthesis by SREBP (SREBF)","10427;10484;10802;22937;3638;3837;51128;51141;51360;5901;6720;6721;8720;9632;9871","16113;37565;37565"
"R-HSA-203615","eNOS activation","10434;114757;207;23576;3320;340481;4846;6697;801;805;808;857","15378;15379;15532;15756;16095;16480;17632;18421;25941;29105;29108;29108;30616;32682;57379;57692;57743;57783"
"R-HSA-9837999","Mitochondrial protein degradation","10440;10476;10632;10730;10845;10939;10965;115209;1327;1329;133686;1431;1629;1632;1738;1891;197257;211;217;219;221154;2235;2271;23203;26519;26520;27034;27089;27166;27429;2746;292;293;29928;3028;3033;3158;3313;3329;3418;3419;351;36;38;384;4191;4200;4508;4512;4513;4535;4536;4540;4541;4695;4712;4719;4722;4723;4731;4967;4976;498;50;5019;506;509;5096;51079;51116;51142;51499;5160;5162;5163;522;539;54995;55173;5566;55699;56652;56910;5832;6182;622;6472;64983;6687;6742;6770;7019;7385;8192;8801;91689;9361;9377","15377;15377;15377;29105;29105;43474;43474"
"R-HSA-3214847","HATs acetylate histones","10445;10474;10499;10524;10629;10856;10902;10933;10943;11091;11143;112869;117143;121504;126961;128312;1386;1387;1810;2033;221613;23326;23338;23522;23587;23774;255626;26009;2648;26610;27097;27154;284058;3012;3013;3017;3018;3054;317772;333932;339287;440689;5077;51147;51230;51562;54556;54859;54934;55140;55167;55250;55257;554313;55578;55683;55689;55929;56943;57325;57634;5931;60;6314;64769;653604;6871;6880;6881;6883;6944;723790;7862;79595;7994;79960;80314;8089;8294;8295;8329;8330;8331;8332;8334;8335;8336;8337;8338;8339;8340;8341;8342;8343;8344;8345;8346;8347;8348;8349;8350;8351;8352;8353;8354;8355;8356;8357;8358;8359;8360;8361;8362;8363;8364;8365;8366;8367;8368;8370;84148;84289;8464;8473;8518;8520;85235;85236;86;8607;8648;8850;8968;8969;8970;92815;93624;9575;9643;9767;9913","57287;57287;57288;57288"
"R-HSA-9772755","Formation of WDR5-containing histone-modifying complexes","10445;10474;11091;11168;112869;1810;22976;23054;259282;26009;2648;26993;284058;29915;3054;30827;4221;4297;51105;51230;51562;54934;55617;55683;55689;57325;58508;5929;6871;7403;79447;80335;8085;84148;84661;8473;8850;9070;91272;9739;9757",""
"R-HSA-77289","Mitochondrial Fatty Acid Beta-Oxidation","10449;10965;11332;117145;134526;1622;23597;26027;27349;284486;414149;4706;55856;58488;641371;80221;80724;84129;84320","15489;15904;15904;33019;33184;33184;33184;57287;57287;57288;57384;57692;65088;85880;85944;85945"
"R-HSA-381771","Synthesis, secretion, and inactivation of Glucagon-like Peptide-1 (GLP-1)","1045;139760;1499;1803;23478;2641;2782;2784;2864;28972;2922;338557;346562;3952;5080;5122;51764;60559;6934;90701;9789","15756;16196;17504;27432;27997;28364;28661;28716;28875;29108;30805;42504;53460;53486;53487;9254"
"R-HSA-114604","GPVI-mediated activation cascade","10451;10630;1277;1278;146850;2207;23533;2534;27040;387;388;391;3932;3937;4067;51206;51266;5170;5290;5291;5294;5295;5296;5336;5590;5777;5781;5879;5880;6850;7409;7410;80739;8503;998","17815;203600;30616;30616;37565;57836;57836"
"R-HSA-2871796","FCERI mediated MAPK activation","10451;2205;2206;2207;2353;27040;2885;3265;3725;3845;3937;4067;4214;4893;5058;5062;5335;5336;5594;5595;5599;5601;5602;5609;5879;6416;6464;6654;6850;7409;7410;9402","30616;30616;30616;37565;57836"
"R-HSA-2871809","FCERI mediated Ca+2 mobilization","10451;10768;2205;2206;2207;27040;2885;3702;3708;3709;3710;3937;4067;4772;4773;4775;5335;5336;5530;5532;5534;6464;6654;6850;695;7006;7294;7409;7410;801;805;808;9402","203600;203600;29034;29034;29105;29105;29108;29108;29108;29108;30616;30616;43474;57540;57836;57836"
"R-HSA-9014325","TICAM1,TRAF6-dependent induction of TAK1 complex","10454;148022;23118;257397;6233;6885;7098;7189;7311;7314;7316","33697;36080;36080;67208;67208;67208;67208"
"R-HSA-937042","IRAK2 mediated activation of TAK1 complex","10454;23118;257397;3656;6233;6885;7189;7311;7314;7316","36080"
"R-HSA-9645460","Alpha-protein kinase 1 signaling pathway","10454;23118;257397;6233;6885;7189;7311;7314;7316;80216;92610","15915;36080"
"R-HSA-8857538","PTK6 promotes HIF1A stabilization","10457;120892;1839;1956;3091;5753",""
"R-HSA-110312","Translesion synthesis by REV1","10459;5111;51455;5980;5981;5982;5983;5984;5985;6117;6118;6119;6233;7311;7314;7316","16516;33019"
"R-HSA-5655862","Translesion synthesis by POLK","10459;5111;51426;51455;5980;5981;5982;5983;5984;5985;6117;6118;6119;6233;7311;7314;7316","16516;18420;29035;33019"
"R-HSA-5656121","Translesion synthesis by POLI","10459;11201;5111;51455;5980;5981;5982;5983;5984;5985;6117;6118;6119;6233;7311;7314;7316","16516;18420;33019"
"R-HSA-202733","Cell surface interactions at the vascular wall","10461;1048;10544;1084;1088;120425;1277;1278;140885;1525;2147;2207;2335;2534;2621;2734;2817;29802;2993;2994;2995;338;3512;3543;3676;3678;3683;3684;3687;3688;3689;4067;4072;4267;4282;440533;4680;4973;50848;51206;51744;5175;5196;5197;54210;55423;5624;5627;5669;5670;5671;5672;5673;5675;5676;5678;5680;57126;58494;634;6382;6383;6385;6401;6402;6403;6404;6693;7040;7056;7102;7441;813949;83692;83700;83953;8793;8795;8797;8832;90952;914;9463;960;961;962;965;9672;972","16113;16247;23367;29035;29108;29108"
"R-HSA-9692916","SARS-CoV-1 activates/modulates innate immune responses","10465;11035;11123;114548;1489680;2280;23586;26007;29108;29110;340061;3656;3661;3837;3838;4790;4792;5094;51284;5478;5479;57506;5970;6233;64135;6441;684;7187;7189;7311;7314;7316;7706;80143;834;83737;861;9111;9360;9641;9868;NC_004718.3","133969;143976;17851;29103;29103;29108;29108;33697;33697;33697;33697;36080;36704;36706;8756"
"R-HSA-163210","Formation of ATP by chemiosmotic coupling","10476;10632;27109;4508;4509;498;506;509;513;514;515;516;517;518;521;522;539;9551","15378;15378;30616;43474"
"R-HSA-8949613","Cristae formation","10476;10632;10651;10989;125988;139322;25813;27109;3313;440574;4508;4509;4580;498;506;509;513;514;515;516;517;518;521;522;539;54927;55735;79135;84303;8834;9551",""
"R-HSA-8866652","Synthesis of active ubiquitin: roles of E1 and E2 enzymes","10477;11065;27338;29089;3093;54926;55236;55284;6233;65264;7311;7314;7316;7317;7319;7320;7321;7322;7324;7326;7327;7328;7332;7347;7874;8078;8239;90268;92912;997","33019;33019;33019"
"R-HSA-389599","Alpha-oxidation of phytanate","10478;11001;224;26061;5264;55825","15378;15379;15475;15522;15538;15740;16285;16474;16526;18420;29033;30616;30616;33019;57287;57540"
"R-HSA-9603798","Class I peroxisomal membrane protein import","10478;11264;215;224;225;51024;5193;5194;5195;54332;55670;5824;5825;5827;5828;84896;8504;8799;91452;9409",""
"R-HSA-425986","Sodium/Proton exchangers","10479;23315;285195;389015;6548;6549;6550;6553;84679","15378;15378;15378;15378;15378;29101;29101;29101;29101;29101"
"R-HSA-5619092","Defective SLC9A6 causes  X-linked, syndromic mental retardation,, Christianson type (MRXSCH)","10479","15378;29101"
"R-HSA-156827","L13a-mediated translational silencing of Ceruloplasmin expression","10480;11224;116832;140032;140801;1964;1965;1968;1973;1974;1975;1977;1981;200916;2197;23521;25873;26986;27335;3646;3921;4736;51065;51121;51386;6122;6123;6124;6125;6128;6129;6130;6132;6133;6134;6135;6136;6137;6138;6139;6141;6142;6143;6144;6146;6147;6152;6154;6155;6156;6157;6158;6159;6160;6161;6164;6165;6166;6167;6168;6169;6170;6171;6173;6175;6176;6181;6187;6188;6189;6191;6192;6193;6194;6201;6202;6203;6204;6205;6206;6207;6208;6209;6210;6217;6218;6222;6223;6224;6227;6228;6229;6230;6231;6232;6233;6234;6235;7311;7458;8661;8662;8663;8664;8665;8666;8667;8668;8669;8894;9045;9349","2651;30616;37565"
"R-HSA-72649","Translation initiation complex formation","10480;140032;1964;1965;1968;1973;1974;1975;1977;1981;2197;26986;27335;3646;3921;51065;51386;6187;6188;6189;6191;6192;6193;6194;6201;6202;6203;6204;6205;6206;6207;6208;6209;6210;6217;6218;6222;6223;6224;6227;6228;6229;6230;6231;6232;6233;6234;6235;7458;8661;8662;8663;8664;8665;8666;8667;8668;8669;8894","2651;37565"
"R-HSA-72689","Formation of a pool of free 40S subunits","10480;11224;116832;140032;140801;1964;200916;2197;23521;25873;27335;3646;3921;4736;51065;51121;51386;6122;6123;6124;6125;6128;6129;6130;6132;6133;6134;6135;6136;6137;6138;6139;6141;6142;6143;6144;6146;6147;6152;6154;6155;6156;6157;6158;6159;6160;6161;6164;6165;6166;6167;6168;6169;6170;6171;6173;6175;6176;6181;6187;6188;6189;6191;6192;6193;6194;6201;6202;6203;6204;6205;6206;6207;6208;6209;6210;6217;6218;6222;6223;6224;6227;6228;6229;6230;6231;6232;6233;6234;6235;7311;8661;8662;8663;8664;8665;8666;8667;8668;8669;9045;9349",""
"R-HSA-72695","Formation of the ternary complex, and subsequently, the 43S complex","10480;140032;1964;1965;1968;2197;27335;3646;3921;51065;51386;6187;6188;6189;6191;6192;6193;6194;6201;6202;6203;6204;6205;6206;6207;6208;6209;6210;6217;6218;6222;6223;6224;6227;6228;6229;6230;6231;6232;6233;6234;6235;8661;8662;8663;8664;8665;8666;8667;8668;8669;8894","2651;37565"
"R-HSA-72702","Ribosomal scanning and start codon recognition","10480;140032;1964;1965;1968;1973;1974;1975;1977;1981;1983;2197;27335;3646;3921;51065;51386;6187;6188;6189;6191;6192;6193;6194;6201;6202;6203;6204;6205;6206;6207;6208;6209;6210;6217;6218;6222;6223;6224;6227;6228;6229;6230;6231;6232;6233;6234;6235;7458;8661;8662;8663;8664;8665;8666;8667;8668;8669;8894","2651;36080;37565;43474"
"R-HSA-72706","GTP hydrolysis and joining of the 60S ribosomal subunit","10480;11224;116832;140032;140801;1964;1965;1968;1973;1974;1975;1977;1981;1983;200916;2197;23521;25873;27335;3646;3921;4736;51065;51121;51386;6122;6123;6124;6125;6128;6129;6130;6132;6133;6134;6135;6136;6137;6138;6139;6141;6142;6143;6144;6146;6147;6152;6154;6155;6156;6157;6158;6159;6160;6161;6164;6165;6166;6167;6168;6169;6170;6171;6173;6175;6176;6181;6187;6188;6189;6191;6192;6193;6194;6201;6202;6203;6204;6205;6206;6207;6208;6209;6210;6217;6218;6222;6223;6224;6227;6228;6229;6230;6231;6232;6233;6234;6235;7311;7458;8661;8662;8663;8664;8665;8666;8667;8668;8669;8894;9045;9349;9669","2651;36080;37565;43474"
"R-HSA-428890","Role of ABL in ROBO-SLIT signaling","10486;10487;23122;23332;25;27;6091;9353","30616"
"R-HSA-8874211","CREB3 factors activate genes","10488;148327;153222;51360;64764;81501;84699;8720;90993",""
"R-HSA-373080","Class B/2 (Secretin family receptors)","104909134;11211;113091;114131;1392;1393;1394;1395;1604;2015;2535;30817;3549;50846;51384;54361;5727;5741;5744;5745;5746;6469;6608;7349;7471;7472;7473;7474;7475;7476;7477;7478;7479;7480;7481;7482;7483;7484;7855;7976;80326;8321;8322;8323;8324;8325;8326;84658;8643;89780;90226;976","37397"
"R-HSA-1650814","Collagen biosynthesis and modifying enzymes","10491;10536;1277;1278;1280;1281;1282;1284;1285;1286;1287;1288;1289;1290;1291;1292;1293;1294;1295;1296;1297;1298;1299;1300;1301;1302;1303;1305;1306;1307;1308;1310;131873;136227;140766;169044;23127;255631;256076;26577;283208;340267;5033;5034;50509;5118;5351;5352;5479;55214;57642;64175;649;7092;7093;7373;79709;80781;81578;84570;85301;871;8974;8985;91522;9508;9509","15379;16526;17659;29033;29033;29073;66914"
"R-HSA-181429","Serotonin Neurotransmitter Release Cycle","10497;10815;22999;5864;6571;6616;6804;6812;6844;6853;6854;6857;8224;8497;8499;8500;8541;9256","15378;15378;30616;350546;350546;350546;43474"
"R-HSA-181430","Norepinephrine Neurotransmitter Release Cycle","10497;10815;22999;4128;5864;6571;6580;6582;6616;6804;6812;6844;6857;8497;8499;8500;8541;9256","15378;15378;15379;16134;16240;27852;30616;43474;57692"
"R-HSA-210500","Glutamate Neurotransmitter Release Cycle","10497;10550;10815;22999;27165;2744;54407;57030;5864;6505;6506;6507;6511;6512;6616;6804;6812;6844;6857;8497;8499;8500;8541;9256","15378;15378;28938;29101;29101;29103;29103;29108"
"R-HSA-212676","Dopamine Neurotransmitter Release Cycle","10497;10815;22999;320;55327;5864;64130;6571;6616;6804;6812;6844;6853;6854;6857;8224;8497;8499;8500;8541;8573;8825;9256","15378;15378;30616;43474"
"R-HSA-264642","Acetylcholine Neurotransmitter Release Cycle","10497;10815;1103;22999;5864;60482;6572;6616;6804;6812;6844;6857;8497;8499;8500;8541;9256","15378;15378;29101;29101;30616;57287;57288"
"R-HSA-1368082","RORA activates gene expression","10498;10499;1374;1387;2033;23054;5465;5469;6095;6256;6604;6720;6907;79718;80205;85441;8648;96764","15756;17351;27432;28364;32395;61120"
"R-HSA-2151201","Transcriptional activation of mitochondrial biogenesis","10498;10499;10891;11232;133522;1385;1386;1387;200186;2101;211;23054;23082;23373;23408;23409;23410;2551;2553;2746;2747;3054;3418;4208;4209;4899;506;51106;54205;5442;5465;5469;55902;56652;6256;64216;64784;6604;6648;6742;6907;7019;79718;7978;801;80205;805;808;814;84808;85441;8648;8841;9572;9611;96764","15756;17351;27432;28364;29105;29105;29108;30616;32395;36144;57540;57540;61120;76279;83767"
"R-HSA-2426168","Activation of gene expression by SREBF (SREBP)","10498;10499;10654;1387;1595;1717;2194;2222;2224;23054;31;3156;3157;32;3422;4047;4520;4597;4598;4800;4801;4802;5465;5469;57678;6256;6309;6319;6604;6667;6713;6720;6721;6907;7108;79071;79718;80205;85441;8648;9453;96764","15756;17351;27432;28364;29105;32395;61120"
"R-HSA-400206","Regulation of lipid metabolism by PPARalpha","10498;10499;1387;2168;23054;23309;25942;5465;5469;6256;6604;6907;79718;80205;85441;8648;8841;9611;9612;96764","15756;17351;27432;28364;32395;61120"
"R-HSA-6804114","TP53 Regulates Transcription of Genes Involved in G2 Cell Cycle Arrest","10498;1647;1874;2033;25946;2810;3276;5111;581;5933;5934;6790;7027;7029;7157;891;983;995",""
"R-HSA-159418","Recycling of bile acids and salts","10499;10599;10998;123264;200931;213;2172;28234;570;6256;6554;6555;6579;80765;8647;8648;8714;9971","16525;28834;28834;29101;29101;30616;33019;36234;36234;36234;36252;36252;36257;36257;43474;57287;57305;57373;9407"
"R-HSA-192105","Synthesis of bile acids and bile salts","10499;114876;114880;114881;114883;1581;26031;5007;6256;8648;9023;9420;9885;9971","15378;15379;16113;17526;17526;28834;29033;36234;37623;42977;42977;42977;42977;57783"
"R-HSA-193807","Synthesis of bile acids and bile salts via 27-hydroxycholesterol","10499;1109;1581;1582;1593;1645;1646;5740;6256;6718;80270;8644;8648;9420;9971","15378;15378;15379;15379;16113;17703;17703;17703;18431;28540;28540;28834;36234;57540;57783;57783"
"R-HSA-211976","Endogenous sterols","10499;10858;112812;1545;1581;1583;1584;1585;1588;1589;1593;1595;196;2230;2232;285440;405;51302;5443;57491;6256;8648;9420;9915;9971","15378;15378;15379;15379;15740;16113;16113;16422;16469;16485;16521;17500;17650;17703;17813;27584;28119;28324;28834;36234;37623;37640;42977;57783;57783"
"R-HSA-9696264","RND3 GTPase cycle","10505;10970;11180;11188;1152;1362;1828;1832;1969;222584;22852;2319;23513;23592;253980;27316;2909;29766;3895;390;394;5295;5296;54514;55704;55789;56667;57216;57449;57584;5783;6093;667;7126;81839;8301;8502;857;91544;9231;9352;9462","37565"
"R-HSA-416550","Sema4D mediated inhibition of cell attachment and migration","10507;27289;2909;387;4233;5364;5879;6237","17552;30616;37565;43474"
"R-HSA-380994","ATF4 activates genes in response to endoplasmic reticulum  stress","1051;1054;11340;118460;1649;167227;22894;22926;23016;23404;3484;3576;440;467;468;4800;4801;4802;5073;51010;51013;5393;54512;56915;6347;8570;9709","33697"
"R-HSA-9633012","Response of EIF2AK4 (GCN2) to amino acid deficiency","1051;1054;10985;11224;116832;1386;140032;140801;1649;1965;1968;200916;2197;23521;25873;3921;440;440275;467;468;4736;51065;51121;55364;57761;6122;6123;6124;6125;6128;6129;6130;6132;6133;6134;6135;6136;6137;6138;6139;6141;6142;6143;6144;6146;6147;6152;6154;6155;6156;6157;6158;6159;6160;6161;6164;6165;6166;6167;6168;6169;6170;6171;6173;6175;6176;6181;6187;6188;6189;6191;6192;6193;6194;6201;6202;6203;6204;6205;6206;6207;6208;6209;6210;6217;6218;6222;6223;6224;6227;6228;6229;6230;6231;6232;6233;6234;6235;7311;8894;9045;9349",""
"R-HSA-9648895","Response of EIF2AK1 (HRI) to heme deficiency","1051;1054;1649;1965;1968;22809;23645;27102;2887;440;467;468;57761;79094;8894","36144"
"R-HSA-9725371","Nuclear events stimulated by ALK signaling in cancer","1051;1786;192669;192670;2305;26523;27161;29851;3002;3065;3587;3662;3726;4204;4343;4869;51530;5551;5594;5595;57690;5777;5925;597;6194;6500;6774;6776;7291;7535;8454;891;9978",""
"R-HSA-1566948","Elastic fibre formation","10516;2006;2200;2201;3678;3685;3688;3690;3694;4015;4016;4017;4237;5045;8076;84171;84467;84695","29036"
"R-HSA-2129379","Molecules associated with elastic fibres","10516;11117;2006;2192;2199;2200;2201;2202;2335;27302;30008;3685;3688;3690;3693;3694;3696;4052;4053;4054;4237;4238;4239;650;652;655;7040;7042;7043;7448;8076;8200;84034;8425;84467;8516;90187",""
"R-HSA-9733709","Cardiogenesis","10524;11091;1482;1499;150572;23462;23493;2626;2627;2648;3670;4086;4089;4208;4303;51176;55897;57057;6722;6862;6899;6910;8320;8861;93649;9421;9464",""
"R-HSA-3000484","Scavenging by Class F Receptors","10525;10808;3320;338;811;8578","16113;16113;16113;16247;16247;16247;24654;24654;24654;37671;37671;37671;64294;64294;64294"
"R-HSA-917937","Iron uptake and transport","10539;113235;1356;2495;2512;26234;28982;30061;3162;3163;3658;3934;4738;48;4891;51310;55832;6233;6500;7018;7311;7314;7316;79901;8454;94033;9429;9843","10545;15377;15377;15378;15378;15378;15379;15379;15379;28694;29033;29033;29033;29034;29034;29034;29036;36144;36144;43474;57783"
"R-HSA-140875","Common Pathway of Fibrin Clot Formation","10544;2147;2149;2153;2157;2159;2162;2165;2243;2244;2266;3053;462;5104;5196;5197;5270;5624;5627;5657;57126;7056","28938;29108;29108;43966;85973;94385"
"R-HSA-163765","ChREBP activates metabolic gene expression","10554;2194;31;32;47;51085;5313;6945",""
"R-HSA-5619037","Defective SLC35A1 causes congenital disorder of glycosylation 2F (CDG2F)","10559","57812"
"R-HSA-5663020","Defective SLC35A1 causes congenital disorder of glycosylation 2F (CDG2F)","10559","57812"
"R-HSA-727802","Transport of nucleotide sugars","10559;11046;23169;23443;347734;51000;55343;7355;84912","57273;57527;57527;57632;57632;57705;57705;57705;57812;57812;57847;57847;58115;58115;66914;66914"
"R-HSA-196819","Vitamin B1 (thiamin) metabolism","10560;27010;60386;79178;80704","18385;18385;18420;30616;43474;9534"
"R-HSA-380108","Chemokine receptors bind chemokines","10563;10663;10803;10850;1230;1232;1233;1234;1235;1236;1237;1238;1524;2826;2829;2833;2919;2920;2921;3576;3577;3579;3627;388372;414062;4283;51554;5196;5473;56477;57007;58191;6346;6347;6348;6349;6351;6352;6354;6356;6357;6360;6361;6363;6364;6366;6367;6370;6372;6373;6374;6375;6376;6387;643;6846;729230;7852;9034",""
"R-HSA-427589","Type II Na+/Pi cotransporters","10568;142680;6569","29101;29101;43474;43474"
"R-HSA-5619045","Defective SLC34A2 causes pulmonary alveolar microlithiasis (PALM)","10568","29101;43474"
"R-HSA-5683826","Surfactant metabolism","10568;10970;135;136;1438;1439;150;1512;152;1755;21;221395;2627;29080;29995;5029;51201;51816;5222;643834;643847;6439;6440;6441;653509;6569;7270;729238;9476","16134;16335;17596;29101;29101;29105;30616;30616;43474;43474;57287;57379;57643;57643;57643;64716;64716;64716"
"R-HSA-5687583","Defective SLC34A2 causes PALM","10568","29101;43474"
"R-HSA-390450","Folding of actin by CCT/TriC","10574;10575;10576;10693;10694;22948;60;6950;7203;908","30616;43474"
"R-HSA-6814122","Cooperation of PDCL (PhLP1) and TRiC/CCT in G-protein beta folding","10574;10575;10576;10681;10693;10694;1457;1459;1460;22948;2767;2769;2776;2782;2783;2784;2785;2786;2787;2788;2790;2791;2792;2793;5082;51764;54331;55970;59345;6000;6950;7203;8786;8787;908;94235;9628;9630","30616;43474"
"R-HSA-5620922","BBSome-mediated cargo-targeting to cilium","10575;10576;10694;117177;123016;129880;166379;22948;27241;2847;54585;55212;582;583;585;6608;6753;6950;7203;79738;8195;84100;92482","15996;37565"
"R-HSA-8964038","LDL clearance","10577;1173;1175;1211;1213;160;161;163;23491;255738;26119;338;3949;3988;4864;51599;57552;6646;8435","15377;15377;16113;16113;16113;16113;16113;16113;16113;16113;16113;16113;16247;16247;16247;16247;16247;16247;16247;35366;57287;57560"
"R-HSA-166662","Lectin pathway of complement activation","10584;10747;2219;2220;4153;5648;78989;8547","23367;28009;28640;28847;28879;29108;37671;40356"
"R-HSA-5083629","Defective POMT2 causes MDDGA2, MDDGB2 and MDDGC2","10585;1605;29954","57523"
"R-HSA-5083633","Defective POMT1 causes MDDGA1, MDDGB1 and MDDGC1","10585;1605;29954","57523"
"R-HSA-5173105","O-linked glycosylation","10585;11041;120071;148789;1605;29954;55624;84197;84892;9215","17659;30616;57523;57632;57683;57705;57705;57847;91124;91125"
"R-HSA-3299685","Detoxification of Reactive Oxygen Species","10587;10935;1535;1536;257202;25824;25828;2876;2877;2878;2880;2882;2936;2950;30001;318;343;4688;4689;475;493869;5034;50507;5052;538;54205;653361;6647;6648;6649;7001;7295;7296;79400;847;9588;9973","15378;15378;15378;15378;15379;15379;15379;15379;15379;15883;16240;16240;16240;16240;16240;16240;16240;16240;16301;16301;16474;16480;16480;18421;18421;18421;18421;25941;25941;29035;29036;29036;29036;29036;29036;29036;29105;29105;29105;29105;29105;29105;30616;37565;38573;38574;43474;57692;57692;57783;57783;57925;58115"
"R-HSA-196757","Metabolism of folate and pterines","10588;10797;10840;113235;160428;1719;200895;2350;2356;25902;441024;4522;4524;6470;6472;6573;81034","15378;15378;15635;15740;15740;16526;16526;18608;18608;27470;27470;28010;28010;28624;28624;30616;30616;33384;33384;43474;43474;57305;57305;57451;57453;57454;57455;57540;57783;57783;65049"
"R-HSA-1181150","Signaling by NODAL","10589;10637;130399;199699;2309;2657;4087;4088;4089;4838;5045;5046;5594;5595;55997;6997;7044;8928;91;92;93;9350","30616;61120;61120"
"R-HSA-1502540","Signaling by Activin","10589;130399;3623;3624;3625;4087;4088;4089;5594;5595;7049;8928;91;92;93","30616;30616;61120"
"R-HSA-189483","Heme degradation","10599;11309;1244;213;2168;28234;2938;3162;3163;4363;54657;54658;644;645;9429","15379;15748;16427;16427;16427;16474;17654;17654;17659;26756;29033;29105;30616;36378;4260;43474;57783"
"R-HSA-5619110","Defective SLCO1B1 causes hyperbilirubinemia, Rotor type (HBLRR)","10599",""
"R-HSA-879518","Transport of organic anions","10599;11309;28231;28232;28234;353189;53919;551;6567;6578;6579","15544;15544;15551;15551;15553;15553;15555;15555;16525;17474;17474;18332;18332;28774;28774;36234;36234;36252;36252;36257;36257;4551;4551;57905;57905;9407"
"R-HSA-9754706","Atorvastatin ADME","10599;11309;1244;1576;28234;5243;5444;5446;54659","15377;15377;15378;15378;15379;15748;29108;29108;57783"
"R-HSA-429947","Deadenylation of mRNA","10605;1973;1974;1975;1977;1981;23019;23318;246175;255967;25904;26986;29883;4848;4849;4850;5073;55571;79670;85456;9125;9337;9775;9924","33019"
"R-HSA-9820841","M-decay: degradation of maternal mRNAs by maternally stored factors","10605;1973;1974;1975;1977;1981;23019;23405;246175;25904;26986;27161;29883;390748;4848;4849;4850;54766;55571;678;85456;9125;9337;9775","15377"
"R-HSA-9820865","Z-decay: degradation of maternal mRNAs by zygotically expressed factors","10605;129563;1973;1974;1975;1977;1981;23318;26986;79670;8106;9775","15377;33019"
"R-HSA-73817","Purine ribonucleoside monophosphate biosynthesis","10606;122622;158;159;2618;3614;3615;471;5198;5471;8833","15378;16526;18420;29033;32966;33019;37565;43474;57305;57453;57454;57464;57540;57567;58115"
"R-HSA-9683673","Maturation of protein 3a","10610;256435;2589;27090;6480;6482;6483;6484;6487","15378;17361;17659;23367;23367;57812"
"R-HSA-9694548","Maturation of spike protein","10610;11253;11282;11320;1603;1650;23193;2530;253832;256435;25834;25921;27090;29801;3703;4124;4245;4247;4249;51114;51125;51201;51304;55741;5589;6184;6185;6480;6482;6483;6484;6487;7841;79844;7991;821;84061","15377;15903;44369;57287;57379;57683"
"R-HSA-9694719","Maturation of protein 3a","10610;256435;2589;27090;6480;6482;6483;6484;6487","15378;17361;17659;23367;23367;57812"
"R-HSA-6794361","Neurexins and neuroligins","10611;127833;143425;1740;1741;1742;2035;2036;2037;22829;22839;22871;22941;23136;26037;26045;28988;2902;2903;2904;2905;2906;2911;2915;320;321;341359;347730;347731;50944;54413;55327;57502;57555;57596;57669;58512;64130;6804;6812;6857;80059;81858;8573;8825;9066;91683;9229;9369;9378;9379;9454;9455;9456;9546",""
"R-HSA-1834949","Cytosolic sensors of pathogen-associated DNA ","10621;10622;10623;11128;171568;2547;27297;4361;51082;51728;5434;5435;5437;5440;5441;55703;55718;5591;661;7520;84265;9447;9533","16991;16991;16991;16991;16991;16991;67208"
"R-HSA-73780","RNA Polymerase III Chain Elongation","10621;10622;10623;11128;171568;27297;51082;51728;5434;5435;5437;5440;5441;55703;55718;661;84265;9533","61120"
"R-HSA-73980","RNA Polymerase III Transcription Termination","10621;10622;10623;11128;171568;27297;4774;4781;4782;4784;51082;51728;5434;5435;5437;5440;5441;55703;55718;661;6741;84265;9533","33697;33697;33697;61120;61120"
"R-HSA-76061","RNA Polymerase III Transcription Initiation From Type 1 Promoter","10621;10622;10623;11128;112495;171568;27297;2971;2972;2975;2976;51082;51728;5434;5435;5437;5440;5441;55703;55718;55814;661;6908;84265;9328;9329;9330;9533",""
"R-HSA-76066","RNA Polymerase III Transcription Initiation From Type 2 Promoter","10621;10622;10623;11128;112495;171568;27297;2972;2975;2976;51082;51728;5434;5435;5437;5440;5441;55703;55718;55814;661;6908;84265;9328;9329;9330;9533",""
"R-HSA-3928664","Ephrin signaling","10627;1947;1948;1949;2047;2048;2049;2050;2051;2534;28964;5058;5062;5063;5879;6386;6714;8440;8874","17552;30616;30616;37565"
"R-HSA-844456","The NLRP3 inflammasome","10628;10910;114548;24145;29108;3162;3326;351;4210;4790;4791;5027;5970;7295;834;9051","16336;26523;29103;29103;36080"
"R-HSA-9617629","Regulation of FOXO transcriptional activity by acetylation","10628;1387;2033;2308;2309;23410;23411;4303;7295;8850","26523;26523;57287;57287;57288;57288;57540;57540;76279"
"R-HSA-9660826","Purinergic signaling in leishmaniasis infection","10628;10910;114548;1511;29108;3162;3326;351;3552;3553;3606;4210;4790;4791;4907;5025;5027;5970;718;719;7295;79792;834;9051;953;957","15377;15378;15927;16336;17526;18420;26523;29105;29108;36080;43474;57836;57865;57930;58115"
"R-HSA-156711","Polo-like kinase mediated events","1063;132660;2033;2305;286826;4605;5347;55957;5928;7465;891;9088;9133;91750;993;995","30616;30616"
"R-HSA-9827857","Specification of primordial germ cells","10630;342977;5460;54790;639;64321;652;7022;7852;79923;8320;9139",""
"R-HSA-1433617","Regulation of signaling by NODAL","10637;130399;199699;4838;55997;6997;7044;91;92;93;9350",""
"R-HSA-264876","Insulin processing","10640;11336;1363;149371;169026;23265;25924;3630;3798;3799;3800;4644;5034;5122;5126;54536;55763;55770;56605;57393;5873;60412;64924;6804;6844","15379;16240;29105;29105;29105;29105;29108;29108;29108;32551;32682"
"R-HSA-5620916","VxPx cargo-targeting to cilium","10640;11336;117177;1258;1260;1262;149371;23265;378;4218;50807;5310;5311;54536;55763;55770;6010;60412;8729;8766;9727","37565;37565;43474"
"R-HSA-428359","Insulin-like Growth Factor-2 mRNA Binding Proteins (IGF2BPs/IMPs/VICKZs) bind RNA","10642;10643;10644",""
"R-HSA-111932","CaMK IV-mediated phosphorylation of CREB","10645;1385;3838;801;805;808;814;815;816;817;818;84254","29108;29108;29108;30616;30616;30616"
"R-HSA-442729","CREB1 phosphorylation through the activation of CaMKII/CaMKK/CaMKIV cascasde","10645;1385;3838;801;805;808;814;816;818;84254","29108;29108;29108;30616;30616;30616"
"R-HSA-9619229","Activation of RAC1 downstream of NMDARs","10645;28964;5879;801;805;808;84254;8536;8874","29108;29108;37565"
"R-HSA-6803204","TP53 Regulates Transcription of Genes Involved in Cytochrome C Release","10650;1387;147923;23368;27113;27166;472;51499;5366;55240;581;637;63970;665;7157;7159;7161;84883;8626;94241","30616;57739;57739"
"R-HSA-6806942","MET Receptor Activation","10653;3082;3083;3249;4233;6692","30616"
"R-HSA-8852405","Signaling by MST1","10653;3249;4485;4486;6692",""
"R-HSA-191273","Cholesterol biosynthesis","10654;1595;1718;2222;2224;3156;3157;3422;39;3930;403313;4047;4597;4598;50814;51478;6307;64801;6713;6720;6721;7108;91734;9453","15378;15378;15379;15440;15441;15442;15740;15899;16057;16113;16113;16474;16521;16526;175763;17813;17813;18364;18364;18420;2567;28113;30616;33019;36464;43074;43474;57286;57287;57288;57540;57692;57783;8869"
"R-HSA-8849468","PTK6 Regulates Proteins Involved in RNA Processing","10656;10657;202559;5753;6421",""
"R-HSA-211945","Phase I - Functionalization of compounds","1066;13;134147;1555;1576;1727;196;2052;218;23491;26;314;405;4835;54996;57491;64757;670;80777;8639;874;8824;9915","15378;15378;15378;15379;15621;15760;15927;16113;16134;16240;17594;17790;196991;21437;225238;2453;27398;27881;27958;28119;28694;29108;31932;32682;36141;40574;41001;55458;57540;57560;57692;57762;57783;85505;9948"
"R-HSA-5578768","Physiological factors","1066;10699;1482;204851;25937;2626;28996;4311;4878;4880;4881;4882;6910;8850","16236;29105"
"R-HSA-8866654","E3 ubiquitin ligases ubiquitinate target proteins","10670;118424;123169;220441;23168;255626;257218;3017;3018;3105;5111;51255;51322;5192;5193;5194;5195;54623;55829;5591;56254;56852;5828;5830;6233;6596;7311;7314;7316;7319;7320;7321;7322;7323;7324;7332;7334;7336;7415;79139;79577;80349;8339;8340;8341;8342;8343;8344;8345;8346;8347;8348;85236;8915;8970;92305;9646;9781;9810",""
"R-HSA-428930","Thromboxane signalling through TP receptor","10672;10681;14;2767;2769;2776;2782;2783;2784;2785;2786;2787;2788;2790;2791;2792;2793;51764;54331;55970;59345;6915;94235;9630","15627;17552;37565"
"R-HSA-456926","Thrombin signalling through proteinase activated receptors (PARs)","10672;10681;2147;2149;2151;2767;2768;2769;2776;2782;2783;2784;2785;2786;2787;2788;2790;2791;2792;2793;408;409;51764;54331;5594;5595;55970;59345;6714;9002;94235;9630","17552;17552;29108;37565"
"R-HSA-5669034","TNFs bind their physiological receptors","10673;10913;128178;1896;23495;356;3604;4049;4982;60401;608;7132;7133;7292;7293;8600;8718;8740;8741;8744;8764;8771;8784;8995;939;943;944;970;9966",""
"R-HSA-5676594","TNF receptor superfamily (TNFSF) members mediating non-canonical NF-kB pathway","10673;115650;329;330;4049;4050;4055;407977;51330;7186;7187;8600;8740;8742;8792;9020;958;959",""
"R-HSA-2022870","Chondroitin sulfate biosynthesis","10675;1462;1463;1464;1634;166012;22856;337876;50515;51363;54480;55454;55501;55790;56548;633;63827;79586;83539;9469","57847"
"R-HSA-2024101","CS/DS degradation","10675;1462;1463;1464;1634;3073;3074;3373;3423;3425;411;633;63827;8372","16189;21338;28037;29108"
"R-HSA-3595172","Defective CHST3 causes SEDCJD","10675;1462;1463;1464;1634;633;63827;9469",""
"R-HSA-3595174","Defective CHST14 causes EDS, musculocontractural type","10675;113189;1462;1463;1464;1634;633;63827",""
"R-HSA-3595177","Defective CHSY1 causes TPBS","10675;1462;1463;1464;1634;22856;633;63827","57847"
"R-HSA-1296041","Activation of G protein gated Potassium channels","10681;2550;2782;2783;2784;2785;2786;2787;2788;2790;2791;2792;2793;3759;3760;3761;3762;3763;3765;3766;3768;3772;3773;51764;54331;55970;59345;94235;9568","29103;29103"
"R-HSA-202040","G-protein activation","10681;2767;2769;2776;2782;2783;2784;2785;2786;2787;2788;2790;2791;2792;2793;4988;5173;51764;54331;5443;55970;59345;94235;9630","37565"
"R-HSA-392170","ADP signalling through P2Y purinoceptor 12","10681;2770;2771;2773;2782;2783;2784;2785;2786;2787;2788;2790;2791;2792;2793;346562;51764;54331;55970;59345;64805;94235","17552;37565;37941;87715;90841;9588"
"R-HSA-392851","Prostacyclin signalling through prostacyclin receptor","10681;2778;2782;2783;2784;2785;2786;2787;2788;2790;2791;2792;2793;51764;54331;55970;5739;59345;94235","15552;15552;17552;37565;37565"
"R-HSA-400042","Adrenaline,noradrenaline inhibits insulin secretion","10681;111;112;150;152;2770;2771;2782;2783;2784;2785;2786;2787;2788;2790;2791;2792;2793;51764;54331;55970;59345;775;776;783;784;9254;94235","37565;37565"
"R-HSA-4086398","Ca2+ pathway","10681;1499;192669;192670;23112;23236;2535;26523;27161;27327;2775;2780;2782;2783;2784;2785;2786;2787;2788;2790;2791;2792;2793;3708;3709;3710;3845;4343;4772;51176;5145;5148;5158;51701;51764;5330;5331;54331;5530;5532;5534;5578;5592;5593;55970;57690;59345;6885;6932;6934;7474;7481;7855;7976;801;805;808;815;8322;8323;83439;94235","16356;16356;17815;17815;203600;203600;29034;29034;29105;29105;29108;29108;29108;29108;30616;30616;37565;37565;43474;58115"
"R-HSA-418217","G beta:gamma signalling through PLC beta","10681;23236;2782;2783;2784;2785;2786;2787;2788;2790;2791;2792;2793;51764;5330;5331;54331;55970;59345;94235","17815;203600"
"R-HSA-418592","ADP signalling through P2Y purinoceptor 1","10681;1432;2767;2769;2776;2782;2783;2784;2785;2786;2787;2788;2790;2791;2792;2793;5028;51764;5321;54331;55970;59345;6714;94235;9630","17552;30616;37565;37565"
"R-HSA-420092","Glucagon-type ligand receptors","10681;116;117;2641;2642;2691;2692;2695;2696;2740;2778;2782;2783;2784;2785;2786;2787;2788;2790;2791;2792;2793;51764;54331;55970;59345;6343;6344;7432;7433;7434;9340;94235",""
"R-HSA-432040","Vasopressin regulates renal water homeostasis via Aquaporins","10681;107;108;109;111;112;113;114;115;196883;22841;2778;2782;2783;2784;2785;2786;2787;2788;2790;2791;2792;2793;358;359;360;361;4645;51764;54331;551;554;5566;5567;5568;5573;5575;5576;5577;55970;59345;8766;94235","15996;18420;30616;33019;37565"
"R-HSA-500657","Presynaptic function of Kainate receptors","10681;23236;2782;2783;2784;2785;2786;2787;2788;2790;2791;2792;2793;2899;51764;5330;5331;54331;55970;59345;94235",""
"R-HSA-8964315","G beta:gamma signalling through BTK","10681;2782;2783;2784;2785;2786;2787;2788;2790;2791;2792;2793;51764;54331;55970;59345;695;94235","57836"
"R-HSA-8964616","G beta:gamma signalling through CDC42","10681;2782;2783;2784;2785;2786;2787;2788;2790;2791;2792;2793;5058;51764;54331;55970;59345;94235;9459;998","37565"
"R-HSA-9009391","Extra-nuclear estrogen signaling","10681;1839;1903;1950;1956;2069;207;2099;2100;255324;2770;2771;2773;2782;2783;2784;2785;2786;2787;2788;2790;2791;2792;2793;3276;3315;3320;340481;346562;3480;374;4313;4314;4316;4318;4846;51764;5290;5295;5296;54331;55625;55970;5747;59345;6464;6714;6801;685;7039;801;805;808;8503;857;858;8877;94235","15377;15379;16480;17552;29105;29108;32682;36080;36080;57287;57379;57692;57743;57783;57856;84410"
"R-HSA-9634597","GPER1 signaling","10681;107;108;109;111;112;113;114;115;196883;2335;2770;2771;2773;2778;2781;2782;2783;2784;2785;2786;2787;2788;2790;2791;2792;2793;2852;346562;3678;3688;51764;54331;5566;5567;5568;5573;5575;5576;5577;55970;59345;6464;6714;94235","18420;18420;33019;36080;36080;37565;37565"
"R-HSA-9660821","ADORA2B mediated anti-inflammatory cytokines production","10681;107;108;109;111;112;113;114;115;136;1385;196883;2770;2771;2773;2778;2781;2782;2783;2784;2785;2786;2787;2788;2790;2791;2792;2793;346562;3569;51764;54331;5566;5567;5568;5573;5575;5576;5577;55970;5613;59345;94235","16335;18420;18420;33019;37565;37565"
"R-HSA-997272","Inhibition  of voltage gated Ca2+ channels via Gbeta/gamma subunits","10681;2550;2782;2783;2784;2785;2786;2787;2788;2790;2791;2792;2793;3759;3760;3761;3762;3763;3765;3766;3768;3772;3773;51764;54331;55970;59345;94235;9568","29103;29103"
"R-HSA-6807047","Cholesterol biosynthesis via desmosterol","10682;1717;1718;6309","15378;15379;16113;16290;17737;27910;57783"
"R-HSA-6807062","Cholesterol biosynthesis via lathosterol","10682;1717;1718;6309","15378;15379;16113;17759;57783"
"R-HSA-420029","Tight junction interactions","10686;1364;1365;1366;137075;149461;23562;24146;26285;49861;5010;50848;50855;51208;53842;5584;56288;64398;7122;84552;84612;9069;9071;9073;9074;9075;9076;9080;92359",""
"R-HSA-1679131","Trafficking and processing of endosomal TLR","10695;1508;1513;1514;1515;1520;51284;51311;54106;5641;7098;7184;81622","15378;30616"
"R-HSA-163359","Glucagon signaling in metabolic regulation","107;108;109;111;112;113;114;115;196883;2641;2642;2778;2782;2783;2784;2785;2786;2787;2788;2790;2791;51764;54331;55970;59345;94235","18420;37565"
"R-HSA-163615","PKA activation","107;108;109;111;112;113;114;115;196883;26960;5566;5567;5568;5573;5575;5576;5577;801;805;808","18420;29108;30616;33019"
"R-HSA-164378","PKA activation in glucagon signalling","107;108;109;111;112;113;114;115;196883;2778;5566;5567;5568;5573;5575;5576;5577","18420;30616;33019;37565"
"R-HSA-170660","Adenylate cyclase activating pathway","107;108;109;111;112;113;114;115;196883;2774","18420;30616;33019;37565;43474"
"R-HSA-170670","Adenylate cyclase inhibitory pathway","107;108;109;111;112;113;114;115;196883;2770;2771;2773;2774;346562","17552;18420;18420;37565;37565;43474"
"R-HSA-442720","CREB1 phosphorylation through the activation of Adenylate Cyclase","107;114;1385;5566;5567;5568;5573;5575;5576;5577;5613;801;805;808","29108;30616;30616;33019"
"R-HSA-9664323","FCGR3A-mediated IL10 synthesis","107;10768;108;109;111;112;113;114;115;1385;196883;2209;2212;2214;2268;2534;3055;3586;3708;3709;3710;4067;5335;5336;5566;5567;5568;5573;5575;5576;5577;5613;5649020;5651276;5656523;6714;6850;7525;801;805;808;917;919","15377;18420;203600;203600;23367;29108;29108;29108;33019;36080;36080;57540;57836"
"R-HSA-8964041","LDL remodeling","1071;319;338;4018;4547;5034","16113;16247;16247"
"R-HSA-8964058","HDL remodeling","1071;213;335;344;345;348;3931;5360;9388;9619","15377;15377;15904;16113;16113;16113;16247;16247;17504;43474;57643"
"R-HSA-110314","Recognition of DNA damage by PCNA-containing replication complex","10714;1642;5111;51514;54107;5424;5425;5426;5427;56655;56852;57599;57804;5981;5982;5983;5984;5985;6117;6118;6119;6233;7311;7314;7316;7320;7398;8450;8451;9978",""
"R-HSA-174414","Processive synthesis on the C-strand of the telomere","10714;25913;26277;3978;5111;5424;5425;54386;57804;641;65057;7013;7014;7486","15378;15986;23367;30616;33697;37568;43474;61120;61120;61120;61120"
"R-HSA-174417","Telomere C-strand (Lagging Strand) Synthesis","10714;25913;26277;5111;5424;5425;54386;57804;65057;7013;7014","15986;23367"
"R-HSA-174437","Removal of the Flap Intermediate from the C-strand","10714;1763;2237;25913;26277;5111;5424;5425;54386;57804;6117;6118;6119;65057;7013;7014;7486","15986;61120;61120;61120;61120"
"R-HSA-5358565","Mismatch repair (MMR) directed by MSH2:MSH6 (MutSalpha)","10714;2956;3978;4292;4436;5111;5395;5424;5425;57804;6117;6118;6119;9156","30616;33019;37568"
"R-HSA-5358606","Mismatch repair (MMR) directed by MSH2:MSH3 (MutSbeta)","10714;3978;4292;4436;4437;5111;5395;5424;5425;57804;6117;6118;6119;9156","30616;30616;33019;37568"
"R-HSA-5651801","PCNA-Dependent Long Patch Base Excision Repair","10714;2237;328;3978;5111;54107;5423;5424;5425;5426;5427;56655;57804;5981;5982;5983;5984;5985;6117;6118;6119","16516;16991;33019"
"R-HSA-5656169","Termination of translesion DNA synthesis","10714;11201;124739;5111;51426;51455;54107;5424;5425;5426;5427;5429;56655;57804;5981;5982;5983;5984;5985;6117;6118;6119;6233;7311;7314;7316;7318;7706;9100;9246;9636;9768","16516;33019"
"R-HSA-5696397","Gap-filling DNA repair synthesis and ligation in GG-NER","10714;3978;3980;5111;51426;54107;5424;5425;5426;5427;56655;57804;5981;5982;5983;5984;5985;6117;6118;6119;6233;7311;7314;7316;7515","16516;33019;61120"
"R-HSA-69091","Polymerase switching","10714;23649;5111;5422;5424;5425;5557;5558;57804;5981;5982;5983;5984;5985","30616"
"R-HSA-69166","Removal of the Flap Intermediate","10714;1763;2237;23649;5111;5422;5424;5425;5557;5558;57804;6117;6118;6119","58115"
"R-HSA-69183","Processive synthesis on the lagging strand","10714;23649;3978;5111;5422;5424;5425;5557;5558;57804",""
"R-HSA-1227986","Signaling by ERBB2","10718;11140;145957;1839;1950;1956;2064;2065;2066;2069;2534;3084;3320;55914;6714;685;7525;9542","30616;40629"
"R-HSA-1236394","Signaling by ERBB4","10718;145957;1742;1839;1950;1956;2065;2066;2069;2554;2560;2561;2562;2566;2567;3084;55879;685;9542","30616"
"R-HSA-1250196","SHC1 events in ERBB2 signaling","10718;145957;1839;1950;1956;2064;2065;2066;2069;2885;3084;3265;3845;4893;5578;5580;5581;5782;6464;6654;685;9542","17815;29108;30616;37565"
"R-HSA-1250342","PI3K events in ERBB4 signaling","10718;145957;1839;2066;2069;3084;5290;5295;685;9542","30616;57836"
"R-HSA-1250347","SHC1 events in ERBB4 signaling","10718;145957;1839;2066;2069;2885;3084;3265;3845;4893;6464;6654;685;9542","30616;37565"
"R-HSA-1963640","GRB2 events in ERBB2 signaling","10718;145957;1839;1950;1956;2064;2066;2069;2885;3084;3265;3845;4893;6654;685;9542","37565;37565"
"R-HSA-1963642","PI3K events in ERBB2 signaling","10718;145957;1839;1950;1956;2064;2065;2066;2069;2549;2885;3084;5290;5295;685;9542","30616;57836"
"R-HSA-2219530","Constitutive Signaling by Aberrant PI3K in Cancer","10718;10818;118788;145957;152831;1839;1950;1956;2064;2065;2066;2069;2099;2100;2246;2247;2248;2249;2250;2251;2252;2253;2254;2255;2260;2261;2263;2264;2322;2323;2534;2549;255324;26281;27006;2885;29851;3082;3084;3667;374;3815;391;3932;4233;4254;50852;5154;5155;5156;5159;5290;5291;5293;5295;5296;5781;5879;5880;6714;6801;685;7039;7409;8074;8503;8660;8817;8822;8823;930;9365;940;941;942;9542;9846;9965","28815;30616;37565;57836;65326;65329;65345"
"R-HSA-6785631","ERBB2 Regulates Cell Motility","10718;145957;1729;1839;1950;1956;2064;2065;2066;2069;3084;387;51072;685;9542","37565"
"R-HSA-6811558","PI5P, PP2A and IER3 Regulate PI3K/AKT Signaling","10718;10818;118788;145957;152831;1839;1950;1956;2064;2065;2066;2069;207;2099;2100;2246;2247;2248;2249;2250;2251;2252;2253;2254;2255;2260;2261;2263;2264;2322;2323;23396;2534;2549;255324;26281;27006;2885;29851;3082;3084;3556;3630;3643;3654;3667;374;3815;391;3932;4233;4254;4615;50852;51135;5154;5155;5156;5159;5290;5291;5293;5295;5296;5305;5515;5516;5518;5519;5525;5526;5527;5528;5529;5594;5595;5781;5879;5880;6714;6801;685;7039;7189;7409;79837;8074;8394;8395;8396;8503;8660;8817;8822;8823;8870;90865;9173;930;9365;940;941;942;9542;9846;9965","17526;28815;30616;37565;43474;57795;57836"
"R-HSA-8847993","ERBB2 Activates PTK6 Signaling","10718;145957;1839;1950;1956;2064;2065;2066;2069;3084;5753;685;9542",""
"R-HSA-9664565","Signaling by ERBB2 KD Mutants","10718;11140;145957;1839;1950;1956;2064;2065;2066;2069;2549;2885;3084;3265;3320;3845;4893;5290;5295;5335;55914;6464;6654;685;9542","37565;40629;57836;90943"
"R-HSA-9665686","Signaling by ERBB2 TMD/JMD mutants","10718;11140;145957;1839;1950;1956;2064;2065;2066;2069;2885;3084;3265;3320;3845;4893;5335;55914;6464;6654;685;9542","37565"
"R-HSA-8950505","Gene and protein expression by JAK-STAT signaling after Interleukin-12 stimulation","1072;1265;27250;2939;302;3181;3185;3313;3458;3586;375;3936;4001;4282;4478;4507;5055;5062;5306;5478;552900;5721;5898;5908;6175;654483;6627;6647;6648;6775;6888;6950;759;829;9049;9446;998;9987",""
"R-HSA-156588","Glucuronidation","10720;10941;133688;167127;54490;54575;54576;54577;54578;54579;54600;54657;54658;54659;55347;574537;7363;7364;7365;7366;7367;79799","15748;15882;16427;17659;17688;176976;30762;32649;32663;34778;41774;64681;64689;65137"
"R-HSA-426117","Cation-coupled Chloride cotransporters","10723;57468;6557;6558;6559;6560;9990","29101;29101;29103;29103"
"R-HSA-9696270","RND2 GTPase cycle","10726;10817;10818;10970;11180;11188;157285;1828;1969;222584;224;22852;23048;23074;23129;23513;23592;253980;27316;2802;2909;3895;392;394;5295;5296;55227;55789;56667;57216;57498;5783;667;7037;7126;8153;81839;8502;857;91544;9231;9352;9928","37565"
"R-HSA-2162123","Synthesis of Prostaglandins (PG) and Thromboxanes (TX)","10728;127281;145482;1582;27306;3248;5730;5740;5742;5743;6916;80142;8644;873;9536","10545;15378;15378;15378;15379;15547;15550;15551;15551;15552;15553;15553;15554;15554;15554;15555;15555;15555;15557;15627;15967;26355;27485;27555;27595;27647;27662;27820;27820;28099;28130;28158;28442;28667;28728;30762;32395;364453;41423;566274;57540;57540;57783;57783;57925;8887"
"R-HSA-3371568","Attenuation phase","10728;1387;2033;2288;3281;3297;3303;3304;3305;3306;3312;3320;3326;3337","57287;57288"
"R-HSA-8937144","Aryl hydrocarbon receptor signalling","10728;196;3326;405;57491;9049;9915","28119;28119"
"R-HSA-8939211","ESR-mediated signaling","10728;2099;2100;2288;2289;3320;3326;5481;5536;5594;5595","43474"
"R-HSA-9840373","Cellular response to mitochondrial stress","10730;11331;115209;1965;1968;27102;30968;8894;9812","15377;29105;29105;29105"
"R-HSA-9830674","Formation of the ureteric bud","10736;2138;2296;2303;255743;26585;2668;2674;3207;3227;3237;3688;5076;5979;6092;6299;6495;652;7481;8516;9353",""
"R-HSA-2855086","Ficolins bind to repetitive carbohydrate structures on the target cell surface","10747;2219;2220;5648;8547","28009;28640;28847;28879;29108;37671;40356"
"R-HSA-447041","CHL1 interactions","10752;27255;286;3312;3672;3673;3688;8515;8829",""
"R-HSA-190370","FGFR1b ligand binding and activation","10755;2246;2247;2248;2255;2260;27006;7049","28815;30616"
"R-HSA-190373","FGFR1c ligand binding and activation","10755;2246;2247;2249;2250;2251;2253;2254;2260;26281;3730;7049;8074;8822","28815;30616"
"R-HSA-1169408","ISG15 antiviral mechanism","10762;11097;11274;129401;1973;1974;1977;1981;1982;23165;2317;23225;23279;23511;23586;23636;25820;317649;3434;348995;3661;3716;3836;3837;3838;3839;3840;3841;402569;4599;4600;4734;4927;4928;51191;5300;5335;53371;5495;55706;55746;5595;5610;57122;5903;6233;6396;6772;7175;7311;7314;7316;7318;7324;7334;7706;79023;79902;8021;8086;81929;8480;8672;8678;9246;9470;956533;9631;9636;9688;9775;9818;9883;9972","16541;30616;33019;456215"
"R-HSA-165054","Rev-mediated nuclear export of HIV RNA","10762;1104;11097;129401;155908;23165;23225;23279;23511;23636;348995;4927;4928;53371;55706;55746;57122;5901;5902;5903;5905;6396;7175;7514;79023;79902;8021;8086;81929;8480;9631;9688;9818;9883;9972","17552;37565;37565;43474"
"R-HSA-168271","Transport of Ribonucleoproteins into the Host Nucleus","10762;11097;129401;23165;23225;23279;23511;23636;348995;3836;3837;4927;4928;53371;55706;55746;57122;5903;6396;7175;79023;79902;8021;8086;81929;8480;956531;956534;956535;956536;9631;9688;9818;9883;9972",""
"R-HSA-168276","NS1 Mediated Effects on Host Pathways","10762;11097;129401;23165;23225;23279;23511;23636;348995;3836;3837;3838;3839;3840;3841;402569;4927;4928;53371;55706;55746;57122;5903;6396;7175;79023;79902;8021;8086;81929;8480;956533;9631;9636;9688;9818;9883;9972",""
"R-HSA-168325","Viral Messenger RNA Synthesis","10762;11097;129401;23165;23225;23279;23511;23636;2962;2963;348995;4927;4928;53371;5430;5431;5432;5433;5434;5435;5436;5437;5438;5439;5440;5441;55706;55746;57122;5903;6396;7175;79023;79902;8021;8086;81929;8480;956531;956534;956535;956536;9631;9688;9818;9883;9972","17825;33697;33697;33697"
"R-HSA-168333","NEP/NS2 Interacts with the Cellular Export Machinery","10762;11097;129401;23165;23225;23279;23511;23636;348995;4927;4928;53371;55706;55746;57122;5901;5903;6396;7175;7514;79023;79902;8021;8086;81929;8480;956527;956531;956532;956534;956535;956536;9631;9688;9818;9883;9972","37565;43474"
"R-HSA-170822","Regulation of Glucokinase by Glucokinase Regulatory Protein","10762;11097;129401;23165;23225;23279;23511;23636;2645;2646;348995;4927;4928;53371;55706;55746;57122;5903;6396;7175;79023;79902;8021;8086;81929;8480;9631;9688;9818;9883;9972","57634"
"R-HSA-180746","Nuclear import of Rev protein","10762;1104;11097;129401;155908;23165;23225;23279;23511;23636;348995;3837;4869;4927;4928;53371;55706;55746;57122;5901;5903;6396;7175;79023;79902;8021;8086;81929;8480;9631;9688;9818;9883;9972","17552;37565"
"R-HSA-180910","Vpr-mediated nuclear import of PICs","10762;11097;11168;129401;155030;155348;155459;155908;155945;23165;23225;23279;23511;23636;3159;348995;3836;4927;4928;53371;55706;55746;57122;5903;6396;7175;79023;79902;8021;8086;81929;8480;8815;9631;9688;9818;9883;9972","16991"
"R-HSA-3232142","SUMOylation of ubiquitinylation proteins","10762;11097;129401;23165;23225;23279;23511;23636;348995;4193;4927;4928;51588;53371;5371;55706;55746;57122;5903;5987;6396;7175;7329;7341;7428;79023;79902;8021;8086;81929;8480;8554;9063;9631;9688;9818;9883;9972",""
"R-HSA-3301854","Nuclear Pore Complex (NPC) Disassembly","10762;10783;11097;129401;140609;23165;23225;23279;23511;23636;348995;4927;4928;53371;55706;55746;57122;5903;6396;7175;79023;79902;8021;8086;81929;8480;891;9133;91754;9631;9688;9818;983;9883;9972","30616"
"R-HSA-5619107","Defective TPR may confer susceptibility towards thyroid papillary carcinoma (TPC)","10762;11097;129401;23165;23225;23279;23511;23636;2645;2646;348995;4927;4928;53371;55706;55746;57122;5903;6396;7175;79023;79902;8021;8086;81929;8480;9631;9688;9818;9883;9972",""
"R-HSA-3214842","HDMs demethylate histones","10765;121504;126961;221656;22992;23028;23030;23081;23133;23135;23210;333932;51780;5253;554313;55693;55818;5927;653604;7403;7404;80853;8242;8284;8294;8350;8351;8352;8353;8354;8355;8356;8357;8358;8359;8360;8361;8362;8363;8364;8365;8366;8367;8368;8370;84159;84678;84864;8968;9682","15379;16526"
"R-HSA-429958","mRNA decay by 3' to 5' exoribonuclease","10767;11340;115024;118460;22894;23016;23404;28960;51010;51013;5393;54512;56915;6499;80349;9652","17825;20794;43474;58115"
"R-HSA-112043","PLC beta mediated events","10768;23236;2767;2769;2776;3708;3709;3710;5330;5331;5332;9630","203600;203600;29108;29108;37565;37565;43474;57540"
"R-HSA-1489509","DAG and IP3 signaling","10768;3708;3709;3710;5335;5580;5581","203600;29108;29108;30616;57540"
"R-HSA-2029485","Role of phospholipids in phagocytosis","10768;122618;196051;2209;2212;2214;23646;3708;3709;3710;5290;5291;5295;5296;5335;5336;5337;5338;5580;5581;6850;8398;84513;917;919","17504;203600;29108;29108;30616;32395;43474;57540;57643;57643;57739;57836"
"R-HSA-5218921","VEGFR2 mediated cell proliferation","10768;3265;3708;3709;3710;3791;3845;4893;5170;5335;5578;5579;5580;5590;5921;6714;7422;801;805;808;8877","203600;29108;29108;29108;30616;37565;57540;84410"
"R-HSA-5607763","CLEC7A (Dectin-1) induces NFAT activation","10768;3708;3709;3710;4772;4773;4775;5530;5532;5534;801;805;808","203600;29034;29034;29105;29105;29108;29108;29108;29108;43474;57540"
"R-HSA-983695","Antigen activates B Cell Receptor (BCR) leading to generation of second messengers","10768;118788;2534;27071;2885;29760;30011;3708;3709;3710;4067;4690;5293;5295;5336;5777;640;6654;6786;6850;695;7220;7409;801;80228;805;808;84876;930;933;973;974","17815;203600;203600;29108;29108;29108;29108;29108;29108;36080;36080;36080;36080;57540;57836;57836"
"R-HSA-6804115","TP53 regulates transcription of additional cell cycle genes whose exact role in the p53 pathway remain uncertain","10769;1263;23019;246175;25904;28984;29883;4848;4849;4850;4869;5325;55571;55835;7157;7832;85456;9125;9337;995","30616;30616"
"R-HSA-9662834","CD163 mediating an anti-inflammatory response","10769;1432;3569;3586;4627;5045;6868;79651;9332","24261;29105;29105;29105"
"R-HSA-2465910","MASTL Facilitates Mitotic Progression","10776;2029;5515;5516;5518;5519;55844;84930;891;983","30616;30616"
"R-HSA-2980767","Activation of NIMA Kinases NEK9, NEK6, NEK7","10783;140609;5347;891;9133;91754;983","30616"
"R-HSA-6782315","tRNA modification in the nucleus and cytosol","10785;112858;113179;115708;134637;152992;1787;2058;221078;23536;24140;348180;4234;51002;51504;51605;54482;54517;54802;54888;54901;54920;54974;55621;55644;57604;60487;63892;79691;80324;81605;81890;8270;83480;90353;91801;93587","10668;10668;10668;10668;16057;16134;16134;16235;17433;17843;17843;17843;17843;17843;17843;17843;17843;17843;17843;17843;17843;17843;17843;17843;17843;17843;17843;29033;29167;29167;29168;29168;29169;29169;29169;29169;29170;29170;29170;29170;29171;29171;29171;29171;29173;29173;29173;29173;29174;29174;29174;29174;29175;29175;29175;29175;29176;29176;29178;29178;29179;29179;29179;29179;30616;33019;33019;37565;57540;57783;57856;57856;57856;57856;57856;57856;64299;64654;64654;64654;64654;64654;64656;64656;64656;64656;64656;64656;64656;65314;65314;65314;65314;65314;65314;67208;74445;74477;74480;74481;74483;74483;74483;74483;74483;74483;74491;74495;74513;74851;74851;74851;74882;74882;74882;87170;87170;87170"
"R-HSA-9752946","Expression and translocation of olfactory receptors","10798;119678;119679;119682;119687;119692;119694;119695;119749;119764;119765;119772;119774;120065;120066;120586;120775;120776;120787;120793;120796;121129;121130;121275;121364;122740;122742;122748;124538;125958;125962;125963;126370;126541;127059;127062;127064;127066;127068;127069;127074;127077;127385;127623;128360;128366;128367;128368;128371;128372;130075;132112;134083;135924;135941;135946;135948;138799;138802;138803;138804;138805;138881;138882;138883;143502;143503;144124;144125;150681;158131;162998;1879;196335;219417;219428;219429;219431;219432;219436;219437;219438;219447;219453;219464;219469;219473;219477;219479;219482;219484;219487;219493;219858;219865;219869;219870;219873;219874;219875;219952;219954;219956;219957;219958;219959;219960;219965;219968;219981;219982;219983;219986;23538;254783;254786;254879;254973;255725;256144;256148;26188;26189;26211;26212;26219;26245;26246;26248;26333;26338;26339;26341;26476;26493;26494;26496;26529;26531;26532;26533;26534;26538;26539;26595;26648;26658;26659;26664;26683;26687;26689;26692;26693;26696;26707;26716;26735;26737;26740;282763;282770;282775;283092;283093;283111;283159;283160;283162;283189;283297;283365;283694;284383;284433;284521;284532;285659;286362;286365;338662;338674;338675;338751;338755;340980;341152;341276;341416;341418;341799;343169;343171;343172;343173;343406;343563;344892;346517;346525;346528;347168;347169;347468;387748;389090;390036;390037;390038;390054;390058;390059;390061;390063;390064;390066;390067;390072;390075;390077;390078;390079;390081;390083;390084;390093;390113;390142;390144;390148;390151;390152;390154;390155;390157;390162;390167;390168;390174;390181;390190;390191;390195;390197;390199;390201;390260;390261;390264;390265;390271;390275;390321;390323;390326;390327;390429;390431;390433;390437;390439;390441;390442;390445;390538;390648;390649;390882;390883;390892;391107;391109;391112;391114;391189;391190;391191;391192;391194;391195;391196;391211;392138;392309;392376;392390;392391;392392;393046;401427;401665;401666;401667;401992;401993;401994;402135;402317;403239;403244;403253;403257;403273;403274;403277;403278;403282;403284;441308;441608;441639;441669;441670;441933;442184;442185;442186;442191;442194;442361;4991;4992;4993;4994;4995;504190;56656;65055;729759;79290;79295;79296;79310;79317;7932;79324;79334;79339;79345;79346;79473;79482;79501;79541;79544;79549;81050;81061;81099;81127;81168;81282;81285;81300;81309;81318;81327;81328;81341;81392;81399;81442;81448;81466;81469;81470;81472;81696;81697;81797;8383;8386;8387;8388;8390;8392;8590;8861;9355",""
"R-HSA-5627083","RHO GTPases regulate CFTR trafficking","1080;23433;57120","37565"
"R-HSA-391906","Leukotriene receptors","10800;1241;2840;56413;57105","104023;15647;15650;28666;6619"
"R-HSA-9664535","LTC4-CYSLTR mediated IL4 production","10800;1800;2678;2687;57105;64174;64180","15377;15650;28666;29105;57305"
"R-HSA-193048","Androgen biosynthesis","1081;1586;3283;3284;3293;3972;51144;5443;6715;6716;79644","15378;15379;16330;16422;17347;28689;28750;57540;57783"
"R-HSA-193993","Mineralocorticoid biosynthesis","1081;1585;1589;3283;3284;3972","15378;15378;15379;15379;16485;27584;57540;57783;57783"
"R-HSA-209822","Glycoprotein hormones","1081;1082;2488;3623;3624;3625;3626;3972;7252;83729;93659;94115",""
"R-HSA-209968","Thyroxine biosynthesis","1081;389434;50506;53905;6528;7173;7252","15378;15379;16240;16382;16382;16474;17606;18332;27847;28774;29101;29101;43451;57506"
"R-HSA-375281","Hormone ligand-binding receptors","1081;122876;170589;2488;2492;2796;2797;2798;3972;3973;7252;7253",""
"R-HSA-8866910","TFAP2 (AP-2) family regulates transcription of growth factors and their receptors","1081;1082;1956;2064;2099;29028;3815;7020;7021;7022;7039;7422;7528;93659;94115",""
"R-HSA-975578","Reactions specific to the complex N-glycan synthesis pathway","1081;2517;2525;2530;3972;4122;4124;4247;64377;9486","15377;18914;18915;2181;29105;4208;57273;57705;86335;86336"
"R-HSA-5668599","RHO GTPases Activate NADPH Oxidases","10811;124056;1432;1535;1536;27035;30849;4688;4689;50508;5289;5300;5578;5579;5580;5590;5594;5595;5600;5879;5880;6279;6280;653361","15378;15379;15379;18421;18421;29108;30616;32395;37565;57692;57783;57880"
"R-HSA-9673324","WNT5:FZD7-mediated leishmania damping","10811;124056;1535;1855;1856;1857;27035;3725;5599;5879;7474;8324","15378;15379;18421;36080;37565;57783"
"R-HSA-888590","GABA synthesis, release, reuptake and degradation","10815;140679;22999;2571;2572;3312;5864;6616;6804;6812;6844;6857;80331","29108"
"R-HSA-5654693","FRS-mediated FGFR1 signaling","10817;10818;2246;2247;2248;2249;2250;2251;2253;2254;2255;2260;26281;27006;2885;3265;3845;4893;5781;6654;8074;8822;9365","28815;30616;37565"
"R-HSA-5654700","FRS-mediated FGFR2 signaling","10817;10818;2246;2247;2248;2249;2250;2251;2252;2253;2254;2255;2263;26281;27006;2885;3265;3845;4893;5781;6654;8074;8817;8822;8823","28815;30616;37565"
"R-HSA-5654706","FRS-mediated FGFR3 signaling","10817;10818;2246;2247;2249;2250;2253;2254;2261;26281;2885;3265;3845;4893;5781;6654;8074;8817;8822;8823","28815;30616;37565"
"R-HSA-5654712","FRS-mediated FGFR4 signaling","10817;10818;152831;2246;2247;2249;2251;2253;2254;2264;26281;2885;3265;3845;4893;5781;6654;8074;8817;8822;8823;9965","28815;30616;37565"
"R-HSA-9028731","Activated NTRK2 signals through FRS2 and FRS3","10817;10818;2885;3265;3845;4893;4909;4915;5781;627;6654","37565"
"R-HSA-9696273","RND1 GTPase cycle","10817;10818;10963;11075;11180;1362;1832;1969;222584;224;22800;22852;2319;23592;27289;27316;2886;2909;394;5295;5296;5361;55704;55789;56667;57216;57449;57498;57579;5783;667;7037;81839;8502;857;91544;9231;9352;94240;9462;9528;9928","37565"
"R-HSA-109704","PI3K Cascade","10818;152831;2246;2247;2248;2249;2250;2251;2252;2253;2254;2255;2260;2261;2263;2264;2322;2323;2549;26281;27006;2885;30849;3667;5289;5290;5291;5295;5296;54106;5781;8074;8660;8817;8822;8823;9365;9846;9965","28815;30616;57836;61120"
"R-HSA-170968","Frs2-mediated activation","10818;1399;2889;4803;4914;5594;5595;5604;5605;5906;673;7529","29105;29105;30616;37565;37565"
"R-HSA-201556","Signaling by ALK","10818;238;285016;3667;3718;389658;4192;4609;4613;5290;5291;5295;5296;5335;5764;5777;6464;6714;6774","30616;30616;43474;57836;91338"
"R-HSA-5654689","PI-3K cascade:FGFR1","10818;2246;2247;2248;2249;2250;2251;2253;2254;2255;2260;2549;26281;27006;2885;5290;5295;5781;8074;8822;9365","28815;30616;57836"
"R-HSA-5654695","PI-3K cascade:FGFR2","10818;2246;2247;2248;2249;2250;2251;2252;2253;2254;2255;2263;2549;26281;27006;2885;5290;5295;5781;8074;8817;8822;8823","28815;30616;57836"
"R-HSA-5654710","PI-3K cascade:FGFR3","10818;2246;2247;2249;2250;2253;2254;2261;2549;26281;2885;5290;5295;5781;8074;8817;8822;8823","28815;30616;57836"
"R-HSA-5654720","PI-3K cascade:FGFR4","10818;152831;2246;2247;2249;2251;2253;2254;2264;2549;26281;2885;5290;5295;5781;8074;8817;8822;8823;9965","28815;30616;57836"
"R-HSA-5654726","Negative regulation of FGFR1 signaling","10818;2246;2247;2248;2249;2250;2251;2253;2254;2255;2260;26281;27006;2885;3730;5594;5595;5781;6233;7311;7314;7316;8074;867;8822;9365","28815;30616"
"R-HSA-5654727","Negative regulation of FGFR2 signaling","10818;2246;2247;2248;2249;2250;2251;2252;2253;2254;2255;2263;26281;27006;2885;5594;5595;5781;6233;7311;7314;7316;8074;867;8817;8822;8823","28815;30616"
"R-HSA-5654732","Negative regulation of FGFR3 signaling","10818;2246;2247;2249;2250;2253;2254;2261;26281;2885;5594;5595;5781;6233;7311;7314;7316;8074;867;8817;8822;8823","28815;30616"
"R-HSA-5654733","Negative regulation of FGFR4 signaling","10818;152831;2246;2247;2249;2251;2253;2254;2264;26281;2885;5594;5595;5781;6233;7311;7314;7316;8074;867;8817;8822;8823;9965","28815;30616"
"R-HSA-5655253","Signaling by FGFR2 in disease","10818;2246;2247;2248;2249;2250;2251;2252;2253;2254;2255;2263;2549;26281;27006;2885;3265;3845;4893;5290;5295;5335;6654;8074;8817;8822;8823","28815;30616;37565;57836"
"R-HSA-5655291","Signaling by FGFR4 in disease","10818;2264;2549;2885;3265;3845;4893;5290;5295;5335;6654","30616;37565;57836"
"R-HSA-5655302","Signaling by FGFR1 in disease","10818;11052;11064;11116;11160;1523;2246;2247;2249;2250;2251;2253;2254;2260;2549;26127;26281;2885;3265;3845;399687;4893;5290;5295;5335;613;6654;7750;8074;8805;8822;9208;9530","28815;30616;37565;57836"
"R-HSA-5655332","Signaling by FGFR3 in disease","10818;2246;2247;2249;2250;2253;2254;2261;2549;26281;2885;3265;3845;4893;5290;5295;5335;6654;8074;8817;8822;8823","28815;30616;37565;57836;65138;85164;85994"
"R-HSA-8853659","RET signaling","10818;1796;220164;2549;2668;2674;2675;2676;2885;2886;2887;4902;5290;5291;5293;5295;5296;5335;53358;5566;5567;5568;55715;5578;55816;5598;5623;5781;5909;5979;64096;6464;6654;6714;8503;8660;9046;9048;9260;9846",""
"R-HSA-9840310","Glycosphingolipid catabolism","10825;112937;129807;153642;22901;2581;25870;2629;2717;2720;2760;285362;3073;3074;339221;340075;347527;4074;410;411;412;414;415;416;427;4758;4759;5476;55512;55627;5660;56624;57704;57733;6609;6610;79411;79642;89944","15377;15377;15377;15378;15378;15378;16189;17636;17636;17636;18420;18420;195408;195408;195410;195410;195411;195411;195476;195476;195546;195546;195546;195546;22801;22801;22801;28037;28061;28868;28868;29108;29108;35418;35418;36498;57540;74986;74986;83273;83273;83273;83273;84410;84410;88069;88069;88154;88154;88167;88167;90163;90164;90164"
"R-HSA-70921","Histidine catabolism","10841;131669;138199;144193;3034;3067;3176;57571","15378;15639;16526;18327;27384;28938;29009;30616;30817;32513;43474;57453;57485;57540;57856"
"R-HSA-193775","Synthesis of bile acids and bile salts via 24-hydroxycholesterol","10858;10998;11001;1109;1582;1593;1645;1646;23600;51302;5740;6718;80270;8644","15378;15378;15379;15379;16113;27403;27403;27458;27458;30616;33019;37640;57287;57540;57783;57783"
"R-HSA-174362","Transport and synthesis of PAPS","10861;1836;347734;51000;9060;9061","15378;15378;16189;16189;30616;33019"
"R-HSA-427601","Multifunctional anion exchangers","10861;115019;115111;159963;1811;1836;284129;5172;65010","15378;15378;15940;16189;16189;16382;16382;17544;17544;29101;29101;32544;422"
"R-HSA-561048","Organic anion transport","10864;116085;55867;9356;9376","104011;104011;17474;17474;17775;17775;2453;2453;3699;3699;422;57905;57905"
"R-HSA-70268","Pyruvate metabolism","10873;160287;25874;2739;2875;3029;347411;3939;3945;3948;4199;4200;5091;51660;5313;5315;7416;81889;92483","15378;15378;15378;15378;15589;15589;16004;16240;16240;16452;16452;16480;16526;16526;17544;18420;18420;29035;29035;29103;29105;30616;30616;30616;32966;422;43474;57288;57288;57474;57540;57540;57783;57783;57925"
"R-HSA-1566977","Fibronectin matrix formation","1088;2335;3678;3688;4680;634","29035"
"R-HSA-389397","Orexin and neuropeptides FF and QRFP bind to their respective receptors","10886;3060;3061;3062;347148;64106;84109;8620",""
"R-HSA-8873719","RAB geranylgeranylation","10890;10966;10981;11021;11031;1121;1122;115273;115827;116442;142684;201475;22931;23011;23682;25837;27314;326624;338382;339122;347517;376267;401258;401409;4218;51209;51552;51560;51715;51762;53916;53917;54734;55647;57111;57403;57799;5861;5862;5864;5865;5867;5868;5869;5870;5872;5873;5874;5875;5876;5878;64284;7879;8073;81876;83452;83871;84932;8766;8934;9230;9363;9367;9545;9609","33019"
"R-HSA-2151209","Activation of PPARGC1A (PGC-1alpha) by phosphorylation","10891;1432;51422;53632;5563;5564;5565;5571;5600;6300","30616"
"R-HSA-9615017","FOXO-mediated transcription of oxidative stress, metabolic and neuronal genes","10891;114907;181;2308;2309;23410;23460;2538;25942;2645;2908;3065;3066;3484;3630;4087;4088;4089;4287;4303;4852;5105;5443;56729;6648;6720;84676;847;91584","17650;27584"
"R-HSA-9844594","Transcriptional regulation of brown and beige adipocyte differentiation by EBF2","10891;1107;1108;1149;133522;1346;1734;23090;3065;3066;3192;4086;4089;53615;5465;5468;54815;57459;57504;5928;5931;6256;63976;64641;655;7350;83401;8648;9112;9219;MG736819","16196;16285"
"R-HSA-9854907","Regulation of MITF-M dependent genes involved in metabolism","10891;23411;4286",""
"R-HSA-5660668","CLEC7A/inflammasome pathway","10892;29108;3553;4790;5970;841",""
"R-HSA-1592389","Activation of Matrix Metalloproteinases","10893;1215;1504;1511;1513;1515;1991;3817;3818;4312;4313;4314;4316;4317;4318;4319;4320;4322;4323;4324;4325;4326;440387;5045;50859;5340;5644;5645;64386;7076;7077;7177;80781","24505;37397"
"R-HSA-2160916","Hyaluronan uptake and degradation","10894;11261;2990;3073;3074;3161;3373;55576;6548;8372;8692;960","15748;16336;17411;17411;29108;4178"
"R-HSA-168315","Inhibition of Host mRNA Processing and RNA Silencing","10898;8106;956533",""
"R-HSA-77595","Processing of Intronless Pre-mRNAs","10898;10914;10978;11051;11052;1477;1478;1479;22916;23283;29894;4686;51585;51692;53981;55339;79869;8106;81608;8189","23367;33697;33697;33697"
"R-HSA-381753","Olfactory Signaling Pathway","109;119682;120066;120793;122742;122748;124538;1258;125958;1260;1262;127074;127385;127623;128366;128367;138803;138882;143503;219436;219473;219873;26188;26211;26339;26531;26533;26538;26664;26692;26696;26707;2774;2782;282763;283093;283159;284433;284521;340980;341152;343169;343171;346528;390038;390093;390174;390264;390265;390271;390442;390882;391194;391196;392138;401427;402317;441669;442185;442186;442191;4991;4993;4994;51764;56656;57101;79482;81099;81285;8383;8386;8387","15399;15399;15400;15400;15409;15409;16424;16424;17362;17362;17447;17447;17580;17580;18346;18346;18420;188348;188348;188351;188351;28235;28235;28484;28484;28591;28591;28600;28600;28794;28794;28837;28837;28857;28857;28878;28878;29101;29101;29108;29108;30616;30768;30768;30776;30776;30805;30805;36740;36740;37565;37894;37894;422;422;45571;45571;5331;5331;86192;86192;87362;87362;89886;89886"
"R-HSA-964827","Progressive trimming of alpha-1,2-linked mannose residues from Man9/8/7GlcNAc2 to produce Man5GlcNAc2","10905;4121;57134","4208"
"R-HSA-6814848","Glycerophospholipid catabolism","10908;133121;284161;375775;51573;79153;81544","17408;57560;57560;57597;57597"
"R-HSA-3214841","PKMTs methylate histone lysines","10919;11091;121504;121536;126961;2122;2146;23512;29072;333932;387893;4297;4790;4791;51111;54904;554313;55729;55870;56950;56979;58508;5928;5929;5931;5970;63976;64324;64754;653604;6839;7468;79723;79813;79918;8085;80854;8294;8350;8351;8352;8353;8354;8355;8356;8357;8358;8359;8360;8361;8362;8363;8364;8365;8366;8367;8368;8370;83852;84193;84444;84661;84787;8726;8968;9070;9739;9757;9869","57856;57856"
"R-HSA-975957","Nonsense Mediated Decay (NMD) enhanced by the Exon Junction Complex (EJC)","10921;11224;116832;140032;140801;1981;200916;2107;2197;22794;22916;23049;23293;23381;23521;23708;25873;26019;26986;2935;3921;4116;4686;4736;51065;51121;55110;5515;5518;55181;5520;55629;55802;56006;5976;6122;6123;6124;6125;6128;6129;6130;6132;6133;6134;6135;6136;6137;6138;6139;6141;6142;6143;6144;6146;6147;6152;6154;6155;6156;6157;6158;6159;6160;6161;6164;6165;6166;6167;6168;6169;6170;6171;6173;6175;6176;6181;6187;6188;6189;6191;6192;6193;6194;6201;6202;6203;6204;6205;6206;6207;6208;6209;6210;6217;6218;6222;6223;6224;6227;6228;6229;6230;6231;6232;6233;6234;6235;65109;65110;7311;9045;9349;9775;9887;9939","33697"
"R-HSA-9837092","FASTK family proteins regulate processing and stability of mitochondrial RNAs","10922;22868;60493;9238",""
"R-HSA-196108","Pregnenolone biosynthesis","10948;112812;134429;147323;1583;2230;2232;231;6770;706;83930;9256","15378;15378;15379;16113;16113;16113;16113;57783;57783"
"R-HSA-1799339","SRP-dependent cotranslational protein targeting to membrane","10952;11224;116832;140032;140801;1650;200916;2197;23471;23478;23480;23521;25873;28972;29927;3921;4736;51065;51121;55176;58477;60559;6122;6123;6124;6125;6128;6129;6130;6132;6133;6134;6135;6136;6137;6138;6139;6141;6142;6143;6144;6146;6147;6152;6154;6155;6156;6157;6158;6159;6160;6161;6164;6165;6166;6167;6168;6169;6170;6171;6173;6175;6176;6181;6184;6185;6187;6188;6189;6191;6192;6193;6194;6201;6202;6203;6204;6205;6206;6207;6208;6209;6210;6217;6218;6222;6223;6224;6227;6228;6229;6230;6231;6232;6233;6234;6235;6726;6727;6728;6729;6730;6731;6734;6745;6746;6747;6748;7311;9045;90701;9349;9789","15841;15841;15841;15841;15841"
"R-HSA-9609523","Insertion of tail-anchored proteins into the endoplasmic reticulum membrane","10952;118424;1528;2010;224;23480;27230;3162;351;439;51608;5621;6449;6804;6811;6844;7485;7917;819;8266;9218;9381","43474"
"R-HSA-977347","Serine biosynthesis","10955;256987;26227;29968;347735;5723;57515;619189;63826","15377;15378;15811;16134;16523;18420;30933;33384;33384;43474;57540"
"R-HSA-75105","Fatty acyl-CoA biosynthesis","109703458;11001;2194;22880;31;47;55301;5538;6319;7923;79966;84869;9374","15378;15378;15379;15456;15534;15756;15756;16452;16518;16526;17544;30769;30813;33019;36080;43474;57287;57287;57288;57379;57384;57394;57783;57783;84646;84648"
"R-HSA-75035","Chk1/Chk2(Cds1) mediated inactivation of Cyclin B:Cdk1 complex","10971;1111;11200;2810;7465;7529;7531;7532;7533;7534;891;983;995",""
"R-HSA-9735871","SARS-CoV-1 targets host intracellular signalling and regulatory pathways","10971;2033;2810;4088;4089;5170;5706;6667;7329;7529;7531;7532;7533;7534;857",""
"R-HSA-112126","ALKBH3 mediated reversal of alkylation damage","10973;221120;51008;84164","15379;16526;29033"
"R-HSA-446353","Cell-extracellular matrix interactions","10979;2316;2318;29780;3611;3987;54751;55679;55742;60;71;7408","30616"
"R-HSA-352230","Amino acid transport across the plasma membrane","10991;11136;11254;117247;120103;123096;124935;153201;206358;23428;23657;340024;348932;54407;54716;55089;55117;56301;6509;6510;6519;6520;6533;6539;6541;6542;8140;81539;84889;8501;9056;9057;92745","15378;15378;15570;15570;16283;16283;16523;16523;17750;17750;27747;27747;28229;28229;29101;29101;32513;32513;32513;32551;32551;32551;32682;32682;32682;33384;33384;35235;35235;57305;57305;57427;57427;57762;57762;57844;57844;57912;57912;57926;57926"
"R-HSA-5619108","Defective SLC27A4 causes ichthyosis prematurity syndrome (IPS)","10999","15756;16196;17351;28822;28866;28875;30805;30813;9254"
"R-HSA-804914","Transport of fatty acids","10999;286256;28965;347;376497;389812;3933","15756;15756;16196;16196;17351;17351;28822;28822;28866;28866;28875;28875;30805;30805;30813;30813;9254;9254"
"R-HSA-75876","Synthesis of very long-chain fatty acyl-CoAs","11000;197322;201562;2180;2181;2182;23205;23305;253017;3293;401494;51144;51495;51703;54898;60481;64834;6785;79071;79993;81616;83401;9200;9524","15378;15456;15756;16526;16526;27283;27283;27283;32395;33019;33019;33019;57287;57287;57287;57287;57368;57379;57380;57384;57384;57394;57783;65052"
"R-HSA-8854691","Interleukin-20 family signaling","11009;116379;163702;282616;282617;282618;29949;3588;3716;3717;3718;50604;50616;53832;53833;55801;5781;58985;6772;6773;6774;6775;6776;6777;7297",""
"R-HSA-9857492","Protein lipoylation","11019;1629;1737;1743;2230;2653;27247;387787;4706;51601","15378;17319;29034;57844"
"R-HSA-5601884","PIWI-interacting RNA (piRNA) biogenesis","11022;113802;122402;136991;143689;201164;221400;3320;4603;5430;5431;5432;5433;5434;5435;5436;5437;5438;5439;5440;5441;54456;54514;55124;56165;8468;84944;91646;9271","16991;33697;33697;33697;33697;33697;33697;33697;33697;57856"
"R-HSA-168927","TICAM1, RIP1-mediated IKK complex recruitment","11035;1147;148022;329;330;3551;387522;6233;7098;7189;7311;7314;7316;7321;7322;7323;7334;7335;8517;8737","33697;67208;67208;67208;67208"
"R-HSA-1810476","RIP-mediated NFkB activation via ZBP1","11035;1147;148022;1660;28511;28512;3551;4615;4790;4791;4792;4793;5970;7098;81030;8517;8737","16991;16991;30616;33697;61120"
"R-HSA-3295583","TRP channels","11035;140803;162514;197259;255231;26133;29850;4308;51393;54795;54822;55283;55503;56302;57113;57192;59341;7220;7222;7223;7224;7225;7226;7442;79054;80036;8737;8989","29101;29101;29108;29108"
"R-HSA-9013957","TLR3-mediated TICAM1-dependent programmed cell death","11035;148022;7098;841;8737;8772","33697;67208;67208;67208;67208"
"R-HSA-9686347","Microbial modulation of RIPK1-mediated regulated necrosis","11035;1486086;197259;2703361;3707572;841;8737;956533","36080"
"R-HSA-9692913","SARS-CoV-1-mediated effects on programmed cell death","11035;598;8737","36080"
"R-HSA-9615933","Postmitotic nuclear pore complex (NPC) reformation","1104;129401;23165;23279;23511;23636;25909;348995;3837;3842;4928;53371;55706;55746;57122;5901;5905;6396;7329;7341;79023;79902;81929;9631;9688;9818;9883","15377;23367;23367;23367;23367;23367;23367;37565;37565;43474"
"R-HSA-5083627","Defective LARGE causes MDDGA6 and MDDGB6","11041;9215","15748;57632"
"R-HSA-1839117","Signaling by cytosolic FGFR1 fusion mutants","11052;11064;11116;1523;26127;2885;399687;5290;5295;613;6772;6774;6776;6777;7750;8805;9208;9846","30616;57836"
"R-HSA-1253288","Downregulation of ERBB4 signaling","11059;2066;4734;6233;6714;7311;7314;7316;83737",""
"R-HSA-2022857","Keratan sulfate degradation","11081;112937;176;2331;2588;2720;2799;3073;3074;4060;4958;4969;5549;79411;89944","16189;28037;28061"
"R-HSA-3656225","Defective CHST6 causes MCDC1","11081;176;2331;4060;4166;4958;4969;5549",""
"R-HSA-3656243","Defective ST3GAL3 causes MCT12 and EIEE15","11081;176;2331;4060;4958;4969;5549;6487","57812"
"R-HSA-3656244","Defective B4GALT1 causes B4GALT1-CDG (CDG-2d)","11081;176;2331;2683;4060;4958;4969;5549","66914"
"R-HSA-2534343","Interaction With Cumulus Cells And The Zona Pellucida","11085;22917;2515;2683;5016;57829;6677;7783;7784;8747;8748","16336"
"R-HSA-75892","Platelet Adhesion to exposed collagen","11093;1277;1278;2207;2534;2811;2812;2814;2815;3672;3673;3688;4067;51206;7450;8515","18420;18420;36080;36080"
"R-HSA-9845619","Enhanced cleavage of VWF variant by ADAMTS13","11093;1277;1278;7450","36080"
"R-HSA-9845621","Defective VWF cleavage by ADAMTS13 variant","11093;1277;1278;7450","36080"
"R-HSA-193670","p75NTR negatively regulates cell cycle via SC1","11108;3065;3066;4803;4804;8841",""
"R-HSA-5635838","Activation of SMO","11127;132884;1452;156;2121;23288;2619;2622;3549;408;409;50846;50937;5727;6469;6608;84455;91653","30616"
"R-HSA-210991","Basigin interactions","11136;23428;23539;23657;23759;3655;3675;3688;3897;4099;4312;481;482;483;5478;56301;6520;6566;6693;682;8140;857;9056;9057;9123","28815"
"R-HSA-5619113","Defective SLC3A1 causes cystinuria (CSNU)","11136;6519","16283;32551;32682;57427"
"R-HSA-5660883","Defective SLC7A9 causes cystinuria (CSNU)","11136;6519","16283;32551;32682;57427"
"R-HSA-1236382","Constitutive Signaling by Ligand-Responsive EGFR Cancer Variants","11140;1950;1956;2549;2885;3265;3320;3845;4893;5290;5295;5335;6233;6464;6654;7311;7314;7316;867","30616;37565;38927;5674;57836;65324"
"R-HSA-5637810","Constitutive Signaling by EGFRvIII","11140;1950;1956;2549;2885;3265;3320;3845;4893;5290;5295;5335;6464;6654;867","30616;37565;5674;57836;65324"
"R-HSA-9634285","Constitutive Signaling by Overexpressed ERBB2","11140;2064;2885;3265;3320;3845;4893;55914;5782;6464;6654","37565;40629"
"R-HSA-9652282","Drug-mediated inhibition of ERBB2 signaling","11140;2064;3320;55914","40629"
"R-HSA-9665233","Resistance of ERBB2 KD mutants to trastuzumab","11140;2064;3320;55914",""
"R-HSA-9665244","Resistance of ERBB2 KD mutants to sapitinib","11140;2064;3320;55914",""
"R-HSA-9665245","Resistance of ERBB2 KD mutants to tesevatinib","11140;2064;3320;55914",""
"R-HSA-9665246","Resistance of ERBB2 KD mutants to neratinib","11140;2064;3320;55914",""
"R-HSA-9665247","Resistance of ERBB2 KD mutants to osimertinib","11140;2064;3320;55914","90943"
"R-HSA-9665249","Resistance of ERBB2 KD mutants to afatinib","11140;2064;3320;55914",""
"R-HSA-9665250","Resistance of ERBB2 KD mutants to AEE788","11140;2064;3320;55914","40629"
"R-HSA-9665251","Resistance of ERBB2 KD mutants to lapatinib","11140;2064;3320;55914",""
"R-HSA-9665348","Signaling by ERBB2 ECD mutants","11140;1950;1956;2064;2549;2885;3265;3320;3845;4893;5290;5295;5335;55914;6464;6654","37565;57836"
"R-HSA-9665737","Drug resistance in ERBB2 TMD/JMD mutants","11140;2064;3320;55914",""
"R-HSA-388844","Receptor-type tyrosine-protein phosphatases","11141;114798;139065;22865;26050;26280;3556;4916;5789;5792;5802;84189;84631;8495;8496;8497;8499;8500;8541;94030",""
"R-HSA-9007892","Interleukin-38 signaling","11141;5599;84639;8808",""
"R-HSA-1482922","Acyl chain remodelling of PI","11145;123745;22925;255189;26279;283748;30814;5319;5320;5321;5322;64600;79143;79887;81579;8399;8605","28914;28914;29108;29108;29108;57287;57560;57560;57880;57880"
"R-HSA-9636383","Prevention of phagosomal-lysosomal fusion","11151;26276;45424261;45424262;45424424;45425388;45426212;45426435;5868;6233;7311;7314;7316;7879;885594;885905;886300;886603;886604;886700;886709;887373;887988;9146","15377;26034;37565;43474;57880"
"R-HSA-430039","mRNA decay by 5' to 3' exoribonuclease","11157;1656;167227;196513;219988;23644;23658;25804;27257;27258;51690;54464;55802;57819;80153","20794;33699;58115"
"R-HSA-8853336","Signaling by plasma membrane FGFR1 fusions","11160;2260;9530",""
"R-HSA-1855167","Synthesis of pyrophosphates in the cytosol","11163;11165;117283;170685;23262;3705;55190;64768;9677;9807","18420;29035;30616;43474;57539;57733;74946"
"R-HSA-2393930","Phosphate bond hydrolysis by NUDT proteins","11164;131870;4521;53343;55270;56985;79873","15378;15378;18420;18420;18420;29035;33019;43474;43474"
"R-HSA-201451","Signaling by BMP","11167;2658;268;269;27302;3623;3624;4086;4089;4090;4091;4092;4093;57154;64388;64750;6497;650;657;658;659;7049;7321;7323;91851;92;9241;93;9350;94;9765","30616"
"R-HSA-162592","Integration of provirus","11168;155030;155348;155459;155908;155945;3159;3836;5478;8815","16991;16991"
"R-HSA-164843","2-LTR circle formation","11168;155030;155348;155459;155908;155945;2547;3159;3981;7518;7520;8815","16991"
"R-HSA-175567","Integration of viral DNA into host genomic DNA","11168;155030;155348;155459;155908;155945;3159;8815","16991;16991"
"R-HSA-177539","Autointegration results in viral DNA circles","11168;155030;155348;155459;155908;155945;3159;8815","16991;16991;16991"
"R-HSA-180689","APOBEC3G mediated resistance to HIV-1 infection","11168;155030;155348;155459;155908;155945;3159;5478;60489;8815","16134;16991;16991;16991;17843"
"R-HSA-189085","Digestion of dietary carbohydrate","1118;11181;27159;276;277;278;279;280;3938;6476;8972","15824;16551;17411;17716;27931;28057;28102;28189;28912;84373;86361;86362"
"R-HSA-189200","Cellular hexose transport","11182;125206;144195;154091;155184;200010;26291;29988;55974;56606;6513;6514;6515;6517;6523;6524;6527;66035;81031;85414;91749","15824;15824;17775;17775;29101;29101;30616;30616;4208;4208"
"R-HSA-2408552","Methylation of MeSeH for excretion","11185","57856;64685"
"R-HSA-201681","TCF dependent signaling in response to WNT","11197;1499;1855;1856;1857;22943;2535;27121;27123;4040;4041;50964;54361;6233;6259;6422;6423;7311;7314;7316;7471;7473;7474;7478;7479;7483;79412;80351;81847;8312;8313;8321;83999;8658;89780;9736",""
"R-HSA-3772470","Negative regulation of TCF-dependent signaling by WNT ligand antagonists","11197;22943;27121;27123;4040;4041;50964;54361;6422;6423;7474;7483;79412;83999;89780",""
"R-HSA-9754678","SARS-CoV-2 modulates host translation machinery","11218;140032;2197;25929;3921;50628;51065;54960;6187;6188;6189;6191;6192;6193;6194;6201;6202;6203;6204;6205;6206;6207;6208;6209;6210;6217;6218;6222;6223;6224;6227;6228;6229;6230;6231;6232;6233;6234;6235;6606;6607;6628;6632;6633;6634;6635;6636;6637;79760;79833;8487","2274"
"R-HSA-112409","RAF-independent MAPK1/3 activation","11221;1843;1844;1846;1847;1848;1849;1850;1852;5594;5595;80824;8682","43474;43474"
"R-HSA-5675221","Negative regulation of MAPK pathway","11221;152559;1843;1844;1846;1847;1848;1849;1850;1852;3265;369;3845;4140;4893;5037;5515;5516;5518;5519;5525;5526;5527;5528;5529;5536;5594;5595;5774;5778;5894;6233;6300;673;7311;7314;7316;7529;80824;8315;8844","30616;37565;43474;43474"
"R-HSA-9652817","Signaling by MAPK mutants","11221;1848;1849;1850;1852;5594;80824","15377"
"R-HSA-156902","Peptide chain elongation","11224;116832;140032;140801;1915;1938;200916;2197;23521;25873;3921;4736;51065;51121;6122;6123;6124;6125;6128;6129;6130;6132;6133;6134;6135;6136;6137;6138;6139;6141;6142;6143;6144;6146;6147;6152;6154;6155;6156;6157;6158;6159;6160;6161;6164;6165;6166;6167;6168;6169;6170;6171;6173;6175;6176;6181;6187;6188;6189;6191;6192;6193;6194;6201;6202;6203;6204;6205;6206;6207;6208;6209;6210;6217;6218;6222;6223;6224;6227;6228;6229;6230;6231;6232;6233;6234;6235;7311;9045;9349","16047;17732;18366;23367;2651;2651;29152;29153;29154;29155;29156;29157;29158;29159;29160;29161;29162;29163;29164;29166;37565;37565;43474"
"R-HSA-192823","Viral mRNA Translation","11224;116832;140032;140801;200916;2197;23521;25873;2926;3802042;3921;4736;51065;51121;5611;6122;6123;6124;6125;6128;6129;6130;6132;6133;6134;6135;6136;6137;6138;6139;6141;6142;6143;6144;6146;6147;6152;6154;6155;6156;6157;6158;6159;6160;6161;6164;6165;6166;6167;6168;6169;6170;6171;6173;6175;6176;6181;6187;6188;6189;6191;6192;6193;6194;6201;6202;6203;6204;6205;6206;6207;6208;6209;6210;6217;6218;6222;6223;6224;6227;6228;6229;6230;6231;6232;6233;6234;6235;7311;9045;9349;956527;956528;956529;956530;956531;956532;956533;956534;956535;956536","16047;17732;18366;2651;29152;29153;29154;29155;29156;29157;29158;29159;29160;29161;29162;29163;29164;29166"
"R-HSA-2408557","Selenocysteine synthesis","11224;116832;118672;140032;140801;200916;2197;22928;23521;25873;3921;4736;51065;51091;51121;60678;6122;6123;6124;6125;6128;6129;6130;6132;6133;6134;6135;6136;6137;6138;6139;6141;6142;6143;6144;6146;6147;6152;6154;6155;6156;6157;6158;6159;6160;6161;6164;6165;6166;6167;6168;6169;6170;6171;6173;6175;6176;6181;6187;6188;6189;6191;6192;6193;6194;6201;6202;6203;6204;6205;6206;6207;6208;6209;6210;6217;6218;6222;6223;6224;6227;6228;6229;6230;6231;6232;6233;6234;6235;6301;7311;79048;9045;9349","15378;16144;16503;18420;2651;30616;30616;33019;33384;37565;43474;43474"
"R-HSA-72764","Eukaryotic Translation Termination","11224;116832;140032;140801;200916;2107;2197;23521;23708;25873;29104;2935;327;3921;4736;51065;51121;51504;6122;6123;6124;6125;6128;6129;6130;6132;6133;6134;6135;6136;6137;6138;6139;6141;6142;6143;6144;6146;6147;6152;6154;6155;6156;6157;6158;6159;6160;6161;6164;6165;6166;6167;6168;6169;6170;6171;6173;6175;6176;6181;6187;6188;6189;6191;6192;6193;6194;6201;6202;6203;6204;6205;6206;6207;6208;6209;6210;6217;6218;6222;6223;6224;6227;6228;6229;6230;6231;6232;6233;6234;6235;7311;9045;9349","23367;36080;36080;37565;37565;43474;57856;83690;83690"
"R-HSA-975956","Nonsense Mediated Decay (NMD) independent of the Exon Junction Complex (EJC)","11224;116832;140032;140801;1981;200916;2107;2197;22916;23521;23708;25873;26986;2935;3921;4686;4736;51065;51121;5976;6122;6123;6124;6125;6128;6129;6130;6132;6133;6134;6135;6136;6137;6138;6139;6141;6142;6143;6144;6146;6147;6152;6154;6155;6156;6157;6158;6159;6160;6161;6164;6165;6166;6167;6168;6169;6170;6171;6173;6175;6176;6181;6187;6188;6189;6191;6192;6193;6194;6201;6202;6203;6204;6205;6206;6207;6208;6209;6210;6217;6218;6222;6223;6224;6227;6228;6229;6230;6231;6232;6233;6234;6235;7311;9045;9349","33697"
"R-HSA-1475029","Reversible hydration of carbon dioxide","11238;23632;377677;759;760;761;762;763;765;766;768;771","15378;15378;15378;16526;16526;16526;17544;17544;17544;29105;29105;29105;29105"
"R-HSA-3247509","Chromatin modifying enzymes","11240;126961;23569;29943;333932;353238;51702;54014;653604;6597;8350;8351;8352;8353;8354;8355;8356;8357;8358;8968","16134;16134;29108"
"R-HSA-391908","Prostanoid ligand receptors","11251;5729;5731;5732;5733;5734;5737;5739;6915","15551;15552;15553;15555;15627;66899"
"R-HSA-4793950","Defective MAN1B1 causes MRT15","11253",""
"R-HSA-442660","Na+/Cl- dependent neurotransmitter transporters","11254;340024;348932;54716;55117;6529;6530;6531;6533;6534;6536;6538;6539;6540;6570;6571;6580;6582;9152","17750;17750;29101;29101;32513;32513;32551;32551;32682;32682;33384;33384;350546;350546;350546;35235;35235;57305;57305;57427;57427;57762;57762;57844;57844;57912;57912;57926;57926"
"R-HSA-5619094","Variant SLC6A14 may confer susceptibility towards obesity","11254","29101;32513;32551;32682;33384;35235;57305;57427;57762;57844;57912"
"R-HSA-390650","Histamine receptors","11255;3269;3274;59340","10119;3699;3766;8707"
"R-HSA-912694","Regulation of IFNA/IFNB signaling","11274;3439;3440;3441;3442;3443;3444;3445;3446;3447;3448;3449;3451;3452;3454;3455;3456;3716;5770;5777;5781;6772;6773;7297;8651;9021","15377;43474"
"R-HSA-9758274","Regulation of NF-kappa B signaling","11274;1147;121457;3551;6233;7157;7186;7189;7311;7314;7316;79671;841;84166;8517;9097;9683;9684","15377"
"R-HSA-448424","Interleukin-17 signaling","112744;132014;23765;27189;3605;55540;64806;84818",""
"R-HSA-5250971","Toxicity of botulinum toxin type C (botC)","112755;3772941;6616;6804","15378;29105;29105;29105;29105"
"R-HSA-3248023","Regulation by TREX1","11277","16991;18420;57566;57673"
"R-HSA-3270619","IRF3-mediated induction of type I IFN","11277;147945;197358;23220;2547;29110;340061;3428;3661;4361;51428;5591;7520","16991;16991;16991;16991;16991;16991;30616"
"R-HSA-390648","Muscarinic acetylcholine receptors","1128;1129;1131;1132;1133",""
"R-HSA-445095","Interaction between L1 and Ankyrins","11280;23114;286;287;288;3785;3786;3897;4897;51332;55800;57731;60;6323;6324;6326;6327;6328;6329;6330;6331;6332;6334;6335;6336;6708;6709;6710;6711;6712;71","30616;30616"
"R-HSA-5576892","Phase 0 - rapid depolarisation","11280;2256;2257;2258;2259;27092;29098;55800;59283;59284;59285;6323;6324;6326;6327;6328;6329;6330;6331;6332;6334;6335;6336;775;782;783;801;805;808;815;816;817;818;9254","29101;29101;29108;29108"
"R-HSA-1362409","Mitochondrial iron-sulfur cluster biogenesis","112812;122961;150274;2230;23479;2395;51218;51312;57128;81689;81894;9054","29033;29033;29033;35235"
"R-HSA-2395516","Electron transport from NADPH to Ferredoxin","112812;2230;2232","15378;57692;57783"
"R-HSA-5579026","Defective CYP11A1 causes AICSR","112812;1583;2230;2232","15378;15379;57783"
"R-HSA-389661","Glyoxylate metabolism and glycine degradation","112817;1610;189;27232;2806;54363;5827;58510;64902;8528;8659;9380","15378;15378;15379;16240;16452;16452;16474;17364;17742;28938;32812;36655;57305;57305;57305;57433;57540;57692;57692;57856"
"R-HSA-975577","N-Glycan antennae elongation","11282;11320;25834;2683;338596;4249;51046;6480;6484;8128;8702;8703;8704;9331;9334","29035;57705;66914"
"R-HSA-211935","Fatty acids","11283;126410;1549;1553;1555;1565;1572;1573;1579;1580;284541;4051;57834;66002;8529","15378;15379;16474;19138;30805;32395;39567"
"R-HSA-211979","Eicosanoids","11283;126410;1579;1580;1582;284541;4051;5740;57834;66002;6916;8529","15378;15378;15379;15379;15552;15554;15627;15630;15646;15646;15647;15647;16474;57783"
"R-HSA-2142691","Synthesis of Leukotrienes (LT) and Eoxins (EX)","11283;126410;1579;1580;1800;22949;240;241;246;2678;2687;284541;4048;4051;4056;4363;57834;64174;64180;8529;9261","15378;15378;15379;15632;15646;15647;15647;15650;15651;27562;27814;28666;29033;29033;29105;29108;29108;30616;32395;57305;57305;57783;57783;57925"
"R-HSA-5649702","APEX1-Independent Resolution of AP Sites via the Single Nucleotide Replacement Pathway","11284;252969;3980;4968;5423;7515;79661","16516;16991;16991;16991;16991;33019;33447;43474"
"R-HSA-1855204","Synthesis of IP3 and IP4 in the cytosol","113026;122618;23007;23236;27124;3633;3635;3636;3705;3706;3707;4952;51196;5330;5331;5332;5333;5335;5336;5728;801;80271;805;808;84812;8867;89869;9651","17815;17815;18420;203600;29108;29108;29108;30616;43474;57660;57895"
"R-HSA-399997","Acetylcholine regulates insulin secretion","1131;23236;2767;2769;2776;4082;5330;5331;5578;9630","17552;17815;203600;30616;37565;37565"
"R-HSA-9754560","SARS-CoV-2 modulates autophagy","11311;23339;26276;27072;55823;57617;64601;65082;7284;7405;81631",""
"R-HSA-1300645","Acrosome Reaction and Sperm:Oocyte Membrane Binding","113177;126123;284359;49;928",""
"R-HSA-196843","Vitamin B2 (riboflavin) metabolism","113278;5167;54;55065;55312;79581;80308","15378;18420;30616;33019;43474;57692"
"R-HSA-629594","Highly calcium permeable postsynaptic nicotinic acetylcholine receptors","1134;1135;1136;1137;1138;1139;1141;1142;1143;55584;8973;89832","29108;29108"
"R-HSA-629597","Highly calcium permeable nicotinic acetylcholine receptors","1134;1135;1136;1137;1138;1141;1142;1143;8973","29108;29108"
"R-HSA-450385","Butyrate Response Factor 1 (BRF1) binds and destabilizes mRNA","11340;118460;167227;207;22894;23016;23404;51010;51013;5393;54464;54512;55802;56915;677;7529;9261","30616"
"R-HSA-450513","Tristetraprolin (TTP, ZFP36) binds and destabilizes mRNA","11340;118460;167227;22894;23016;23404;3842;51010;51013;5393;54464;54512;55802;56915;7529;7538;9261","30616"
"R-HSA-450604","KSRP (KHSRP) binds and destabilizes mRNA","11340;118460;1432;167227;207;22894;23016;23404;5073;51010;51013;5393;54512;5600;56915;7534;8570","18420;30616;30616"
"R-HSA-1482883","Acyl chain remodeling of DAG and TAG","11343;158835;347516;57104;80339;84649;8694","17389;17408;17754;17815;35366;57287;57560"
"R-HSA-426048","Arachidonate production from DAG","11343;221955;26090;57406;747","15378;17754;17815;32395;35366;75571"
"R-HSA-351143","Agmatine biosynthesis","113451;79814","16199;16526;326268;32682"
"R-HSA-629587","Highly sodium permeable postsynaptic acetylcholine nicotinic receptors","1136;1137;1141;1143;1144;1145;1146","29101;29101"
"R-HSA-211958","Miscellaneous substrates","113612;126410;1565;1579;1580;284541;29785;4051;54905;57834;64816;8529","15378;15379;16474;17347;31697;32395;37248"
"R-HSA-2142816","Synthesis of (16-20)-hydroxyeicosatetraenoic acids (HETE)","113612;1543;1544;1545;1557;1558;1559;1579;8529","15378;15379;16474;32395"
"R-HSA-5579011","Defective CYP2U1 causes SPG56","113612","15378;15379;16474;32395"
"R-HSA-429593","Inositol transporters","114134;115584","15378;15378;27372;27372;29101;29101"
"R-HSA-5602636","IKBKB deficiency causes SCID","1147;3551;8517",""
"R-HSA-5603027","IKBKG deficiency causes anhidrotic ectodermal dysplasia with immunodeficiency (EDA-ID) (via TLR)","1147;3551;8517",""
"R-HSA-5603029","IkBA variant leads to EDA-ID","1147;3551;4790;4791;4792;5970;8517","30616"
"R-HSA-5684264","MAP3K8 (TPL2)-dependent MAPK1/3 activation","1147;1326;23291;3551;4790;5604;6233;6416;6500;7311;7314;7316;79155;8454;8517;8945","30616;30616"
"R-HSA-933542","TRAF6 mediated NF-kB activation","1147;177;23586;28511;28512;3146;351;3551;4214;4790;4791;4792;4793;57506;5970;6283;6285;6288;64135;7186;7189;7706;84282;8517;89122","33697;33697;67208;67208;67208;67208;67208"
"R-HSA-933543","NF-kB activation through FADD/RIP-1 pathway mediated by caspase-8 and -10","1147;23586;3551;57506;64135;7706;841;84282;843;8517;8737;8772;89122","33697;67208"
"R-HSA-937039","IRAK1 recruits IKK complex","1147;246330;3551;3654;387522;57161;57162;6233;7189;7311;7314;7316;7334;7335;8517","36080"
"R-HSA-975144","IRAK1 recruits IKK complex upon TLR7/8 or 9 stimulation","1147;246330;3551;3654;387522;57161;57162;6233;7189;7311;7314;7316;7334;7335;8517","36080"
"R-HSA-8981607","Intracellular oxygen transport","114757;4151;58157","15379"
"R-HSA-9022699","MECP2 regulates neuronal receptors and channels","114787;1385;2289;25942;2891;2903;2904;3065;3066;4204;4233;4986;4988;5770;5775;6515;7222",""
"R-HSA-5666185","RHO GTPases Activate Rhotekin and Rhophilins","114822;30851;387;388;389;54763;6242;64130;85415","37565;37565"
"R-HSA-8964572","Lipid particle organization","1149;128486;161247;29923;345275;63924","16247"
"R-HSA-1483148","Synthesis of PG","114971;122618;201164;23646;5337;5338;8760;9489","17754;33019;37563;43474;57597;57643;57739;57739;57739;64716;64716"
"R-HSA-1834941","STING mediated induction of host immune responses","115004;340061;3428;51428;6737","16991;16991;16991;16991;16991;30616;33019;37565"
"R-HSA-71288","Creatine metabolism","1152;1158;1159;1160;2593;2628;548596;6534;6535;6538;6539","15378;16344;16344;29101;29101;30616;32682;43474;57305;57856"
"R-HSA-169911","Regulation of Apoptosis","115209;4976","29105"
"R-HSA-425393","Transport of inorganic cations/anions and amino acids/oligopeptides","115286;140679;1497;6505;6506;6507;6511;6512","15378;15378;15378;15378;16283;16283;17364;17364;29101;29101;29103;29103;57305;57305;57856;57856"
"R-HSA-1266695","Interleukin-7 signaling","1154;126961;3082;333932;3561;3574;3575;3667;3716;3718;5295;5296;54014;5896;5897;64109;653604;6597;6774;6776;6777;8350;8351;8352;8353;8354;8355;8356;8357;8358;8503;85480;8651;8660;8835;8968","30616;30616"
"R-HSA-982772","Growth hormone receptor signaling","1154;1442;25970;2688;2689;2690;3667;3717;4067;5594;5595;5617;5618;5770;5777;6772;6774;6776;6777;6868;8651;8660;8835;9021","15377;15377;29105;36080;43474;43474"
"R-HSA-203641","NOSTRIN mediated eNOS trafficking","115677;1785;4846;857;8976","29105;57692"
"R-HSA-187024","NGF-independant TRKA activation","116;117;135;4914;4915","16335;30616"
"R-HSA-5619071","Defective SLC22A12 causes renal hypouricemia 1 (RHUC1)","116085","17775"
"R-HSA-446199","Synthesis of Dolichyl-phosphate","116150;22845;4597;57171;79644;79947","15750;15899;16091;16526;175763;30616;33019;37531;37563;43474;57683;57783;67132"
"R-HSA-4755609","Defective DHDDS causes RP59","116150;79947","175763"
"R-HSA-75109","Triglyceride biosynthesis","116255;150763;23175;2710;2712;346606;392636;57678;64900;80168;84649;8694;9663","15379;17389;17754;17815;29089;43474;57287;57597"
"R-HSA-177162","Conjugation of phenylacetate with glutamine","116285;348158","30616;33019;57287;57390"
"R-HSA-8963889","Assembly of active LPL and LIPC lipase complexes","116519;26291;27329;337;338328;344;3990;4023;5045;5046;51129;5125;51360;55908;63924;64788;84699;8720;91289","15377;24499;24505;35366"
"R-HSA-8963901","Chylomicron remodeling","116519;335;336;337;338;338328;344;345;348;4023","15904;16113;16247;24499"
"R-HSA-8849469","PTK6 Regulates RTKs and Their Effectors AKT1 and DOK1","116985;1796;207;5753;6233;7311;7314;7316;867",""
"R-HSA-373752","Netrin-1 signaling","116986;148738;1630;219699;285704;4651;4756;5588;56963;59277;6091;6477;6478;6585;6586;7430;90249;9353;9423","30616"
"R-HSA-1300642","Sperm Motility And Taxes","117144;117155;157855;257062;347732;378807;57828;79820;84329","15378;15378;29103;29103;29108;29108"
"R-HSA-165158","Activation of AKT2","117145;208;5170;57761","30616;57836"
"R-HSA-3000480","Scavenging by Class A Receptors","117156;1277;1278;1281;1282;1284;2495;2512;286133;335;338;348;4481;5648;7184;78989;81035;811;8685","16113;16113;16113;16247;16247;16247;16412;16412;16412;16412;17345;17345;17345;17411;2181;24654;24654;24654;28037;28037;28164;28164;28164;28640;28640;28640;29034;29034;33697;33697;33697;33697;37671;37671;4208;57880;57880;57880;58115;61120;61120;61120;64294;64294;64294"
"R-HSA-164939","Nef mediated downregulation of CD28 cell surface expression","1173;156110;940",""
"R-HSA-167590","Nef Mediated CD4 Down-regulation","1173;1175;156110;160;161;163;375;3932;51606;920",""
"R-HSA-182218","Nef Mediated CD8 Down-regulation","1173;1175;156110;160;161;163;51606;926",""
"R-HSA-190873","Gap junction degradation","1173;1211;1212;1213;1601;1759;1785;2697;4646;60;71;8218",""
"R-HSA-196025","Formation of annular gap junctions","1173;1211;1212;1213;1601;1759;1785;2697;60;71;8218",""
"R-HSA-416993","Trafficking of GluR2-containing AMPA receptors","1173;1175;160;161;163;23426;2890;2891;2892;2893;4905;5578;5579;5582;7102;80852;9463","17815;29108;30616;43474"
"R-HSA-5099900","WNT5A-dependent internalization of FZD4","1173;1175;1211;1212;1213;160;161;163;1856;409;5578;5579;5582;7474;8322","17815;29108;30616"
"R-HSA-5140745","WNT5A-dependent internalization of FZD2, FZD5 and ROR2","1173;1175;1211;1212;1213;160;161;163;2535;4919;4920;7474;7855",""
"R-HSA-264870","Caspase-mediated cleavage of cytoskeletal proteins","118;2620;28988;2934;4137;5339;6709;7431;836;839;840;841",""
"R-HSA-5223345","Miscellaneous transport and binding events","118;119;120;123606;1446;1448;1497;152519;2039;23507;348938;5304;54896;55144;56172;56262;563;57185;57380;79815;7991;80131;81614;84061;84230;93380","15378;15378;16283;16283;16382;16382;18420;18420;18420;18420;18420;32513;32513;32551;32551;32682;32682;33019;33019"
"R-HSA-166665","Terminal pathway of complement","1191;727;729;730;731;732;733;735",""
"R-HSA-196836","Vitamin C (ascorbate) metabolism","119391;1528;1727;6513;6515;9446;9962;9963","15378;16240;27913;29101;29101;30623;36144;38290;38290;57441;57540;57561;57692;57925"
"R-HSA-9717207","Sensory perception of sweet, bitter, and umami (glutamate) taste","119395;255022;259285;259286;259287;259289;259290;259292;259293;259295;259296;2782;2784;2911;2914;29850;346562;3710;50831;50832;50833;50834;50836;50837;50838;50839;50840;51764;5330;54429;54795;5726;6324;6326;6327;6328;6330;6335;80834;80835;83756","10093;10093;15377;15824;15824;15854;15854;16150;16150;16226;16226;16296;16296;17682;17682;17698;17698;17814;17814;17815;18305;18305;188347;188347;188349;188349;188350;188350;203600;203600;23359;23359;2366;2366;23736;23736;2622;2622;26948;26948;27613;27613;27641;27641;27732;27732;28179;28179;28241;28241;2825;2825;2853;2853;28579;28579;2877;2877;28794;28794;28973;28973;29101;29101;29108;29108;29108;3193;3193;32111;32111;34750;351346;351346;3614;3614;36773;36773;37565;3768;3768;3941;3941;3944;3944;42638;42638;4325;4325;4470;4470;44975;44975;5547;5547;58115;58115;65408;65408;83501;83501;8502;8502;8692;8692;9162;9162"
"R-HSA-9730628","Sensory perception of salty taste","119395;255022;6337;6338;6339;6340","29101;29101;29101"
"R-HSA-192456","Digestion of dietary lipid","119548;1208;5406;5407;5408;8513","15756;15904;16113;17336;17408;17616;17754;36234;36252;36257;9407"
"R-HSA-9845576","Glycosphingolipid transport","1201;23344;375;51228;57488;80772;83850;84725","16197;16197;17526;18313;18313;195476;195546;22801;22801;24402;24402;28424;28424;28648;28648;29108;36498;36498;36498;37739;37739;83273;83273;87785;87785;87787;87787;87788;87788;88069;88069;88167;88167;90189;90189;90262;90262"
"R-HSA-71240","Tryptophan catabolism","120103;125061;130013;169355;23498;3620;51166;56267;6520;6999;8140;8564;883;8942","15378;15378;15379;15740;15793;16526;17380;17442;17442;17442;18344;18344;18377;18377;29033;32513;32513;43580;55528;57427;57427;57540;57762;57762;57783;57844;57844;57912;57912"
"R-HSA-196791","Vitamin D (calciferol) metabolism","120227;1591;1594;26119;2638;4036;51588;5641;6613;7329;7421;8029","15378;15379;15824;17759;17823;17823;28940;28940;28940;31590;31801;57783"
"R-HSA-211916","Vitamins","120227;1591;1592;1594;340665;56603","15378;15378;15378;15379;15379;15379;15824;16474;17823;17823;28940;57783;57783"
"R-HSA-5579027","Defective CYP27B1 causes VDDR1B","120227","15378;15379;28940;57783"
"R-HSA-5358493","Synthesis of diphthamide-EEF2","120526;1801;1802;1938;285381;51611;89978;92715","17509;28938;30616;33019;57856"
"R-HSA-168275","Entry of Influenza Virion into Host Cell via Endocytosis","1211;1213;956527;956528;956529;956530;956531;956532;956534;956535;956536","23367;23367;26667;26667"
"R-HSA-427975","Proton/oligopeptide cotransporters","121260;51296;6564;6565","15378;15378;15378;32513;32513;90799;90799;90799"
"R-HSA-209931","Serotonin and melatonin biosynthesis","121278;15;1644;438;7166","15378;15379;16526;17697;29033;350546;57287;57288;57856;57912"
"R-HSA-9700645","ALK mutants bind TKIs","1213;2335;238;27436;3092;4869;53335;5495;5573;57448;6801;9451","91338"
"R-HSA-9733458","Induction of Cell-Cell Fusion","121601;196527;203859;338440;5045;50636;55107;55129;57101;57719;59272;63982;7113;MN908947.3","8756"
"R-HSA-112122","ALKBH2 mediated reversal of alkylation damage","121642","15379;16526;29033"
"R-HSA-8939242","RUNX1 regulates transcription of genes involved in differentiation of keratinocytes","122809;1513;1514;1515;5275;861;865;9021",""
"R-HSA-9854311","Maturation of TCA enzymes and regulation of TCA cycle","122961;135154;1431;23410;23479;2395;3418;38;50;54949;57001;57128;6389;6390;6391;6392;644096;751071;81689;9054","15378;16240;16452;16480;18421;25941;26355;29033;29035;29105;33101;57287;57288;57540;57692;57856;64606;64606;64606;64607"
"R-HSA-6783783","Interleukin-10 signaling","1230;1234;1435;1437;1440;2208;2357;2919;2920;3383;3552;3553;3554;3557;3569;3576;3586;3587;3588;3592;3593;3606;3627;3716;388372;3976;414062;5724;5743;6347;6348;6349;6351;6352;6363;6364;6367;6774;7076;7124;7132;7133;729230;7297;7850;941;942","30616"
"R-HSA-425561","Sodium/Calcium exchangers","123041;25769;283652;57419;6543;6546;6547;6717;80024;801;805;808;9187","29101;29101;29101;29103;29103;29103;29108;29108;29108"
"R-HSA-5619055","Defective SLC24A4 causes hypomineralized amelogenesis imperfecta (AI)","123041","29101;29103;29108"
"R-HSA-173107","Binding and entry of HIV virion","1234;155030;155348;155459;155908;155945;155971;156110;5478;7852;920","17843;17843"
"R-HSA-2161541","Abacavir metabolism","124;161823;22978;5105","15378;16335;17596;18420;189047;189052;189053;189053;202940;29105;30616;421707;57540;61120;64192"
"R-HSA-71384","Ethanol oxidation","124;125;126;127;128;130;131;216;217;219;55902;84532","15378;15378;16225;16236;29105;30616;30616;33019;33019;57287;57287;57288;57288;57540;57540"
"R-HSA-373076","Class A/1 (Rhodopsin-like receptors)","1240;1268;1269;151306;1880;27199;2828;2841;2859;2863;29933;338442;4543;4544;56670;5724;8111;8477;9290","15378;15940;18344;20067;2700;28834;29105;36234;37623"
"R-HSA-5679001","Defective ABCC2 causes DJS","1244","16427;30616"
"R-HSA-6803211","TP53 Regulates Transcription of Death Receptors and Ligands","124446;23368;3486;355;7157;7159;7161;8626;8793;8794;8795;8797",""
"R-HSA-446203","Asparagine N-linked glycosylation","124872;1603;1650;3703;432;433;6184;6185;7369;7991;84061","37396;57683;66914"
"R-HSA-174403","Glutathione synthesis and recycling","124975;2678;2686;2687;26873;2729;2730;2937;494143;55748;79017;79094","18420;29035;30616;35235;43474;57305;57925"
"R-HSA-5423646","Aflatoxin activation and detoxification","124975;1544;1553;1576;1577;1800;22977;246181;2678;2686;2687;4257;4258;4259;64174;64180;8574;91703;95","15378;15379;2504;29105;30725;30725;53106;53107;53108;57287;57288;57305;57783;57925"
"R-HSA-844623","The IPAF inflammasome","1253480;1254294;1254395;58484;834",""
"R-HSA-2485179","Activation of the phototransduction cascade","1258;1259;2779;2782;2792;5145;5148;5158;6010;6295;9187","16356;29101;29101;29101;29101;29103;29103;29108;29108;29108;29108;37565;37565"
"R-HSA-9845614","Sphingolipid catabolism","125981;130367;221;224;340485;55331;81537;8611;8612;8613;8879","15377;15377;15378;15756;15756;17553;17585;17600;17600;28868;29105;29108;31998;43474;43474;57540;57756;83273;83273;84410"
"R-HSA-5689877","Josephin domain DUBs","126119;4287;5071;5886;5887;6233;7311;7314;7316;7415;92552;9929",""
"R-HSA-1483255","PI Metabolism","126282;25816;388121;79626","57836;57836"
"R-HSA-6799198","Complex I biogenesis","126328;137682;25880;25915;28976;29078;374291;4535;4536;4537;4538;4540;4541;4694;4695;4696;4698;4700;4701;4702;4704;4705;4706;4707;4708;4709;4710;4711;4712;4713;4714;4715;4716;4717;4718;4719;4720;4722;4723;4724;4725;4726;4728;4729;4731;51079;51103;51295;51300;54539;55471;55744;55863;55967;79133;80224;91942","57692;57692;64607"
"R-HSA-5579005","Defective CYP4F22 causes ARCI5","126410","15378;15379;15630;57783"
"R-HSA-425366","Transport of bile salts and organic acids, metal ions and amine compounds","126969;146802;204962;23446;345274;55244;57153;60482;6563;80736;8170","15378;15378;16199;16199;29101;29101;3699;3699;42820;42820"
"R-HSA-6788467","IL-6-type cytokine receptor ligand interactions","1270;1271;133396;1489;23529;3572;3589;3590;3716;3717;386653;3976;3977;5008;7297;9180;9244",""
"R-HSA-447043","Neurofascin interactions","1272;1641;23114;286;4897;6386;8506","30616"
"R-HSA-6782861","Synthesis of wybutosine at G37 of tRNA(Phe)","127253;129450;55039;55253;57570;9836","15379;16526;16526;16991;17509;29033;57844;57856;57856;57856;64315;64654"
"R-HSA-1474244","Extracellular matrix organization","1277;1278;1280;1281;1282;1284;1285;1286;1287;1288;1289;1290;1294;2335;50509",""
"R-HSA-2022090","Assembly of collagen fibrils and other multimeric structures","1277;1278;1280;1281;1282;1284;1285;1286;1287;1288;1289;1290;1291;1292;1293;1294;1295;1296;1297;1298;1299;1300;1301;1302;1303;1306;1308;131873;1508;1514;1515;1520;255631;256076;3655;3691;3909;3914;3918;4314;4316;4318;4322;50509;5339;667;7373;80781;85301;9313;977",""
"R-HSA-216083","Integrin cell surface interactions","1277;1278;1280;1281;1282;1284;1285;1286;1287;1288;1289;1290;1291;1292;1293;1294;1295;1296;1297;1298;1299;1300;1305;1307;1311;131873;2200;2243;2244;2266;22801;2335;256076;3339;3371;3381;3383;3384;3385;3386;3655;3672;3673;3674;3675;3676;3678;3679;3680;3681;3682;3683;3684;3685;3687;3688;3689;3690;3693;3694;3695;3696;375790;3791;4060;50509;50848;5175;58494;6696;682;7057;7087;7412;7448;7450;80781;8174;83700;8515;8516;91522;960;961;999","18420;18420;18420"
"R-HSA-2214320","Anchoring fibril formation","1277;1278;1282;1284;1285;1286;1287;1288;1294;3909;3914;3918;649;7092;7093",""
"R-HSA-2243919","Crosslinking of collagen fibrils","1277;1278;1282;1284;1285;1286;1287;1288;4015;4016;4017;5118;649;7092;7093;7837;84171;84695","15379;15858;16134;16240;29036"
"R-HSA-3000170","Syndecan interactions","1277;1278;1281;1289;1290;2247;2335;3371;3655;3673;3685;3688;3690;3691;3693;50509;51399;5578;6382;6383;6385;7040;7057;7448;8573;87;9672","17815"
"R-HSA-3000178","ECM proteoglycans","1277;1278;1280;1281;1282;1284;1285;1286;1287;1288;1289;1290;1291;1292;1293;1297;1298;1299;1311;131873;1404;1462;1463;1605;1634;1758;176;1834;2331;2335;256076;284217;3339;3371;3381;351;3673;3674;3679;3680;3685;3687;3688;3690;3693;3694;375790;3908;3909;3910;3911;3912;3913;3915;4038;4060;4146;4148;4593;4684;50509;5054;54829;5802;633;63827;63923;6678;7040;7042;7043;7143;7148;7448;8516;8785","16336;29108"
"R-HSA-430116","GP1b-IX-V activation signalling","1277;1278;2316;2811;2812;2814;2815;5295;5894;6714;7450;7534",""
"R-HSA-76009","Platelet Aggregation (Plug Formation)","1277;1278;2147;2811;2812;2814;2815;4352;7066;7450","29108;36080"
"R-HSA-8948216","Collagen chain trimerization","1277;1278;1280;1281;1282;1284;1285;1286;1287;1288;1289;1290;1291;1292;1293;1294;1295;1296;1297;1298;1299;1300;1301;1302;1303;1305;1306;1307;1308;1310;131873;136227;169044;255631;256076;340267;50509;57642;7373;80781;81578;84570;85301;91522",""
"R-HSA-9845620","Enhanced binding of GP1BA variant to VWF multimer:collagen ","1277;1278;2811;2812;2814;2815;7450","36080"
"R-HSA-9845622","Defective VWF binding to collagen type I ","1277;1278;7450","36080"
"R-HSA-9846298","Defective binding of VWF variant to GPIb:IX:V","1277;1278;2811;2812;2814;2815;7450","36080"
"R-HSA-5250958","Toxicity of botulinum toxin type B (botB)","127833;5185057;6844;6857","15378;29105;29105;29105;29105"
"R-HSA-186797","Signaling by PDGF","1280;1281;1282;1284;1285;1286;1287;1289;1290;1291;1292;1293;1297;1298;1299;131873;256076;5045;50509;5154;5155;5156;5159;5327;5340;56034;5782;6696;7057;7058;7059;7060;80310","30616;43474;85164;85994"
"R-HSA-419037","NCAM1 interactions","1280;1281;1282;1284;1285;1286;1287;1289;1290;1291;1292;1293;1297;1298;1299;131873;1463;256076;2668;2674;2675;375790;4684;4902;50509;5621;5623;64096;6900;775;776;779;782;783;784;785;7903;8128;8911;8912;8913;9048","28879;28879;30616"
"R-HSA-9761174","Formation of intermediate mesoderm","130497;2247;2296;2303;3975;5076;652;7849",""
"R-HSA-446107","Type I hemidesmosome assembly","1308;3655;3691;3852;3861;3909;3914;3918;5339;667;977",""
"R-HSA-6793080","rRNA modification in the mitochondrion","130916;29960;387338;51106;55178;79922","57856;74445;74478;74483"
"R-HSA-1296072","Voltage gated Potassium channels","131096;169522;170850;23415;23416;26251;27012;27133;3736;3737;3738;3739;3741;3742;3743;3744;3745;3746;3747;3748;3749;3750;3751;3752;3754;3755;3756;3757;3784;3785;3786;3787;3788;3790;56479;7881;81033;8514;90134;9132;9196;93107;9312","29103;29103"
"R-HSA-156581","Methylation","1312;1544;191;27430;29104;4143;4144;4548;4552;4837;51504;57412;7172;9446","15378;15378;15379;15761;16223;16227;16335;16474;17826;18420;2208;2208;28115;28279;28279;29103;29105;30616;33019;33409;41218;43474;57540;57692;57844;57856;57925"
"R-HSA-379397","Enzymatic degradation of dopamine by COMT","1312;220074;4128","15379;1582;16134;16240;545959;57692;57856"
"R-HSA-379398","Enzymatic degradation of Dopamine by monoamine oxidase","1312;4128","15379;16134;16240;17612;545959;57692"
"R-HSA-425410","Metal ion SLC transporters","1317;1356;254428;30061;4891;55532;6556;84102;9843","15378;15378;15378;18420;18420;28694;29033;29033;29033;29035;29035;29035;29036;29036;29105;29105"
"R-HSA-70350","Fructose catabolism","132158;216;229;26007;3795","15378;17378;18420;28645;29103;30616;57540;57642"
"R-HSA-1362277","Transcription of E2F targets under negative control by DREAM complex","132660;1869;1874;1875;286826;3065;4149;4609;5111;55957;5928;5933;5934;7027;7029;7153;91750;990;993",""
"R-HSA-1362300","Transcription of E2F targets under negative control by p107 (RBL1) and p130 (RBL2) in complex with HDAC1","132660;1869;1874;1875;286826;3065;4605;55957;5928;5933;5934;7027;7029;890;91750;983",""
"R-HSA-69205","G1/S-Specific Transcription","132660;1719;1869;1874;1875;1876;26271;286826;3065;4998;5111;5422;55957;5928;5933;5934;6241;7027;7029;7083;7298;81620;8318;8900;898;91750;983;990",""
"R-HSA-9729555","Sensory perception of sour taste","133060;3759","15378;15378;29103;29103;30769;30769"
"R-HSA-433692","Proton-coupled monocarboxylate transport","133418;23539;6566;682;9123;9194","15378;15378;30762;30762;37054;37054;422"
"R-HSA-196807","Nicotinate metabolism","133686;23057;23475;27231;349565;4907;54981;55191;64802;65220;683;952","15378;15378;15378;15763;15763;15763;15927;15927;16526;18304;18304;18304;18420;18420;29105;29105;29105;30616;30616;30616;33019;33019;33019;43474;57540;57540;57540"
"R-HSA-417973","Adenosine P1 receptors","134;135;136;140","16335"
"R-HSA-111367","SLBP independent Processing of Histone Pre-mRNAs","134353;22916;25888;4686;6628;6634;6635;6636;6637;84967",""
"R-HSA-77588","SLBP Dependent Processing of Replication-Dependent Histone Pre-mRNAs","134353;22916;25888;4686;6628;6634;6635;6636;6637;7884;84967",""
"R-HSA-375280","Amine ligand-binding receptors","134860;134864;319100;4935;83551;9038;9287","18397;57504"
"R-HSA-189451","Heme biosynthesis","1352;1355;1371;210;211;212;213;2235;28982;3145;5498;7389;7390;9429","15378;15378;15378;15379;16240;16526;16526;16526;17499;175763;27889;27889;28938;29033;29105;30616;33019;36319;43474;57287;57292;57305;57306;57306;57307;57308;57309;57309;57692;57845"
"R-HSA-5619049","Defective SLC40A1 causes hemochromatosis 4 (HFE4) (macrophages)","1356;30061","29033;29036"
"R-HSA-5619060","Defective CP causes aceruloplasminemia (ACERULOP)","1356;30061","15378;15379;29033;29036"
"R-HSA-200425","Carnitine metabolism","1374;1375;1376;31;32;51422;5467;5563;5565;58526;6256;6584;7069;788","17490;17490;17544;29035;29101;29101;30616;30769;43474;57287;57287;57288;57379;57379;57384"
"R-HSA-5362517","Signaling by Retinoic Acid","1374;1375;1382;1737;1738;2171;5160;5161;5162;5163;5164;5165;5166;5467;5914;5915;5916;6256;6257;6258;8050","15378;17490;18420;28240;29103;30616;57287;57288;57379;57384;57692"
"R-HSA-174490","Membrane binding and targetting of GAG proteins","137492;155030;155382;51160;51271;55048;6233;7251;7311;7314;7316;79720;89853;93343;9397","15532;57287"
"R-HSA-8877330","RUNX1 and FOXP3 control the development of regulatory T lymphocytes (Tregs)","1378;1493;3458;3558;3559;4773;50943;861;865;8784",""
"R-HSA-880009","Interconversion of 2-oxoglutarate and 2-hydroxyglutarate","137872;728294;79944","27638;29035;29105;32796;32797;57692;57706"
"R-HSA-418886","Netrin mediated repulsion signals","137970;1630;219699;5781;6714;8633;90249;9423","30616"
"R-HSA-2206291","MPS IIIC - Sanfilippo syndrome C","138050","57288"
"R-HSA-111931","PKA-mediated phosphorylation of CREB","1385;5566;5567;5568;5613","30616"
"R-HSA-199920","CREB phosphorylation","1385;466;6195;6196;6197;9252;9261","30616"
"R-HSA-375165","NCAM signaling for neurite out-growth","1385;2260;2534;2885;3265;3845;4684;4893;51332;5594;5595;5747;57731;5786;6654;6708;6709;6710;6711;6712;6714;9252","30616;30616;30616;37565;43474"
"R-HSA-442742","CREB1 phosphorylation through NMDA receptor-mediated activation of RAS signaling","1385;27330;6195;6196;6197","30616"
"R-HSA-881907","Gastrin-CREB signalling pathway via PKC and MAPK","1385;2520;5594;5595;5598;6195;6196;6197;887",""
"R-HSA-9022692","Regulation of MECP2 expression and activity","1385;192669;192670;2290;23112;25942;26523;27161;27327;2874;28996;3064;3065;3066;3930;4204;4343;5566;57690;6907;79718;801;805;808;814;815;816;817;818;8841;9212;9611;9612","29108"
"R-HSA-9022702","MECP2 regulates transcription of neuronal ligands","1385;1392;25942;28514;3065;4204;627;6750",""
"R-HSA-9022707","MECP2 regulates transcription factors","1385;4204;4208;5468;54715",""
"R-HSA-9824585","Regulation of MITF-M-dependent genes involved in pigmentation","1385;1499;1638;208;2315;26039;4286;4644;4935;51176;57492;5873;5977;60;605;6490;6595;6597;6598;6599;6601;6602;6603;6604;6605;6663;6760;7299;7306;7391;8110;8193;8289;86;9274;9275",""
"R-HSA-9856649","Transcriptional and post-translational regulation of MITF-M expression and activity","1385;1387;1499;1615;2058;22797;257;27022;2932;3094;3376;3735;3815;4141;4157;4159;4160;4161;4254;4286;5077;51176;51520;5443;5454;5594;5595;5859;5917;6195;6657;6663;7030;7514;7942;7965;89780;9255;9521","57287;57288"
"R-HSA-450341","Activation of the AP-1 family of transcription factors","1386;1432;2353;3725;5594;5595;5599;5600;5601;5602","30616"
"R-HSA-3134973","LRR FLII-interacting protein 1 (LRRFIP1) activates type I IFN production","1387;1499;2033;3661;9208","16991;30616;61120"
"R-HSA-5621575","CD209 (DC-SIGN) signaling","1387;2033;2534;30835;3265;3384;3385;3845;4067;4790;4893;5058;5062;5063;5566;5567;5568;5894;5970;5971;9252","29108;30616;30616;37565;57287;57288"
"R-HSA-8939246","RUNX1 regulates transcription of genes involved in differentiation of myeloid cells","1387;1437;3958;5579;860;861;865",""
"R-HSA-918233","TRAF3-dependent IRF activation pathway","1387;2033;23586;29110;3456;3661;3665;57506;64135;7187;7706;80143;84282;89122;9641","33697;67208"
"R-HSA-9818026","NFE2L2 regulating inflammation associated genes","1387;2033;4780;6347;7975",""
"R-HSA-9818027","NFE2L2 regulating anti-oxidant/detoxification enzymes","1387;140809;1728;2033;23657;2729;2730;2936;2938;2940;3162;468;4780;5052;571;6649;7295;7296;7975","15377;15378;16240;33019;57692"
"R-HSA-9818028","NFE2L2 regulates pentose phosphate pathway genes","1387;2033;2539;4097;4780;5226;6888;7086","18420"
"R-HSA-9818030","NFE2L2 regulating tumorigenic genes","1387;1950;2033;374;4780;4851;5154;596;598;6667;7975",""
"R-HSA-9818035","NFE2L2 regulating ER-stress associated genes","1387;2033;468;4780;7975",""
"R-HSA-9818749","Regulation of NFE2L2 gene expression","1387;2033;4609;4780;4790;4851;5970;7975",""
"R-HSA-9833109","Evasion by RSV of host interferon responses","1387;2033;23586;3439;3440;3441;3442;3443;3444;3445;3446;3447;3448;3449;3451;3452;3454;3455;3456;3661;3716;5610;57506;6233;64135;6773;6921;6923;7297;7311;7314;7316;7706;8065;9978","67208"
"R-HSA-8874177","ATF6B (ATF6-beta) activates chaperones","1388;3309;51360;8720","36080"
"R-HSA-5339716","Signaling by GSK3beta mutants","139285;1452;1499;2932;324;5515;5516;5518;5519;5525;5526;5527;5528;5529;8312",""
"R-HSA-5358747","CTNNB1 S33 mutants aren't phosphorylated","139285;1452;1499;2932;324;5515;5516;5518;5519;5525;5526;5527;5528;5529;8312","30616"
"R-HSA-5358749","CTNNB1 S37 mutants aren't phosphorylated","139285;1452;1499;2932;324;5515;5516;5518;5519;5525;5526;5527;5528;5529;8312",""
"R-HSA-5358751","CTNNB1 S45 mutants aren't phosphorylated","139285;1452;1499;2932;324;5515;5516;5518;5519;5525;5526;5527;5528;5529;8312","30616"
"R-HSA-5358752","CTNNB1 T41 mutants aren't phosphorylated","139285;1452;1499;2932;324;5515;5516;5518;5519;5525;5526;5527;5528;5529;8312",""
"R-HSA-5467337","APC truncation mutants have impaired AXIN binding","139285;1452;2932;324;5515;5516;5518;5519;5525;5526;5527;5528;5529;8312",""
"R-HSA-5467340","AXIN missense mutants destabilize the destruction complex","139285;1452;2932;324;5515;5516;5518;5519;5525;5526;5527;5528;5529;8312",""
"R-HSA-5467348","Truncations of AMER1 destabilize the destruction complex","139285;1452;2932;324;5515;5516;5518;5519;5525;5526;5527;5528;5529;8312",""
"R-HSA-8934903","Receptor Mediated Mitophagy","139341;1457;1459;1460;192111;6714;81631;8408;84557;9140;9474",""
"R-HSA-422085","Synthesis, secretion, and deacylation of Ghrelin","1395;23478;2641;2688;28972;3479;3630;3952;43;5122;51738;590;60559;619373;7349;7941;90701;9314;9789","28837;29108;30813;35366"
"R-HSA-9680350","Signaling by CSF1 (M-CSF) in myeloid cells","139716;1435;1436;146433;2534;2885;3055;3635;3636;3845;4067;5290;5291;5293;5295;5336;5781;6233;6464;6654;6714;6772;6774;7311;7314;7316;7525;8563;867;9402;9846","15377;37565;57643;57836"
"R-HSA-400511","Synthesis, secretion, and inactivation of Glucose-dependent Insulinotropic Polypeptide (GIP)","139760;1803;23478;2626;2695;2864;28972;3670;5080;5122;60559;90701;9789","15756;16196;17504;29108;30805;42504"
"R-HSA-170984","ARMS-mediated activation","1398;4803;4914;57498;5906;673;7529","29105;30616;30616;37565;37565"
"R-HSA-186763","Downstream signal transduction","1398;1399;2885;2886;2889;3265;3845;4690;4893;5154;5155;5156;5159;5290;5291;5295;5296;5335;5781;5921;6654;6714;6772;6774;6776;6777;6778;8440;9564","30616;37565;57836"
"R-HSA-372708","p130Cas linkage to MAPK signaling for integrins","1398;2243;2244;2266;2335;3674;3690;54518;5747;5906;5908;6714;7094;7450;9564","18420;29035;29108;30616;37565"
"R-HSA-8849471","PTK6 Regulates RHO GTPases, RAS GTPase and MAP kinases","1398;1793;2909;3265;3845;387;4893;5753;5829;5879;5921;63916;9564;9844","37565;43474"
"R-HSA-8875555","MET activates RAP1 and RAC1","1398;1399;2549;2885;2889;3082;4233;5879;5906;5908;85440","37565"
"R-HSA-8875656","MET receptor recycling","1398;1399;23163;2549;2885;3082;382;4233;53916;5867","37565"
"R-HSA-912631","Regulation of signaling by CBL","1398;1399;2534;2885;2889;29760;3055;4067;5290;5291;5293;5295;5296;6233;6850;7311;7314;7316;7409;7525;8503;867","36080"
"R-HSA-9027284","Erythropoietin activates RAS","1399;2056;2057;2885;2889;3265;3717;3845;4067;4893;6464;6654;7409;8660","37565"
"R-HSA-194138","Signaling by VEGF","14;7422",""
"R-HSA-9735869","SARS-CoV-1 modulates host translation machinery","140032;1489680;1915;2197;3178;3921;51065;6187;6188;6189;6191;6192;6193;6194;6201;6202;6203;6204;6205;6206;6207;6208;6209;6210;6217;6218;6222;6223;6224;6227;6228;6229;6230;6231;6232;6233;6234;6235",""
"R-HSA-173623","Classical antibody-mediated complement activation","1401;712;713;714;715;716","29108;36700"
"R-HSA-139910","Activation of BMF and translocation to mitochondria","140735;5599;90427","30616"
"R-HSA-3371571","HSF1-dependent transactivation","1410;2475;26353;3281;3297;3303;3304;3305;3312;3320;3326;3337;57521;64223;815;816;817;818;84335","30616"
"R-HSA-192814","vRNA Synthesis","142;956531;956534;956535;956536","33697"
"R-HSA-2173795","Downregulation of SMAD2/3:SMAD4 transcriptional activity","142;22938;23327;23439;25937;3065;4087;4088;4089;4092;51592;54778;5494;5594;5595;60436;6233;64750;6497;6498;6772;7050;7311;7314;7316;7321;7323;8239;9611;9612","30616;43474;57540"
"R-HSA-5619097","Defective SLC34A3 causes Hereditary hypophosphatemic rickets with hypercalciuria (HHRH)","142680","29101;43474"
"R-HSA-77352","Beta oxidation of butanoyl-CoA to acetyl-CoA","142827;1892;3033;35;6296","15378;15453;33019;57286;57332;57371;57371;57540;57692"
"R-HSA-9683610","Maturation of nucleoprotein","143;2931;2932;54625;54956;56965;7329;7341;79668;83666;84875","15378;57540;91091;91107;91342;91384;91421"
"R-HSA-9694631","Maturation of nucleoprotein","143;1452;2931;2932;3276;54625;54956;56965;6732;6733;7329;7341;79668;83666;84875","15378;15378;18420;36080;57540;57856;91091;91107;91342;91384;91421"
"R-HSA-171007","p38MAPK events","1432;3265;3845;4893;5600;5603;5898;5899;5900;6300;6714;7867;9261","18420;18420;30616;30616;37565;37565"
"R-HSA-198753","ERK/MAPK targets","1432;2002;4205;4208;5515;5516;5518;5519;5528;5594;5595;5598;5600;6195;6196;6197;9252","30616;30616;43474"
"R-HSA-432142","Platelet sensitization by LDL","1432;2268;338;5175;5321;5515;5516;5518;5519;5525;5526;5527;5528;5529;5777;5781;7804","16113;16247;30616"
"R-HSA-190377","FGFR2b ligand binding and activation","143282;2246;2247;2248;2252;2255;2263;27006;83888;9982","28815;30616"
"R-HSA-449836","Other interleukin signaling","1435;1436;1440;1441;146433;163702;200081;282618;3588;3603;3716;5657;5803;6382;6616;6804;6809;6810;6813;6844;7297;836;920;9235",""
"R-HSA-512988","Interleukin-3, Interleukin-5 and GM-CSF signaling","1437;1438;1439;2885;3562;3563;3567;3568;3717;5290;5291;5293;5295;5296;5566;5777;5781;6464;6776;6777;7006;7409;7534;8503","30616"
"R-HSA-912526","Interleukin receptor SHC signaling","1437;1438;1439;2885;3558;3559;3560;3561;3562;3563;3567;3568;3635;3636;3716;3717;3718;5290;5291;5293;5295;5296;5777;6464;6654;8503;9846",""
"R-HSA-5688849","Defective CSF2RB causes SMDP5","1438;1439;6439;6440;6441;653509;729238",""
"R-HSA-5688890","Defective CSF2RA causes SMDP4","1438;1439;6439;6440;6441;653509;729238",""
"R-HSA-9674555","Signaling by CSF3 (G-CSF)","1440;1441;2885;3055;3716;3717;3845;4067;5781;6464;6772;6774;6776;6777;6850;7297;8651;9021;9846","43474"
"R-HSA-9705462","Inactivation of CSF3 (G-CSF) signaling","1440;1441;3055;3716;3717;4067;6233;6772;6774;6776;6777;6850;6921;6923;7297;7311;7314;7316;7321;7322;7323;8065;8651;9021;9616",""
"R-HSA-1170546","Prolactin receptor signaling","1442;25970;2688;2689;2690;3717;5617;5618;5781;6500;6776;6777;8454;8945;9978","29105;29105;29105;30616;30616"
"R-HSA-203927","MicroRNA (miRNA) biogenesis","144233;192669;192670;23405;26523;27161;29102;5430;5431;5432;5433;5434;5435;5436;5437;5438;5439;5440;5441;54487;57510;5901;6895;8575","16991;33697;37565;43474;57856"
"R-HSA-180292","GAB1 signalosome","1445;1839;1950;1956;2069;2549;255324;2885;374;5290;5295;55824;5781;5829;6714;685;7039","30616;43474;57836"
"R-HSA-202427","Phosphorylation of CD3 and TCR zeta chains","1445;26191;3113;3115;3117;3118;3119;3120;3122;3123;3125;3126;3127;3932;55824;5788;5795;915;916;917;919;920","30616;43474"
"R-HSA-389948","PD-1 signaling","1445;29126;3113;3115;3117;3118;3119;3120;3122;3123;3125;3126;3127;3932;5133;5777;5781;80380;915;916;917;919;920","30616;33019"
"R-HSA-9754189","Germ layer formation at gastrulation","145258;1499;387332;4087;4088;4089;51176;51592;5460;652;6657;6862;6932;79923;8320;83881;8928",""
"R-HSA-9823730","Formation of definitive endoderm","145258;1499;2626;2627;3170;4087;4088;4089;64321;6862;6934;7852;8320;83881;999;NR_144432",""
"R-HSA-445144","Signal transduction by L1","1457;1459;1460;1956;2260;3674;3678;3680;3685;3688;3690;3897;4684;5058;5594;5595;5604;5605;5879;7410;8829","30616;37565"
"R-HSA-9828806","Maturation of hRSV A proteins","1457;1459;1460;16211;23478;28972;5045;5499;5500;5501;60559;7514;90701;9789","15377;18420;29105;29105;36080;36080;43474;57287;57379"
"R-HSA-390696","Adrenoceptors","146;147;148;150;151;152;153;154;155","10055;103854;2379;258351;2788;2904;3082;3175;408174;4466;5553;5558;64317;6438;65349;8364;8499;9445"
"R-HSA-5660489","MTF1 activates gene expression","1465;4520;6620","29105;29105"
"R-HSA-428643","Organic anion transporters","1468;160728;246213;26503;57030;57084;6528;6568;6576;79751;83733;8402","15378;15378;15378;15378;15589;15589;15940;16189;16189;16382;16382;25696;25696;29101;29101;30768;30768;30769;32544;35418;35418;422;43474;43474;43474"
"R-HSA-1660499","Synthesis of PIPs at the plasma membrane","146850;22874;23396;23533;27124;3631;3635;3636;375;4534;4952;51552;51763;5286;5287;5288;5290;5291;5293;5294;5295;5296;5305;54477;55300;55361;55613;5728;57664;5783;5867;5868;59338;59339;64419;65977;660;66036;79837;80230;81846;8394;8395;8396;84725;8503;8776;8821;8867;8871;8897;8898;9107","15996;16152;17526;17526;18420;29035;29108;30616;43474;43474;57795;57795;57836;57880;57880;57923;57923"
"R-HSA-5362798","Release of Hh-Np from the secreting cell","147111;2262;3549;50846;57758;6469;6868;85455",""
"R-HSA-5625970","RHO GTPases activate KTN1","147700;3798;3799;3831;387;3895;391;5879;64837;89953;998","37565"
"R-HSA-1606341","IRF3 mediated activation of type 1 IFN","147945;23220;29110;3661;81030","30616;30616"
"R-HSA-3134975","Regulation of innate immune responses to cytosolic DNA","147945;22954;23220;29110;340061;3661;51428;6233;6737;7311;7314;7316;81030;81844","16991;16991"
"R-HSA-168164","Toll Like Receptor 3 (TLR3) Cascade","148022;23098;7098","33697;67208;67208;67208;67208"
"R-HSA-5602566","TICAM1 deficiency - HSE","148022;7098",""
"R-HSA-5602571","TRAF3 deficiency - HSE","148022;7098;7187",""
"R-HSA-3769402","Deactivation of the beta-catenin transactivating complex","1487;1499;207;208;25776;26108;283149;3065;324;331;4221;51176;55553;56998;57680;5929;607;6233;64321;6657;6658;6659;6662;6736;6932;6934;7088;7089;7090;7091;7311;7314;7316;7514;7534;8085;83439;83595;8945;9070;90780;9580","30616"
"R-HSA-4641265","Repression of WNT target genes","1487;1488;166;3065;51176;6932;6934;7088;7089;7090;7091;83439",""
"R-HSA-5339700","Signaling by TCF7L2 mutants","1487;1488;6934",""
"R-HSA-9673163","Oleoyl-phe metabolism","148811","15377;30823"
"R-HSA-9682706","Replication of the SARS-CoV-1 genome","1489680;1655;5925;7428;85437;NC_004718.3","133969;133969;143976;143976;15377;17851;17851;26558;33019;33697;37565;43474;57856"
"R-HSA-9682708","Transcription of SARS-CoV-1 sgRNAs","1489680;NC_004718.3","133969;133969;133969;133969;133969;133969;133969;133969;143976;143976;143976;143976;143976;143976;143976;143976;15377;17851;17851;17851;17851;17851;17851;17851;17851;33019;37565;43474;57856;8756;8756;8756;8756;8756"
"R-HSA-9683439","Assembly of the SARS-CoV-1 Replication-Transcription Complex (RTC)","1489680",""
"R-HSA-9684325","Maturation of replicase proteins","1489680","15377;15378;25609;57930;7496"
"R-HSA-9020933","Interleukin-23 signaling","149233;3593;3594;3717;5034;51561;6774;6775;7297",""
"R-HSA-9764302","Regulation of CDH19 Expression and Function","1495;1499;1500;28513;3728;6663;80149",""
"R-HSA-4411364","Binding of TCF/LEF:CTNNB1 to target gene promoters","1499;4609;51176;6932;6934;8313;83439;864",""
"R-HSA-8876493","InlA-mediated entry of Listeria monocytogenes into host cells","1499;1500;6233;6714;7311;7314;7316;79872;985151;999","29105;29108"
"R-HSA-8951430","RUNX3 regulates WNT signaling","1499;4609;51176;595;6932;6934;83439;864",""
"R-HSA-9834899","Specification of the neural plate border","1499;1749;2249;2637;4487;4602;5077;5081;5460;652;6657;7020;7021;7022;7545;83439;89780",""
"R-HSA-392023","Adrenaline signalling through Alpha-2 adrenergic receptor","150;151;152",""
"R-HSA-9758881","Uptake of dietary cobalamins into enterocytes","1504;2694;440387;55788;5644;5646;5826;6947;8029;81693","15377;36080;36080;43474"
"R-HSA-448706","Interleukin-1 processing","1511;3552;3553;3606;4790;4791;5970;79792;834","17526;57836"
"R-HSA-9635465","Suppression of apoptosis","1511;2931;45426212;45427363;5594;5595;57674;5987;6421;885614;885939;887373;888085","15377;43474"
"R-HSA-1236977","Endosomal/Vacuolar pathway","1514;1515;1520;3105;3106;3107;3133;3134;3135;4012;567","25676;25676;25676"
"R-HSA-9678110","Attachment and Entry","1514;59272;7113;7415;NC_004718.3","15378;28077"
"R-HSA-73614","Pyrimidine salvage","151531;1633;1890;54963;7083;7084;7371;7378;8226;83549;978","15698;15698;16450;16450;17562;17568;17748;17748;17802;17821;18420;246422;28938;29105;43474;57566;57566;57720"
"R-HSA-73621","Pyrimidine catabolism","151531;1806;1807;1890;30833;4907;51251;51733;56953;64902;7378;84618","15378;15698;15901;16450;16450;16526;17562;17562;17568;176905;17748;17748;17748;17821;18420;18420;246422;246422;27468;28938;29105;29105;33190;43474;43474;43474;57566;57692;57700;57720;57731;57731;57731;57783;57865"
"R-HSA-388841","Costimulation by the CD28 family","151888;23308;2885;29851;5290;5295;5296;5777;5781;8503;8764","30616"
"R-HSA-1307965","betaKlotho-mediated ligand binding","152831;2264;9965","28815;30616"
"R-HSA-5654228","Phospholipase C-mediated cascade; FGFR4","152831;2246;2247;2249;2251;2253;2254;2264;26281;5335;8074;8817;8822;8823;9965","28815;30616;57836"
"R-HSA-5654719","SHC-mediated cascade:FGFR4","152831;2246;2247;2249;2251;2253;2254;2264;26281;2885;3265;3845;4893;6464;6654;8074;8817;8822;8823;9965","28815;30616;37565"
"R-HSA-428559","Proton-coupled neutral amino acid transporters","153201;206358","15378;15378;57305;57305"
"R-HSA-5619041","Defective SLC36A2 causes iminoglycinuria (IG) and hyperglycinuria (HG)","153201","15378;57305"
"R-HSA-1236973","Cross-presentation of particulate exogenous antigens (phagosomes)","1535;1536;3685;3693;4688;4689;653361;948","15378;15379;16474;18421;23367;23367;23367;23367;23367"
"R-HSA-9831926","Nephron development","153572;182;28514;3172;3955;3975;54361;5455;6928;7484;7490;79192",""
"R-HSA-1663150","The activation of arylsulfatases","153642;22901;25870;285362;340075;347527;410;411;412;414;415;416;79642","15378;29108;57540"
"R-HSA-936440","Negative regulators of DDX58/IFIH1 signaling","1540;23586;29110;3093;3661;5094;51191;5300;54476;54941;55593;57506;6233;64135;7128;7187;7311;7314;7316;7318;7321;7322;7323;7706;79671;83737;84166;84282;8887;89122;9140;9246;9474;9636;9641","15377;33697;33697;36080;36080;36080;67208"
"R-HSA-2142670","Synthesis of epoxy (EET) and dihydroxyeicosatrienoic acids (DHET)","1543;1544;1545;1557;1558;1559;1573;2053","15378;15379;18420;32395;57783"
"R-HSA-9018681","Biosynthesis of protectins","1543;1544;246;4048","15377;15378;15379;29105;57783"
"R-HSA-211957","Aromatic amines can be N-hydroxylated or N-dealkylated by CYP1A2","1544","15378;15379;16474;1784;25858;27732"
"R-HSA-9027307","Biosynthesis of maresin-like SPMs","1544;1558;1559;1565;1571;1576","15377;15378;15379;23367;23367;36080;36080;57783"
"R-HSA-5579000","Defective CYP1B1 causes Glaucoma","1545","15378;15379;16469;57783"
"R-HSA-211999","CYP2E1 reactions","1548;1549;1553;1555;1557;1558;1559;1565;1571;1572;29785","15378;15379;15882;16236;16474;18276;27385;28509;29129;29132;29138;30737;5615"
"R-HSA-6806664","Metabolism of vitamin K","154807;29914;79001","10033;15378;28869;33019;4513;53766;57533;90152"
"R-HSA-162585","Uncoating of the HIV Virion","155030;155348;155459;155908;155945;156110;5478","17843"
"R-HSA-162594","Early Phase of HIV Life Cycle","155030;155348;155459;155908;155945;2237;3978;5478","17843"
"R-HSA-164516","Minus-strand DNA synthesis","155030;155348;155459;155908;155945;5478","16516;17843;189047;33019"
"R-HSA-164525","Plus-strand DNA synthesis","155030;155348;155459;155908;155945;5478","17843"
"R-HSA-174495","Synthesis And Processing Of GAG, GAGPOL Polyproteins","155030",""
"R-HSA-175474","Assembly Of The HIV Virion","155030;155348;155459;155908;155945;155971;156110;5478;6233;7311;7314;7316","17843"
"R-HSA-171286","Synthesis and processing of ENV and VPU","155945;155971;5045",""
"R-HSA-1462054","Alpha-defensins","155971;1667;1668;1669;1670;1671;417;5645;5646;728358;920",""
"R-HSA-111933","Calmodulin induced events","156;5578;5580;5582;801;805;808","29108;30616"
"R-HSA-162599","Late Phase of HIV Life Cycle","156110;4836","15532;57287"
"R-HSA-164944","Nef and signal transduction","156110;1794;2534;3055;3932;5062;5879;919;9844","23367"
"R-HSA-9757110","Prednisone ADME","1576;1645;213;3290;3291;5243;54659;7364;7367;866","15377;15378;15379;182969;182970;41879;41879;43474;57783;9948"
"R-HSA-211994","Sterols are 12-hydroxylated by CYP8B1","1582;5740","15378;15379;28477;57783"
"R-HSA-194002","Glucocorticoid biosynthesis","1584;1585;1586;1589;3283;3284;3290;3291;5443;866","15378;15378;15379;15379;17650;17650;17650;27584;28324;28324;28750;57540;57783;57783"
"R-HSA-5579017","Defective CYP11B1 causes AH4","1584","15378;15379;28324;57783"
"R-HSA-5579009","Defective CYP11B2 causes CMO-1 deficiency","1585","15378;15379;16485;57783"
"R-HSA-2142753","Arachidonic acid metabolism","158584;158833;2166;5321","10036;16000;16000;17504;2700;2700;29108;32395;32395;32395;545111;57287;57643;75627"
"R-HSA-5579028","Defective CYP17A1 causes AH5","1586","15378;15379;57783"
"R-HSA-193144","Estrogen biosynthesis","1588;3292;3294;441282;51170;51171","15378;15378;15379;15740;16422;16469;16469;16469;17347;57783;57783"
"R-HSA-5579030","Defective CYP19A1 causes AEXS","1588","15378;15379;16422;57783"
"R-HSA-9640463","Wax biosynthesis","158833;158835;55711;84188","10036;15378;16125;16125;17336;17616;545111;57287;57287;57379;57783;75584;75627"
"R-HSA-5579021","Defective CYP21A2 causes AH3","1589","15378;15379;57783"
"R-HSA-5579010","Defective CYP24A1 causes HCAI","1591","15378;15379;17823;57783"
"R-HSA-5578996","Defective CYP27A1 causes CTX","1593","15378;15379;16496;57783"
"R-HSA-5579014","Defective CYP27B1 causes VDDR1A","1594","15378;15379;57783"
"R-HSA-8866376","Reelin signalling pathway","1600;2534;30011;5649;7436",""
"R-HSA-5083628","Defective POMGNT1 causes MDDGA3, MDDGB3 and MDDGC3","1605;55624","57705"
"R-HSA-418889","Caspase activation via Dependence Receptors in the absence of ligand","1612;1613;1630;219699;23604;26060;836;842;90249;9500","30616"
"R-HSA-2408522","Selenoamino acid metabolism","1615;2058;3376;3735;4141;51520;5859;5917;7965;9255;9521","29173;30616;33019;9100"
"R-HSA-9670613","Defective Inhibition of DNA Recombination at Telomere Due to DAXX Mutations","1616;546",""
"R-HSA-9670615","Defective Inhibition of DNA Recombination at Telomere Due to ATRX Mutations","1616;546",""
"R-HSA-5658623","FGFRL1 modulation of FGFR1 signaling","161742;200734;2247;2248;2249;2250;2253;2255;27006;53834;8074;8817;8822","28815"
"R-HSA-6802953","RAS signaling downstream of NF1 loss-of-function variants","161742;200734;3265;3845;399473;4763;4893","37565"
"R-HSA-209905","Catecholamine biosynthesis","1621;1644;5409;7054","15378;15379;15379;16526;18315;28694;29033;38290;57504;57856"
"R-HSA-376172","DSCAM interactions","1630;1826;57453;9423",""
"R-HSA-418885","DCC mediated attractive signaling","1630;1793;22885;2534;3983;4690;5747;5879;6714;7204;84448;8976;9423;998","30616;30616;37565;37565"
"R-HSA-418890","Role of second messengers in netrin-1 signaling","1630;5306;5335;57113;7220;7222;7223;7224;7225;9423","203600;30616"
"R-HSA-428542","Regulation of commissural axon pathfinding by SLIT and ROBO","1630;4753;6091;6092;64221;6585;6586;6714;9353;9423","30616"
"R-HSA-77288","mitochondrial fatty acid beta-oxidation of unsaturated fatty acids","1632;1666;3030;3032;33;34","15378;15530;28002;28387;29119;29126;29140;57287;57288;57540;57692"
"R-HSA-419408","Lysosphingolipid and LPA receptors","163404;1901;1902;1903;23566;53637;54886;57121;64748;79948;8698;9294;9890","17815;43474"
"R-HSA-5662702","Melanin biosynthesis","1638;4948;51151;7299;7306","15378;15379;16526;23781;24431;27404;29036;29105;35235;57504;83767;84301;84343;84344"
"R-HSA-381183","ATF6 (ATF6-alpha) activates chaperone genes","1649;22926;3309;468;4800;4801;4802;7184;7494;811",""
"R-HSA-879415","Advanced glycosylation endproduct receptor signaling","1650;177;3146;351;3958;5589;5594;5595;6283;6285;6288;829;830",""
"R-HSA-391903","Eicosanoid ligand-binding receptors","165140",""
"R-HSA-9694686","Replication of the SARS-CoV-2 genome","1655;5925;7428;85437;MN908947.3","133969;133969;133969;143976;143976;143976;15377;17851;17851;17851;18420;18420;26558;28895;29035;29035;33019;33019;33697;33697;37565;43474;57856;8756"
"R-HSA-3134963","DEx/H-box helicases activate type I IFN and inflammatory cytokines production ","1660;170506;3665;4615;4790;4791;5970","61120"
"R-HSA-3359475","Defective MMAA causes MMA, cblA type","166785;4594","18408"
"R-HSA-3359478","Defective MUT causes MMAM","166785;4594","15465;18408"
"R-HSA-71032","Propionyl-CoA catabolism","166785;4594;5095;5096;84693","15465;15466;15539;16526;18408;30616;43474;57292"
"R-HSA-9759218","Cobalamin (Cbl) metabolism","166785;25974;27249;326625;4548;4552;4594","15378;15378;16304;16304;17439;18407;18408;18608;28115;29105;57453;57540;57692;57692;57783;57844;57856;57925;90779"
"R-HSA-390522","Striated Muscle Contraction","1674;1756;29765;29766;29767;4604;4606;4607;4621;4624;4626;4632;4633;4634;4635;4703;58;70;7111;7125;7134;7135;7136;7137;7138;7139;7140;7168;7169;7170;7171;7273;7431;8557;88;89","29108;30616;43474"
"R-HSA-173736","Alternative complement activation","1675;3004;5199;629;718","23367"
"R-HSA-140342","Apoptosis induced DNA fragmentation","1676;1677;3005;3006;3007;3008;3009;3024;3146;3148;3836;3837;836","61120"
"R-HSA-111457","Release of apoptotic factors from the mitochondria","1687;5414;54205;56616;578;581;79792","28494"
"R-HSA-435368","Zinc efflux and compartmentalization by the SLC30 family","169026;64924;7779;7780;7781","29105;29105;29105;29105;29105;29105;29105"
"R-HSA-112314","Neurotransmitter receptors and postsynaptic signal transmission","170572;200909;26960;2741;2742;2743;285242;3359;8001;9177","29101;29101;29103;29103;29108;29108;350546;57305"
"R-HSA-1474151","Tetrahydrobiopterin (BH4) synthesis, recycling, salvage and regulation","1719;207;2643;2644;3320;4846;5593;5805;6697;801;805;808","10545;15378;15378;15740;16095;17804;25941;29033;29034;29105;29108;30616;37565;38290;57692;57783;57783"
"R-HSA-500753","Pyrimidine biosynthesis","1723;7372;790","15378;16526;17544;30616;30839;30864;32814;33019;43474;57538"
"R-HSA-204626","Hypusine synthesis from eIF5A-lysine","1725;1984;56648;83475","15378;15379;15725;29033;57540;57834"
"R-HSA-9854909","Regulation of MITF-M dependent genes involved in invasion","1729;2766;4286;634",""
"R-HSA-350864","Regulation of thyroid hormone activity","1733;1734;1735","15378;16382;18332;28774;57783"
"R-HSA-204174","Regulation of pyruvate dehydrogenase (PDH) complex","1737;1738;23409;2954;5160;5161;5162;5163;5164;5165;5166;54704;55066;57546;8050","15378;18420;189572;229639;28240;29103;29105;30616;36655;43474;57288;57540;57692"
"R-HSA-9861559","PDH complex synthesizes acetyl-CoA from PYR","1737;1738;5160;5161;5162;8050","15378;16526;18420;29103;57287;57288;57540;57692"
"R-HSA-6783984","Glycine degradation","1738;1743;2653;2731;275;4967;92259","15378;15635;16134;16526;18420;29108;57305;57540;57692"
"R-HSA-9853506","OGDH complex synthesizes succinyl-CoA from 2-OG","1738;1743;4967;92259","15378;16526;18420;29108;57287;57292;57540;57692"
"R-HSA-438066","Unblocking of NMDA receptors, glutamate binding and activation","1739;1740;1741;1742;2890;2891;2892;2893;2902;2903;2904;2905;2906;4747;801;805;808;815;816;817;818;88","16523;16523;18420;29101;29101;29101;29108;29108;57305;57305;93829"
"R-HSA-442982","Ras activation upon Ca2+ influx through NMDA receptor","1739;1740;1741;1742;2902;2904;2906;3265;3845;4747;4893;5923;5924;801;805;808;815;816;817;818;88","16523;29108;37565;57305"
"R-HSA-447038","NrCAM interactions","1739;1741;1742;286;4897;6900;8828",""
"R-HSA-451308","Activation of Ca-permeable Kainate Receptor","1739;1741;1742;2897;2898;2899;2900;2901;801;805;808;83988","29108;29108"
"R-HSA-9617324","Negative regulation of NMDA receptor-mediated neuronal transmission","1739;1740;1741;1742;22843;2902;2903;2904;2905;2906;4747;801;805;808;814;815;816;817;818;8536;88;9647","15377;15377;16523;29108;29108;43474;43474;57305"
"R-HSA-9620244","Long-term potentiation","1739;1740;1741;1742;2066;2890;2891;2902;2903;2904;2905;2906;3084;4747;4900;6714;801;805;808;815;816;817;818;88","16523;29108;57305"
"R-HSA-6798163","Choline catabolism","1757;23446;29958;501;55349;635","15710;17499;17750;17750;29105;57305;57433;57540;57692;57844"
"R-HSA-9690406","Transcriptional regulation of testis differentiation","1761;2254;23414;2516;2626;268;50846;5730;6662;6736;7490","15555"
"R-HSA-70221","Glycogen breakdown (glycogenolysis)","178;2548;2992;5236;5255;5256;5257;5260;5261;5834;5836;5837;801;805;808;8908","18420;29035;29035;29035;29108;29108;30616;30616;43474;43474;57629;57629"
"R-HSA-9701898","STAT3 nuclear events downstream of ALK signaling","1786;2033;25942;29126;3065;3066;3091;3561;639;6774;8841","15377;57287;57288"
"R-HSA-9032759","NTRK2 activates RAC1","1795;2534;4915;5879;627","37565"
"R-HSA-4549356","Defective DPAGT1 causes CDG-1j, CMSTA2","1798","57683;57705"
"R-HSA-916853","Degradation of GABA","18;7915","15377;15378;57540;57706"
"R-HSA-5619085","Defective SLC26A3 causes congenital secretory chloride diarrhea 1 (DIAR1)","1811","17544"
"R-HSA-390651","Dopamine receptors","1812;1813;1814;1815;1816","10119;31296;32168;32193;3766;8707;90933;94777"
"R-HSA-3560792","Defective SLC26A2 causes chondrodysplasias","1836","15378;16189"
"R-HSA-179812","GRB2 events in EGFR signaling","1839;1950;1956;2069;255324;2885;3265;374;3845;4893;6654;685;7039","37565"
"R-HSA-180336","SHC1 events in EGFR signaling","1839;1950;1956;2069;255324;2885;3265;374;3845;4893;6464;6654;685;7039","30616;37565"
"R-HSA-212718","EGFR interacts with phospholipase C-gamma","1839;1950;1956;2069;255324;374;5335;685;7039","30616"
"R-HSA-2179392","EGFR Transactivation by Gastrin","1839;1956;2885;3265;3845;4314;4893;5578;6654","17815;37565"
"R-HSA-5336415","Uptake and function of diphtheria toxin","1839;1938;3320;3326;7296;928","15378;57540"
"R-HSA-5638303","Inhibition of Signaling by Overexpressed EGFR","1839;1950;1956;2069;255324;374;685;7039","38927"
"R-HSA-202670","ERKs are inactivated","1845;1846;1848;1849;51231;5515;5516;5518;5519;5528;5594;5595;5598","43474"
"R-HSA-4086400","PCP/CE pathway","1855;1856;1857;23002;387;4920;5216;54361;57216;5879;5880;5881;6259;7471;7474;7481;7976;81029;8321;8323;8324","18420;30616;37565"
"R-HSA-5368598","Negative regulation of TCF-dependent signaling by DVL-interacting proteins","1855;1856;1857;440193",""
"R-HSA-111448","Activation of NOXA and translocation to mitochondria","1869;5366;7027;7029;7157",""
"R-HSA-113501","Inhibition of replication initiation of damaged DNA by RB1/E2F1","1869;23649;28227;5422;5515;5516;5518;5519;5557;5558;5925;7027;7029","43474;61120;61120;61120;61120;61120"
"R-HSA-139915","Activation of PUMA and translocation to mitochondria","1869;23368;27113;7027;7029;7157;7159;7161;8626",""
"R-HSA-77310","Beta oxidation of lauroyl-CoA to decanoyl-CoA-CoA","1892;3030;3032;3033;33","15378;27668;27868;28493;57287;57288;57330;57375;57540;57692"
"R-HSA-77346","Beta oxidation of decanoyl-CoA to octanoyl-CoA-CoA","1892;3030;3032;3033;34;51102","15378;15533;28325;28493;28528;57287;57288;57540;57692;57783"
"R-HSA-77348","Beta oxidation of octanoyl-CoA to hexanoyl-CoA","1892;3030;3032;3033;34","15378;15533;27537;28264;28632;57287;57288;57540;57692"
"R-HSA-77350","Beta oxidation of hexanoyl-CoA to butanoyl-CoA","1892;3030;3032;3033;35","15378;27648;28276;57287;57288;57371;57540;57692"
"R-HSA-5682113","Defective ABCA1 causes TGD","19;335","16113;30616"
"R-HSA-8963896","HDL assembly","19;2;29801;335;5566;5567;5568;649","15377;16113;16113;16113;16247;16247;16247;29105;43474;57287;57379"
"R-HSA-1614635","Sulfur amino acid metabolism","191;23743;4143;4548;4552;635","15378;16335;17728;17750;18420;28115;29103;29105;30616;33019;43474;57540;57692;57844;57856"
"R-HSA-5578997","Defective AHCY causes HMAHCHD","191","57540;57856"
"R-HSA-156842","Eukaryotic Translation Elongation","1915;1917;1933;1936;1937","16047;17732;18366;2651;29152;29153;29154;29155;29156;29157;29158;29159;29160;29161;29162;29163;29164;29166;37565;37565"
"R-HSA-5624138","Trafficking of myristoylated proteins to the cilium","192668;27031;403;6102;84747","15996;17552"
"R-HSA-426486","Small interfering RNA (siRNA) biogenesis","192669;192670;23405;26523;27161;6895;7247;7257;8575","33697"
"R-HSA-426496","Post-transcriptional silencing by small RNAs","192669;192670;23112;26523;27161;27327;57690","33697;33697;33697;33697;33697"
"R-HSA-8943723","Regulation of PTEN mRNA translation","192669;192670;23112;26523;27161;27327;4343;5728;57690",""
"R-HSA-8948700","Competing endogenous RNAs (ceRNAs) regulate PTEN translation","192669;192670;23112;26523;27161;27327;4343;57690",""
"R-HSA-8986944","Transcriptional Regulation by MECP2","192669;192670;23112;2593;26523;27161;27327;3654;4204;4336;4343;54487;5728;57690;5816;6446;6657",""
"R-HSA-9768778","Regulation of NPAS4 mRNA translation","192669;192670;23112;26523;266743;27161;27327;4343;57690",""
"R-HSA-9824594","Regulation of MITF-M-dependent genes involved in apoptosis","192669;192670;23112;23405;25942;26523;27161;27327;3065;3094;4286;4308;4343;5454;57690;596;597;79444",""
"R-HSA-2682334","EPH-Ephrin signaling","1942;1943;1944;1945;1946;1947;1948;1949;1969;2041;2042;2043;2044;2045;2046;2047;2048;2049;2050;2051;2534;284656;285220;4067;6714;7525","30616"
"R-HSA-1251932","PLCG1 events in ERBB2 signaling","1950;1956;2064;5335","30616"
"R-HSA-381042","PERK regulates gene expression","1965;1968;3309;468;8894;9451","30616"
"R-HSA-72731","Recycling of eIF2:GDP","1965;1967;1968;8890;8891;8892;8893;8894","37565"
"R-HSA-141334","PAOs oxidise polyamines to amines","196743;54498","15379;16240;326268;57692;57834"
"R-HSA-351200","Interconversion of polyamines","196743;54498;6303","15379;16240;326268;57287;57288;57692;57834;57834"
"R-HSA-6787639","GDP-fucose biosynthesis","197258;2762;282969;55343;7264;8790","15378;30616;33019;37565;42548;42589;57273;57527;57783;86476"
"R-HSA-72662","Activation of the mRNA upon binding of the cap-binding complex and eIFs, and subsequent binding to 43S","1973;1974;1975;1977;1978;1981;7458","36080;43474"
"R-HSA-450520","HuR (ELAVL1) binds and stabilizes mRNA","1994;5578;5580;6418;7514;8021;8125;8741","30616"
"R-HSA-8939245","RUNX1 regulates transcription of genes involved in BCR signaling","1997;1998;5079;640;861;865",""
"R-HSA-8939247","RUNX1 regulates transcription of genes involved in interleukin signaling","1997;3562;3977;861;865",""
"R-HSA-5633231","Defective ALG14 causes ALG14-CMS","199857;79868","18278;57705"
"R-HSA-140837","Intrinsic Pathway of Fibrin Clot Formation","2;2147;2157;2158;2159;2160;2161;2811;2812;2814;2815;3053;3818;3827;462;5104;5270;5547;5624;5627;708;710;7450","29105;29108;29108;43966;94385"
"R-HSA-5221030","TET1,2,3 and TDG demethylate DNA","200424;54790;6996;80312","15379;16526;16991;27551;29033;38290"
"R-HSA-1660514","Synthesis of PIPs at the Golgi membrane","200576;22908;30849;375;377;4952;5286;5288;5289;5297;5298;55300;55361;55697;56623;7179;93492;9896","15996;16152;17526;18420;29035;29108;30616;30616;43474;57880;57923;57923"
"R-HSA-1660516","Synthesis of PIPs at the early endosome membrane","200576;22876;30849;3631;4534;5286;5289;54545;54893;55300;55361;55697;8821;8898;9110;9896","16152;17526;18420;29035;29108;30616;30616;43474;57795;57836;57880;57923;57923"
"R-HSA-1660517","Synthesis of PIPs at the late endosome membrane","200576;30849;4534;5286;5289;55697;66036;8898;9108;9110;9896","18420;29035;29108;30616;30616;43474;57795;57795;57880;57880;57923;57923"
"R-HSA-8931987","RUNX1 regulates estrogen receptor mediated transcription","200845;2099;57678;8312;861;865",""
"R-HSA-5624958","ARL13B-mediated ciliary trafficking of INPP5E","200894;5147;56623",""
"R-HSA-977443","GABA receptor activation","200959;23229;2554;2555;2556;2557;2558;2559;2560;2561;2562;2566;2567;2569;2570;27020;55879",""
"R-HSA-2980766","Nuclear Envelope Breakdown","2010;221496;23592;4000;4001;7112;7443;7444;8815","23367;23367;30616"
"R-HSA-2995383","Initiation of Nuclear Envelope (NE) Reformation","2010;221496;22933;23141;23592;3837;3930;4000;4001;5515;5518;5520;7112;7443;7444;8815;891;9133;983","23367;23367;30616;43474;57540"
"R-HSA-4419969","Depolymerization of the Nuclear Lamina","2010;221496;23175;23399;23592;255919;4000;4001;5578;5579;64900;7112;891;9663;983","17815;29089;29108;30616;43474"
"R-HSA-8983711","OAS antiviral response","201626;2316;23586;4938;4939;4940;6041;6059;8638;KT992094","15377;15378;33019;33697;33697;33697;33697;67208;67208;67208"
"R-HSA-70263","Gluconeogenesis","2023;2026;2027;219855;2203;226;229;230;2538;2542;2597;26330;2821;387712;5091;5105;5106;5223;5224;5230;5232;54020;57818;7167;8789;92579","15378;15378;15589;16452;16452;16526;16526;17544;18420;29035;30616;30616;32966;37565;37565;43474;43474;43474;57288;57540;57604;57634;57642"
"R-HSA-9636667","Manipulation of host energy metabolism","2023;45427879;5230;886209",""
"R-HSA-83936","Transport of nucleosides and free purine and pyrimidine bases across the plasma membrane","2030;222962;23568;291;292;293;3177;402;55315;64078;9153;9154","16040;16040;16235;16235;16335;16335;16335;17368;17368;17562;17562;17562;17568;17568;17596;17596;17596;17748;17748;17748;17821;17821;29101;29101;350546;350546;37565;37565"
"R-HSA-6811555","PI5P Regulates TP53 Acetylation","2033;3622;5300;5305;5608;7157;79837;8396;90809","30616;43474;57287;57288;57795"
"R-HSA-8951936","RUNX3 regulates p14-ARF","2033;3845;595;6046;7040;861;864;865;9759;NM_058195.3","15377;37565;57287;57288"
"R-HSA-1234174","Cellular response to hypoxia","2034;3091;55662","15379;16526;29033;38290"
"R-HSA-452723","Transcriptional regulation of pluripotent stem cells","2034;2516;27086;4087;4089;5087;5460;57167;63978;64344;6657;6774;7547;79727;79923;84891;9314;NM_001244810",""
"R-HSA-8849473","PTK6 Expression","2034;27043;2908;3091;5753","17650;27584"
"R-HSA-9664873","Pexophagy","2034;4077;472;5830;6233;7311;7314;7316;81631;84749;8878","15377;26523"
"R-HSA-2892247","POU5F1 (OCT4), SOX2, NANOG activate genes related to proliferation","2041;2247;2649;27022;5460;55211;57167;6299;6657;6774;6997;7547;79923",""
"R-HSA-9018682","Biosynthesis of maresins","2053;240","15377;15378;15379;18420;23367;23367;36080;36080"
"R-HSA-3065679","SUMO is proteolytically processed","205564;29843;59343;6612;6613;7341",""
"R-HSA-9006335","Signaling by Erythropoietin","2056;2057;3717;4067;8660",""
"R-HSA-9027276","Erythropoietin activates Phosphoinositide-3-kinase (PI3K)","2056;2057;23533;2549;3717;4067;5290;5291;5293;5294;5295;8660","57836"
"R-HSA-9027277","Erythropoietin activates Phospholipase C gamma (PLCG)","2056;2057;3717;4067;5335;5336;8660","15377;203600"
"R-HSA-9027283","Erythropoietin activates STAT5","2056;2057;3717;4067;6776;6777;8660",""
"R-HSA-1306955","GRB7 events in ERBB2 signaling","2064;2065;2886;3084;9542",""
"R-HSA-165160","PDE3B signalling","208;5140","30616;57836"
"R-HSA-165181","Inhibition of TSC complex formation by PKB","208;7248;7249","30616;57836"
"R-HSA-381070","IRE1alpha activates chaperones","2081;3309;7494","30616"
"R-HSA-8939256","RUNX1 regulates transcription of genes involved in WNT signaling","2099;50943;8312;84870;861;865",""
"R-HSA-5683678","Defective ABCA3 causes SMDP3","21","30616;57643;64716"
"R-HSA-5688399","Defective ABCA3 causes SMDP3","21","30616;57643;64716"
"R-HSA-9673768","Signaling by membrane-tethered fusions of PDGFRA or PDGFRB","2120;23189;2803;3791;51411",""
"R-HSA-2168880","Scavenging of heme from plasma","213;259;3039;3040;3043;3240;3250;3263;335;3512;4035;8542;9332","15379;15379;16113;16247;26355;36144;36144"
"R-HSA-9793528","Ciprofloxacin ADME","213;6579;6580;9376;9429","15377;15378;15379;192484;192484;192484;192484;192486;192773;192773;192798;192798;310388;57880"
"R-HSA-159740","Gamma-carboxylation of protein precursors","2147;2155;2158;2159;2621;2677;5624;5627;632;8858","15379;15379;16526;16526;90152;90152"
"R-HSA-159763","Transport of gamma-carboxylated protein precursors from the endoplasmic reticulum to the Golgi apparatus","2147;2155;2158;2159;2621;5624;5627;632;8858",""
"R-HSA-159782","Removal of aminoterminal propeptides from gamma-carboxylated proteins","2147;2155;2158;2159;2621;5045;5624;5627;632;8858",""
"R-HSA-9657688","Defective factor XII causes hereditary angioedema","2147;2161;3818","29108"
"R-HSA-9672391","Defective F8 cleavage by thrombin","2147;2157;7450","29108"
"R-HSA-2046105","Linoleic acid (LA) metabolism","215;2180;3992;54898;60481;64834;83401;9415","15379;15508;15530;16474;16526;17351;18420;27979;30616;33019;43474;456215;57287;57368;57384;57540;65136;65136"
"R-HSA-5684045","Defective ABCD1 causes ALD","215","15904;30616"
"R-HSA-140834","Extrinsic Pathway of Fibrin Clot Formation","2152;2155;2158;2159;7035","29108;29108"
"R-HSA-163841","Gamma carboxylation, hypusinylation, hydroxylation, and arylsulfatase activation","2157;23463;64122;79672;8459;8460","24103;29105;30616;57856;86019;87167;87176;87177;87178;87179;87180"
"R-HSA-9672383","Defective factor IX causes thrombophilia","2157;2158;2159","29108"
"R-HSA-9672387","Defective F8 accelerates dissociation of the A2 domain","2157",""
"R-HSA-9672393","Defective F8 binding to von Willebrand factor","2157;7450",""
"R-HSA-9672395","Defective F8 binding to the cell membrane","2157",""
"R-HSA-9672396","Defective cofactor function of FVIIIa variant","2157;2158;2159","29108"
"R-HSA-9672397","Defective F8 secretion","2157",""
"R-HSA-9673202","Defective F9 variant does not activate FX","2157;2158;2159","29108"
"R-HSA-9674519","Defective F8 sulfation at Y1699","2157;8459;8460",""
"R-HSA-9673218","Defective F9 secretion","2158",""
"R-HSA-9673221","Defective F9 activation","2158;2160;2811;2812;2814;2815","29108"
"R-HSA-9673240","Defective gamma-carboxylation of F9","2158;2677","15379;16526"
"R-HSA-9657689","Defective SERPING1 causes hereditary angioedema","2161;3818;710",""
"R-HSA-380612","Metabolism of serotonin","217;4128","15378;15379;16240;27823;28938;350546;57540;57692"
"R-HSA-434313","Intracellular metabolism of fatty acids regulates insulin secretion","2181;2182;948","15756;15756;30616;33019;57287;57379"
"R-HSA-8963684","Tyrosine catabolism","2184;2954;3081;3242;6898","15377;15378;15379;16169;16526;18420;29033;29108;36242;38290;57925"
"R-HSA-9020558","Interleukin-2 signaling","2185;3558;3559;3560;3561;3716;3718;3932;6464;6776;6777;6850",""
"R-HSA-199220","Vitamin B5 (pantothenate) metabolism","2194;254552;284439;51248;5167;5168;5169;55229;60496;8034;8875;8876;8884","15378;29032;29032;29101;29101;43474;57287;57287;57287;57287"
"R-HSA-9033500","TYSND1 cleaves peroxisomal proteins","219743;30;3295;51;5264;6342;8540","15377;15377"
"R-HSA-2173789","TGF-beta receptor signaling activates SMADs","2200;2280;3685;3688;3690;3693;3694;3696;4052;4053;4054;4087;4088;4089;4738;5045;7040;7042;7043;7046;7048;7049;8425;8516;867;9040;9372","30616"
"R-HSA-2454202","Fc epsilon receptor (FCERI) signaling","2205;2206;2207;27040;4067;6850","30616;30616"
"R-HSA-2730905","Role of LAT2/NTAL/LAB on calcium mobilization","2205;2206;2207;2534;2885;4067;5170;5290;5291;5295;5296;6464;6654;6850;7462;9846","16152;30616;30616;57836;57836"
"R-HSA-2029481","FCGR activation","2209;2212;2214;2268;2534;3055;4067;6714;6850;7525;917;919","30616;30616"
"R-HSA-73843","5-Phosphoribose 1-diphosphate biosynthesis","221823;5631;5634","18420;43474"
"R-HSA-373756","SDK interactions","221935;54549",""
"R-HSA-2466712","Biosynthesis of A2E, implicated in retinal degradation","222236","57613;57739"
"R-HSA-420499","Class C/3 (Metabotropic glutamate/pheromone receptors)","222545;2550;259285;259286;259287;259289;259290;259292;259293;259294;259295;259296;2911;2912;2913;2914;2915;2916;2917;2918;338398;353164;50831;50832;50833;50834;50835;50836;50837;50838;50839;50840;54429;5726;80834;80835;83756;846;9568","10093;15824;15854;16226;16296;17698;17814;18305;23359;2366;2622;26948;27613;27732;28241;2825;2853;2877;28794;28973;29108;3193;32111;32551;32682;351346;36773;3768;3941;3944;5547;65408;8692;9162"
"R-HSA-210745","Regulation of gene expression in beta cells","222546;2308;2645;3170;3171;3172;3174;3375;3630;3651;389692;4760;4821;4825;5080;5313;6514;6927",""
"R-HSA-71262","Carnitine synthesis","223;55217;6470;8424","15378;15379;15379;16244;16526;16526;29033;29033;38290;57305;57540"
"R-HSA-354194","GRB2:SOS provides linkage to MAPK signaling for Integrins ","2243;2244;2266;2335;2885;3674;3690;54518;5747;5906;5908;6654;6714;7094;7450","18420;29035;29108;37565"
"R-HSA-1839122","Signaling by activated point mutants of FGFR1","2246;2247;2249;2250;2251;2253;2254;2260;26281;8074;8822","28815;30616"
"R-HSA-1839130","Signaling by activated point mutants of FGFR3","2246;2247;2249;2250;2253;2254;2261;26281;8074;8817;8822;8823","28815;30616"
"R-HSA-190322","FGFR4 ligand binding and activation","2246;2247;2249;2251;2253;2254;2264;26281;8074;8817;8822;8823;9965","28815;30616"
"R-HSA-190371","FGFR3b ligand binding and activation","2246;2253;2254;2261;26281;8817;8822","28815;30616"
"R-HSA-190372","FGFR3c ligand binding and activation","2246;2247;2249;2250;2253;2254;2261;2591;26281;8074;8817;8822;8823","28815;30616;57847"
"R-HSA-190375","FGFR2c ligand binding and activation","2246;2247;2249;2250;2251;2253;2254;2263;26281;8074;8817;8822;8823","28815;30616"
"R-HSA-2033519","Activated point mutants of FGFR2","2246;2247;2248;2249;2250;2251;2252;2253;2254;2255;2263;26281;27006;8074;8817;8822;8823","28815;30616;65138;85994"
"R-HSA-5654219","Phospholipase C-mediated cascade: FGFR1","2246;2247;2248;2249;2250;2251;2253;2254;2255;2260;26281;27006;5335;8074;8822;9365","28815;30616;57836"
"R-HSA-5654221","Phospholipase C-mediated cascade; FGFR2","2246;2247;2248;2249;2250;2251;2252;2253;2254;2255;2263;26281;27006;5335;8074;8817;8822;8823","28815;30616;57836"
"R-HSA-5654227","Phospholipase C-mediated cascade; FGFR3","2246;2247;2249;2250;2253;2254;2261;26281;5335;8074;8817;8822;8823","28815;30616;57836"
"R-HSA-5654687","Downstream signaling of activated FGFR1","2246;2247;2248;2249;2250;2251;2253;2254;2255;2260;23767;23768;23769;26281;27006;8074;8822;9365","28815"
"R-HSA-5654688","SHC-mediated cascade:FGFR1","2246;2247;2248;2249;2250;2251;2253;2254;2255;2260;26281;27006;2885;3265;3845;4893;6464;6654;8074;8822;9365","28815;30616;37565"
"R-HSA-5654699","SHC-mediated cascade:FGFR2","2246;2247;2248;2249;2250;2251;2252;2253;2254;2255;2263;26281;27006;2885;3265;3845;4893;6464;6654;8074;8817;8822;8823","28815;30616;37565"
"R-HSA-5654704","SHC-mediated cascade:FGFR3","2246;2247;2249;2250;2253;2254;2261;26281;2885;3265;3845;4893;6464;6654;8074;8817;8822;8823","28815;30616;37565"
"R-HSA-8851708","Signaling by FGFR2 IIIa TM","2246;2247;2263;22916;2962;2963;4686;5430;5431;5432;5433;5434;5435;5436;5437;5438;5439;5440;5441","28815"
"R-HSA-9832991","Formation of the posterior neural plate","2253;25925;2637;5015;5453;6656;6657;6911;89780;9839",""
"R-HSA-210747","Regulation of gene expression in early pancreatic precursor cells","2255;2494;256297;3175;3651;390874;4825;6928",""
"R-HSA-1839120","Signaling by FGFR1 amplification mutants","2260","30616;65138;94562"
"R-HSA-190374","FGFR1c and Klotho ligand binding and activation","2260;8074;9365","28815;30616"
"R-HSA-9758919","Epithelial-Mesenchymal Transition (EMT) during gastrulation","2260;6615;6862;8320",""
"R-HSA-2033515","t(4;14) translocations of FGFR3","2261","30616"
"R-HSA-8853334","Signaling by FGFR3 fusions in cancer","2261",""
"R-HSA-2023837","Signaling by FGFR2 amplification mutants","2263","156377;30616"
"R-HSA-8853333","Signaling by FGFR2 fusions","2263",""
"R-HSA-1839128","FGFR4 mutant receptor activation","2264","30616"
"R-HSA-194313","VEGF ligand-receptor interactions","2277;5228;7422;7423;7424",""
"R-HSA-195399","VEGF binds to VEGFR leading to receptor dimerization","2277;2321;2324;3791;5228;7422;7423;7424",""
"R-HSA-2025928","Calcineurin activates NFAT","2280;4772;4773;4775;5478;5530;5532;5534;801;805;808","29034;29034;29105;29105;29108;29108"
"R-HSA-2173791","TGF-beta receptor signaling in EMT (epithelial to mesenchymal transition)","2280;23370;387;50848;50855;5590;56288;57154;57530;6233;7040;7046;7048;7311;7314;7316","30616;37565"
"R-HSA-3656535","TGFBR1 LBD Mutants in Cancer","2280;7040;7046;7048",""
"R-HSA-5673000","RAF activation","22808;3265;369;3717;3845;4140;4296;4893;5245;5500;5501;5515;5516;5518;5519;5525;5526;5527;5528;5529;5604;5605;5894;6714;673;7529;801;8036;805;808;815;816;817;818;8315;8844","29108;30616;37565;43474"
"R-HSA-9726840","SHOC2 M1731 mutant abolishes MRAS complex function","22808;369;5500;5501;5894;673;7529;8036","15377;37565"
"R-HSA-9726842","Gain-of-function MRAS complexes activate RAF signaling","22808;369;5500;5501;5894;673;7529;8036","15377;37565;43474"
"R-HSA-8854521","Interaction between PHLDA1 and AURKA","22822;6790",""
"R-HSA-4755583","Defective DOLK causes DOLK-CDG","22845","16091;37563"
"R-HSA-844455","The NLRP1 inflammasome","22861;596;598","36080"
"R-HSA-5657560","Hereditary fructose intolerance","229",""
"R-HSA-111458","Formation of apoptosome","22900;317;51074;54205;57099;842","30616"
"R-HSA-9627069","Regulation of the apoptosome activity","22900;317;331;51074;54205;55075;5594;5595;56616;57099;842",""
"R-HSA-9013419","RHOT2 GTPase cycle","22906;55669;5910;66008;80179;89941;9927","15377;37565;37565;43474"
"R-HSA-9013425","RHOT1 GTPase cycle","22906;55288;5910;66008;80179","15377;37565;37565;43474"
"R-HSA-1483248","Synthesis of PIPs at the ER membrane","22908;5297;55300;6305;8898","17526;26034;30616;43474;57795;57880;57923"
"R-HSA-167242","Abortive elongation of HIV-1 transcript in the absence of Tat","22916;25920;2962;2963;4686;51497;5430;5431;5432;5433;5434;5435;5436;5437;5438;5439;5440;5441;6827;6829;7469;7936;9150","33697"
"R-HSA-6803529","FGFR2 alternative splicing","22916;23543;2962;2963;3178;3185;3187;4670;4686;5430;5431;5432;5433;5434;5435;5436;5437;5438;5439;5440;5441;54845;5725;7072;7073;80004",""
"R-HSA-5676934","Protein repair","22921;253827;4482;5110;51734;7295","16240;21363;31882;32682;57844;57856;90596"
"R-HSA-381033","ATF6 (ATF6-alpha) activates chaperones","22926;3309;51360;8720",""
"R-HSA-5659996","RPIA deficiency: failed conversion of R5P to RU5P","22934",""
"R-HSA-6791461","RPIA deficiency: failed conversion of RU5P to R5P","22934",""
"R-HSA-71336","Pentose phosphate pathway","22934;23729;2539;25796;51071;5226;55276;6120;64080;6888;7086;729020","15378;15721;16526;18420;29033;30616;57259;57634;57651;57720;57737;57783"
"R-HSA-9758920","Formation of lateral plate mesoderm","2294;2626;3549;6469;652",""
"R-HSA-9762293","Regulation of CDH11 gene transcription","2294;26508;27319;3224;3609;56978;6615;6667;9839",""
"R-HSA-5339717","Signaling by LRP5 mutants ","22943;27121;27123;4041;79412;83999",""
"R-HSA-2142700","Synthesis of Lipoxins (LX)","22949;239;240;241;3248;4056","15378;15378;15379;15628;15632;15651;15651;29033;29033;29108;57540;57783;6498;6498;6499;6499"
"R-HSA-139853","Elevation of cytosolic Ca2+ levels","22953;3708;3709;3710;5023;5024;5025;5026;5027;57113;6786;7222;7225;80228;84876;9127","17815;18420;18420;203600;29101;29101;29108;29108;29108;29108;29108;29108;30616"
"R-HSA-418346","Platelet homeostasis","22953;5023;5024;5025;5026;5027;5051;9127","30616;91144"
"R-HSA-5250955","Toxicity of botulinum toxin type D (botD)","22987;6843;6844;9899;9900","15378;28648;28648;29105;29105;29105;29105"
"R-HSA-5250968","Toxicity of botulinum toxin type A (botA)","22987;5185057;5185061;6616;9899;9900","15378;29105;29105;29105;29105"
"R-HSA-5250981","Toxicity of botulinum toxin type F (botF)","22987;6843;6844;9899;9900","15378;29105;29105;29105;29105"
"R-HSA-5652227","Fructose biosynthesis","231;6652","15378;29105;57540;57783"
"R-HSA-3000497","Scavenging by Class H Receptors","23166;338;55576;6678","16113;16113;16247;16247;16336;16336;24505;24505;37397;37397"
"R-HSA-173599","Formation of the active cofactor, UDP-glucuronate","23169;7358;7360","15378;33019;57540;57629;57705;57705"
"R-HSA-5579020","Defective SLC35D1 causes SCHBCKD","23169","57705"
"R-HSA-532668","N-glycan trimming in the ER and Calnexin/Calreticulin cycle","23193;267;51035;55768;5589;5700;5887;6233;64772;7311;7314;7316;7415;7841;79139;9761","91280;91281;91282;91283;91284"
"R-HSA-901042","Calnexin/calreticulin cycle","23193;2923;5589;811;821","36080;36080"
"R-HSA-9683686","Maturation of spike protein","23193;4245;5589;7841;821","15377;15378;15378;15903;17659;25609;44369;57287;57379;57705"
"R-HSA-194306","Neurophilin interactions with VEGF and VEGFR","2321;3791;8828;8829",""
"R-HSA-9645135","STAT5 Activation","2322;2323;2885;5781;6776;6777;9846",""
"R-HSA-9702509","FLT3 mutants bind TKIs","2322","88219;91441"
"R-HSA-9702569","KW2449-resistant FLT3 mutants","2322","91441"
"R-HSA-9702577","semaxanib-resistant FLT3 mutants","2322",""
"R-HSA-9702581","crenolanib-resistant FLT3 mutants","2322",""
"R-HSA-9702590","gilteritinib-resistant FLT3 mutants","2322",""
"R-HSA-9702596","lestaurtinib-resistant FLT3 mutants","2322",""
"R-HSA-9702600","midostaurin-resistant FLT3 mutants","2322",""
"R-HSA-9702605","pexidartinib-resistant FLT3 mutants","2322",""
"R-HSA-9702614","ponatinib-resistant FLT3 mutants","2322",""
"R-HSA-9702620","quizartinib-resistant FLT3 mutants","2322",""
"R-HSA-9702624","sorafenib-resistant FLT3 mutants","2322",""
"R-HSA-9702632","sunitinib-resistant FLT3 mutants","2322",""
"R-HSA-9702636","tandutinib-resistant FLT3 mutants","2322",""
"R-HSA-9702998","linifanib-resistant FLT3 mutants","2322",""
"R-HSA-9703009","tamatinib-resistant FLT3 mutants","2322",""
"R-HSA-9703648","Signaling by FLT3 ITD and TKD mutants","2322;2885;3265;3845;4893;5290;5295;5781;6654;9846","37565"
"R-HSA-9706374","FLT3 signaling through SRC family kinases","2322;2323;2534;3055;3932;6850",""
"R-HSA-9706377","FLT3 signaling by CBL mutants","2322;2323;6233;7311;7314;7316;867",""
"R-HSA-434316","Fatty Acids bound to GPR40 (FFAR1) regulate insulin secretion","23236;2767;2769;2776;2864;5330;5331;9630","15756;16196;17552;17815;203600;30805;37565;37565;42504"
"R-HSA-217271","FMO oxidises nucleophiles","2326;2327;2328","15378;15379;15724;16474;18420;41774;57692"
"R-HSA-5579019","Defective FMO3 causes TMAU","2328","15378;15379;16474;57692"
"R-HSA-8853383","Lysosomal oligosaccharide catabolism","23324;4123;4125;4126","17411;29105;29105;4208;4208;91279;91280;91280;91284"
"R-HSA-428543","Inactivation of CDC42 and RAC1","23380;57522;5879;6091;80728;9353;9901;998","37565;43474"
"R-HSA-425381","Bicarbonate transporters","23382;57282;57835;6508;6521;6522;83697;8671;9497;9498","15378;15378;17544;17544;29101;29101"
"R-HSA-193692","Regulated proteolysis of p75NTR","23385;4790;4804;51107;55851;5663;5664;5970;6868;7189;83464","29105;29105"
"R-HSA-205043","NRIF signals cell death from the nucleus","23385;23421;4803;4804;51107;55851;5599;5663;5664;6233;7189;7311;7314;7316;83464;8878","30616"
"R-HSA-9017802","Noncanonical activation of NOTCH3","23385;4854;4904;51107;55851;5663;5664;83464",""
"R-HSA-9708296","tRNA-derived small RNA (tsRNA or tRNA-related fragment, tRF) biogenesis","23405;283;60528",""
"R-HSA-5619083","Defective SLC35A3 causes arthrogryposis, mental retardation, and seizures (AMRS)","23443","57705"
"R-HSA-9694301","Maturation of replicase proteins","23479","15377;15377;15378;25609;7496"
"R-HSA-1912399","Pre-NOTCH Processing in the Endoplasmic Reticulum","23509;4851;4853;4854;4855;56983","17552;17659"
"R-HSA-442380","Zinc influx into cells by the SLC39 gene family","23516;25800;27173;283375;29985;29986;55630;57181;64116;7922","29105;29105;29105;29105;29105"
"R-HSA-2559584","Formation of Senescence-Associated Heterochromatin Foci (SAHF)","23523;25842;29855;3005;3006;3007;3008;3009;3024;3159;4001;57634;5925;7157;7290;8091",""
"R-HSA-162710","Synthesis of glycosylphosphatidylinositol (GPI)","23556;284098;51227;5277;5279;5281;5283;54872;54965;55650;80235;84720;84992;8818;9091;93183;9487;9488","15378;17815;17815;57265;57287;57523;57613;57613;57683;57705;57880"
"R-HSA-444473","Formyl peptide receptors bind formyl peptides and many other ligands","2357;2358;2359;301;351;50865;6288;6368","53490;6498"
"R-HSA-110357","Displacement of DNA glycosylase by APEX1","23583;328;4350;4595;4913;4968;6996;7374;8930",""
"R-HSA-168928","DDX58/IFIH1-mediated induction of interferon-alpha/beta","23586;26007;29110;3320;3326;3661;51191;57506;6233;64135;7311;7314;7316;7318;7706;79132;79671;84166;84282;89122;9246;9636;9868","30616;33697;67208"
"R-HSA-113507","E2F-enabled inhibition of pre-replication complex formation","23594;23595;4998;4999;5000;5001;84515;891;983","61120"
"R-HSA-68689","CDC6 association with the ORC:origin complex","23594;23595;4998;4999;5000;5001;84515;990",""
"R-HSA-373753","Nephrin family interactions","23607;2534;4690;4868;5290;5291;5295;5296;55243;6709;6711;7827;81;84063;8440;84623;8573;87;88;8826;89;8976;9863","30616"
"R-HSA-68952","DNA replication initiation","23649;54107;5422;5426;5427;5557;5558;56655","37568"
"R-HSA-420597","Nectin/Necl  trans heterodimerization","23705;25945;57863;5817;5818;5819;81607",""
"R-HSA-1483196","PI and PC transport between ER and Golgi membranes","23760","57643;57643;57880;57880"
"R-HSA-376176","Signaling by ROBO receptors","23767;2817;51466;5216;5217;55740;6091;6092;6387;6585;6586;7408;7852;8829;9353",""
"R-HSA-9717264","ASP-3026-resistant ALK mutants","238",""
"R-HSA-9717301","NVP-TAE684-resistant ALK mutants","238","91338"
"R-HSA-9717316","alectinib-resistant ALK mutants","238",""
"R-HSA-9717319","brigatinib-resistant ALK mutants","238",""
"R-HSA-9717323","ceritinib-resistant ALK mutants","238",""
"R-HSA-9717326","crizotinib-resistant ALK mutants","238",""
"R-HSA-9717329","lorlatinib-resistant ALK mutants","238",""
"R-HSA-9851151","MDK and PTN in ALK signaling","238;4192;5764;5803","15377;43474"
"R-HSA-2142696","Synthesis of Hepoxilins (HX) and Trioxilins (TrX)","239","15379;15630;29033;32395;34784;35032;36190"
"R-HSA-2142712","Synthesis of 12-eicosatetraenoic acid derivatives","239;242;246;2876;2877;2879;59344","15379;15626;29033;32395;36190;57925"
"R-HSA-9018677","Biosynthesis of DHA-derived SPMs","239;246;5743","15379;26355;29033;57783"
"R-HSA-9025106","Biosynthesis of DPAn-6 SPMs","239;246","15379;29033;65136"
"R-HSA-9026290","Biosynthesis of DPAn-3-derived maresins","239;240","15377;15379;29033;36080;57783"
"R-HSA-2142688","Synthesis of 5-eicosatetraenoic acids","240;241;2876;2877;2879;4056;5444;5445;5446","15378;15379;15632;15632;28209;28209;29033;29108;29108;32395;57783;57925"
"R-HSA-9018676","Biosynthesis of D-series resolvins","240;2879;3248;4048","15377;15379;23367;23367;29105;36080;57540;57783;57925"
"R-HSA-9018896","Biosynthesis of E-series 18(S)-resolvins","240;246;2879;3248;4048","15377;15378;15379;28364;29105;36080;36080;57540;57783;57925"
"R-HSA-9020265","Biosynthesis of aspirin-triggered D-series resolvins","240;2879;4048","15377;15379;23367;23367;29105;36080;57783;57925;91137"
"R-HSA-9023661","Biosynthesis of E-series 18(R)-resolvins","240;246;2879;4048","15377;15379;29105;36080;57783;57925"
"R-HSA-9026286","Biosynthesis of DPAn-3-derived protectins and resolvins","240;246","15377;15379;23367;23367;36080;36080;57783"
"R-HSA-9026403","Biosynthesis of DPAn-3-derived 13-series resolvins","240","15379;90824;90824"
"R-HSA-9027604","Biosynthesis of electrophilic ω-3 PUFA oxo-derivatives","240;5743","15377;15378;15379;26355;28364;36080;36080;57783;90815;90824"
"R-HSA-5250982","Toxicity of tetanus toxin (tetX)","24255210;6844","15378;28424;28424;28424;29105;29105;29105;29105;29105"
"R-HSA-2142770","Synthesis of 15-eicosatetraenoic acid derivatives","246;247;2876;2877;2879;5743","15378;15379;15558;15559;15628;26355;29033;32395;57540;57783;57925"
"R-HSA-5619076","Defective SLC17A8 causes autosomal dominant deafness 25 (DFNA25)","246213","15378"
"R-HSA-8935690","Digestion","248;2980;2981;2984;8544","15377;15379;16068;16243;29105;29108;30879;43474"
"R-HSA-9033807","ABO blood group biosynthesis","2523;2524;28","29035;29035;57273;57847;57847;66914;66914"
"R-HSA-9840309","Glycosphingolipid biosynthesis","2523;2524;2583;29906;30815;53947;64781;6483;6487;7357;7368;81849;84002;8705;8706;8869;9331;9334;9514","15378;15378;15378;16197;17659;18313;22801;28424;28648;29035;36498;36498;57273;57705;57812;57847;66914;66914;83273;83273;87785;87787;87788;88069;88167;90163;90164;90189;90262"
"R-HSA-202433","Generation of second messenger molecules","2533;27040;3113;3115;3117;3118;3119;3120;3122;3123;3125;3126;3127;3702;3932;3937;4690;5058;5062;5063;51466;5335;5336;55740;7408;7454;7535;915;916;917;919;920;9398;9402","203600;30616"
"R-HSA-210990","PECAM1 interactions","2534;3635;3685;3690;3932;4067;5175;5335;5777;5781;6714;7525","30616"
"R-HSA-389356","CD28 co-stimulation","2534;3932;4067;6714;7525;940;9402;941;942","30616"
"R-HSA-389359","CD28 dependent Vav1 pathway","2534;2885;3932;5058;5062;5063;5879;7409;940;941;942;998","30616;37565;57836"
"R-HSA-9032500","Activated NTRK2 signals through FYN","2534;2904;4915;627;6714",""
"R-HSA-9670439","Signaling by phosphorylated juxtamembrane, extracellular and kinase domain KIT mutants","2534;2885;3265;3717;3815;3845;3932;4067;4893;5290;5295;5296;6654;6714;6772;6774;6776;6777;7525;8503","37565;57836"
"R-HSA-1855191","Synthesis of IPs in the nucleus","253430;51447;64768;9807","16067;203600;30616;57660;57733;57895;74946"
"R-HSA-1482798","Acyl chain remodeling of CL","253558;3030;3032;5321;6901;8398","17504;28494;28494;28494;29017;29108;57287;57287;57560;57560;57613;57643;75137;75137"
"R-HSA-3274531","Glycogen storage disease type Ia (G6PC)","2538",""
"R-HSA-3229133","Glycogen storage disease type Ib (SLC37A4)","2542","43474"
"R-HSA-5357609","Glycogen storage disease type II (GAA)","2548;2992","29035"
"R-HSA-8851907","MET activates PI3K/AKT signaling","2549;2885;3082;4233;5290;5295","57836"
"R-HSA-8865999","MET activates PTPN11","2549;2885;3082;4233;5781",""
"R-HSA-9028335","Activated NTRK2 signals through PI3K","2549;2885;4909;4915;5290;5295;627","57836"
"R-HSA-977444","GABA B receptor activation","2550;9568",""
"R-HSA-480985","Synthesis of dolichyl-phosphate-glucose","256281;29880","15812;15812;57629;57683"
"R-HSA-888568","GABA synthesis","2571;2572","15378;16526"
"R-HSA-9022927","MECP2 regulates transcription of genes involved in GABA signaling","2571;2572;4204",""
"R-HSA-167044","Signalling to RAS","25759;2885;3265;3845;4803;4893;4914;53358;6464;6654","30616;37565"
"R-HSA-5609977","Defective GALE causes EDG","2582","57540;66914"
"R-HSA-70370","Galactose catabolism","2582;2584;2592;5236","18420;30616;57540;57629;66914"
"R-HSA-6787450","tRNA modification in the mitochondrion","25821;3028;54802;54931;55006;55687;80324;84705;9692","16057;29169;29169;29169;29169;29169;33019;35235;57856;64654;65314;65314;74491;74491;74491;74491;87171;87171;87172;87172"
"R-HSA-5609976","Defective GALK1 causes GALCT2","2584","30616"
"R-HSA-2206290","MPS IV - Morquio syndrome A","2588",""
"R-HSA-110320","Translesion Synthesis by POLH","25898;5111;5429;55666;5981;5982;5983;5984;5985;6117;6118;6119;6233;7311;7314;7316;7353;7415;83932","16516;30616;33019"
"R-HSA-5609978","Defective GALT can cause GALCT","2592",""
"R-HSA-9603505","NTRK3 as a dependence receptor","25920;4916;581","36080"
"R-HSA-9823739","Formation of the anterior neural plate","25925;2637;5015;5080;5453;5460;6656;6657;7546;79923;9839",""
"R-HSA-8964208","Phenylalanine metabolism","259307;5053;5092;5860;80150;883","15377;15377;15378;15379;15379;16134;16240;17790;20680;2877;29033;57540;57692"
"R-HSA-8956319","Nucleotide catabolism","25939","15377;15378;29105"
"R-HSA-9022538","Loss of MECP2 binding ability to 5mC-DNA","25942;3065;4204",""
"R-HSA-2586552","Signaling by Leptin","25970;3667;3717;3952;3953;5781;6774;6776;6777;8660;9021","30616"
"R-HSA-3359473","Defective MMADHC causes MMAHCD","25974;27249","16304"
"R-HSA-3359474","Defective MMACHC causes MAHCC","25974","15378;17439;28911;57783"
"R-HSA-75896","Plasmalogen biosynthesis","25979;8443;8540","15378;15756;16125;57287;57379;57642;57692;57783"
"R-HSA-162658","Golgi Cisternae Pericentriolar Stack Reorganization","26003;2801;5347;5594;5595;5861;5862;64689;81876;8548;8615;891;9133;983","23367;23367;23367;23367;30616;30616;37565;37565"
"R-HSA-8964026","Chylomicron clearance","26119;338;348;3949;3990","16113;16113;16113;16113;16113;16113;16247;16247;16247;16247;16247;16247"
"R-HSA-9758890","Transport of RCbl within the body","26119;4036;4363;51293;55788;5826;6947;6948","15377;36080;43474"
"R-HSA-5682294","Defective ABCA12 causes ARCI4B","26154","30616"
"R-HSA-5632681","Ligand-receptor interactions","2619;3549;50846;50937;5727;64399;6469;91653",""
"R-HSA-202430","Translocation of ZAP-70 to Immunological synapse","26191;3113;3115;3117;3118;3119;3120;3122;3123;3125;3126;3127;3932;7535;915;916;917;919;920","30616;43474"
"R-HSA-351202","Metabolism of polyamines","262;4953;6611;6723","16526;17509;326268;57443;57834"
"R-HSA-433137","Sodium-coupled sulphate, di- and tri-carboxylate transporters","26266;284111;64849;6561;9058","16189;16189;29101;29101;30769;30769"
"R-HSA-176417","Phosphorylation of Emi1","26271;51343;5347;891;983;991","30616"
"R-HSA-68881","Mitotic Metaphase/Anaphase Transition","26271;5347","30616"
"R-HSA-3322077","Glycogen synthesis","2632;2992;2997;2998;378884;5236;5507;6233;7311;7314;7316;7360;7957;8908","18420;33019;43474;57629"
"R-HSA-3878781","Glycogen storage disease type IV (GBE1)","2632;2998;8908","18420"
"R-HSA-5619073","Defective GCK causes maturity-onset diabetes of the young 2 (MODY2)","2645","30616"
"R-HSA-5619035","Defective SLC17A5 causes Salla disease (SD) and ISSD","26503","15378;35418"
"R-HSA-9014826","Interleukin-36 pathway","26525;27177;27179;3556;56300;84639;8808",""
"R-HSA-4085023","Defective GFPT1 causes CMSTA1","2673","57634"
"R-HSA-446210","Synthesis of UDP-N-acetyl-glucosamine","2673;51005;5238;55577;5973;64841;6675;9945","15378;15873;17411;27459;28255;30616;33019;57287;57288;57513;57634;57705;57776;88130"
"R-HSA-5579022","Defective GGT1 causes GLUTH","2678",""
"R-HSA-9035968","Defective GGT1 in aflatoxin detoxification causes GLUTH","2678","15377"
"R-HSA-4793953","Defective B4GALT1 causes CDG-2d","2683","66914"
"R-HSA-5653890","Lactose synthesis","2683;3906;6513","17716;29035;66914"
"R-HSA-5578998","Defective OPLAH causes OPLAHD","26873","30616"
"R-HSA-3359457","Defective CBLIF causes IFD","2694","28911"
"R-HSA-3359462","Defective AMN causes MGA1","2694;8029;81693",""
"R-HSA-3359463","Defective CUBN causes MGA1","2694;8029;81693",""
"R-HSA-190704","Oligomerization of connexins into connexons","2697;2705;2706",""
"R-HSA-190827","Transport of connexins along the secretory pathway","2697;2705;2706",""
"R-HSA-191650","Regulation of gap junction activity","2697;6714;7082","30616"
"R-HSA-9705677","SARS-CoV-2 targets PDZ proteins in cell-cell junction","2697;64398;7082;92359",""
"R-HSA-205025","NADE modulates death signalling","27018;4803;4804;7531;835;836",""
"R-HSA-190872","Transport of connexons to the plasma membrane","2706",""
"R-HSA-71737","Pyrophosphate hydrolysis","27068;5464;64077","18420;18420;33019;33019;43474;43474"
"R-HSA-1855183","Synthesis of IP2, IP, and Ins in the cytosol","27124;3612;3613;3628;3631;3632;3633;4952;51477;55586;66036;8821;8867;9108","15378;15379;15748;17816;18297;18297;18384;18420;203600;28858;29033;4170;43474;43474;57540"
"R-HSA-1483206","Glycerophospholipid biosynthesis","27132;55750;8895;8904;9362","16247;17408;17815;18420;29108;30616;57739"
"R-HSA-112310","Neurotransmitter release cycle","27163","15756;16000;16196;2700;28875;30805;32395;85262;85263;85299;9254"
"R-HSA-8964539","Glutamate and glutamine metabolism","27165;2744;2746;2747;2752;2806;284716;29920;4942;57494;5831;5832;65263;883","15377;15378;15378;16452;17388;17388;21547;28938;28938;30882;37565;43474;43474;57540;57783;57783;57783"
"R-HSA-3296197","Hydroxycarboxylic acid-binding receptors","27198;338442;8843","15940;20067;37098;422"
"R-HSA-2206308","MPS IV - Morquio syndrome B","2720",""
"R-HSA-4341670","Defective NEU1 causes sialidosis","2720;4758;5476","75127;75129;75130"
"R-HSA-5578999","Defective GCLC causes HAGGSD","2729;2730","30616;35235"
"R-HSA-444257","RSK activation","27330;5170;5594;5595;6195;6196;6197","30616;30616;57836"
"R-HSA-5635851","GLI proteins bind promoters of Hh responsive genes to promote transcription","2735;2736;2737",""
"R-HSA-8941284","RUNX2 regulates chondrocyte maturation","2736;3549;860;865;9759",""
"R-HSA-210455","Astrocytic Glutamate-Glutamine Uptake And Metabolism","2752;6506;6507;81539","28938;30616;43474"
"R-HSA-2206305","MPS IIID - Sanfilippo syndrome D","2799",""
"R-HSA-1237112","Methionine salvage pathway","2805;4507;51074;55256;58478;84245","15378;15379;15740;17509;18420;29033;29105;35179;43474;57844"
"R-HSA-5619058","Defective SLCO1B3 causes hyperbilirubinemia, Rotor type (HBLRR)","28234",""
"R-HSA-432047","Passive transport by Aquaporins","282679;343;358;359;360;361;362;363;364;366;375318;4284;89872","15858;15858;16199;16199;16382;16382;17632;17632;17754;17754"
"R-HSA-5619036","Defective SLC24A5 causes oculocutaneous albinism 6 (OCA6)","283652","29101;29103;29108"
"R-HSA-390918","Peroxisomal lipid metabolism","283927;390916;51179;79777;91452","15379;16240;33184;37240;37240;57287;65101;86988"
"R-HSA-210993","Tie2 Signaling","284;285;2885;2886;2888;3265;3845;4893;51378;5290;5291;5295;5296;5781;6464;6654;7010;9046","30616;37565"
"R-HSA-8866904","Negative regulation of activity of TFAP2 (AP-2) family transcription factors","284252;339488;51741;7020;7021;7022;7329;7341;79047;83741",""
"R-HSA-3000471","Scavenging by Class B Receptors","284297;335;338;6288;948;949","15904;15904;15904;16113;16113;16113;16247;16247;16247;16412;16412;23367;24654;24654;24654;28640;28640;28640;37671;37671;37671;57880;57880;57880;64294;64294;64294"
"R-HSA-4641263","Regulation of FZD by ubiquitination","284654;340419;343637;4040;4041;54894;55366;59352;6233;7311;7314;7316;7855;8322;8323;8325;84133;84870;8549;89780;9101",""
"R-HSA-5619052","Defective SLC9A9 causes autism 16 (AUTS16)","285195","15378;29101"
"R-HSA-444209","Free fatty acid receptors","2853;2864;2865;2867;338557","15740;15756;15756;16196;16196;27432;27997;28364;28661;28716;28875;30768;30805;31011;42504;53460;53486;53487;9254"
"R-HSA-9022537","Loss of MECP2 binding ability to the NCoR/SMRT complex","2874;4204;6907;79718;8841;9611;9612",""
"R-HSA-8964540","Alanine metabolism","2875;84706",""
"R-HSA-112412","SOS-mediated signalling","2885;3265;3667;3845;4893;6654;8660","37565"
"R-HSA-2428933","SHC-related events triggered by IGF1R","2885;3265;3479;3480;3481;3845;4893;6464;6654","30616;37565"
"R-HSA-74749","Signal attenuation","2885;2887;3630;3643;3667;5594;5595;6464;6654;8660","36080;43474"
"R-HSA-74751","Insulin receptor signalling cascade","2885;2887;3265;3630;3643;3845;4893;6464;6654","37565"
"R-HSA-8983432","Interleukin-15 signaling","2885;3560;3561;3600;3601;3716;3718;6464;6654;6655;6774;6776;6777;9846",""
"R-HSA-9026519","Activated NTRK2 signals through RAS","2885;3265;3845;4893;4909;4915;627;6464;6654","37565"
"R-HSA-9034864","Activated NTRK3 signals through RAS","2885;3265;3845;4893;4908;4916;6464;6654","37565"
"R-HSA-9673767","Signaling by PDGFRA transmembrane, juxtamembrane and kinase domain mutants","2885;3265;3845;4893;5156;5290;5291;5295;5296;6654;6772;6774","37565;57836"
"R-HSA-9673770","Signaling by PDGFRA extracellular domain mutants","2885;3265;3845;4893;5156;5290;5291;5295;5296;6654;6772;6774","37565;57836"
"R-HSA-74713","IRS activation","2887;3630;3643;3667;8660",""
"R-HSA-399710","Activation of AMPA receptors","2890;2891;2892;2893","29101;29101;29108;29108"
"R-HSA-451307","Activation of Na-permeable kainate receptors","2897;2898","29101;29101"
"R-HSA-9768777","Regulation of NPAS4 gene transcription","2908;30818;5978;6722","17650;18420;27584;29108"
"R-HSA-180897","Vpr-mediated induction of apoptosis by mitochondrial outer membrane permeabilization","291;292;293",""
"R-HSA-844615","The AIM2 inflammasome","29108;834;9447","36080"
"R-HSA-3249367","STAT6-mediated induction of chemokines","29110;340061;6778","30616"
"R-HSA-168277","Influenza Virus Induced Apoptosis","293;3802042;7040;956530",""
"R-HSA-2408550","Metabolism of ingested H2SeO4 and H2SeO3 into H2Se","2936;7296;9060;9061","15378;16503;2485;28450;30616;33019;57692;57783;57925;64729"
"R-HSA-5579006","Defective GSS causes GSS deficiency","2937","18420;30616;57305"
"R-HSA-9026762","Biosynthesis of maresin conjugates in tissue regeneration (MCTR)","2948;4056","15377;36080;36080;57305;57925"
"R-HSA-5632928","Defective Mismatch Repair Associated With MSH2","2956;4436;4437",""
"R-HSA-5632968","Defective Mismatch Repair Associated With MSH6","2956;4436",""
"R-HSA-392154","Nitric oxide stimulates guanylate cyclase","2977;2982;2983;4842;4843;4846","15379;16356;16480;16480;18420;32682;33019;37565;57743;57783;76018"
"R-HSA-446388","Regulation of cytoskeletal remodeling and cell spreading by IPP complex components","29780;3987;55742;5829;6251;7016;87;9459",""
"R-HSA-8942233","Intestinal infectious diseases","2984;79849",""
"R-HSA-8963678","Intestinal lipid absorption","29881","16113;16113;26125;26125"
"R-HSA-2206292","MPS VII - Sly syndrome","2990",""
"R-HSA-3785653","Myoclonic epilepsy of Lafora","2992;2997;378884;5507;6233;7311;7314;7316;7957","18420"
"R-HSA-3814836","Glycogen storage disease type XV (GYG1)","2992;2997","18420"
"R-HSA-3828062","Glycogen storage disease type 0 (muscle GYS1)","2992;2997","18420"
"R-HSA-446205","Synthesis of GDP-mannose","29925;29926;4351;5372;5373","17369;33019;37565;57527;57634"
"R-HSA-4724289","Defective ALG6 causes CDG-1c","29929","15812;37637"
"R-HSA-3858516","Glycogen storage disease type 0 (liver GYS2)","2998;8908","18420"
"R-HSA-75108","Activation, myristolyation of BID and translocation to mitochondria","3002;4836;637;841",""
"R-HSA-5655799","Defective SLC40A1 causes hemochromatosis 4 (HFE4) (duodenum)","30061;9843","28694;29034"
"R-HSA-75205","Dissolution of Fibrin Clot","302;3273;5054;5055;5269;5270;5271;5327;5328;5329;5340;5345;6281","29105;36080;36080"
"R-HSA-6785470","tRNA processing in the mitochondrion","3028;51095;54931;60528;9692;NC_012920","30616;33019;37563;83071"
"R-HSA-8868766","rRNA processing in the mitochondrion","3028;54931;60528;9692;NC_012920",""
"R-HSA-77285","Beta oxidation of myristoyl-CoA to lauroyl-CoA","3030;3032;33","15378;15532;27466;27721;28726;57287;57288;57375;57540;57692"
"R-HSA-77305","Beta oxidation of palmitoyl-CoA to myristoyl-CoA","3030;3032;37","15378;15491;15532;27402;57287;57288;57379;57540;57692"
"R-HSA-1237044","Erythrocytes take up carbon dioxide and release oxygen","3039;3040;3043;358;51167;51700;51706;6005;606495;6521;759;760;762","15378;15378;15379;16526;16526;17544;17544;29105;29105;36144;57540"
"R-HSA-1247673","Erythrocytes take up oxygen and release carbon dioxide","3039;3040;3043;358;6005;6521;759;760;762","15378;15378;15379;16526;16526;17544;17544;29105;29105"
"R-HSA-8964011","HDL clearance","3069;335;8029;81693;949","16113;16113;16247;16247"
"R-HSA-3656234","Defective HEXA causes GM2G1","3073",""
"R-HSA-3656248","Defective HEXB causes GM2G2","3074",""
"R-HSA-5576894","Phase 1 - inactivation of fast Na+ channels","30818;30819;30820;3750;3751;3752;80333","29103;29103"
"R-HSA-8875513","MET interacts with TNS proteins","3082;3688;4233;64759;84951",""
"R-HSA-8875791","MET activates STAT3","3082;4233;6774",""
"R-HSA-9734091","Drug-mediated inhibition of MET activation","3082;4233",""
"R-HSA-168138","Toll Like Receptor 9 (TLR9) Cascade","30849;5289;54106;64145;8411","61120"
"R-HSA-5619056","Defective HK1 causes hexokinase deficiency (HK deficiency)","3098","30616"
"R-HSA-196780","Biotin transport and metabolism","31;3141;32;5091;5095;5096;51248;56922;64087;686;8884","15956;15956;15956;27870;27870;27870;29035;29035;29101;29101;30616;32551;32551;33019"
"R-HSA-3371599","Defective HLCS causes multiple carboxylase deficiency","31;3141;5091;5095;5096;56922;64087","15956;29035;30616"
"R-HSA-77111","Synthesis of Ketone Bodies","3155;3158;38;54511;56898;622;65985;79611","15378;15378;15467;18420;33019;33019;43074;57286;57286;57287;57287;57288;57288;57540;57540"
"R-HSA-964975","Vitamin B6 activation to pyridoxal phosphate","316;55163;8566","15377;15379;16240;16410;17405;18335;28803;28938;29105;44074;57692"
"R-HSA-9707587","Regulation of HMOX1 expression and activity","3162;4780;571;7975;81502",""
"R-HSA-111459","Activation of caspases through apoptosome-mediated cleavage","317;331;54205;836;840;842","30616"
"R-HSA-111463","SMAC (DIABLO) binds to IAPs ","317;331;54205;56616;836;840;842",""
"R-HSA-111464","SMAC(DIABLO)-mediated dissociation of IAP:caspase complexes ","317;331;54205;56616;836;840;842",""
"R-HSA-6803207","TP53 Regulates Transcription of Caspase Activators and Caspases","317;472;55367;58484;7157;7161;834;835;839;843;8626;8738","30616"
"R-HSA-9692914","SARS-CoV-1-host interactions","3178;4869;5313",""
"R-HSA-5467333","APC truncation mutants are not K63 polyubiquitinated","324",""
"R-HSA-9734281","Defective HPRT1 disrupts guanine and hypoxanthine salvage","3251","16235;17368;18420"
"R-HSA-9634635","Estrogen-stimulated signaling through PRKCZ","3265;3845;4893;5170;5590;5594","37565;57836;57836"
"R-HSA-9753510","Signaling by RAS GAP mutants","3265;3845;4893","37565"
"R-HSA-9753512","Signaling by RAS GTPase mutants","3265;3845;4893","37565"
"R-HSA-3359471","Defective MMAB causes MMA, cblB type","326625","30616"
"R-HSA-110373","Resolution of AP sites via the multiple-nucleotide patch replacement pathway","328;5423","16516;16991;16991;33019"
"R-HSA-73930","Abasic sugar-phosphate removal via the single-nucleotide replacement pathway","328;5423","16991;33447"
"R-HSA-73933","Resolution of Abasic Sites (AP sites)","328","16991"
"R-HSA-168330","Viral RNP Complexes in the Host Cell Nucleus","3303;3304;956527;956531;956532;956534;956535;956536",""
"R-HSA-111469","SMAC, XIAP-regulated apoptotic response","331;5414;56616;836;840",""
"R-HSA-8948747","Regulation of PTEN localization","331;4734;5371;5728;6233;7311;7314;7316;7874","15377"
"R-HSA-9828642","Respiratory syncytial virus genome transcription","3312;KT992094","15377;18420;29105;33019;37565;43474;57856"
"R-HSA-192905","vRNP Assembly","3320;3843;956531;956534;956535;956536",""
"R-HSA-9820962","Assembly and release of respiratory syncytial virus (RSV) virions","3320;3326;KT992094","18420;29105"
"R-HSA-9834752","Respiratory syncytial virus genome replication","3320;3326;KT992094;U39662","18420;29105"
"R-HSA-8869496","TFAP2A acts as a transcriptional repressor during retinoic acid induced cell differentiation","3329;4605;4839;4869;7020",""
"R-HSA-8963888","Chylomicron assembly","335;336;337;338;344;345;348;4547;5034;51128","16113;16113;16247;16247;16247"
"R-HSA-390666","Serotonin receptors","3350;3351;3352;3354;3355;3356;3357;3358;3360;3361;3362;3363","10119;32193;350546;3766;65173;8707"
"R-HSA-2206280","MPS IX - Natowicz syndrome","3373",""
"R-HSA-8866423","VLDL assembly","338;341;346;4547;5034","16113;16113;16247;16247;16247;16247"
"R-HSA-8964046","VLDL clearance","338;341;346;51599;55911;7436","16113;16113;16247;16247"
"R-HSA-6799990","Metal sequestration by antimicrobial proteins","338324;3934;4057;6278;6279;6280","29034;29034;29035;29101;29105;29108;41609"
"R-HSA-1299344","TWIK-related spinal cord K+ channel (TRESK)","338567","29103;29103"
"R-HSA-5619044","Defective SLC6A19 causes Hartnup disorder (HND)","340024","29101;33384;35235;57305;57427;57762;57844;57912"
"R-HSA-5659735","Defective SLC6A19 causes Hartnup disorder (HND)","340024","29101;33384;35235;57305;57427;57762;57844;57912"
"R-HSA-5579004","Defective CYP26C1 causes FFDD4","340665","15378;15379;57783"
"R-HSA-2978092","Abnormal conversion of 2-oxoglutarate to 2-hydroxyglutarate","3417","15378;32796;57783"
"R-HSA-389542","NADPH regeneration","3417;48","15378;15378;15562;15562;16474;16526;16526;30769;57783"
"R-HSA-9818025","NFE2L2 regulating TCA cycle genes","3417;4199;4780","18420;29035"
"R-HSA-2206296","MPS II - Hunter syndrome","3423","29108"
"R-HSA-2206302","MPS I - Hurler syndrome","3425",""
"R-HSA-877312","Regulation of IFNG signaling","3458;3459;3460;3716;3717;5770;5771;5777;5781;6772;7341;8554;8651;9021","43474;43474"
"R-HSA-9732724","IFNG signaling activates MAPKs","3458;3459;3460;3716;3717;5594;5595;5894",""
"R-HSA-2404192","Signaling by Type 1 Insulin-like Growth Factor 1 Receptor (IGF1R)","3479;3480;3481;8483","30616"
"R-HSA-2428928","IRS-related events triggered by IGF1R","3479;3480;3481;3667;8471;8660","30616"
"R-HSA-8864260","Transcriptional regulation by the AP-2 (TFAP2) family of transcription factors","348;7020;7913",""
"R-HSA-5619079","Defective SLC6A18 may confer susceptibility to iminoglycinuria and/or hyperglycinuria","348932","57305"
"R-HSA-5659729","Defective SLC6A18 may confer susceptibility to iminoglycinuria and/or hyperglycinuria","348932","57305"
"R-HSA-9734195","Defective APRT disrupts adenine salvage","353",""
"R-HSA-5658034","HHAT G278V doesn't palmitoylate Hh-Np","3549;50846;55733;6469",""
"R-HSA-3371378","Regulation by c-FLIP","355;356;7186;841;8717;8737;8743;8772;8795;8797;8837",""
"R-HSA-5218900","CASP8 activity is inhibited","355;356;7186;841;8717;8737;8743;8772;8795;8797;8837",""
"R-HSA-69416","Dimerization of procaspase-8","355;356;7186;841;8717;8737;8743;8772;8795;8797;8837",""
"R-HSA-75157","FasL/ CD95L signaling","355;356;841;843;8772",""
"R-HSA-209543","p75NTR recruits signalling complexes","3551;3654;4615;4803;4804;5584;6233;7189;7311;7314;7316;8767;8878","30616"
"R-HSA-209560","NF-kB is activated and signals survival","3551;3654;4790;4792;4803;4804;5970;6233;7189;7311;7314;7316;8878","30616"
"R-HSA-9014843","Interleukin-33 signaling","3556;90865;9173",""
"R-HSA-8985947","Interleukin-9 signaling","3561;3578;3581;3716;3718;6772;6774;6776;6777",""
"R-HSA-9020958","Interleukin-21 signaling","3561;3716;3718;50615;59067;6772;6774;6775;6776;6777",""
"R-HSA-1059683","Interleukin-6 signaling","3569;3570;3572;3716;3717;5781;6772;6774;7297;867;9021","30616"
"R-HSA-110056","MAPK3 (ERK1) activation","3569;3570;3572;3716;3717;5595;5604;5781;7297;983","30616"
"R-HSA-112411","MAPK1 (ERK2) activation","3569;3570;3572;3716;3717;5594;5605;5781;7297","30616"
"R-HSA-9020591","Interleukin-12 signaling","3592;3593;3594;3595;3716;3717;5034;6775;6845;7297",""
"R-HSA-446343","Localization of the PINCH-ILK-PARVIN complex to focal adhesions","3611;3688;55742;5829",""
"R-HSA-74752","Signaling by Insulin receptor","3630;3643",""
"R-HSA-432030","Transport of glycerol from adipocytes to the liver by Aquaporins","364;366","17754;17754"
"R-HSA-210746","Regulation of gene expression in endocrine-committed (NEUROG3+) progenitor cells","3642;4760;4821;50674",""
"R-HSA-975110","TRAF6 mediated IRF7 activation in TLR7/8 or 9 signaling","3654;3665;387522;4615;51135;51284;54106;6233;7189;7311;7314;7316;7334;7335","33697;33697;33697;33697;36080;36704;36706;61120"
"R-HSA-975138","TRAF6 mediated induction of NFkB and MAP kinases upon TLR7/8 or 9 activation","3654;3656;4214;4615;51135;51284;51295;54106;7189","33697;33697;33697;33697;36704;36706;61120"
"R-HSA-975155","MyD88 dependent cascade initiated on endosome","3654;3656;4615;51135;51284;54106;7189","33697;33697;33697;33697;36704;36706;61120"
"R-HSA-975871","MyD88 cascade initiated on plasma membrane","3654;3656;4214;4615;51135;51295;7100;7189;81793;949101","23367"
"R-HSA-112399","IRS-mediated signalling","3667;5290;5291;5295;5296;8660",""
"R-HSA-198203","PI3K/AKT activation","3667;387;4803;4914;5290;5291;5295;5296;8660","30616;30616;57836"
"R-HSA-9603381","Activated NTRK3 signals through PI3K","3667;4908;4916;5290;5295;6714","57836"
"R-HSA-8949275","RUNX3 Regulates Immune Response and Cell Migration","3676;3683;6097;6696;864;865",""
"R-HSA-5690338","Defective ABCC6 causes PXE","368","25696;30616"
"R-HSA-199992","trans-Golgi Network Vesicle Budding","375;6810;6844;6845;8673;8729;8773","37565"
"R-HSA-1296067","Potassium transport channels","3758;3766;3773","29103;29103"
"R-HSA-1296053","Classical Kir channels","3759;3761;3768;3770","29103;29103"
"R-HSA-5683177","Defective ABCC8 can cause hypo- and hyper-glycemias","3767;6833","29103;29103;30616"
"R-HSA-1299503","TWIK related potassium channel (TREK)","3776;50801;54207","29103;29103"
"R-HSA-1299316","TWIK-releated acid-sensitive K+ channel (TASK)","3777;51305","29103;29103"
"R-HSA-9667769","Acetylcholine inhibits contraction of outer hair cells","3778;3779;3781;55584;57053","29103;29103;29108;29108"
"R-HSA-8850843","Phosphate bond hydrolysis by NTPDase proteins","377841;57089;953;954;955;956;957;9583","15378;15378;15378;18420;29108;29108;29108;37563;37563;37563;37565;37565;37565;37568;37568;43474;43474;43474;57865;57865;57930;58115;58115"
"R-HSA-5657562","Essential fructosuria","3795","15824;30616"
"R-HSA-77108","Utilization of Ketone Bodies","38;5019;622;64064","15378;57286;57287;57288;57292;57540"
"R-HSA-9669914","Dasatinib-resistant KIT mutants","3815",""
"R-HSA-9669917","Imatinib-resistant KIT mutants","3815",""
"R-HSA-9669921","KIT mutants bind TKIs","3815","85994"
"R-HSA-9669924","Masitinib-resistant KIT mutants","3815",""
"R-HSA-9669926","Nilotinib-resistant KIT mutants","3815",""
"R-HSA-9669929","Regorafenib-resistant KIT mutants","3815",""
"R-HSA-9669933","Signaling by kinase domain mutants of KIT","3815",""
"R-HSA-9669934","Sunitinib-resistant KIT mutants","3815",""
"R-HSA-9669935","Signaling by juxtamembrane domain KIT mutants","3815",""
"R-HSA-9669936","Sorafenib-resistant KIT mutants","3815",""
"R-HSA-9680187","Signaling by extracellular domain mutants of KIT","3815",""
"R-HSA-9636249","Inhibition of nitric oxide production","3836;3837;4843;886684",""
"R-HSA-193634","Axonal growth inhibition (RHOA activation)","387;396;4099;4168;4804;4974;57142;65078;84894","37565"
"R-HSA-209563","Axonal growth stimulation","387;396;4803;4804",""
"R-HSA-8985586","SLIT2:ROBO1 increases RHOA activity","387;4650;6091;9353","15377;37565;43474"
"R-HSA-166020","Transfer of LPS from LBP carrier to CD14","3929;929","16412"
"R-HSA-5659898","Intestinal saccharidase deficiencies","3938;6476","17716;27931;28189"
"R-HSA-5083630","Defective LFNG causes SCDO3","3955;4851;4853;4854;4855","57705"
"R-HSA-8941333","RUNX2 regulates genes involved in differentiation of myeloid cells","3958;860;861;865",""
"R-HSA-451927","Interleukin-2 family signaling","3965;84868",""
"R-HSA-9825895","Regulation of MITF-M-dependent genes involved in DNA damage repair and senescence","3978;4286;7015",""
"R-HSA-110381","Resolution of AP sites via the single-nucleotide replacement pathway","3980;5423;7515","16516;33019"
"R-HSA-948021","Transport to the Golgi and subsequent modification","3998;90411","36080;36080;36080"
"R-HSA-352238","Breakdown of the nuclear lamina","4000;4001;839",""
"R-HSA-8941413","Events associated with phagocytolytic activity of PMN cells","4025;4353","15377;15377;15378;15841;15841;15841;15841;15841;15841;15841;15841;16240;16240;16301;21615;23367;24757;28009;28868;29033;33101;55376;55376;55424;55478;55478"
"R-HSA-5340588","Signaling by RNF43 mutants","4040;4041;54894;7855;8322;8323;8325;89780",""
"R-HSA-9026766","Biosynthesis of protectin and resolvin conjugates in tissue regeneration (PCTR and RCTR)","4056","15377;15379;36080;36080;57305;57783;57925"
"R-HSA-1222449","Mtb iron assimilation by chelation","4057;45425328;45425849;45426882;45427842;885767;886176;886834;886853;888180","15378;15378;15379;29033;29033;29034;29034;29034;41609;57783"
"R-HSA-5690714","CD22 mediated BCR regulation","4067;5777;933;973;974","30616"
"R-HSA-141405","Inhibition of the proteolytic activity of APC/C required for the onset of anaphase by mitotic spindle checkpoint components","4085;991",""
"R-HSA-3304356","SMAD2/3 Phosphorylation Motif Mutants in Cancer","4087;4088;7040;7046;7048;9372","30616"
"R-HSA-3311021","SMAD4 MH2 Domain Mutants in Cancer","4087;4088;4089",""
"R-HSA-3315487","SMAD2/3 MH2 Domain Mutants in Cancer","4087;4088;4089",""
"R-HSA-3656532","TGFBR1 KD Mutants in Cancer","4087;4088;7040;7046;7048;9372",""
"R-HSA-2206285","MPS VI - Maroteaux-Lamy syndrome","411","29108"
"R-HSA-196071","Metabolism of steroid hormones","412","16189;29108;35341"
"R-HSA-141333","Biogenic amines are oxidatively deaminated to aldehydes by MAOA and MAOB","4128;4129","15379;15621;15760;16134;16240;16424;18397;28938;350546;57692"
"R-HSA-379401","Dopamine clearance from the synaptic cleft","4128;6531","29101;29101;57692"
"R-HSA-5579012","Defective MAOA causes BRUNS","4128","15379;350546;57692"
"R-HSA-5579024","Defective MAT1A causes MATD","4143","18420;29103;30616;57844"
"R-HSA-5579031","Defective ACTH causes obesity and POMCD","4158;5443",""
"R-HSA-176974","Unwinding of DNA","4171;4172;4173;4174;4175;4176;51659;64785;8318;84296;84515;9837","61120;61120"
"R-HSA-69052","Switching of origins to a post-replicative state","4171;4172;4173;4174;4175;4176;51053;81620",""
"R-HSA-9022534","Loss of MECP2 binding ability to 5hmC-DNA","4204",""
"R-HSA-9022535","Loss of phosphorylation of MECP2 at T308","4204;5566;801;805;808;814","29108"
"R-HSA-964739","N-glycan trimming and elongation in the cis-Golgi","4245;79694","57705"
"R-HSA-4793952","Defective MGAT2 causes CDG-2a","4247","57705"
"R-HSA-975574","Reactions specific to the hybrid N-glycan synthesis pathway","4248","57705"
"R-HSA-5657655","MGMT-mediated DNA damage reversal","4255","29105;4299"
"R-HSA-9857377","Regulation of MITF-M-dependent genes involved in lysosome biogenesis and autophagy","427;4286;51606;523;526;527;528;529;533;8992;9114;9550",""
"R-HSA-5545483","Defective Mismatch Repair Associated With MLH1","4292;5395",""
"R-HSA-5632987","Defective Mismatch Repair Associated With PMS2","4292;5395",""
"R-HSA-112311","Neurotransmitter clearance","43;590;6580;6582","251408;42944;53289;7514;8354;8665;8874"
"R-HSA-4043916","Defective MPI causes MPI-CDG","4351","57634"
"R-HSA-9637628","Modulation by Mtb of host immune system","4360;45424900;45426212;45427879;567;6233;7097;7311;7314;7316;885724;886209;887373;888479",""
"R-HSA-4551295","Defective ALG11 causes CDG-1p","440138","53742;57527"
"R-HSA-5632927","Defective Mismatch Repair Associated With MSH3","4436;4437",""
"R-HSA-5661231","Metallothioneins bind metals","4489;4490;4493;4494;4495;4496;4499;4501;4502;4504;84560","29036;29105;29105"
"R-HSA-1222538","Tolerance by Mtb to nitric oxide produced by macrophages","45424103;45425252;45425254;45425255;45425525;45426218;45426242;45426418;45426662;45427914;885357;885717;886241;886402;886865;886980;886981;886985;886997;887215;887871","15378;15379;15841;15841;15841;15857;16086;16134;16301;16480;17632;25941;29105;29120;33101;36144;57540;57925"
"R-HSA-9635644","Inhibition of membrane repair","45424261;45424262;886603;886604;9146",""
"R-HSA-1222541","Cell redox homeostasis","45424424;45425449;45426418;45426419;45427913;45427914;885357;885717;885959;886232;886241;886300;886418;888777","15378;57540;57692;57783"
"R-HSA-1222387","Tolerance of reactive oxygen produced by macrophages","45424697;45425418;45426418;45426589;45427234;45427849;885594;885638;885717;886174;886358;886624;887229;888042;888192;888559;888860","15378;15379;16240;18421;28868;29033;29036"
"R-HSA-9639775","Antimicrobial action and antimicrobial resistance in Mtb","45425368;45427446;886754;887629;888164;888177","28077;33019;37076;83400;83400"
"R-HSA-9636467","Blockage of phagosome acidification","45426212;51606;887373",""
"R-HSA-3359467","Defective MTRR causes HMAE","4548;4552","16304;29105;57692;57783"
"R-HSA-3359469","Defective MTR causes HMAG","4548;4552","18608;28115;29105;57692"
"R-HSA-9608287","Defective MUTYH substrate binding","4595",""
"R-HSA-9608290","Defective MUTYH substrate processing","4595",""
"R-HSA-5602680","MyD88 deficiency (TLR5)","4615;7100;949101",""
"R-HSA-5603037","IRAK4 deficiency (TLR5)","4615;51135;7100;81793;949101","23367"
"R-HSA-2206282","MPS IIIB - Sanfilippo syndrome B","4669",""
"R-HSA-6803544","Ion influx/efflux at host-pathogen interface","475;51248;538;6556","15378;15378;29033;29033;29035;29035;29105;29105;30616;43474"
"R-HSA-167021","PLC-gamma1 signalling","4803;4914;5335","30616"
"R-HSA-167060","NGF processing","4803;5045;5046;5125","29108"
"R-HSA-187042","TRKA activation by NGF","4803;4914","30616"
"R-HSA-187706","Signalling to p38 via RIT and RIN","4803;4914;6014;6016;673","29105;37565"
"R-HSA-193681","Ceramide signalling","4803;4804;6610","17636;18420;83273"
"R-HSA-198745","Signalling to STAT3","4803;4914;6774","30616"
"R-HSA-205017","NFG and proNGF binds to p75NTR","4803;4804",""
"R-HSA-203754","NOSIP mediated eNOS trafficking","4846;51070","29105;57692"
"R-HSA-2644607","Loss of Function of FBXW7 in Cancer and NOTCH1 Signaling","4851;55294;6500;8454;9978",""
"R-HSA-9735763","Defective PNP disrupts phosphorolysis of (deoxy)guanosine and (deoxy)inosine","4860","17596;28997;43474"
"R-HSA-418359","Reduction of cytosolic Ca++ levels","487;488;489;490;491;492;493;6543;6546;6547;6717;801;805;808","15378;15378;29101;29101;29108;29108;29108"
"R-HSA-5619048","Defective SLC11A2 causes hypochromic microcytic anemia, with iron overload 1 (AHMIO1)","4891","15378;29033"
"R-HSA-9025046","NTF3 activates NTRK2 (TRKB) signaling","4908;4915",""
"R-HSA-9034013","NTF3 activates NTRK3 signaling","4908;4916",""
"R-HSA-9034015","Signaling by NTRK3 (TRKC)","4908;4916;5800;5802","15377;43474"
"R-HSA-9034793","Activated NTRK3 signals through PLCG1","4908;4916;5335",""
"R-HSA-9026357","NTF4 activates NTRK2 (TRKB) signaling","4909;4915",""
"R-HSA-9026527","Activated NTRK2 signals through PLCG1","4909;4915;5335;627",""
"R-HSA-9630221","Defective NTHL1 substrate processing","4913",""
"R-HSA-9630222","Defective NTHL1 substrate binding","4913",""
"R-HSA-9024909","BDNF activates NTRK2 (TRKB) signaling","4915;627",""
"R-HSA-68875","Mitotic Prophase","4926;891;983","30616"
"R-HSA-9656255","Defective OGG1 Substrate Binding","4968",""
"R-HSA-9656256","Defective OGG1 Substrate Processing","4968","26523"
"R-HSA-9657050","Defective OGG1 Localization","4968",""
"R-HSA-111885","Opioid Signalling","4988;5173;5443",""
"R-HSA-549127","Organic cation transport","5002;55356;6248;6580;6581;6582;6583;6584;85413;861","15378;15378;15854;15854;28593;28593;29101;29101;31941;31941;350546;350546;3699;3699;42820;42820;57834;57834;65133;65133"
"R-HSA-5619066","Defective SLC22A18 causes lung cancer (LNCR) and embryonal rhabdomyosarcoma 1 (RMSE1)","5002","15378;28593"
"R-HSA-388479","Vasopressin-like receptors","5020;5021;551;552;553;554",""
"R-HSA-2160456","Phenylketonuria","5053","15379;29033"
"R-HSA-211728","Regulation of PAK-2p34 activity by PS-GAP/RHG10","5062;79658",""
"R-HSA-211736","Stimulation of the cell death response by PAK-2p34","5062;836","30616"
"R-HSA-3238698","WNT ligand biogenesis and trafficking","50999;51384;51699;54361;55737;64840;7471;7472;7473;7474;7475;7476;7477;7478;7479;7480;7481;7482;7483;7484;79971;80326;81029;8724;89780;9559","53152;57287"
"R-HSA-163358","PKA-mediated phosphorylation of key metabolic factors","51085;5207;5566;5567;5568","15378;15378;30616;30616"
"R-HSA-163680","AMPK inhibits chREBP transcriptional activation activity","51085;51094;51422;5563;5565;6794;79602;9370","15378;30616"
"R-HSA-163767","PP2A-mediated dephosphorylation of key metabolic factors","51085;5207;5515;5516;5518;5519;5528","43474;43474"
"R-HSA-5662853","Essential pentosuria","51181","15378;17399;57783"
"R-HSA-209952","Peptide hormone biosynthesis","5122;5443","29108"
"R-HSA-425397","Transport of vitamins, nucleosides, and related molecules","51248;8884;9197","15956;15956;16494;16494;29032;29032;29101;29101;57288;57288"
"R-HSA-168181","Toll Like Receptor 7/8 (TLR7/8) Cascade","51284;51311","33697;33697;33697;33697;36704;36706"
"R-HSA-9824856","Defective regulation of TLR7 by endogenous ligand","51284","28181;40304"
"R-HSA-3359485","Defective CD320 causes MMATC","51293;6948","28911"
"R-HSA-111957","Cam-PDE 1 activation","5136;5137;5153;801;805;808","29108;456215"
"R-HSA-444411","Rhesus glycoproteins mediate ammonium transport.","51458;57127;6005","15378;15378;28938;28938"
"R-HSA-9674396","Imatinib-resistant PDGFR mutants","5156",""
"R-HSA-9674401","Sunitinib-resistant PDGFR mutants","5156",""
"R-HSA-9674403","Regorafenib-resistant PDGFR mutants","5156",""
"R-HSA-9674404","Sorafenib-resistant PDGFR mutants","5156",""
"R-HSA-9674428","PDGFR mutants bind TKIs","5156","85164;85994"
"R-HSA-5619046","Defective SLC26A4 causes Pendred syndrome (PDS)","5172","16382"
"R-HSA-9634600","Regulation of glycolysis by fructose 2,6-bisphosphate metabolism","5207;5208;5209;5210;5515;5516;5518;5519;5528;5566;5567;5568","15377;15377;15378;28602;43474;43474;57634"
"R-HSA-5609974","Defective PGM1 causes PGM1-CDG","5236","18420"
"R-HSA-2161517","Abacavir transmembrane transport","5243;6580;6581;6582;9429","30616;421707;421707;421707;421707;43474"
"R-HSA-5678771","Defective ABCB4 causes PFIC3, ICP3 and GBD1","5244","30616;57643"
"R-HSA-9842640","Signaling by LTK in cancer","5290;5291;5295;5296;5594;5595;6249",""
"R-HSA-8847453","Synthesis of PIPs in the nucleus","5305;79837;8396;90809","43474;57795"
"R-HSA-111995","phospho-PLA2 pathway","5321;5594","17504;29108;30616;32395;57643"
"R-HSA-196783","Coenzyme A biosynthesis","53354;60490;79646;79717;79877;80025;80347","15378;16526;29032;30616;33019;35235;57287;57328"
"R-HSA-4043911","Defective PMM2 causes PMM2-CDG","5373","17369"
"R-HSA-162699","Synthesis of dolichyl-phosphate mannose","54344;8813;8818","57523;57523;57527;57683"
"R-HSA-4717374","Defective DPM1 causes DPM1-CDG","54344;8813;8818","15750;57527"
"R-HSA-4719360","Defective DPM3 causes DPM3-CDG","54344;8813;8818","15750;57527"
"R-HSA-4719377","Defective DPM2 causes DPM2-CDG","54344;8813;8818","15750;57527"
"R-HSA-163282","Mitochondrial transcription initiation","5442;64216;7019","61120"
"R-HSA-211897","Cytochrome P450 - arranged by substrate type","5447","29033;29034;57783"
"R-HSA-2892245","POU5F1 (OCT4), SOX2, NANOG repress genes related to differentiation","5460;6657;79923",""
"R-HSA-5579016","Defective UGT1A4 causes hyperbilirubinemia","54657","16427"
"R-HSA-5579002","Defective UGT1A1 causes hyperbilirubinemia","54658","16427"
"R-HSA-1483076","Synthesis of CL","54675","28494;64716"
"R-HSA-5619101","Variant SLC6A20 contributes towards hyperglycinuria (HG) and iminoglycinuria (IG)","54716","29101"
"R-HSA-5660686","Variant SLC6A20 contributes towards hyperglycinuria (HG) and iminoglycinuria (IG)","54716","29101"
"R-HSA-73943","Reversal of alkylation damage by DNA dioxygenases","54890;79068","16335;16526;21891;29033"
"R-HSA-5619099","Defective AVP does not bind AVPR1A,B and causes neurohypophyseal diabetes insipidus (NDI)","551;552;553",""
"R-HSA-9036092","Defective AVP does not bind AVPR2 and causes neurohypophyseal diabetes insipidus (NDI)","551;554",""
"R-HSA-163685","Integration of energy metabolism","5515;5516;5518;5519;5528","57737"
"R-HSA-9629232","Defective Base Excision Repair Associated with NEIL3","55247",""
"R-HSA-9636003","NEIL3-mediated resolution of ICLs","55247",""
"R-HSA-5619063","Defective SLC29A3 causes histiocytosis-lymphadenopathy plus syndrome (HLAS)","55315","16335;17562;17596;17748"
"R-HSA-9010642","ROBO receptors bind AKAP5","5532;5566;5567;5568;5576;5578;6092;64221;9495",""
"R-HSA-5619078","Defective SLC35C1 causes congenital disorder of glycosylation 2C (CDG2C)","55343",""
"R-HSA-8849474","PTK6 Activates STAT3","55620;5753;6774;9021",""
"R-HSA-5619088","Defective SLC39A4 causes acrodermatitis enteropathica, zinc-deficiency type (AEZ)","55630","29105"
"R-HSA-114516","Disinhibition of SNARE formation","5578;5579;5582;6810;6814","17815;29108;30616"
"R-HSA-76005","Response to elevated platelet cytosolic Ca2+","5578;5579;5582","17815;29108;29108"
"R-HSA-5683329","Defective ABCD4 causes MAHCJ","55788;5826","28911;30616"
"R-HSA-5674499","Negative feedback regulation of MAPK pathway","5594;5595;5604;5605;5894;673","30616"
"R-HSA-9652169","Signaling by MAP2K mutants","5594;5595;5604;5605",""
"R-HSA-198765","Signalling to ERK5","5598;5607","30616"
"R-HSA-4549380","Defective ALG1 causes CDG-1k","56052","57527"
"R-HSA-169131","Inhibition of PKR","5610;956533",""
"R-HSA-70688","Proline catabolism","5625;58510;8659","15378;17388;57540;57692"
"R-HSA-1483152","Hydrolysis of LPE","56261;8605","16000;28936;29017;57560;57597"
"R-HSA-5579015","Defective CYP26B1 causes RHFCA","56603","15378;15379;16474"
"R-HSA-5619047","Defective SLC2A9 causes hypouricemia renal 2 (RHUC2)","56606","15824;17775"
"R-HSA-1299287","Tandem pore domain halothane-inhibited K+ channel (THIK)","56659","29103;29103"
"R-HSA-9708530","Regulation of BACH1 activity","571;6233;64839;6500;6502;7311;7314;7316;7975;8454;9978","26523;36080"
"R-HSA-5674404","PTEN Loss of Function in Cancer","5728","57836"
"R-HSA-140180","COX reactions","5742","10545;15378;15379;15554;26355;27647;32395"
"R-HSA-9018679","Biosynthesis of EPA-derived SPMs","5743","15379;26355;28364"
"R-HSA-9025094","Biosynthesis of DPAn-3 SPMs","5743","15379;26355;90824"
"R-HSA-8849472","PTK6 Down-Regulation","5753;5770;6725","43474"
"R-HSA-9673766","Signaling by cytosolic PDGFRA and PDGFRB fusion proteins","57599;6801;81608",""
"R-HSA-111452","Activation and oligomerization of BAK protein","578;637",""
"R-HSA-9663199","Defective DNA double strand break response due to BRCA1 loss of function","580;672",""
"R-HSA-9699150","Defective DNA double strand break response due to BARD1 loss of function","580;672",""
"R-HSA-114294","Activation, translocation and oligomerization of BAX","581;637",""
"R-HSA-9793242","SUMOylation of nuclear envelope proteins","5905;7329;7341",""
"R-HSA-9661070","Defective translocation of RB1 mutants to the nucleus","5925",""
"R-HSA-6809583","Retinoid metabolism disease events","5950","17336"
"R-HSA-5619042","Defective RHAG causes regulator type Rh-null hemolytic anemia (RHN)","6005","28938"
"R-HSA-9037628","Rhesus blood group biosynthesis","6006;6007",""
"R-HSA-5619114","Defective SLC5A7 causes distal hereditary motor neuronopathy 7A (HMN7A)","60482","29101"
"R-HSA-5658471","Defective SLC5A7 causes distal hereditary motor neuronopathy 7A (HMN7A)","60482","29101"
"R-HSA-8985801","Regulation of cortical dendrite branching","6091;6092;6585;8440",""
"R-HSA-9683683","Maturation of protein E","6233;7311;7314;7316","15378;25609;57287;57379;57930"
"R-HSA-9694493","Maturation of protein E","6233;7311;7314;7316","15378;25609;57287;57379;57930"
"R-HSA-8981373","Intestinal hexose absorption","6248;6514;6518;6523","15824;15824;29101;29101"
"R-HSA-6804754","Regulation of TP53 Expression","639;7157",""
"R-HSA-5679090","Defective ABCG8 causes GBD4 and sitosterolemia","64240;64241","16113;26125;30616"
"R-HSA-5679096","Defective ABCG5 causes sitosterolemia","64240;64241","16113;26125;30616"
"R-HSA-5688031","Defective pro-SFTPB causes SMDP1 and RDS","6439",""
"R-HSA-9692912","SARS-CoV-1 targets PDZ proteins in cell-cell junction","64398",""
"R-HSA-5688354","Defective pro-SFTPC causes SMDP2 and RDS","6440",""
"R-HSA-168179","Toll Like Receptor TLR1:TLR2 Cascade","6441;653509;7096;7097;729238;929",""
"R-HSA-2206307","MPS IIIA - Sanfilippo syndrome A","6448",""
"R-HSA-5340573","LGK974 inhibits PORCN","64840",""
"R-HSA-5619067","Defective SLC1A1 is implicated in schizophrenia 18 (SCZD18) and dicarboxylic aminoaciduria (DCBXA)","6505","15378;17364;29101;29103"
"R-HSA-5619062","Defective SLC1A3 causes episodic ataxia 6 (EA6)","6507","15378;17364;29101;29103"
"R-HSA-5619043","Defective SLC2A1 causes GLUT1 deficiency syndrome 1 (GLUT1DS1)","6513",""
"R-HSA-5619098","Defective SLC2A2 causes Fanconi-Bickel syndrome (FBS)","6514","15824"
"R-HSA-5660862","Defective SLC7A7 causes lysinuric protein intolerance (LPI)","6520;9056","29101;32682;57427"
"R-HSA-5619050","Defective SLC4A1 causes hereditary spherocytosis type 4 (HSP4),  distal renal tubular acidosis (dRTA) and dRTA with hemolytic anemia (dRTA-HA)","6521","17544"
"R-HSA-5656364","Defective SLC5A1 causes congenital glucose/galactose malabsorption (GGM)","6523","29101"
"R-HSA-5658208","Defective SLC5A2 causes renal glucosuria (GLYS1)","6524","29101"
"R-HSA-5619096","Defective SLC5A5 causes thyroid dyshormonogenesis 1 (TDH1)","6528","16382;29101"
"R-HSA-888593","Reuptake of GABA","6529;6538;6539;6540","17750;17750;29101;29101"
"R-HSA-5619109","Defective SLC6A2 causes orthostatic intolerance (OI)","6530","29101"
"R-HSA-5619081","Defective SLC6A3 causes Parkinsonism-dystonia infantile (PKDYS)","6531","29101"
"R-HSA-5660724","Defective SLC6A3 causes Parkinsonism-dystonia infantile (PKDYS)","6531","29101"
"R-HSA-380615","Serotonin clearance from the synaptic cleft","6532","29101;29101;350546;350546"
"R-HSA-5619104","Defective SLC12A1 causes Bartter syndrome 1 (BS1)","6557","29101;29103"
"R-HSA-5619087","Defective SLC12A3 causes Gitelman syndrome (GS)","6559","29101"
"R-HSA-5619070","Defective SLC16A1 causes symptomatic deficiency in lactate transport (SDLT)","6566;682","15378;30762;37054;422"
"R-HSA-5619040","Defective SLC34A1 causes hypophosphatemic nephrolithiasis/osteoporosis 1 (NPHLOP1)","6569","29101;43474"
"R-HSA-427652","Sodium-coupled phosphate cotransporters","6574;6575","29101;29101;43474;43474"
"R-HSA-5619111","Defective SLC20A2 causes idiopathic basal ganglia calcification 1 (IBGC1)","6575","29101;43474"
"R-HSA-5619095","Defective SLCO2A1 causes primary, autosomal recessive hypertrophic osteoarthropathy 2 (PHOAR2)","6578","15544;15551;15553;15555"
"R-HSA-5619053","Defective SLC22A5 causes systemic primary carnitine deficiency (CDSP)","6584","29101"
"R-HSA-5250992","Toxicity of botulinum toxin type E (botE)","6616;9899;9900","15378;29105;29105;29105;29105"
"R-HSA-9709275","Impaired BRCA2 translocation to the nucleus","675;7979",""
"R-HSA-9763198","Impaired BRCA2 binding to SEM1 (DSS1)","675;7979",""
"R-HSA-5250989","Toxicity of botulinum toxin type G (botG)","6843;6844;6857","15378;29105;29105;29105;29105"
"R-HSA-3371598","Defective BTD causes biotidinase deficiency","686","27870"
"R-HSA-380095","Tachykinin receptors bind tachykinins","6863;6865;6866;6869;6870",""
"R-HSA-75893","TNF signaling","6868;7124;7132;7186;8717;8737;9530","29105"
"R-HSA-163754","Insulin effects increased synthesis of Xylulose-5-Phosphate","6888;7086","15721;18420;57634;57737"
"R-HSA-6791055","TALDO1 deficiency: failed conversion of SH7P, GA3P to Fru(6)P, E4P","6888","15721"
"R-HSA-6791462","TALDO1 deficiency: failed conversion of  Fru(6)P, E4P to SH7P, GA3P","6888","57634"
"R-HSA-5579032","Defective TBXAS1 causes GHDD","6916","15554"
"R-HSA-3359454","Defective TCN2 causes TCN2 deficiency","6948","28911"
"R-HSA-3642279","TGFBR2 MSI Frameshift Mutants in Cancer","7040;7048",""
"R-HSA-3645790","TGFBR2 Kinase Domain Mutants in Cancer","7040;7046;7048","30616"
"R-HSA-5602410","TLR3 deficiency - HSE","7098",""
"R-HSA-5602415","UNC93B1 deficiency - HSE","7098;81622",""
"R-HSA-168176","Toll Like Receptor 5 (TLR5) Cascade","7100;949101",""
"R-HSA-9723905","Loss of function of TP53 in cancer due to loss of tetramerization ability","7157",""
"R-HSA-5578995","Defective TPMT causes TPMT deficiency","7172","2208"
"R-HSA-9693928","Defective RIPK1-mediated regulated necrosis","7186;841;8717;8737;8772",""
"R-HSA-8877627","Vitamin E","7274",""
"R-HSA-5687868","Defective SFTPA2 causes IPF","729238",""
"R-HSA-5263617","Metabolism of ingested MeSeO2H into MeSeH","7296","15378;57692;57783;64685"
"R-HSA-167826","The fatty acid cycling model","7350;7351;7352;9016;9481","15378;15378;28868;28868;35366;35366"
"R-HSA-167827","The proton buffering model","7350;7351;7352;9016;9481","15378;15378;15904;30616;37565"
"R-HSA-5619072","Defective SLC35A2 causes congenital disorder of glycosylation 2M (CDG2M)","7355","57847;66914"
"R-HSA-69478","G2/M DNA replication checkpoint","7465;891;9088;9133;983","30616;30616"
"R-HSA-4793954","Defective MOGS causes CDG-2b","7841",""
"R-HSA-9636569","Suppression of autophagy","7879;80824;885903;887988","15378;57287;57288"
"R-HSA-4724325","Defective ALG8 causes CDG-1h","79053","15812"
"R-HSA-4720489","Defective ALG12 causes CDG-1g","79087","57523"
"R-HSA-4755579","Defective SRD5A3 causes SRD5A3-CDG, KHRZ","79644","57783;67132"
"R-HSA-9616334","Defective Base Excision Repair Associated with NEIL1","79661",""
"R-HSA-163316","Mitochondrial transcription termination","7978","61120"
"R-HSA-4720454","Defective ALG9 causes CDG-1l","79796","57523"
"R-HSA-111997","CaM pathway","801;805;808","29108"
"R-HSA-5545619","XAV939 stabilizes AXIN","80351;8658",""
"R-HSA-8941237","Invadopodia formation","8038;8728;8751;9644","16152"
"R-HSA-1606322","ZBP1(DAI) mediated induction of type I IFNs","81030",""
"R-HSA-5619068","Defective SLC2A10 causes arterial tortuosity syndrome (ATS)","81031",""
"R-HSA-168316","Assembly of Viral Components at the Budding Site","811;821;956527;956528;956529;956530;956531","23367;23367"
"R-HSA-1483101","Synthesis of PS","81490;9791","16000;33384;57613;57643"
"R-HSA-168142","Toll Like Receptor 10 (TLR10) Cascade","81793","23367"
"R-HSA-1299361","TWIK-related alkaline pH activated K+ channel (TALK)","83795;89822","29103;29103"
"R-HSA-75158","TRAIL  signaling","841;843;8743;8772;8793;8795;8797;8837",""
"R-HSA-4549349","Defective ALG2 causes CDG-1i","85365","18396;57527"
"R-HSA-8951911","RUNX3 regulates RUNX1-mediated transcription","864;865",""
"R-HSA-5678520","Defective ABCB11 causes PFIC2 and BRIC2","8647","16525;30616;36252;36257"
"R-HSA-5619054","Defective SLC4A4 causes renal tubular acidosis, proximal, with ocular abnormalities and mental retardation (pRTA-OA)","8671","17544;29101"
"R-HSA-1368071","NR1D1 (REV-ERBA) represses gene expression","8841;9572;9611","36144"
"R-HSA-9637698","Phagocyte cell death caused by cytosolic Mtb","886229","15377;15378;57540"
"R-HSA-170145","Phosphorylation of proteins involved in the G2/M transition by Cyclin A:Cdc2 complexes","890;8900;983","30616"
"R-HSA-3560796","Defective PAPSS2 causes SEMD-PA","9060","16189;30616"
"R-HSA-5619089","Defective SLC6A5 causes hyperekplexia 3 (HKPX3)","9152","29101;57305"
"R-HSA-4570571","Defective RFT1 causes CDG-1n","91869","37633"
"R-HSA-5619077","Defective SLC24A1 causes congenital stationary night blindness 1D (CSNB1D)","9187","29101;29103;29108"
"R-HSA-5619061","Defective SLC33A1 causes spastic paraplegia 42 (SPG42)","9197","57288"
"R-HSA-3282872","Severe congenital neutropenia type 4 (G6PC3)","92579",""
"R-HSA-5579013","Defective CYP7B1 causes SPG5A and CBAS3","9420","15378;15379;42977;57783"
"R-HSA-5579007","Defective ACY1 causes encephalopathy","95","29105"
"R-HSA-4687000","Defective MPDU1 causes CDG-1f","9526","37633;57523"
"R-HSA-1855231","Synthesis of IPs in the ER lumen","9562","16067;16507;203600;43474;57733;57895"
"R-HSA-168255","Influenza Infection","956527;956528;956529;956530;956531;956532;956534;956535;956536","23367;26667"
"R-HSA-168288","Fusion of the Influenza Virion to the Host Cell Endosome","956527;956528;956529;956530;956531;956532;956534;956535;956536","23367"
"R-HSA-168298","Release","956527;956528;956529;956530;956531;956532;956534;956535;956536","23367;26667"
"R-HSA-168302","Budding","956527;956528;956529;956530;956531;956532;956534;956535;956536","23367;26667"
"R-HSA-168303","Packaging of Eight RNA Segments","956527;956528;956529;956530;956531;956532;956534;956535;956536",""
"R-HSA-168336","Uncoating of the Influenza Virion","956527;956528;956529;956530;956531;956532;956534;956535;956536","15378;15378;23367;23367"
"R-HSA-168874","Transport of HA trimer, NA tetramer and M2 tetramer from the endoplasmic reticulum to the Golgi Apparatus","956528;956529;956530",""
"R-HSA-192869","cRNA Synthesis","956531;956534;956535;956536","33697;33697"
"R-HSA-168888","Inhibition of IFN-beta","956533","67208"
"R-HSA-5619039","Defective SLC12A6 causes agenesis of the corpus callosum, with peripheral neuropathy (ACCPN)","9990","29103"
"R-HSA-9828721","Translation of respiratory syncytial virus mRNAs","KT992094",""
"R-HSA-9694322","Virion Assembly and Release","MN908947.3","133969;143976;17851;8756;8756"
"R-HSA-9694635","Translation of Structural Proteins","MN908947.3","133969;133969;133969;143976;143976;143976;17851;17851;17851;8756;8756"
"R-HSA-9694786","Transcription of SARS-CoV-2 sgRNAs","MN908947.3","133969;133969;133969;133969;133969;133969;133969;133969;143976;143976;143976;143976;143976;143976;143976;143976;15377;15378;17851;17851;17851;17851;17851;17851;17851;17851;18420;18420;29035;29035;33019;33019;37565;43474;57856;8756;8756;8756;8756"
"R-HSA-9727281","Translation of Accessory Proteins","MN908947.3","133969;133969;143976;143976;17851;17851;36080;8756;8756"
"R-HSA-9679509","Virion Assembly and Release","NC_004718.3","8756"
"R-HSA-9683701","Translation of Structural Proteins","NC_004718.3","133969;133969;133969;143976;143976;143976;17851;17851;17851;8756;8756"
"WP5352","10q11.21q11.23 copy number variation syndrome","NA","NA"
"WP5402","10q22q23 copy number variation","170425;442911;89765;83861;221421;345895;81492;27156;374407;83853;8382;154865;143241;112441434;79812;23244;54462;387694;88;1050;6623;701;56241;387695;9126;149840;4142;657;10274;27069;81619;2746;5885;4143;84332;2066;26103;84293;8243;10718;10459;94233;23409;10771;11155;23063;54537;650;7422;10974;10262;10939;5468;6457;2894;2838;102;643161;5995;8600;340745;4790;23047;92211","29103;29108;29985;15378;30616;15377;57844;16066;16810;17898;18420;33019;43474;59789"
"WP5348","11p11.2 copy number variation syndrome ","3689;6469;9575;5978;4166;3109;56981;2737;3655;7076;51176;93185;162540;3122;3108;284359;3340;55343;920;8534;967;1839;57586;963;1408;221120;930;3676;9537;81839;387763;9479;3959;3732;977;84680;8702;406;11041;6386;931;90139;2132;51317;93010;3688;7157;3675;2131;60529;9378;143678;9409;120071;10478;8504","18420;132415;17985;18331;74491;15379;16810;132416;16842;29033;43858;30031;58223;74411;16526;57705;17980;57273;58115"
"WP5405","13q12 or CRYL1 copy number variation ","51084","15846;57655;38083;16908;13115"
"WP5406","13q12.12 copy number variation","100506697;100313842;26278;65078;4285;6310;5599;7187;5879;221178;998;6442;387911;55504;8082;1605;57142;6444;7186;1756;387;4099;7185;9370;6641;338872;84894;5601;6443;2318;7188;6445;1837;6640","17552"
"WP4940","15q11.2 copy number variation syndrome","114791;81614;85378;27229;10844;123606;23191;10426;2332","18420"
"WP5407","15q11q13 copy number variation","406993;55719;23137;493861;197370;286053;56160;79677;84250;871;79608;100820829;1139;5970;2177;27134;55215;7082;9578;125111;161725;4286;6804;4308;57165;25876;112755;653075;653125;6812;80036;3065;728498;100506658;51621;63941;22909;29855;25942;57530;801;26287;6352;2697;351;821;101059918;23268;23359;8850;727909;728047;9414;54893;130574;653073;1525;321;1387","14321;29101;49786;18420;37136;29108;27363;29035;15355"
"WP4942","15q13.3 copy number variation syndrome","100288380;89838;51621;1139;54893;10936;101059918;1387;4308;2177;161725;727909;728047;89832;89839;6352;22909;728498;2534;2916;871;8850","16991;15355;14321"
"WP5408","15q25 copy number variation","100616404;8120;8943;10947;1176;2911;6262;26052;5151;83640;643707;6457;57188;5894;123207;4828;1950;9455;23478;123722;6261;84942;53339;50944;8867;60559;6513;123720;646;64506;28972;4829;116986;7150;57538;3708;8731;2915;9154;3064;9789;53346;85358;54993;9640;64282","16335;17748;30013;83421;17562;16704;456216;58165;456215;30616;61977;29999"
"WP4950","16p11.2 distal deletion syndrome","100616256;27040;7185;7410;975;3732;3791;84901;25970;930;8519;5868;3276;5350;2885;4352;487;3717;79874;100289092;4773;1380;11273;718;10806;5867;27342;7284;83985;6588;3565;3643;7186","26739;15422;16761;29108"
"WP4949","16p11.2 proximal deletion syndrome","100500917;100847041;143;26470;58508;9344;841;4478;5468;146378;22948;10497;83723;5608;6950;22976;8479;5516;10576;10693;57223;124446;7430;6477;112476;55671;4790;79447;226;5515;5966;10694;8841;5531;10423;10574;8448;653808;5606;5728;5518;908;2186;253982;7290;5111;6693;57718;5528;8085;283899;23475;7189;4150;8030;2908;151987;10575;9989;283897;3835;9961;3486;2099;3476;253980;23025;139420;7203;7186;11151;6911;7157;83719;79153;5595","60377;15378;57502;29069;57394;59776;29108;57756;58332;18035;75215;57642;57880;57287;33019;72961;29959;17268;32966;16526;58017;72962;72959;57380;57379;7896;85223;15377;71464;137009;16870;74544;15354;72998;57518;85222;137017;77580;85217;64496;71466;2700"
"WP5376","17p13.3 (YWHAE) copy number variation","7531;1621;81565;7529;1020;1644;5048;7054;1639;27185;1778;7532;7533;7534;10971;5515;10540;11258;51164;84516;10671","18186;18243;33569;15765"
"WP5287","17q12 copy number variation syndrome","6352;729877;30837;8148;6351;284099;79893;10948;80179;246176;3980;31;414060;6928;782;117584;8396;84299;54475;284098;6362;11056;79154;93210;22806;79148;3927;390790;84311;440435;91607;100170841;57636;146861;342618;284106;55106;5469;146862;6356;10693;2886;163;91608;51755;57125;256957;6354;342667;8557;146853;4761;6346;201299;7703;5409;5193;11072;6871;6360;414062;6349;3975;414059;101060321;54752;101060351;102723859;79922;9349;6357;84961;729873;102724862;6359;84152;91603;57151;6355;2064;40;26574;9326;80725;4302;162394;494188;388372;9560;11276;101060376;6348;388381;146857;400591;6358;54883;124842;5892;6347;7006",""
"WP5345","1p36 copy number variation syndrome","NA","NA"
"WP4905","1q21.1 copy number variation syndrome","100506658;2697;7082;2700;50848;55243;4301;27134;9414;5571;5562;5563;51422;5565;2330;53632;5564;149013;9557;2703;265;2702;51205;1499;26108;607;90780","16269;17735;16027;16761;16991;62837;30879;26078;75757;7794"
"WP4657","22q11.2 copy number variation syndrome","642643;25786;7157;4099;5905;5347;5071;596;9978;7514;5430;10298;9076;9611;6097;8131;1365;8452;26220;1104;101928891;6720;3842;57142;8841;9681;406;5649;5901;6721;109617010;23176;8359;554313;10892;128977;10641;1013;55752;7450;2812;2811;1813;2814;2815;3053;2746;388849;421;5894;51586;8659;84861;8216;7353;80764;6545;85359;400891;4942;23617;8479;9464;8036;65078;8318;6517;5413;128989;9993;150197;2928;7122;54584;150209;10587;5902;79680;7625;5500;9127;8220;23468;27037;5297;25842;64976;8218;7290;5077;60385;2255;6576;1399;91179;284361;6722;29102;3170;5625;2253;56603;1312;8646;2296;6469;1592;5308;29801;2263;54487;6899;340665;2303;2260;1482;8854;9342;998;3280;2637;59;70;1956;3837","28304;15729;57880;58178;29016;30616;18376;25094;456216;15422;30915;133748;17232;26271;16176;28300;14321;8863;15893;15035;89951;545959;6067;80656;18357;18243;89633;33568;63795;41941;1582"
"WP5221","2q11.2 copy number variation syndrome","93082;100422928;23020;1280;431705;151;56910;55654;51239;1844;81562;54910;26505;23397;10865;200539;9391;90342;51252;150771;55683;26504;387;1353;84191;7783;55486;5595;23654;5594;51647;64210;2064","17089;49183;139356"
"WP5222","2q13 copy number variation syndrome","541471;100616341;100616165;5441;26525;5440;284958;10018;3553;10461;150468;150465;51082;3557;56300;84639;25885;84172;3552;64682;55289;23550;5437;129804;5435;727851;84910;64425;84269;10849;27179;9533;27178;5336;5434;30834;376940;84524;6574;27177;6772;221830;9021;7287;3558;1435;51561;2625;2885;10563;5747;2621;3554;8651;3958;1437;8808;3556;5594;382;3569;80117;5879","43474;17552;57692;29101;36080;37565"
"WP5223","2q21.1 copy number variation syndrome","100616378;101927994;445582;50649;344561;90557;55041;653784;130074;205147;113457;5879;996;146849;6774;11075;324;387","17552;18348;37565"
"WP5224","2q37 copy number variation syndrome","100506749;25992;150678;5133;79083;54575;6694;55230;100616417;51281;285193;57007;23677;140739;151176;64284;23192;414061;10267;401036;9759;1841;10123;375316;4705;150677;10494;728294;116987;150681;2637;100423043;79919;377007;3069;80895;54578;26146;1293;11132;100616397;8864;54658;2859;389090;375318;666;79781;2817;9208;55502;23178;100616360;285093;129807;79054;84289;9855;10203;57140;406941;130916;151507;8527;189;51078;64090;100616493;54576;100422942;55355;51540;10920;54577;339768;339766;117581;51052;547;54600;5510;54657;653437;4735;50636;51665;4644;4134;11337;8837;10691;23710;801;11345;440738;84557;19;81631;4208;4792;4738;7124;375;7852;3651;1915;5873;4205;57817;3597;64121;1956;124404;5617;5879;3280;58528;796;6387;3725;10325;9267;7187;4654;1058;3690;381;6373;23157;4656;5414;7157;27185;3705;5154;6194;3394;3553;3611;2997;429;10670;9266;27128;9265","36080;17552;16618;63528;58369;25941;17632;15801;16810;58608;15377;132367;157750;57262;18344;29108;132368;57843;57972;17815;16113;29101;15361;18390;57643;18348;37565"
"WP4906","3q29 copy number variation syndrome","NA","NA"
"WP3879","4-hydroxytamoxifen, dexamethasone, and retinoic acids regulation of p27 expression","8569;1977;5562;5608;5894;4296;5605;207;4217;5604;55872;2872;5594;7248;5595;5606;2475;1978;7249;5290;5291;5293;5295;5296;8503","65310;65329;92952;28201;77954;28498;15367;44616;41879"
"WP5365","4p16.3 copy number variation","677770;7469;9793;3020;51497;7936;2247;152877;867;5595;90459;10460;8218;7468;339983;7884;25920;92305;100126332;401115;353497;2261;118424;617;5594;3954;10818;5335;2885;6654;5295;2549","16953;29108;57288;29991;24636;29103;6809;16595"
"WP5380","5q35 copy number variation","100302203;9260;5799;79930;54732;1329;27166;4512;192286;64324;2161;80758;9500;6714;9577;23119;90249;23197;4149;10960;100422962;6622;10818;9377;257629;2902;3092;6569;23567;4609;6620;7169;53917;5741;1337;26262;57179;2246;672;1346;3725;5335;11285;5771;2773;10972;25920;51099;1351;2264;1813;2771;1327;3020;84142;5601;1627;23135;54540;114787;3480;5602;79184;51428;2885;10083;53841;10959;2904;285598;51491;345456;1350;6654;5295;4514;55294;3014;3101;375484;2549;25;9423;580;84364;9965;51720;2870;22838;253314;10636;7852;4648;51499;57104;1340;5599;83463;2770;9026;1345;1581;4513;3635;1212;29086;1349;825;8726;102;54825","18348;4705;26034;15946;4170;78741;8321;28494;33697;17634;132085;43474;15824;66914;17526;58223;132088;16337;28037;59521;16595;29108;57491;29101"
"WP5400","6q16 copy number variation","4852;405;3952;6492;51738;4160;5443;627;3643;181;2693;3630;4915;3953",""
"WP5064","7-oxo-C and 7-beta-HC pathways","1581;4864;3290;3291;1593;10998;11001;23600;8309;1628;6342;570;10577;641371;10965;122970;641372;11332;10005;23597;26027;134526;55856;284486;2053;1717;10682","17759;16113;42989;87653;28082;64294;87783;178721;187658;166811;49305"
"WP4932","7q11.23 copy number variation syndrome","NA","NA"
"WP5401","7q11.23 distal copy number variation","677801;4191;222183;7532;4000;3315;5894;57414;22917;51657;144404;5447;83862;23136;10146;114971;2810;10749;7784;23604;136853;7783","15589;55376;58349;57783;60344;57540;16452;57945"
"WP5346","8p23.1 copy number variation syndrome","7013;1499;9258;79660;1475;9107;9108;6910;8879;4825;346702;2626;253012;83648;10445;56955;203076;66036;7097;55613;8658;286046;7099;94137;649;137075;83650;640;252969;4482;5594;2222;6517;613210;2212;1508;4926;83595;7015;2213;5595;90459;83656;6281;54984;1509;7884;5894;8312;203074;3651;3329;115004;613209;613211","456216;50058;16044;57783;44120;167181;46858;15377;17154;82620;15378;15440;18420;15846;30616;58349;33019;175763;157695;29950;138102;33697;62878;136412;29958"
"WP5412","8q11.23 (RB1CC1) copy number variation","2185;60673;7157;7124;7186;11345;5925;9821;8408;4217;11337;55054;9776;5747;56270;23710",""
"WP554","ACE inhibitor pathway","1585;59272;7040;1636;4846;186;4306;3827;4142;5972;624;1215;1511;623;183;185;10159","3165;80128;55438;2719;35457;16973;27584;2718;29108;80129"
"WP5035","ACE2 inhibition leads to pulmonary fibrosis","",""
"WP5420","ADHD and autism (ASD) pathways","5562;2628;801;5335;27244;1272;3176;1636;3054;27255;2346;85445;57084;1605;23464;26;23410;223;3067;158584;26047;53942;8506;79581;6900;55065;113278;5067;1036;2326;152330;79937;2752;1815;1813;147;146;154;9787;58512;22839;9228;1499;9229;2017;1742;80318;2776;2572;2571;6529;1576;1557;1268;1559;221955;747;2166;135;1269;5567;5566;5573;5577;5575;5568;118788;207;5728;208;10000;5336;64223;84335;57521;64798;2475;79109;253260;4204;5563;5289;83734;26100;10533;22863;9776;9821;8408;55054;9140;8678;84557;23130;6794;30849;9474;55062;115201;11152;60673;64422;31;83667;51629;6326;387;3643;55768;248;6009;316;5156;1956;3815;6323;217;50507;6330;102;2555;5092;84105;81034;15;6331;4128;7054;51380;5805;2562;4129;875;102724560;2556;2558;6530;2744;113235;10815;6472;4988;1565;6336;124907837;6818;8604;4552;55163;6332;55191;441024;55312;1621;2554;6334;6573;4842;5409;2557;231;635;1719;2560;23475;6648;6327;6335;2565;6532;2566;23284;55879;55800;27035;2561;2643;2348;10797;6531;6812;5860;134864;7298;6324;50508;1786;6948;185;4846;6329;55034;5053;2563;392636;438;1644;6647;4684;6014;121278;4548;4524;64802;11280;10165;10840;6328;10243;79400;56267;160428;2710;6855;5972;1491;191;6697;7166;4143;27430;10327;8644;873;1645;6470;4522;25902;4843;1816;3360;3362;3352;3354;3363;3356;3355;3357;148;1312;6616;6844;6857;6804;2918;3737;3736;1741;2916;2915;2913;3738;2905;9231;2914;2904;2890;2902;2912;2903;3739;3741;1740;3742;2891;2917;5021;4160;50944;2893;22871;9379;116444;25;9455;116443;57555;3743;867;8470;2906;57502;9369;351;2892;80852;9454;1739;9378;54413;2185;9456;22941;2911;23426;10369;27;2350;908;9177;170572;200909;285242;59285;59284;10368;27092;59283;27091;786;5020;100874369;775;6649;3458;8942;883;8564;3620;169355;6999;51166;2806;7124;2550;140679;18;27165;5826;4594;51293;166785;55788;25974;27249;7248;7249;5296;5291;5290;5295;5293;8503;5159;5580;5590;5578;5579;5582;6947;8029;2694;81693;8566;249;27232;107080644;353;471;100;159;158;3614;3251;1716;270;3704;4860;7498;55972;6570","46911;57433;27306;29806;57742;71302;27786;16424;29105;225237;77657;17405;57305;57947;29035;28624;133708;16974;73418;16240;27637;83957;43029;147350;59789;57912;17804;350546;16095;18420;89951;26907;16480;15740;57743;57692;89633;327995;17750;507393;15641;18408;28115;58437;57699;18372;58090;16796;1582;20502;15637;18421;27978;60976;30566;58315;57502;58600;27470;59905;61085;16680;57504;1576;68889;15373;58432;29009;27398;43120;17697;57972;2089;29033;17754;5379;57595;41941;35746;1387;5653;52575;10072;16810;64558;75913;58251;23743;58359;15642;50157;82685;173769;57597;2720;57853;180943;17015;16234;59560;28918;15843;58161;58266;32682;35235;58095;17248;58199;15372;64240;58349;57783;25941;72587;27622;545959;27823;46631;166029;8364;29985;29991;29108;7872;58506;1547;58454;28747;15793;16675;16567;57959;13389;30830;59888;15741;57706;78948;57926;597326;15380;140785;15982;16625;47767;58165;61232;133056;52392;15422;2700;77273;69478;133058;133059;133055;133062;133049;133052;133053;132233;94405;6121;84276;6887;3219;8871;84247;16618;16304;26034;57288;57384;23334;18335;28803;17382;17310;57761;30616;57464;58443;28498;456215;18107;17256;17596;58189;18319;58595;71169;61404;58475;57667;16335;58245;61402;17368;16750;57567;17712;456216;37565;16497;17775;16708;16235;57673;58467;17172;58115;28997;58053;8499;7444;4469"
"WP2324","AGE/RAGE pathway","5601;4088;5595;6777;3551;177;998;5879;387;836;3667;5578;4615;51135;4478;114609;6093;3625;6714;5594;2308;6667;4790;5970;207;1432;5599;4303;3717;6772;6774;1147;841;4792;4087;1729;5321;1386;3725;842;5604;5894;249;653361;6776;4843;4846;5579;5590;54205;6647;6464;1956;1650;4481;3630;3643;3091;7430;3958;5580;4313;4323;4322;4318;4316",""
"WP5136","ALA oxylipin metabolism","2053;246;240","88441;27432;88460;72641;142251;145300;88440;72625;88461;60961;38559;88465;88462"
"WP1403","AMP-activated protein kinase signaling","7157;3156;147;723961;1994;890;8900;1026;891;148;208;8503;10645;79602;6198;1978;53632;2997;7249;5562;207;31;3952;6720;3643;5289;51422;2475;5571;5295;92335;5565;7248;5291;5290;55437;51094;133522;3991;5564;23236;29904;1375;6517;2194;6199;1374;200186;3172;3953;5209;5294;56731;2998;84254;6794;1938;51719;126129;5567;5293;5563;57521;5296;9370;5568;32","6801;15903;17489;16284;29108;28931;15531"
"WP2516","ATM signaling","993;891;1647;1385;1026;7161;995;983;472;5883;55367;5888;8737;898;25;5601;4194;7157;8738;835;1386;3725;7158;11200;8517;8243;8120;3014;9874;4792;1111;672;2177;4193;1017;9656;637;4361;4683;10111",""
"WP3878","ATM signaling in development and disease ","993;3315;3150;56254;165918;1111;545;6794;472;1017;4361;80254;10155;2539;5536;5515;8493;1386;2475;23300;9025;11200;4790;64421;8517;5600;55183;9759;9656;4683;1020;7158;79840;10111;84823;5932;8243;5591;7157;10524;699;9810;9212;7249;6300;1432;5603","16240"
"WP3875","ATR signaling","84126;144715;5810;1111;5883;3364;545;6118;6119;6117;11073",""
"WP5343","Abnormal calcium handling and its effects on muscle contraction in DMD","100137049;844;1837;825;487;6641;7125;6442;6261;10345;786;8082;1756;1605","25029;16961;44811;131186;29108;26333"
"WP5444","Acetaminophen in analgesia and antipyresis","3350;5742;5743;2166;7442;8912;8989;3785;3786","16865;46195;73416;16509;29132"
"WP528","Acetylcholine synthesis","5130;5161;43;5160;10400;1119;1103","49086;47767;18132;15355;15354;16870;72999;32816;15351;15366"
"WP5104","Acquired partial lipodystrophy / Barraquer-Simons syndrome","727;1675;4000;718;629;84823;9986;2339;23463;4001","86019;15356"
"WP4233","Acrylamide biotransformation and exposure biomarkers","1571","28619;165878;16856;16414"
"WP4876","Activation of NLRP3 inflammasome by SARS-CoV-2","7187;114548;5970;4790;3553;29108;834","3638"
"WP5293","Acute myeloid leukemia","2735;5292;3815;100506403;861;2322;2885;6654;6655;3265;3845;4893;369;5894;673;6774;6776;6777;5290;5291;5293;5295;5296;8503;207;208;10000;1147;3551;8517;572;2475;4790;5970;5604;5594;5595;5605;1978;6198;6199;11040;597;1053;6688;862;5371;5914;7704;1050;3728;595;4609;5467;1848;890;8900;51176;6932;6934;83439;929;2209;3684;1436;8864;1437;4353;3562","49375;15367;63452;49900;16618;145372;38940;91471;145365;50924;78543;90217;76612"
"WP4298","Acute viral myocarditis","8651;3458;7040;3716;6772;3586;3569;6774;1982;60;581;6443;3611;920;2534;4318;5880;25;598;835;839;840;1234;7098;54205;171558;54108;199;595;148022;6654;5594;5921;6442;1677;2932;207;1604;6444;3108;2021;7099;29108;1676;5295;3683;3908;1385;7852;3689;4791;836;3592;3856;4624;5881;1756;596;1605;7100;842;1232;1981;6445;959;663;27;5595;941;857;79886;142;26986;3593;4842;1906;841;64127;7124;637;6714;100507436;1525;834;3558","18216;606564;16634;5674;63419;29108;70982"
"WP236","Adipogenesis","3479;5740;5467;1385;83881;2688;3399;7480;6776;6777;8788;2908;1649;3976;1051;1592;56603;6256;5914;10062;4023;6720;355;5933;2625;2624;5468;4205;100271849;4207;4208;4209;434;7124;4282;7040;5054;6517;6319;7291;3952;56729;1675;2971;5925;5934;9370;123;183;1026;1869;6667;3159;5346;3569;1647;4616;1052;649;650;651;652;4692;2308;688;2303;10891;8648;10499;5465;6774;6773;6772;6778;8651;9021;1271;3977;3572;4154;5008;1499;7350;81029;7471;4088;8321;1855;6927;6258;2487;3630;10135;6695;57761;2626;7025;8204;6095;5618;80339;10658;3091;1316;8609;6424;9611;9612;28999;1959;1879;2034;196;55847;25937;2662;3667;8471;26580;4000;10555;10269;23175;9663;3991;5105;5106;1050;8660;64900;1874",""
"WP4914","Adverse outcome pathway for mitochondrial complex 1 (C1) inhibition","","4357;28201"
"WP4629","Aerobic glycolysis","3098;6513;5230;2023;2821;3939;5315;226;5213;2597;5224;7167","15422;16027;26689;49637;24344;16001;32816;29052;75052;422;44897;17050;15903;61527;16108;16761;28013;15846;28659;16908"
"WP4628","Aerobic glycolysis - augmented","3098;6513;5230;2023;2821;3939;5315;226;5213;2597;5224;7167;2875","26689;15422;16027;49637;24344;16001;32816;29052;75052;422;44897;17050;15903;61527;16108;16761;28013;15846;28659;16908;28602;16919;17287;17115"
"WP5356","Affected pathways in Duchenne muscular dystrophy","6261;1536;51669;1756;7040;292;6696;7048;7046;5054;5328;3569;3552;4087;4088;50507;1490;7124;185;1837;6641;6442;8082;1605;6786;84876;778;779;783;782;781;786;2280;3586;4790;4792;825;5321;7222;7220;7225;844;10345;5562;1991;4353;2266;2244;2243;842;7416;10105;3709;3710;5320;4313;9804;2735;90550;3708;10394;487;2813;7135;55013;4318;10280;3313;4089;642658;6588;817;5563;4843","24996;29108;26523;30616;5058;3815;2719;44811;29101;17996;16480;16240;24757;16467"
"WP699","Aflatoxin B1 metabolism","8574;1544;22977;2944;1553;2052;1576","2505;53106;53107;2504;30725;78576;78582"
"WP4962","Airway smooth muscle cell contraction","4638;952;4632;6093;23236;3710;5500;2664;2776;154;94274;6261;387;9475;801;3596","29108;16595;18348;18035;31445;37565;17552"
"WP106","Alanine and aspartate metabolism","2806;435;18;1615;443;189;2875;2572;2571;445;5091;2805","32816;16977;15859;15570;57416;16958;58048;17196;15351;17053;6650;15741;33190;30769;15919;30744;16452;30915;16810;57589;57485;15727;17364;18012;29806;57735;15682"
"WP2328","Allograft rejection","NA","NA"
"WP244","Alpha 6 beta 4 signaling","3691;1432;5747;2475;5594;8660;3655;5580;5595;2549;3908;3912;207;1978;3911;3915;5781;3918;5296;3909;6654;3913;3667;2885;387;5879;284217;6464;3914;5295;6714;3265;5578",""
"WP5202","Alstrom syndrome","26052;80124;7415;55968;6811;5989;7029;128344;1874;26160;6608;55125;5991;28981;5727;4645;353116;7840;5990;80173;84984;81;7283;23432;11159;51668;11020;55330;23557;26258;114928;100528062;84062;2647",""
"WP4480","Altered glycosylation of MUC1 in tumor microenvironment","8517;7124;1147;3551;4792;5970;3569;4582;4790",""
"WP4524","Alternative pathway of fetal androgen synthesis","1583;6770;6716;3293;3284;1646;1109;1586;1528;8630;5447","16330;16581;16032;11909;28689;17252;58349;36723;57783;15994;16422;17026;16113;57540;17347;27727;57945"
"WP5124","Alzheimer's disease","8660;22863;351;7132;22926;8883;4137;10313;322;2597;102;23621;55851;5663;23385;51107;3416;4311;4023;348;4035;355;8772;841;3028;637;54205;801;572;805;808;810;51806;5530;5532;5533;5534;5535;6868;5664;317;842;836;6622;2902;100874369;775;2903;2904;2905;2906;776;778;779;2776;23236;5330;5331;5332;7124;3553;5594;5595;6263;488;487;489;9451;2081;3708;3709;3710;823;824;8851;4842;1020;840;57142;3630;3643;3667;8471;5481;90550;207;208;10000;5290;5295;5296;5291;5293;8503;5610;5599;5601;5602;10888;1147;3551;1139;1536;27035;50507;4790;5970;4893;3845;3265;5894;369;673;4843;3552;5743;3569;1435;22943;27123;27121;2475;9706;8408;9776;60673;9821;8678;441925;30849;29982;5289;55626;23130;55102;55062;26100;2932;147700;3798;3799;3800;3831;64837;89953;10376;112714;113457;51807;7277;7278;7846;79861;84790;10381;10382;10383;203068;347688;347733;7280;81027;84617;89780;7476;7481;7471;81029;7472;7482;7475;7474;51384;54361;101929777;7473;7480;7477;80326;7976;8325;4041;11211;8324;6424;8321;4040;8323;7855;8326;2535;1857;10023;1454;1856;1855;23401;1460;1457;283106;1459;324;1452;8312;122011;8313;10297;1499;1965;468;1649;7186;4217;5609;7494;5683;5689;5686;5692;5690;5684;5688;5682;5694;5687;5693;5685;5695;5691;143471;5714;7979;5707;5706;5705;5704;5702;5701;5700;5713;9861;11047;5710;5709;5708;10213;5719;5718;5715;10105;291;292;293;7416;7417;7419;83447;91860;163688;83464;5604;5605;177","16480;29033;16240;84123;64646;18421;16595;17283;29036;29108;25942;64647;16618"
"WP2059","Alzheimer's disease and miRNA effects","8660;22863;351;7132;22926;8883;4137;10313;406893;322;2597;102;23621;55851;5663;23385;51107;3416;4311;4023;348;4035;355;8772;841;3028;637;54205;801;572;805;808;810;51806;5530;5532;5533;5534;5535;6868;5664;317;842;836;6622;2902;100874369;775;2903;2904;2905;2906;776;778;779;2776;23236;5330;5331;5332;7124;3553;5594;5595;6263;488;487;489;9451;2081;3708;3709;3710;823;824;8851;4842;1020;840;407021;407024;407026;406921;57142;3630;3643;3667;8471;5481;90550;207;208;10000;5290;5295;5296;5291;5293;8503;5610;5599;5601;5602;10888;1147;3551;1139;1536;27035;50507;4790;5970;4893;3845;3265;5894;369;673;4843;3552;5743;3569;1435;22943;27123;27121;2475;9706;8408;9776;60673;9821;8678;441925;30849;29982;5289;55626;23130;55102;55062;26100;2932;147700;3798;3799;3800;3831;64837;89953;10376;112714;113457;51807;7277;7278;7846;79861;84790;10381;10382;10383;203068;347688;347733;7280;81027;84617;89780;7476;7481;7471;81029;7472;7482;7475;7474;51384;54361;101929777;7473;7480;7477;80326;7976;8325;4041;11211;8324;6424;8321;4040;8323;7855;8326;2535;1857;10023;1454;1856;1855;23401;1460;1457;283106;1459;324;1452;8312;122011;8313;10297;1499;1965;468;1649;7186;4217;5609;7494;5683;5689;5686;5692;5690;5684;5688;5682;5694;5687;5693;5685;5695;5691;143471;5714;7979;5707;5706;5705;5704;5702;5701;5700;5713;9861;11047;5710;5709;5708;10213;5719;5718;5715;10105;291;292;293;7416;7417;7419;83447;91860;163688;83464;5604;5605;177","16480;29033;16240;84123;64646;18421;16595;17283;29036;29108;25942;64647;16618"
"WP715","Amino acid conjugation","","15428;26078;15422;18050;33575;15891"
"WP521","Amino acid conjugation of benzoic acid","10249;219970;55902;92292","18089;15346;26078;15351;15428;15422;30746;15515;16027;156046"
"WP3925","Amino acid metabolism","NA","NA"
"WP5213","Amino acid metabolism in triple-negative breast cancer cells","5723;6510;2744;6513;29968;23657;26227","17234;18050;16856;17050;17115;16134;17754;15595;18110;15811;15361;17376;16015;30915;30744;16947"
"WP4661","Amino acid metabolism pathway excerpt: histidine catabolism extension","2746;3034;84706;10841;131669;144193","32805;30744;30887;30769;15971;32816;16977;15380;15741;18012;16015;30797;16810;30817;27384;18327"
"WP5029","Amino acid transport defects (IEMs)","9056;6505;153201;54716;340024;57393;6519;11136;6520","17561;29101;17376;16015;29103;16449;15378;17053;17364;15428;26271;17996;22653;15356;28300;24898;25017;16811;28044;17822;26986;27897;18186;27266;29016;25094;27570"
"WP3678","Amplification and expansion of oncogenic pathways as metastatic traits","7412;6714;10631;7428;7422;9595;182;5294;6932;3371;4851;7852;7472;2034;83439;6934;51176",""
"WP2447","Amyotrophic lateral sclerosis (ALS)","5530;1432;4842;5532;5868;5608;4744;57679;7124;4741;847;5605;5879;5533;9973;2876;1616;113523636;4217;4747;5630;7157;317;836;842;834;637;6647;596;598;581;572;7132;1471;6506;79139;10452;2890","16240;29036;16480;15377;26523;16234;18421;29108;16467;25942;16015;22984"
"WP2263","Androgen receptor network in prostate cancer","6690;10252;367;3284;1586;3283;51478;2165;3295;1369;3294;3293;3292;1432;466;8289;5347;994;993;354;3817;10397;10257;2078;2118;57492;6597;6599;6601;6602;6603;6604;86;51412;5604;11184;6774;3082;5906;5781;5728;5605;5594;1399;3265;2353;1793;5829;2889;5894;6654;3725;2185;5290;5058;2002;5599;1398;2549;5908;5921;2885;5595;4609;1978;10253;3169;2289;7248;10111;2956;983;672;841;545;580;842;5925;4088;10811;641;1019;4361;6772;596;207;836;7157;11200;3716;4436;581;5591;1111;4312;1017;572;472;4087;1869;4193;6667;7249;6009;2475;253260;57521;253314;595","17252;16330;16422;17026;17160;17347;17263;34386;28689;16581;28750;16113"
"WP138","Androgen receptor signaling","6013;23028;10401;23411;6605;6049;7182;5883;387;388;29893;4089;2288;9612;8554;7341;367;860;5879;5052;8850;998;9611;6774;6093;1956;3065;5296;1385;2308;11143;25942;11034;5925;166;10498;23598;7050;8202;24149;4088;11315;57178;64800;1616;113523636;5970;573;3985;4193;10273;6667;9475;5747;106821730;56924;7337;2119;8431;857;6714;8648;5901;9604;51588;2316;2033;1499;10399;811;5295;207;5728;7329;9063;672;595;2274;1387;8031;3725;10499;2932;7041;10524;898;6047",""
"WP1539","Angiogenesis","5594;405;5290;7010;4846;284;4086;5335;4318;2247;1387;5155;1432;5747;5156;7422;3091;7077;6714;2321;3791;2263;207;7078",""
"WP3915","Angiopoietin-like protein 8 regulatory pathway","5293;5289;5770;3667;6513;2203;2997;6009;2538;8503;5295;5105;8660;5288;5296;3643;6199;6654;5294;8471;7249;5291;79109;51085;6517;9322;7248;57521;6198;6720;4023;64223;253260;30849;3265;10062;6655;23265;5894;6721;2475;143686;5286;5290;1734;6256;7067;7068;6567;53919;55908;25759;53358;6464;2931;2932;5170;207;208;1977;1978;2308;2309;10487;867;10211;2319;1398;2889;23433;64241;2194;64240;1576;1581;1555;6319;5604;6885;1432;5594;5605;9252;10746;9064;5599;11184;4296;8491;5602;27330;5609;4216;4214;7786;5596;8986;5600;11183;5597;9448;5595;9020;6300;5607;6416;5603;6195;6196;4217;6197;5601;5598;4215;4293;1326;5608;9175;5871;5606;4294;50488;23624;868;53632;5562;51422;5571;5565;5564;5563;3630","16618;57737;16332;18348;4167;28017;4170;33709;28602;18258;18332"
"WP5036","Angiotensin II receptor type 1 pathway","7046;50507;5608;5594;4142;7048;10399;6237;5894;4089;80310;3590;59;6667;185;4088;3727;3589;1490;2161;3091;7040;3572;5781;1277;1278;59272;183","55438;58506"
"WP5113","Antiviral and anti-inflammatory effects of Nrf2 on SARS-CoV-2 pathway","3162;7113;59272;4780;9817;6256;2729;23657;1728;2939;2730;3661;3576;4314;7124;6347;3592;3553;4312;3569;2974;2977;2982;2983;5593;27035;4792;5970;4790;3551;1147;8517","16356;17245;60344;17627;30413;37565;29033;26523;17033"
"WP3926","ApoE and miR-146 in inflammation and atherosclerosis","4791;348;5970;406938;6688;3654;7099;7189;7097","16412;39025;60151"
"WP254","Apoptosis","407024;407021;5366;842;4193;578;7187;3659;4790;355;329;56616;207;3002;27242;572;4792;834;8737;3660;4793;4049;837;3664;836;5551;7132;3480;5970;1147;581;317;7133;843;330;637;8718;5602;7185;3551;3663;1676;54205;27113;3661;835;8739;7161;9169;840;4609;7124;3481;8738;8517;666;7186;8837;599;5295;8717;332;3479;8795;3725;665;1677;596;3665;598;3662;4794;7157;6416;1029;841;331;356;8743;3070;8772;574406;4170;839;10018;4214;8626;407025",""
"WP1772","Apoptosis modulation and signaling","5599;407024;330;3554;3725;4792;1616;113523636;332;597;835;317;666;3551;10018;581;54472;7850;8567;8837;9131;8717;356;7189;836;837;9020;8718;5595;4615;839;7133;8738;5414;842;834;1029;640;9531;3303;55367;638;54205;4217;572;599;637;7157;840;7132;8739;5587;4671;331;826;84883;574406;4170;90427;8771;51651;8737;5783;8797;2021;8743;578;27429;1676;664;8682;843;2353;10017;8772;1677;355;841;8793;596;56616;3654;4790;8795;598;7187;329;79444;27113;8794;5366;407025","29108"
"WP384","Apoptosis modulation by HSP70","7132;842;841;835;8772;4214;8737;355;836;4790;54205;3303;839;317;5602;356;637;840;9131",""
"WP2864","Apoptosis-related network due to altered Notch3 in ovarian cancer","10276;2065;7124;26135;348;8065;8878;8795;8767;8454;1026;207;3315;1495;3329;3070;308;3065;4790;7185;27018;9616;5747;2113;5594;1027;6198;8312;4092;7431;5585;8870;8531;79092;1728;2729;3727;2149;332;7057;27242;351;840;3084;25;5062;9021;3575;2185;10451;2081;3309;602",""
"WP678","Arachidonate epoxygenase / epoxide hydrolase","1559;2053;9377;1558;2950;1351;1573","63969;34157;63974;34490;34450;63970;63966;15843"
"WP5155","Arachidonic acid (AA, ARA) oxylipin metabolism","5742;5743;2053;6916","63983;36203;28442;15627;36190;91286;63974;27595;89569;133370;15647;15550;34450;28158;15555;28130;89991;28667;34490;34159;90776;63994;15551;63966;15365;72785;15650;72789;27562;15547;63998;72783;34151;34130;15651;27485;63991;75819;15557;28728;63986;15626;82627;34486;64017;88456;91268;15559;72603;6499;35032;63976;28099;6498;63984;27491;72606;63970;34306;34146;19138;15552;90990;78732;165279;34784;91271;15843;52449;28666;15554;15553;63985;34157;16978;28209;63995;63579;63969;15646;73965"
"WP2640","Aripiprazole metabolic pathway","107987478;1565;107987479;64816","31236;25212"
"WP2118","Arrhythmogenic right ventricular cardiomyopathy","51176;3728;60;5318;783;3694;88;3680;100874369;775;83439;29119;3655;3675;3696;1832;488;59285;3673;3672;3695;3685;3693;3690;71;6546;6443;3679;6444;1499;59283;3691;3674;1824;27092;1829;785;22801;87;1000;782;59284;81;8516;6262;4000;1495;6934;6445;1605;781;1496;776;6932;3678;10368;27091;3676;2010;786;778;55799;779;93589;89;3688;10369;1674;3908;8515;9254;6442;784;2697;1756","29108;22984;26708;29101"
"WP5228","Arsenic liver toxicity pathway","",""
"WP5233","Arsenic metabolism and reactive oxygen species generation","4535;7416;6389;28958;7386;847;9446;6647;57412;476","26523;29852;27563;17826;15414;23808;35828;18421;35829;17858;16856;15377;16680;48765;16240"
"WP5441","Artemisinin inhibition of uveal melanoma","2475;207;208;10000","223316"
"WP2586","Aryl hydrocarbon receptor pathway","1316;7422;6346;1027;405;9049;1543;1956;196;3320;7124;11140;5894;5604;5743;84722;5970;4790;948;4780;1544;1545;1026;1017;5925;1869;57491;4893;3265;3845;1728;2099;2033;5325;5979;4609;6714;5594;135112;8204;4023;26291;27306;2729;4763;9612","28119;33848"
"WP2873","Aryl hydrocarbon receptor pathway","2033;3320;6714;9049;196;1956;7124;405;11140;10728;8648;8140;54657;26509;3458;5055;7040;10486;54600;51426;54577;3592;23491;27190;3553;3726;3593;4257;54578;57491;1027;1545;54658;218;2939;3727;1728;3484;4780;581;3725;1544;3558;3280;1543","72768"
"WP694","Arylamine metabolism","54600;54657;1544;6799;10;6817","28884;15351;50471;13792;15346"
"WP4707","Aspirin and miRNAs","NA","NA"
"WP4923","Autophagy","22863;30849;5571;9474;5563;84335;5289;8678;81631;55626;64422;26100;5562;8408;51422;55054;64223;7405;5565;2475;60673;53632;79065;57521;9140;9821;64798;5564;10533;9776","16038;17283"
"WP5331","Autophagy in pancreatic ductal adenocarcinoma","4286;5071;7157;65018;10533;7942;8678;6774;81631;7030;4780;8036;3845;4193;3146;8878;81671;4790;177;10526","26523"
"WP4788","Autosomal recessive osteopetrosis pathways","7189;4790;8792;29887;3551;9842;28962;8600;7879;1186;10312","15378;17996"
"WP5289","Axon guidance","1630;57689;1072;5361;8829;3897;10371;2242;2534;1020;56896;1808;54437;10500;8482;4233;3688;5879;6237;23365;6714;5894;5594;6469;5727;91653;5578;3611;7474;7976;6259;7220;54361;137970;5170;5590;56288;50855;659;658;151449;4917;998;2932;59277;4690;6093;22885;9860;56963;103910;1969;2047;25;84628;5921;25791;55740;3265;1942;1947;7852;6387;2770;6092;6091;6585;9353;6586;64221;23380;29984","29108"
"WP23","B cell receptor signaling","1147;8517;4790;5966;5970;5894;6885;3265;1385;5880;3059;815;8462;6452;5608;7410;25780;4773;5580;604;4690;3635;2885;7409;6195;4609;10892;974;4775;6850;673;1398;5335;6464;207;5788;2308;2002;5777;9846;5295;5781;5596;5296;5294;5336;2549;1432;5605;4067;118788;2113;973;2931;930;7462;5879;2889;975;2932;4149;695;998;867;5599;5601;29760;640;8394;5170;7006;1399;26469;3932;5604;2534;5594;3725;23396;8395;5579;8915;84433;3551;2969;4792;933;1386;6654;1380;27071;11184",""
"WP3676","BDNF-TrkB signaling","1978;5604;1742;7248;1385;6464;6654;7225;2885;4893;7249;627;6009;5335;6198;23237;9846;5294;207;9456;673;5594;29904;6195;2475;2549;8569;7222;4915;107;2902;3845;3265","18035;17489;29108;16595"
"WP3927","BMP signaling in eyelid development","2255;2263;3625;7039;6469;652;6422;4086;4090;4089;5308;27123;2296;2303;4851;4214;5601;3725;1956;5595",""
"WP3876","BMP2-WNT4-FOXO1 pathway in primary endometrial stromal cell differentiation","6422;1634;4093;650;22943;6750;10018;54361;4090;2308;7044;4086;1499","17489"
"WP5234","Bardet-Biedl syndrome","11020;80173;26160;57560;49855;406;80258;129880;22897;80184;92482;27241;91147;22954;80199;1406;7546;51057;79809;157657;582;55764;374654;10806;166379;79738;583;5727;585;84314;123016;9731;54903;9742;112752;84100;57539;54585;57728;8195;132320;2737;51684;51259;51473;114327;755;388939;1258;1259;95681;5310;5311;6608;4952;4750;167691;9657;56623;23432;201163;8239;51715;5314;168507;284086;27031;27130;132884;2121;403;6102;5147;200894;4117;22858;51626;55112;89891;79659;255758;23059;55081;51098;28981;26146;55212;2736",""
"WP4752","Base excision repair","142;328;11284;4968;4913;252969;55247;27301;7515;3980;3978;5423;7374;23583;4595;4350;8930;6996;27343;3146;5426;5424;5425;5427;54107;56655;10714;57804;5111;2237;10038",""
"WP3891","Benzene metabolism","1571;1728;2052;4353;2944;27294","17253;15882;18135;16716;157784;18887;16509;17594;2817"
"WP696","Benzo(a)pyrene metabolism","1576;1646;8644;1543;10327;2052;1109;1645;1545","34562;87752;29865"
"WP4389","Bile acid synthesis and enterohepatic circulation ","5594;8087;64241;3949;1581;8647;64240;5595;9965;6554;2264;6555","3098;16113;47774;39026"
"WP3604","Biochemical pathways: part I","","15741;29750;17497;30744;16015;16891;32805;151;44712;30769;30915;15380;30797;40673;18012;17549;16995;15351;17381;17769;16865;16265;27391;17203;371;18050;36761;15694;17798;16467;15682;17053;16313;16610;17148;16199;15729;16349;17672;16742;30865;15859;15746;15946;16856;17858;17515;17561;32796;44897;32816;15524;15971;17775;15428;30841;16977;422;17835;17050;16001;32398;17196;28013;29052;17906;17158;4170;29042;46229;18148;62254;17200;16787;42717;87753;17587;18189;133983;16332;17363;48928;17173;47013;17111;37737;18349;18413;18406;18319;138560;18381;17202;17596;18107;17368;17712;16027;16335;16708;16750;16235;17345;15652;17552;15676;30837;15996;16192;15412;28862;16497;17172;17985;15422;16284;16174;17713;17256;28413;30817;18295;29009;27384;28297;7274;71028;15999;17895;30851;17295;44747;47904;30907;15344;15768;27847;18258;18332;15765;18243;18357;28918;1127735;16852;89634;16828;17780;28790;50157;27823;16411;18086;16765;18377;15753;16946;17380;15793;10072;18344;30754;995;16675;15745;28747;37023;16927;18019;17752;17534;28376;30912;30913;17859;15497;15473;17917;18040;165859;16645;28766;15437;15436;15439;27609;15435;28607;28421;27484;15430;17627;17709;42111;16857;15343;30831;50613;15699;17588;16680;15414;16643;17016;16208;16283;28839;16345;16668;21260;15891;1665;48854;26836;17980;17115;17981;15539;62415;30768;15513;27762;33404;17960;30794;15531;27809;21285;30923;17232;49268;16034;16344;16919;17287;15842;16695;16352;16231;36751;17659;15713;16704;17568;17562;17361;17677;17239;16040;15901;18261;16958;17625;28850;17622;16311;28846;15918;18077;17748;17821;16320;18075;17013;15698;15636;15633;27584;16485;30834;16827;16973;17026;16581;28043;28750;28689;17252;16422;17347;27406;16469;17263;27974;1156;1189;776;27582;18093;27771;17650;16962;3899;3898;16525;732;89417;27576;67237;16814;15994;16032;1294;16113;17500;27832;17899;28477;27458;17278;15519;16359;28865;17687;2149;2290;50107;28047;16755;17737;17759;17168;18252;16521;15441;15440;17407;17211;16584;15899;17436;17710;15467;15346;15468;16753;4222;15769;46905;27373;15905;18364;28940;28934;16933;17823;8387;88767;16414;16530;15479;27754;28259;37373;27821;33094;17191;15614;90222;15478;15449;15476;15603;48430;15487;15486;28291;15488;30933;15811;139419;16108;15978;17754;5445;28645;15903;28602;49728;28729;17924;16217;33198;16938;48153;17140;17151;53455;40886;18403;16142;17399;29073;27956;15622;18268;6268;18297;51438;16002;17268;36217;17992;17973;67119;28061;36219;28102;28057;47937;15354;15710;41139;17724;15611;15355;15525;17862;16566;16393;16874;18132;49086;15637;63606;15641;15639;20506;16000;17553;16732;52330;15873;15784;7125;47977;506227;16264;63153;62165;49022;28324;16985;28195;49014"
"WP550","Biogenic amine synthesis","2572;1644;7166;3067;1621;7054;5409;43;1312;5053;1103;15;2571;4128;438","15354;28918;17780;58266;17697;16865;15765;57504;57595;15971;18243;4698;15355;17895;58315;28790;58095;17295;16796;16015;57912;16828;18357;18295"
"WP4584","Biomarkers for pyrimidine metabolism disorders","7372;1152;1806;80324;51251;1890;30833;51733;1807;7084;7298;6240;6241;50484;1723","57731;30839;46398;16964;17748;57538;42111;58069;11892;16704;58092;15901;17562;27468;16040;57865;17568;60377;25722;74414;17561;37563;57966;17111;58223;17821;27226;57947;16450;16856;65314;60471;246422;63528;30864"
"WP4583","Biomarkers for urea cycle disorders","2628;2875;2159;2593;2805;2155;27165;383;445;435;162417;5009","16643;57743;16742;17895;58148;28061;57472;46911;16199;57947;58228;28938;57742;58359;16857;32682;29985;29806;44337;29991;57731;57966"
"WP4156","Biosynthesis and regeneration of tetrahydrobiopterin and catabolism of phenylalanine","5860;1719;15;1621;2643;6697;5409;5053;5805;7054;4128;1312;438;56521;4129","82913;74689;43120;30436;136564;15414;28044;33569;28790;15642;58266;18243;545959;16095;17697;41183;15765;58462;37565;27823;17295;16828;64277;16474;17895;15379;1576;28918;20106;16796"
"WP5179","Biosynthesis and turnover of 1-deoxy-sphingoid bases","2531;81537;427;9517;56848;10558;8877;130367","67176;15525;65088;52974;16977;15541;67106;30616;15377;74142;67111;456216;15527;52966"
"WP5031","Biotin metabolism, including IMDs","5091;56922;686;3141;31;32;64087;5095;5096","15361;29969;57392;25017;16452;57346;57344;16615;27870;25094;15956;57288;57384;83144;57327"
"WP2828","Bladder cancer","1612;595;1869;7422;2261;1950;4609;999;23604;7057;1956;1026;9252;1029;3576;2064;5296;4312;673;4193;1613;3265;7157;1890;5925;5295;11186;1019;4893;3845;5894;369;4313;4318;1839;7380;6714;5604;5605;5594",""
"WP4580","Blood clotting and drug effects","","15627;15554;10034;9574;15843;15552;8583;28384;5054;35475"
"WP272","Blood clotting cascade","2161;2165;2158;2157;2160;2155;2159;2147;3818;2266;5340;2152;2153;5328;2244;3816;7450;5345;5327;5055;5054;2243","5054;29105"
"WP1425","Bone morphogenic protein signaling and regulation","860;4091;57154;10140;4086;657;9241;659;4089;650;10766;658",""
"WP2380","Brain-derived neurotrophic factor (BDNF) signaling","3551;8517;1147;23191;10451;5601;8851;25759;5599;5595;4690;8440;6464;5335;5781;1000;7189;1499;8878;2534;53358;4804;4684;7074;84894;10048;55816;399694;2885;140885;3738;10818;2904;10817;1795;4914;5879;6792;6272;4803;627;2891;1385;4905;10399;2562;5515;23373;8844;5605;5594;5604;10603;2309;2475;57498;6198;1978;207;572;25970;2932;2902;8660;5598;3667;7249;2890;814;815;1938;32;5563;4137;2002;10642;2185;5894;7410;1020;4776;4688;653361;6777;998;1268;4916;5295;4908;5170;4214;6868;5602;3265;6194;1977;5296;6714;6776;4790;5970;4792;3725;836;6197;4904;6195;9252;8536;1432;5923;1808;324;5792;1739;23426;2892;391;3781;1072;5562;5607;10746;4208;4205;5906;3717;6772;6774;4082;5580;4915;1457;5864;1965;8894;6853","18228;77276;18035;16618;17489"
"WP4262","Breast cancer pathway","545;3280;2246;1070;6932;1019;26281;142;8074;8823;5728;2252;672;4361;6500;5888;2250;472;2251;2064;8822;2885;23462;26291;6198;8817;9965;7157;2260;3480;3479;6464;25759;53358;399694;6654;6655;3265;3845;4893;369;673;5894;5290;5293;5295;5296;8503;207;208;10000;2475;6199;1950;1956;3815;3714;4851;4853;4854;4855;28514;10683;54567;4041;4040;10023;23401;6934;83439;51176;4609;595;2324;23493;26508;388585;1026;4791;675;581;1643;51426;578;10912;1647;4616;1021;5925;1869;1870;1871;2099;2100;5241;8202;8648;7471;54361;8600;2353;3725;6667;2247;2248;2249;2253;2254;2255;27006;10297;1857;2932;1460;324;1452;1856;1457;8312;1855;122011;283106;1459;1499;8313;7976;8325;11211;8324;6424;8321;8323;7855;8326;2535;89780;7476;7481;81029;7472;7482;7475;7474;51384;101929777;7473;7480;7477;80326;5604;5594;5595;5605;10111;4683","4903;16618;17026;16469"
"WP5055","Burn wound healing","10468;1634;1950;2919;7099;3576;3569;6347;4615;1139;43;79727;8796;7422;1278;4318;7042;7043;1277;3624;207;7852;6387;4088;23476;50507;3440;9314;596;6423;6591;3456;5175;58;871;4790;3553;7124;407024;2200;3371;2006;3383;3579;6876;2304;2312;3853;79148;4313;6277;6280;6282;57152;3146;836;2162;2260;2263;2261;2264;916;3600;3082;5159;125113;7157;284004;259;3956;4312;7076;7178;581;5127","89581;15355;26836"
"WP2366","Butyrate-induced histone acetylation","207;47","17968;35808;15351;17634"
"WP4874","CAMKK2 pathway","4094;7412;51024;10059;3162;801;84557;4773;6786;57521;2475;8536;8874;2033;8243;7466;5594;814;5970;4842;28964;8878;1385;1131;3383;10645;5879;9759;7248;23411;5595;4780;5894","80923;6052;8774;137439;18388;4917;16470;16243;7872;31322;3087"
"WP5097","CCL18 signaling","1000;9839;4313;2185;1237;205","37328;18295"
"WP4891","COVID-19 adverse outcome pathway","6348;7124;3558;1440;3576;3627;3569;3574;3553;6347;3586;3559;183;7113;59272",""
"WP5256","COVID-19 and endothelial cell senescence","23765;196527;3605;84818;7099",""
"WP5145","COVID-19 structural coverage map","9636;335;54625;7311;7314;10605;83666;23070;8829;59272;340024;64398;29960;28992;3508;7316;54834;140733;9868;9555;5976;9716;55506;26019;10454;91662","170007"
"WP4927","COVID-19, thrombosis and anticoagulation","2243;2244;2266;5340;2162;2147;2165","6426;3638;52722;31206;75142"
"WP3633","Caffeine and theobromine metabolism","1544;7498;10;1548","28946;17712;32643;68441;68531;27732;25858;68444;68449;48991"
"WP5142","Calcium mediated T-cell apoptosis involved in inclusion body myositis","801;3164;487;2033;3932;5532;23523;4209;5335;926;925;920;85450;7535;5530;4773;824;5533;3065;3066","29108;77276"
"WP536","Calcium regulation in cardiac cells","782;57620;801;818;6262;9628;196883;54331;107;815;5579;777;51764;5996;490;5566;2771;489;492;2702;5331;148;59345;5350;8601;81025;805;5567;6261;814;111;5570;409;6001;146;153;10636;779;1132;1129;100874369;775;10052;3745;108;2697;3709;5575;776;817;2784;773;3760;8490;7529;10681;3762;7534;7533;2700;3708;491;2707;127534;2810;5587;55970;2776;2791;5580;2788;10804;2773;5581;64407;6000;2869;94235;5569;6263;3710;114;1128;10287;147;808;2280;2705;2703;26575;844;109;7531;309;2767;2787;115;6004;6546;10971;113;2781;155;2709;811;8786;2792;5590;5573;2783;11142;5999;5583;5577;5588;2785;5578;57165;2782;845;2775;6547;488;5997;408;2778;2706;774;2770;1131;8787;1133;816;2701;2786;7532;8536;784;5582;112;2868;5576;154;5998;57369;2870;480;481;486;482;483;84876","16284;28918;29101;15355;26078;16783;16595;16761;29103;29108;17489"
"WP4191","Caloric restriction and aging","2475;10135;5565;23411;3479;10891;207;7157","15422;16027;13389"
"WP4582","Cancer immunotherapy by CTLA4 blockade","5515;5777;941;942;1493;940;5781;5290;5295;5296;5291;5293;8503;3123",""
"WP4585","Cancer immunotherapy by PD-1 blockade","925;29126;3458;80380;6774;3725;10538;915;7535;3932;4772;5133;5781;916;917;4790;926;4773;4775;4776;10725;3105;3123",""
"WP5434","Cancer pathways","7428;2277;7296;7185;7046;7040;7039;10342;7015;6513;6502;6500;6256;387;5979;9978;5888;5743;5731;5727;5566;5467;51426;5371;5366;5337;5155;5154;1728;4843;8202;4609;4437;4436;4312;4292;2122;4041;10161;51176;3827;3725;3716;182;3479;3320;23462;10681;10912;10023;2353;2271;2147;2099;6921;6923;112398;1909;1906;1855;10683;1643;8453;1499;1495;1487;1441;1436;1387;1019;999;595;836;815;675;329;10018;598;596;27113;581;578;572;8312;405;23365;317;107;25;369;6198;2323;4780;374654;5925;5594;6469;356;2308;1956;637;4149;5879;3265;4193;841;8772;2246;6773;6688;898;3569;4286;11186;10297;1017;5468;2002;4824;1027;1050;5290;4790;100506403;861;1029;183;3688;6608;7852;2767;9817;7709;4089;1398;1030;3728;5900;367;4792;4087;11040;1869;9252;26060;3162;6654;7048;3655;64399;6776;842;1630;238;5914;5578;7157;354;51384;5156;10672;4233;51684;3280;6774;2885;2956;5228;1163;5599;650;3480;4254;2778;5898;3815;5728;2260;1612;2735;2064;23236;83593;2770;5747;2034;4851;1026;3082;10125;5915;2113;10928;6093;2475;6387;5335;2322;2950;332;2324;6772;355;5604;3576;3065;54205;1147;1438;1950;890;2932;3714;54567;28514;2736;2737;3326;7184;4853;4854;4855;652;8643;388585;23493;26508;54583;112399;3091;9915;2033;7422;7423;7424;7042;7043;10587;114112;840;4088;3066;1488;4616;1647;1021;894;896;1870;1871;9134;8454;7704;862;8900;6932;6934;83439;6667;2100;8648;6257;6258;7849;4313;4314;5595;23604;1613;5605;673;5894;4893;3845;6655;5159;2263;2261;2264;3481;5899;5338;5880;5881;5601;5602;146849;5336;27436;5579;5582;8030;8031;4914;7170;7175;29119;1496;8313;324;23401;1856;1857;4040;5732;5733;5734;185;1902;2149;9170;23566;2846;57121;9002;2768;9826;9138;57449;9475;2771;2773;108;109;196883;111;112;113;114;115;5567;5568;2782;2783;2784;2785;2786;2787;2788;2790;2791;2792;5292;330;79444;331;7186;7187;9618;7188;7189;2793;51764;54331;55970;94235;59345;3673;3674;3675;3685;1910;623;624;2776;5330;5331;5332;3717;3718;10235;25780;115727;4485;6777;6775;6778;613;867;1399;5291;5293;5295;5296;8503;207;208;10000;3551;8517;4791;5970;6199;810;91860;51806;163688;816;817;818;54361;7471;7472;101929777;7473;7474;7475;7476;7477;7478;7479;7480;7481;7482;7483;7484;80326;81029;89780;11211;2535;7855;7976;8321;8322;8323;8324;8325;8326;10319;1282;1284;1285;1286;1287;1288;22798;2335;284217;3908;3909;3910;3911;3912;3913;3914;3915;3918;119391;221357;2938;2939;2940;2941;2944;2946;2947;2948;2949;2953;4257;4258;4259;653689;9446;2056;3439;3440;3441;3442;3443;3444;3445;3446;3447;3448;3449;3451;3452;3458;3558;3562;3565;3567;3574;3592;3593;3596;3600;51561;1439;2057;3454;3455;3459;3460;3559;3560;3561;3563;3566;3568;3570;3572;3575;3594;3595;3597;3601","16618;16113;17489;16337;16469;18421;29806;17347;29108;16595;16480;28689;18035;15551;16991;15368;15367;17026;16240;29191;16330;5132;16422;17650;16962;30797"
"WP3869","Cannabinoid receptor signaling","1576;1557;5567;5600;5566;5601;5602;1432;5599;6300;107;5595;5573;5577;5594;5575;5568;5603;1268;1559;221955;196;222236;113;747;2166;135;1269;1543","47767;17489;61232;15843;133056;52392;16015;29108;16865;69478;15422;2700;77273;133058;133059;133055;133062;133049;133052;133053"
"WP4562","Canonical NF-kB pathway","5970;4792;5966;4790;4794;1147;3551;8517",""
"WP3845","Canonical and non-canonical Notch signaling","84441;54567;3714;182;10683;8788;3516;3280;51176;65989;6237;4236;28514;5664;4237;1147;27255;9794;23462;92737;55534;5663;102;4854;4851;4853;4855",""
"WP3874","Canonical and non-canonical TGF-B signaling","4088;4089;4087;649;7046;26585;659;84171;7040;5601;1432;5599;657;4016;7048;4015;4017",""
"WP2795","Cardiac hypertrophic response","9020;4214;118142757;2978;6885;801;5320;5530;817;4205;5578;5587;5592;4773;11184;5599;5879;5894;5605;5604;5595;5594;6416;5609;5598;5607;5608;5606;1432;3551;9641;4790;1022;1025;5170;207;208;2932;2475;9759;51564;10014;9734;1147;8517;2263;7046;7132;4878;7124;7040;3084;1950;3479;2247","29108;16595;2719;33567;16356"
"WP2406","Cardiac progenitor differentiation","3630;5460;79923;6657;79727;389421;132625;7070;6656;5080;64321;3170;4684;6862;290;83881;4920;89780;652;3624;2932;2247;55897;145873;3791;3815;7852;5156;4851;3670;1482;2626;6910;57057;4208;1432;649;9241;4838;7040;22943;4624;7139;7137;91807;140885;70;4633;6331;50805;3481;3479;3084","15367"
"WP5344","Cardiomyocyte signaling converging on titin","7273;4881;5573;200539;83606;2273;6722;27063;2983;8557;5567;5594;5566;84665;5578;8048;815;5568;26287;5593;84675;4077;1410;23636;84676;2274;4193;5604;5605;5894;89869;154;153","29108;37565;16480;16356;17489;30616"
"WP5313","Carnosine metabolism of glial cells","57571;6533;6565;121260","30616;24996;15727;15971;16958;456216;29103;29101;14321"
"WP688","Catalytic cycle of mammalian flavin-containing monooxygenases (FMOs)","2327;2328;2326;2330;2329","15377;44409;15379;16474;16238;17877;15378"
"WP179","Cell cycle","8317;1022;5347;1029;10459;5111;1017;2932;9700;4171;7157;994;8555;8900;890;5925;3065;8379;5934;5933;8318;472;7040;902;9232;11200;983;9088;991;4089;898;995;25;9134;545;2810;3066;10744;51343;6500;7529;1647;1021;990;2033;1028;6502;894;9184;7531;7533;85417;10971;8556;7534;10926;4172;7465;4173;4174;1019;4175;5591;4176;10393;4998;1026;4999;23595;4088;5000;9126;5001;4193;23594;4087;699;7042;896;7043;9133;7532;1874;891;1875;7027;1111;7029;4609;7709;1030;1031;1032;595;1027;8454;9978;1869;1870;1871;4616;10912;993;7272;27127;8243;10274;10735;5885;494551;25847;29882;29945;51433;51434;51529;64682;8697;8881;996",""
"WP2023","Cell differentiation - expanded index","3195;407006;406989;406942;407008;6657;6774;406935;406957;406923;100422842;619554;407015;6722;4654;100271849;4207;442895;30012;407007;2146;442890;574447;3196;10014;406937;406915;100313774;7044;406976;3398;406904;406995;4208;9314;406922;406977;407016;406986;10637;5081;4209;406955;442896;406956;406899;4205;406982;100616357;406952;574457;860;407046;406951;406996;406950;406954;407028;102465696",""
"WP2029","Cell differentiation - index","406947;3195;6774;407008;30012;6722;3196;10014;7044;10637;406982;406952;406923;406922;406937;407006;407007;406989;406996;407015;407016",""
"WP5284","Cell interactions of the pancreatic cancer microenvironment","942;1493;1234;356;6387;729230;1438;2833;355;7040;10581;9531;3123;3902;8829;1435;3627;1436;6352;3122;941;6347;3791;7422;7852;1437",""
"WP5417","Cell lineage map for neuronal differentiation","359787;5460;6657;132625;3280;4851;5175;6862;7168;3371;3688;3866;3655;4488;4804;5077;6091;6663;6662;7291;117581;6615;6591;6506;6507;6285;1464;4155;4340;10215;8825;9699;6855;1742;9455;57084;6529;2571;2572;2743;9152;6572;7054;6531;6530;151;7166;6532;5010;10243;1103;85358;2904;43;6616;4838;10840;2742;79923;3350;146713;64321;2550;83881;3266;3763;2103;8573;27445;152;10763;51176;8500;2173;9454;22871;23085;23025;3170;4010;4747;2670;9456;2626;2902;4741;4929;2744;5080;9314;161;8927;1000;3172;3975;54738;1267;8001;28514;2128;361;50944;160;2741;1741;388585;10369;1641;999;57030;100133941;6536;4487;27022;1740;9568;201456;2752;10716;23504;652;390992;151871;3361;10381;1739;4133;2249;2627;947;2526;150",""
"WP3679","Cell-type dependent selectivity of CCK2R signaling","3708;2770;2776;887;6261;7220;747;885;23236;1268;952;6262;6263","131184;18035;31445;42638;16865;44485;29108;8925;67197;90690;29101"
"WP4493","Cells and molecules involved in local acute inflammatory response ","718;727;729;730;3552;3827;3569;3576;7124;6404;6403;3383;3683;3689;7412;3688;3676",""
"WP4918","Cellular proteostasis","7411;5201;5203;5204;10471;5202",""
"WP4519","Cerebral organic acidurias, including diseases","501;3418;728294;79944;4191;137872;95;2639","60175;16828;17859;57353;39980;16238;16474;15351;15524;37024;17877;24309;32797;16908;15753;21547;15378;17053;15346;25094;30915;57332;15846;15801;61515;73040;15467"
"WP3929","Chemokine signaling","1524;409;58191;2793;10850;1399;2786;6367;5295;7410;2309;5568;108;6361;2932;5473;1398;2790;5579;2771;5880;5879;3717;998;5894;57580;6351;10681;5296;2787;1237;6354;4790;1147;6373;5747;1445;7074;2784;8503;5332;1794;673;1230;6359;6376;4067;5567;111;1232;2829;5829;6464;2826;2791;5196;3718;5058;8976;6374;9564;54331;10235;6772;53358;5291;6346;5293;1236;156;7409;6773;6356;2870;5331;4283;25759;23533;10663;9547;2773;6777;1233;399694;2788;7852;2782;5594;5590;3702;2885;5290;6093;5613;9475;6366;5970;6654;2833;55970;94235;113;5906;3845;6375;6655;5330;208;729230;6387;2921;653361;2792;3627;6369;2868;1235;6348;10000;10803;23236;3551;3265;56477;56288;26230;207;3579;10451;4893;2268;2185;59345;7454;6363;6370;5595;109;6011;196883;114;51764;9844;3055;10563;2770;4792;6774;643;10344;115;5604;5580;2783;6352;4793;2869;5908;408;8517;107;6364;2785;112;5294","29108;22984;16618;16595;17489;18035"
"WP5238","Cholestasis","9970;3156;64240;64241;8647;9971;1244;2052;6579;9414;5244;6256;5205;6554;6580;8714;10257;3949;949","25697;16113;29101;22868;70782;16247;39025;17002;15351;39026;17544;16856;3098"
"WP197","Cholesterol biosynthesis pathway","50814;2224;3157;6307;6713;3422;4597;1595;3156;1717;10654;6309;2222;4047;4598","15441;17710;25351;17407;50277;17168;16521;17759;16584;15467;48861;16113;17436;15440;15351;16057"
"WP5329","Cholesterol biosynthesis pathway in hepatocytes","39;3157;3158;2180;2181;54898;83401;6785;60481;9415;6319;641371;10965;19;9619;29116;9453;1581;2224;2222;4047;10654;1595;7108;3930;6307;50814;4598;51478;10682;10062;1718;6309;403313;3156;91734;4597;10858;1593;9023;7376;3422;6720","85778;17500;34310;42977;134117;41633;17703;138307;16584;15442;17759;28113;27910;64294;16175;78904;15345;25350;87044;18364;18252;25351;16608;17813;145214;17737;57623;15351;11814;17211;50277;15440;78662;16521;16113;17168;18420"
"WP4804","Cholesterol biosynthesis with skeletal dysplasias","1718;1717;3930;6309;1595;50814;10682","16113;18252;27910;89982;16521;87044;27300;17813;17737;18364;17759;16608;17168;16290"
"WP5304","Cholesterol metabolism","3931;64240;6646;6770;10999;4547;4035;350;10577;337;6272;3949;344;345;55908;341;3930;1595;19;335;5360;4023;336;338;1071;1581;4043;27141;348;1718;706;255738;8694;9218;4245;114879;51478;9388;4864;4018;10948;27329;26119;10682;948;949;7108;7416;29116;1593;3990;8647;3988;64241;29881;39;51128;50814;2224;3157;6307;6713;3422;4597;3156;1717;10654;6309;2222;4047;4598;2169","17703;22868;17500;18252;16521;17737;16608;28113;16247;16113;17002;17855;35366;18035;17408;15966;16961;15441;17710;25351;17407;50277;17168;17759;16584;15467;48861;17436;15440;15351;16057"
"WP4718","Cholesterol metabolism with Bloch and Kandutsch-Russell pathways","6720;19;9023;3156;10062;6646;2194;1717;6309;10682;50814;1595;7108;6307;51478;1718;10858;1593;8435;39;3157;3158;4598;10654;4597;6713;3422;2222;9453;2224;4047;7376;9619;29116;6721;2180;2181;2182;10965;54898;83401;6785;60481;3992;9415;6319;3930","28716;17500;15351;15345;15467;17710;17436;15899;16584;16057;17211;55337;17407;15440;15441;138307;16521;41633;28113;166806;17813;87044;18364;87051;18252;87050;16608;175094;17168;17759;16290;27910;17737;16113;64294;16175;85778;34310;42977;17703;17002;17984;15442;36023;16196;1949"
"WP5193","Cholesterol synthesis disorders","6713;1717;6307;3930;2222;10682;3157;4597;10654;1718;2224;3422;6309;3284;1595;3156;4047;4598","16057;17407;15440;17737;17168;15441;17710;25351;18252;16521;17759;17436;128769;16113;17211;15351;15467"
"WP4216","Chromosomal and microsatellite instability in colorectal cancer ","369;7046;4087;5604;5898;6932;1026;3845;332;9423;54205;207;836;1630;7040;7157;4292;842;581;5366;7042;7043;7048;4088;4437;2956;596;572;27113;10018;4436;6934;83439;51176;4609;595;2932;8312;8313;5900;5894;673;208;10000;5899;5879;5880;5881;387;5599;5601;5602;5594;5595;3725;2353;26060;1643;51426;578;1647;4616;10912;324;10297;122011;1452;1499;55770;29110;5966;5743;4089","15843;15554;15551"
"WP5283","Chronic hyperglycemia impairment of neuron function","5588;5590;4316;79148;5580;4324;4325;5583;5584;5581;4314;8510;9313;5582;4312;4313;6616;4319;4320;23683;5578;4317;4318;4322;5579;4321;10893;118856;4323;64386;4327;64066;4326;8277;6652;177;718;6513;7442;627;6515;4843;8989;6334;6335;6336","13389;18009;15551;61073;17924;16761;16474;84123;15422;16908;28757;17234;26523;29108;29103;10545;16480"
"WP4352","Ciliary landscape","6103;80344;8655;55812;3020;51138;55764;3065;7021;83741;10238;7022;3066;92482;9342;64708;2717;140735;51098;4236;27183;4704;57414;4171;4172;25904;54585;339488;54903;10413;10432;1857;10421;7260;23019;27241;324;254394;645455;9859;875;9318;7322;4927;246175;1488;149371;5476;79598;26286;112752;7020;11020;5866;84515;11018;6629;167691;9883;4174;85456;55746;10987;9343;4173;56912;396;7465;10920;5862;55245;1499;25804;4698;55036;10980;55388;51552;4176;1387;23011;2077;10083;22981;80173;815;23549;4790;28981;55081;1039;4436;90410;8533;9742;23301;64072;55207;4175;23059;2181;10726;8526;9255;79874;2664;8636;1892;123016;5393;50813;65125;5925;51314;8100;57560;26160;64792;150737;92104;79989;51668;26146;23233;54536;23265;10640;55770;11336;55763;60412;5899;582;583;129880;585;55212;255758;5048;83657;83658;10982;55112;6993;89891;6990;261726;1778;1781;51143;25861;7431;79699;2720;4747;4741;63929;79018;25852;10048;64777;57610;10296;4289;54994;3934;80232;51646;80258;10424;7328;64795;27429;1655;116225;4218;203286;124401;140609;284086;4637;9882;80184;10788;801;10128;9657;128239;8826;1345;2040;140465;5879;9669;23404;54512;23016;5719;30845;25980;80005;80199;5714;57136;10051;10555;5713;10939;8732;5706;5718;9217;27152;5704;9125",""
"WP4803","Ciliopathies","2736;112;124401;51473;114327;755;388939;1258;1259;95681;203286;5310;5311;6608;30849;4952;4750;167691;9657;56623;22858;23432;201163;8239;10806;51715;5314;168507;9731;2737;284086;51684;374654;1406;27031;27130;132884;2121;7546;7840;122481;63929;221322;55624;84662;63917;83479;23090;7287;8481;23247;27152;10733;10464;29922;219844;26005;84131;4751;55857;84140;79848;153241;84984;1063;23568;146845;91754;25814;57545;51057;23093;10210;51134;7275;202018;6102;9786;9364;25886;282809;22897;146057;132320;80184;220136;79140;9851;585;65062;79583;51259;51524;84314;91147;79867;200728;79600;55812;23322;57096;94137;65250;26123;6101;261734;4867;54903;80776;27077;54806;89765;2622;23639;347736;345643;83544;161582;115948;54919;64446;10309;1768;374407;139212;55036;54768;388389;8701;55130;51364;83538;92749;6674;83861;93233;339829;85478;345895;221421;123872;56683;27019;55172;352909;9094;26160;403;583;79809;92002;57728;11020;79738;166379;4117;84100;55212;92482;112752;54585;55764;8195;57539;157657;26146;55081;582;129880;28981;123016;57560;27241;22954;23059;5147;51098;200894;9742;51626;55112;89891;79659;255758",""
"WP3594","Circadian rhythm genes","4887;3725;5078;1406;594857;9915;100;85457;1814;355;7054;148523;220202;5593;5187;9575;1019;1815;6440;1812;1958;10499;7298;3363;56938;9370;3952;8863;6550;1471;8841;6532;1385;9611;9456;8864;7071;191;1628;1655;8403;4669;7166;134;4916;1644;3400;4547;90134;5551;3062;9956;22809;9112;10062;5562;5936;6720;2673;6095;687;1859;8454;3065;56339;135;3569;6770;6928;3399;4862;6496;2063;405;1141;181;2837;3727;1364;114781;23064;107;3778;1390;1813;4914;3751;5563;4987;5629;8792;9500;4159;5730;8473;2146;5927;3066;5501;2767;7080;6096;57805;6500;60675;23596;79723;468;94233;54551;51738;2155;8914;9099;129521;6421;9475;9572;4804;1392;406;55269;10891;7157;25942;5591;8945;9967;23291;25819;10743;7153;7150;1128;2033;112464;5582;5054;463;4841;10887;23411;3061;4783;15;9607;1407;3184;2776;150094;2932;1454;6839;5971;3192;26224;22871;4544;7311;6233;5500;5499;2691;551;1960;50865;5465;23373;8204;1453;4297;9975;83759;10514;7337;128674;3398;5728;1660;4543;4843;23239;10911;121278;5601;5599;6097;5602;7316;5468;139135;1408;1374;55366;5371;84432;10135;196;79365;10419;8553",""
"WP4523","Classical pathway of steroidogenesis with glucocorticoid and mineralocorticoid metabolism","1583;3283;3284;1585;1589;3290;6770;3291;5447;3293;9563;1528;1586;6716;1588;1584","16330;17347;16469;16113;17252;16962;17026;16827;28324;28689;17650;16422;16973;16485;27584;28750;16581;58349;57783;88767;30154;8387;26763;18093;3899;28320;732"
"WP4018","Clear cell renal cell carcinoma pathways","64798;31;3759;146779;2194;5169;3101;5156;2321;6774;1956;8536;207;64223;8878;2475;57521;7248;2033;2887;5728;6513;7422;6009;7428;3091;405;55193;29072;8314;8242;7249;5155;7040;7042;7043;1387;84335;32;47;4190;4199;3098;3099;2821;5211;5214;5213;226;229;230;7167;2597;5230;5232;5236;55276;2023;2026;2027;26227;29968;5723;6470;6472;10993;113675;5313;3939;3945;197257;3948;5315;5159;3791;79365;1012;80184;8844;79605;5352;8082;9771;6935;84969","17234"
"WP5205","Clock-controlled autophagy in bone metabolism","9575;406;5187;1407;2475;8408;9776;4772;9474;55054;9140;8678;8792;9821;5289;60673;4982;8600;55626;1513;393;4093;4090;4086;5563;650;3920;51384;10371;7474;10131;84557;81631;3479;22943;10507;7480;115908;1948;1489;7040;860;3952;6096;4862;9975;8553;79365;4851;596;7415;79443;9842;128338;651;652;659;653;654;796;4089;5176;5741;1435;3717;4041;8646;56955;207;83734;3146;8878;3562;3569;10533;50964;84938;64422;7189;121340","37550;60815"
"WP2826","Cocaine metabolism","1576;590;8824;1066","178585;27958;708640;41001;16236"
"WP1604","Codeine and morphine metabolism","1576;1565;7364;10599;54658;1244;5243;8714;54576;54600;54575;1558;54578;7363","16714;80580;17303;80581;80579"
"WP5117","Cohesin complex - Cornelia de Lange syndrome","5518;5527;5526;5525;5516;5515;5529;5524;5519;5528;9126;23047;8243;10735;55869;324;983;5885;151648;23244;23063;25836;23383;114799;157570;5347;151246;9985;27127;10734;113130;9700;9232;9212",""
"WP2536","Colchicine metabolic pathway","1576","27882"
"WP2636","Common pathways underlying drug addiction","5568;107;1385;2705;2902;5578;5595;801;2911;1815;60;5604;815;814;1812;2778;2890;5502;1813;5605;2770;5594;71;72;114;2891;2892;2893;2903;2915;5579;5582;5566;5567;5499;5500;5501;5894;369;5908;5906","17489;18243;18237;29108"
"WP545","Complement activation","716;713;715;712;714;731;10747;717;718;735;732;729;721;1604;110384692;720;730;727;733;5648;629;1675;5199","15377"
"WP558","Complement and coagulation cascades","717;5327;1675;2157;5104;2158;2149;1191;5265;7035;3075;2244;3818;10747;728;4179;2165;2159;2155;1380;2152;710;716;714;623;730;2153;7450;5328;5345;719;7056;1213;3426;2147;715;5624;1604;5627;5329;713;5054;729;712;733;2161;3998;735;462;5340;3053;718;629;5648;1361;721;3827;1378","3165"
"WP2806","Complement system","2214;3381;110384692;720;6401;718;722;3673;1380;1634;2357;3818;409;708;1604;2244;728;719;3911;1452;3080;727;1369;7097;6403;730;2243;5806;5627;729238;735;716;729;5621;958;6696;811;710;966;4153;3384;2769;7454;213;7057;2208;6404;2266;10877;2771;5648;5578;2161;27202;5199;22918;3690;930;7295;2220;3674;1991;2162;5329;5566;3383;717;7448;3075;2160;5340;325;133;731;10332;2159;6223;10747;2773;335;2286;1378;629;2219;6402;3426;3912;653509;3915;4036;4179;1401;11326;1675;9370","28793;28640;53490;28304;28815"
"WP5090","Complement system in neuronal development and plasticity","27429;578;5584;4140;331;84612;5590;27202;2621;23513;10461;356;286204;4240;1524;3993;3690;2011;23418;50855;56616;5627;10207;9787;9191;355;4139;840;558;3685;54205;84552;842;7301;581;64398;56288;637;3458;841;10487;843;317;6376;729;57198;1378;1604;7043;4155;1380;3689;8547;4179;715;725;5199;10584;722;81035;727;731;718;5359;730;7448;1675;7042;57088;710;7040;8512;733;286410;629;728;3075;4153;2219;717;10747;3684;64478;3687;721;713;2220;23250;78989;712;719;57194;732;148229;714;110384692;720;716;55061;836;3426;1191;735;5205;57048;5648;966","29108;15377;24838;18420;30616;456216;18303;17553"
"WP5148","Complement-mediated inflammation of pulmonary alveolus in COVID-19 (hypothetical pathway)","729;727;59272;10747;730;731;718;719;728;735;78989;2219",""
"WP5101","Congenital generalized lipodystrophy","3667;84649;5290;8694;84803;208;3691;2885;3091;857;26580;2534;284119;10555;64900;9663;23175;3630","17855;16337;85682"
"WP2875","Constitutive androstane receptor pathway","9970;6256;5524;3320;7266;23054;6667;8648;10891;10499;8243;1559;5243;54658;1244;1548;1579;1557;6817;2939;1577;6822;1576;211;1962;1555;8714;54657;54578;54600;2308","77326"
"WP4484","Control of immune tolerance by vasoactive intestinal peptide","355;3592;3458;3558;3565;3567;3586;1493;7040;7432;941;942;940",""
"WP4818","Conversion of angiotensinogen to angiotensin II ","1636;1215;1511;1509;5972","2720;2719;2718"
"WP3286","Copper homeostasis","22823;261729;351;26872;6667;79689;8754;102;6868;55240;2308;9973;1317;150684;1318;4489;4490;4493;4494;4495;4496;4501;4502;4504;84560;5621;540;54739;475;4193;7157;4137;5290;4520;538;836;595;3725;207;6649;23621;1353;10063;331;2309;324;6647;5728;2932;4891;6341","49552;29036"
"WP5189","Copper metabolism","538;540;4891;1317","29036;49552"
"WP1946","Cori cycle","7167;6517;2821;2875;3098;6513;5223;3939;3630;6514;2597;5214;5230;2539;6888;5232;226","48928;89363;4170;15846;16449;17050;15946;27353;28721;28087;15361;28013;16108;88350;16908;17138;29052;24996;16802;58702;15903;15377;16938;33942;27904;30616;16761"
"WP2355","Corticotropin-releasing hormone signaling","5588;3726;3727;5563;8061;7099;6667;10499;1393;3164;3728;1392;3606;31;2355;387;8912;5747;2353;3576;2354;4846;10155;5584;5580;3283;6925;7020;1499;5595;3558;3848;5601;4929;1395;5594;1583;3320;3713;1394;104909134;10411;3861;7040;5970;5579;5578;2776;1385;10681;2784;2783;2782;157;2767;2775;2778;2771;2770;5604;673;5908;5336;5335;2932;142;842;836;5599;4217;2081;1589;1584;6770;815;3284;2870;1889;4792;2697;408;6822;409;596;207;5443;2781;2002;9095;4790;1432;5894","17489;18035;16595;77276;29108"
"WP5190","Creatine pathway","6535;2593;2628;4942;1152","32682;16737;15414;27306;16919;16344;456216;15893;30616;14321;17232;26271;17287;45453;16680;15428;16810;16034"
"WP4504","Cysteine and methionine catabolism","4143;6821;2937;4548;4357;2729;191;1036;51380;875;2805;635;1491;58472;23474","57844;57453;58161;32875;30616;16189;16810;15891;57678;17359;59789;35235;16526;57925;57856;58251;18608;57853;58173;17376;29919;15377;27891;17750;16763;15361;61085;33384;29985;15379;16094;58199;30605;16136;16335;28938;28300;57305"
"WP5473","Cytokine-cytokine receptor interaction","6346;1237;6370;10803;6363;51554;1236;6366;6351;388372;9560;6352;6348;6355;6359;6357;6354;6347;6356;6369;10344;10850;56477;6362;6364;1233;1234;1232;729230;1230;2826;1235;6367;6358;6368;2919;6374;6372;3576;2920;2921;5473;5196;5197;4283;3627;6373;10563;6387;58191;9547;284340;6375;6846;6376;3577;3579;643;7852;57007;10663;2829;1524;3558;3565;3574;3578;3600;59067;85480;3562;3567;1437;3596;2056;2688;2689;5617;7173;1440;3952;3559;3560;3561;3566;3575;3601;50615;1439;3568;3597;3598;2057;2690;5618;4352;1441;3953;3569;3570;3572;3589;3590;3594;3595;51561;149233;246778;9466;386653;133396;1271;3977;23529;1270;4782;3976;3586;3587;3588;29949;53832;53833;50604;11009;58985;50616;55801;282617;282616;282618;163702;3440;3456;3467;56832;3458;3454;3455;3459;3460;3552;3554;3556;7850;26525;27179;27177;56300;84639;3557;8808;8807;27178;3606;8809;90865;9173;3605;112744;23765;84818;55540;27190;64806;27189;53342;146433;1435;1436;7124;7132;7133;4049;4055;8764;4050;8740;8718;356;9966;355;8743;8797;8795;8794;27242;1896;10913;60401;4803;4804;4982;8600;8792;8742;51330;970;939;943;959;958;8744;3604;7292;7293;8784;10541;10673;608;23495;115650;55504;84957;7040;7042;7043;9518;2658;27302;2662;10220;2660;3624;3625;2657;9573;4838;2661;3626;83729;268;3623;651;7046;7048;94;92;659;93;91;130399;90;269;657;652;8200;392255;151449;9210;653;654;655;656;658",""
"WP530","Cytokines and inflammatory response","3552;3553;7040;3586;920;3565;3562;3596;1435;3574;3458;3558;1440;7124;3600;3567;2920;2919;3569;3593;3122;3589;1437;5154;3456;3123",""
"WP477","Cytoplasmic ribosomal proteins","6168;4736;6132;6122;6123;6133;6136;6181;6176;23521;9349;6157;9801;6139;6147;6154;11224;6129;6124;6128;6130;6137;9045;6138;6142;6141;6143;6144;6146;6152;6155;6158;6159;6160;6161;6164;6165;25873;6167;6169;6170;7311;6171;6173;3921;6188;6203;6193;6210;6217;6224;6208;6228;6235;6207;6205;6209;6189;6191;6192;6194;6201;6202;6204;6206;6218;6223;6227;6229;6230;6231;6232;6233;6234;2197;6175;6196;6195;6197;27330;6135;6125;6198;6134;6156;6187;6222;6199",""
"WP3585","Cytosine methylation","4204;53615;3417;54790;1786;80312;6996;3418","27551;16236;16810;36453;76793;11596;76794;76792;16040"
"WP4655","Cytosolic DNA-sensing pathway","5434;84265;10621;10622;171568;5440;5437;55718;51728;5435;5441;11128;11277;9533;10623;661;55703;51082;103;81030;8737;11035;8517;3551;1147;4790;5970;4792;4793;3569;388372;9560;6352;3627;9447;834;29108;3553;3606;90865;3661;3665;3446;3445;3449;3440;3444;3452;3451;3448;3441;3439;3447;3442;3443;3456;29110;9641;115004;23586;7706;1540;54941;9636;9474;9140;79671;57506;340061;8717;8772;841;843;6351","71580;16991"
"WP2942","DDX1 as a regulatory component of the Drosha microprocessor","472;1653;4683;54487;4361;10111;29102",""
"WP4016","DNA IR-damage and cellular response via ATR","472;545;6118;5932;79648;55159;5888;1869;55215;4436;7158;8493;5591;4361;5111;9656;1111;2175;7157;7323;7398;63967;50485;4193;8243;6601;7507;5976;10111;4683;353497;4171;8924;5893;5884;22897;604;11200;7520;6667;5423;675;9156;9521;55775;10155;5883;5347;4292;672;9937;8517;1196;3014;995;2177;51720;11073;5371;6117;83990;5810;3364;580;79184;84142;8318;9400;7486;9401;5965;80010;7156;142;84126;7979;2305;79728;1017;983;2237",""
"WP3959","DNA IR-double strand breaks and cellular response via ATM","472;5883;1386;545;79648;7161;5888;581;1869;9156;10524;7158;6788;11186;9126;5591;4361;5111;3297;9656;86;1111;317;7157;64421;7189;7014;5976;842;1020;4193;641;10111;4683;5893;79035;5884;578;142;675;11200;10155;8243;9113;672;1029;637;3014;836;9025;55183;995;25;10413;2177",""
"WP5389","DNA adduct formation leading to kidney failure","",""
"WP707","DNA damage response","5925;207;995;841;135458;891;4361;1111;545;1026;5893;4609;836;4193;1021;1643;5371;896;637;63970;3014;5810;2177;1647;355;55367;595;5883;54205;983;4616;1020;5366;85417;27244;5888;50484;1027;1017;10912;2810;84126;27113;6118;10111;7157;9874;1019;898;8795;581;5884;672;11200;8243;1385;25;1869;5591;317;842;9133;11011;993;4683;9134;894;472;5981","27732;16469;22333"
"WP710","DNA damage response (only ATM dependent)","7476;207;578;8503;3725;5328;25;3667;4609;5879;901;5288;208;472;2309;604;998;10000;1027;4893;5289;7481;30849;5290;1857;638;8312;5594;51384;5293;596;847;581;5106;5286;4088;5602;595;6648;2064;10018;7040;5294;4790;7477;5880;5601;4216;7472;5163;81029;4193;324;4214;5527;896;3265;356;2885;3845;5295;6464;7474;80326;27113;5291;6934;6932;5366;572;83439;894;10023;7475;1499;5296;3949;1855;6654;1856;51176;101929777;7473;5881;7161;5529;7471;6655;6885;8061;4791;7482;5599;3146;54361;89780;1026;2932;6342;387;7480;5728;5287;2538;4089;1029;23533;7157;197259;3643;5934",""
"WP531","DNA mismatch repair","5426;9156;5424;3978;5425;10714;57804;5981;2956;4436;5111;5982;5983;5984;5985;5395;4292;6117;6119;6118;5427;54107;56655","15422"
"WP4946","DNA repair pathways, full network","472;545;6117;6118;6119;5981;4436;4437;2956;5982;5983;5984;5985;9156;5111;4292;5395;5426;5427;54107;56655;5424;5425;10714;57804;3978;9978;1642;1643;8451;8450;7508;7507;5886;5887;1069;2067;2068;2071;2072;2073;2074;1161;1022;4331;902;404672;728340;2966;2965;2967;2968;7518;7520;2547;7486;5591;64421;27434;27343;3981;79840;4968;4913;252969;55247;328;27301;11284;7515;5423;142;10038;3146;3980;7374;23583;4595;4350;8930;6996;2237;4683;4361;675;10111;5888;5893;25788;2175;2177;2176;79728;57697;55120;83990;55215;2189;2188;2178;2187;91442;80233;378708;201254;22909;7398;57599;1111;3014;672;5889;7014;5906;5980;51455;5429;11201;51426;4255",""
"WP466","DNA replication","5001;5981;5425;5984;6117;5111;23594;4174;8318;8317;51053;7316;57804;4175;81620;5985;29935;10926;6118;5424;4171;1017;6119;5557;5558;4999;5983;55388;10714;23649;5000;4176;4173;5427;7311;990;23595;5426;4998;5982;4172;5422","16761;15713;16497;17677;16284;16311;17625"
"WP5180","DYRK1A involvement regarding cell proliferation in brain development","23385;5663;55851;8893;51107;1385;1021;273;836;2308;6598;1019;2247;26524;23621;3092;5978;1759;91750;1859;23132;2932;1452;2475;64223;2735;7248;84335;57521;7249;10238;64798;1027;28514;388585;3280;63973;842;1408;10253;92737;595;23411;351;7023;3020;7157;4851;4772;51053;4137;5933;5934;1874;7029;1875;51270;7027;5928;286826;55957;132660","4911"
"WP4153","Degradation pathway of sphingolipids, including diseases","950;5660;2720;4864;10577;3988;3074;3073;4759;410;4758;2629;2760;2717;10825;129807;2581","134506;134507;61360;88167;18259;27731;79210;17761;16393;36498;64583;36500;36477;79218;18216;27938"
"WP3896","Dengue-2 interactions with complement and coagulation cascades","717;5327;1675;2157;5104;2158;2149;1191;5265;7035;3075;2244;3818;10747;728;4179;336;2165;2159;2155;1380;2152;710;716;714;623;730;2153;7450;5328;5345;719;7056;1213;3426;2147;715;5624;1604;5627;5329;713;5054;729;712;733;2161;3998;735;462;5340;3053;718;629;5648;1361;721;3827;1378","3165"
"WP2291","Deregulation of Rab and Rab effector genes in bladder cancer","8567;79083;25924;22895;9501;84958;201294;54843;23086;94120;94121;94122;83874;5873;5874;9648",""
"WP3893","Development and heterogeneity of the ILC family","3600;3592;3398;2625;7124;3553;30009;196;3458;3569;3574;64919;2672;6927;4783;3596;3565;7704;3605;3606;9760;64806;51561;50616;374;8320;6095;90865;85480;3567;3578;3593",""
"WP3892","Development of pulmonary dendritic cells and macrophage subsets","3398;3662;860;2323;10320;6774;3394;1437;6688;7173;1435;6925;55509",""
"WP5053","Development of ureteric collection system","1499;3611;2625;2118;341640;23426;57216;9620;6091;79633;3975;3688;2263;6092;2719;2296;3237;653;595;7490;5914;6469;5979;652;80000;5916;5087;10220;10468;23399;4613;7042;168667;51232;3730;6495;8516;6299;80144;10252;657;4086;655;2138;5915;3207;9353;7481;2674;5076;2668;650;2735;6608;659;2737;158326;10736;2736;6928","4021"
"WP2491","Diclofenac metabolic pathway","1555;1558;1562;1557","47381;223792;59613;59612;223401"
"WP5219","Diet-dependent trimethylamine/trimethylamine N-oxide metabolism ","2328;501;23446;55349","16244;17724;15354;15710;17750;16238;58307;15846;44215;15377;16347;17126;18139;30089;15366;15724"
"WP2895","Differentiation of white and brown adipocyte","3952;9370;56301;3224;3225;63976;1149;253738;27129;7545;10205;650;652;4086;4090;4093;1051;1054;23090;5468;1050;655;51316;10891;133522",""
"WP4931","Direct reversal repair","121642;221120;4255",""
"WP5195","Disorders in ketolysis","38;3157;622;5019;39","15346;15380;30031;15351;15467;13705;20067;15345"
"WP5175","Disorders in ketone body synthesis","3155;38;5019;622;3158","15345;15346;20067;57288;13705;15347;15603;35366;15846;11814;15378;16908;16526"
"WP5176","Disorders of bile acid synthesis and biliary transport","10599;28234;8309;6342;8647;1244;10998;1581;5244;9420;80270;6718;1582;23600;5205;1593;3295;1109;11001;5825;570;6554;8714;10257;200931;123264;5243;2172;6555","27505;52050;16577;27403;27393;29746;36257;18402;87704;507393;27379;37643;28540;16466;27428;17278;48825;48778;18303;81014;36277;49183;16427;36234;16113;17500;28477;16496;17687;48474;15519;81015;28701;2288;28047;29747;17703;2290;17899;36274;16525;37642"
"WP4259","Disorders of folate metabolism and transport","4522;5860;6470;2618;10588;113235;2348;471;7298;10840;4548;6472;10841;1719;4524;6573;160428;10797;441024","67040;17822;20506;15641;28938;16015;16680;16526;15428;58928;17230;15633;16643;27470;1989;30411;15639;15638;18349;18272;2030;18381;15637;15640;17013;17622;64277;35286;1684"
"WP5178","Disorders of fructose metabolism","6514;216;5236;132158;5211;2821;2538;6652;2203;6523;7167;3795;229;3098","30911;16077;29052;17378;17992;17234;32966;57634;28087;28645;17835;15361;16659;138881;16108;58225;4170"
"WP5173","Disorders of galactose metabolism ","2997;2632;5836;8908;2992;2998;231;2582;5236;2592;6523;2584;6514","28087;16077;16813;67119;18066;28260;17973;4170;12931"
"WP4875","Disruption of postsynaptic signaling by CNV","1740;9229;7082;50944;2911;6804;2332;2902;2903;2904;2905;2906;9379;57555;5595;815;816;818;9378;22871;1739;9369;23237;6262;54413;57502;22895;5594;23191;817;8831;9456;7532","29108"
"WP5154","Docosahexaenoic acid oxylipin metabolism","2053;5743","36005;132079;138179;138655;165251;138653;140202;72615;15365;138590;138614;138615;138616;132325;77124;165253;165252;136569;165247;136563;72855;165249;72653;72657;72624;72623;72610;72640;72794;72608;72647;72637;138249;138248;138648;138649;138645;138643"
"WP2436","Dopamine metabolism","7299;6647;1644;1728;7054;5566;5567;5568;5515;5516;4128;1312;4129","29033;16238;18243;74684;16856;15765;16526;74683;189002;16852;60872;15772;27404;2003;17895;59560;15642;27978;742324;26523;16680;34718;15414;48294;15377;15379;16240;16134;28111;68889;41941;545959"
"WP2855","Dopaminergic neurogenesis","4760;5015;1028;2020;4010;7471;2736;63973;4487;1644;6774;216;6531;2019;4821;4929;7054;429;5979;5309;6571;2253;4825;2637;3170;4009;2735;6469;6657;7040","15367"
"WP4799","Downregulation of ACE2 by SARS-CoV-2 spike protein","185;59272;1636;186","2719"
"WP5200","Dravet syndrome","6323;79899;5578;64223;6334;6326;55615;3737;2258;79109;6812;55800;4790;348980;1106;815;57526;253260;6328;5290;6327;2475;7124;207;801;5600;6324;6330","29103;29108;16865;29101"
"WP2289","Drug induction of bile acid pathway","10599;6822;1576;6554;1581;570;5243;9971;200931;7421;9970;8856;123264;10257;8647;8714;1244","3647;3098;49040;9753;16113;4031;17687;3766;28865;16990;43419;28834;6888;3699;16247;4551;3732;42355;9144;5441;61049;84050;23527;27882;8776;17858"
"WP3300","Dual hijack model of Vif in HIV infection","8065;100506403;861;6921;60489;865;7314;6923;9978",""
"WP3930","EDA signaling in hair follicle development","10913;128178;27121;22943;649;25928;6469;2735;5727;4050;5971;1896;101929777;7473",""
"WP437","EGF/EGFR signaling","4846;4513;6464;6776;5898;4734;2005;5594;5599;9138;3925;6772;58513;6457;1950;3635;84867;466;2887;54206;51079;4214;5753;6196;1445;5111;3845;3985;5921;382;8826;1956;6667;673;9046;5801;1398;9047;5601;6197;9610;858;1869;7410;6655;5782;2475;8440;4215;5900;10451;815;6774;5596;6654;9846;5906;3716;998;8202;6311;5868;6198;1432;50807;8867;5604;5894;29924;4690;10617;857;10254;9146;5605;1385;5335;2064;10253;3636;1978;11184;253260;9712;9252;2185;5296;5338;2059;5879;10006;5359;5295;4209;2549;51196;5337;1759;3725;10401;6456;6195;6093;4216;5580;163;207;2308;7409;5590;5899;2353;5584;5578;6714;83737;25;10928;5598;9185;3727;2885;2060;9101;160;3265;5170;9922;5037;30011;10188;5781;1175;5579;4303;2354;5728;4738;8027;2697;1399;3717;5607;9564;10746;2002;6777;5287;6812;868;867;23624;5058;1072;5747;1173;4205;7837;4208",""
"WP4806","EGFR tyrosine kinase inhibitor resistance","3845;595;4609;6194;558;5578;6464;3480;1977;5156;6714;3082;581;3570;5335;6774;3716;10018;598;5728;2263;2065;3084;1956;7039;2064;1950;9542;3479;7422;5154;5155;56034;80310;2247;2621;3569;4233;3791;5159;2261;3717;2549;207;208;10000;5170;2932;572;1978;2475;2309;6198;6199;9470;5336;5579;5582;2885;369;5604;5594;673;6655;5595;6654;3265;4763;5605;5894;25759;53358;399694;596;5290;8503;5295;5293;5291;4893;22808;6237;22800;5296","18035;114785;49668;16618;18348"
"WP5440","EPAC1 and PKA reduction of retinal inflammation","140609;10411;5567;5573;114548;3553;5575;5576",""
"WP581","EPO receptor signaling","2057;3717;6714;6772;6464;2885;5604;5595;5594;5605;5163;207;5294;2056;8651;6777;1154;6776;6774;5788;10076;5894;6654;8660;3667;5921",""
"WP3853","ERK pathway in Huntington's disease","1385;840;3265;836;4915;9252;2911;2002;5594;627;3064;1950;1956;5894;5604;5605;5595","16015"
"WP3297","EV release from cardiac cells and their functional effects","2066;406935;10365;6387;5617;6004;4602","17588;60151;16236"
"WP4217","Ebola virus infection in host","3673;2316;10462;432;6868;3384;3385;388;30835;10332;26762;2621;7301;3675;3676;3678;3672;3655;3688;3690;684;7879;5868;4864;10577;1508;1514;558;10461;9641;3665;3836;339390;8826;29110;708;7099;91937;219931;7251;6772;4734;9021;5295;998;3661;1211;3685;93978;4153;2348;389;5879;1956;207;4240;11314;8575;23586;84868;3565;153090;7020;9367;5610;1965;65082;57617;23339;27072;55823;64601;4790;27183;2060;5922;387;2934;2033;1387;5981;60;5058;7074;7410;3480;1213;1212;8218;857;858;859;5290;5291;5293;8503;5296;7150;2317;2318;85477;5594;5595;4791;5966;5970;87;81;71;3105;3106;3107;3108;3109;3111;3112;3113;3133;3134;3135;3115;3117;3118;3119;3120;3122;3123;3127;5971",""
"WP262","Ebstein-Barr virus LMP1 signaling","9260;8717;3654;7185;9020;1147;4791;5970;6885;4215;7189;8517;3551;3320;5594;4790;5599;4792;3576;3456;6364;7124;6352",""
"WP2858","Ectoderm differentiation","25987;4089;5236;345557;1952;8495;8322;8325;4920;407042;460;9079;6347;4982;54828;10634;5292;57621;157807;11177;8345;51222;57476;56899;2300;2627;7343;9687;1756;56913;54207;51701;4204;4609;79776;494323;6238;54521;3801;5787;79731;398;5452;5420;5010;54898;6498;114815;51422;23133;10253;51592;114822;7855;5362;6781;152789;7593;4061;7903;5269;166;4772;2720;5297;1896;170302;56963;7226;406949;57462;8675;84809;6785;27324;10486;8835;10257;29970;5467;3170;6622;5080;5077;55843;2737;6469;1499;7471;8473;7026;91653;9924;1487;440193;83933;25806;23229;1496;3728;54903;81576;27352;6386;2263;3853;3148;1501;7704;1004;8848;1006;4926;3975;6929;51043;151613;51762;4771;22871;60401;5783;54806;2534;5150;50937;6016;57154;6907;10013;652;657;83439;8820;4990;79658;9935;7022;6657;7020;2274;54880",""
"WP5273","Effect of intestinal microbiome on anticoagulant response of vitamin K antagonists","7421;29881;1559;948;8856;5465;949;5467","17968;16325;16374;10033;28433;80742;50438;53766;72296;4513;135730;81892;81796;81896;133809;134975;8066"
"WP4320","Effect of progerin on genes involved in progeria","53615;51176;23028;3066;11335;1107;5928;1869;8932;10951;9219;1108;3065;57504;51763;6720;23468;9112;5931;6839;5925;7157;3020;3021;333932;126961;653604;8357;8356;8355;8354;8358;8968;8353;8352;8351;8350",""
"WP5443","Effects of MFN2 mutation","22906;1778;5865;5864;581;1780;10567;23095;841;6622;1783;79969;7879;6856;79659;836;55112;55288;9927;89891;10381;4133;7157;1639","30616;29101;29108;28494;16337"
"WP1995","Effects of nitric oxide","4846;3039;4151;4842;4512;4843;7498;316","16480;17632;16349;29073;25567;16467;15379"
"WP4719","Eicosanoid metabolism via cyclooxygenases (COX)","5740;6916;3248;5322;5467;8398;5321;100137049;5742;5743;9536;5730;231;22949;145482;1579;284541;66002;8529;51;8309;8310;30;1962;5739;5468;127281;5737;5729;11251;6915","37739;15843;27647;15554;15551;15553;15555;27485;28130;34159;72606;15552;28158;28269;27820;28099;63975;73952;165344;165330;165345;165329;165342;137370;165322;165321;15627;28728;28667;63977;15547;28442;15557;15550;63976;72603;15558;63989"
"WP4720","Eicosanoid metabolism via cytochrome P450 monooxygenases pathway","2053;1579;284541;66002;8529;5468;1558;1562;5465","15843;63995;63579;63998;34306;34450;34490;34157;63974;63970;63969;63966"
"WP4721","Eicosanoid metabolism via lipooxygenases (LOX)","1579;4048;240;246;3248;239;4056;284541;66002;8529;51;8309;8310;1962;30;2687;1800;22949;145482;1241;247;56413;5465;10800;57105;2358;5467;8989;7442","34145;15651;15843;15628;64017;34487;72643;15559;6498;15626;84447;34151;34784;15631;36190;165349;84444;6499;15647;72795;63982;63981;16978;28666;15650;63984;63985;63986;15646;27562;74017;88515;140493;72779;91268;60943;52449;63992;63993;27814;175298"
"WP167","Eicosanoid synthesis","241;5730;80142;1800;5740;240;6916;5742;873;2678;247;9536;4048;5743;127281;4056;246;239;8644;5322;8398;5321;100137049","28209;15632;15554;28666;28728;15552;15555;15651;15553;16978;15650;34146;15558;15627;15843;15647;15626;15628;15551;15556;165349;37739;27647;72606;27485;34159;63999"
"WP111","Electron transport chain: OXPHOS system in mitochondria","498;4712;521;292;1355;1340;29796;1345;9551;539;517;4717;506;4702;10975;4696;9016;4729;4700;4513;4715;4726;7386;4695;4539;4509;4725;9377;7385;1353;522;6390;4512;9167;374291;1337;9481;4724;1346;1327;293;10632;4707;7352;7388;4704;4709;516;4710;1347;4541;27109;6389;4536;4706;1349;27089;291;7381;4540;55967;6341;6392;93974;4713;4694;7384;4711;1329;4508;4514;4722;1351;4535;4723;6391;518;1339;6834;4719;4701;4538;10476;4718;4708;4720;1350;513;4716;10063;4697;4698;515;514;509;4731;4705;7351;4537;4728;4714;4519;7350;126328;51079","15379;15378;15422;15741;10545;17877;16238;15846;44215;15377;18070;16908;46234"
"WP3931","Embryonic stem cell pluripotency pathways","8323;10000;1857;10097;4086;2932;4090;3265;657;673;5154;101929777;7473;2246;4092;81029;8823;5155;2251;9965;90;2260;5604;1499;8322;27006;1855;3716;659;3725;2255;5293;2254;8325;6774;6654;26281;208;5894;2256;7476;8326;3572;2261;7474;5598;2535;8822;7855;51384;8817;8324;8321;1956;4193;80326;93;2264;2263;5156;5594;9241;369;2475;4089;7477;4093;5606;6414;3976;3977;7472;5607;5296;4041;7484;8312;2002;2259;89780;658;5597;5781;8074;2250;2549;5728;7481;2885;1856;324;207;6927;54361;4091;2247;7471;5596;2257;26291;7475;1950;6300;7976;7480;5159;2353;2248;2258;5608;5605;2252;652;2253;3266;2249;7482;4040","29108;28862;78510;16618;16497"
"WP474","Endochondral ossification","249;6696;2261;4322;176;657;3549;2260;3481;654;3479;54407;7040;51719;4208;1280;11096;864;5741;8817;801;85477;860;2247;55553;5727;5167;5566;11127;50515;1515;7042;207;2688;2737;3157;7422;4318;871;655;1028;6662;7067;6772;9510;2690;5328;4256;6777;1300;9507;3480;8100;4921;579;1473;2487;5327;9759;5744;5745;6660;7078","15379;24864;60311;17489"
"WP4808","Endochondral ossification with skeletal dysplasias","249;6696;2261;4322;176;657;3549;2260;3481;654;3479;54407;7040;51719;4208;1280;11096;864;5741;8817;801;85477;860;2247;55553;5727;5167;5566;11127;50515;1515;7042;207;2688;2737;3157;7422;4318;871;655;1028;6662;7067;6772;9510;2690;5328;4256;6777;1300;9507;3480;8100;4921;579;1473;2487;5327;9759;5744;5745;6660;7078","15379;24864;60311;17489"
"WP2853","Endoderm differentiation","6772;79923;9425;51460;51366;11166;708;9044;7547;5744;57669;3915;63978;4088;4830;23168;64864;7040;4838;5916;2186;131405;64321;1112;2626;54799;6928;80155;5083;10128;123169;5015;1488;10153;112267931;1601;23286;1789;6422;9573;11169;5087;9682;4851;6671;3198;2131;54623;3720;26986;8320;5460;3175;83439;3169;7080;1499;6932;83881;58499;9646;6875;1847;4089;79776;6877;7478;1994;10459;9350;3170;2308;22823;22943;85416;5077;351;121536;57690;657;30009;4087;54892;55832;655;6657;10973;9241;7709;1846;79577;23528;51176;3227;79977;140597;3087;2627;80312;2736;3975;442918;2005;23181;8554;23373;27245;5090;51701;63035;23007;115825;79668;27244;6001;8450;23576;79035;26610;85363;11190;84295;3251;6925;27324;154091;31;56946;9760;55809;57198;10451;494324;406933;2908;1844;2146;8928;6478;23682;324;83595;5606;101929777;7473",""
"WP4155","Endometrial cancer","1950;2353;1956;2885;6654;6655;3265;3845;4893;369;673;5894;5604;5605;5594;5595;2002;5728;5290;5291;5293;5295;5296;8503;5170;3611;207;208;10000;2309;572;842;999;1499;1495;1496;29119;8312;8313;324;10297;2932;6932;51176;83439;6934;595;4609;2064;581;1026;1643;1647;4616;10912;578;51426;7157;2263;2246;2247;2260;2261","85994;78543;16618;94562;85164"
"WP4861","Endoplasmic reticulum stress response in coronavirus infection","596;84988;84152;1649;7494;84557;27102;5599;2081;51360;22926;468;5610;8720;1965;23645;9451;3309;54866;90673;151242;5506;5504;5511;26051;54776;81706;6992;26472;55607;4660;5502;5510;94274;5507;648791;84919;4659;89801;23368;79660;5509;5514;5500;5501;5499",""
"WP2197","Endothelin pathways","10267;4886;796;2974;488;284485;55811;4513;148;4852;10203;5739;4846;1906;1889;1264;5578;2769;4632;5604;1909;4638;5594;1910;5894;23236;790;801;10681;51764;2778;153;2770","16497;16467;29103;16356;16480;16284;17489;16349;15843;15552;16783;80651;29108"
"WP1541","Energy metabolism","5468;7019;5530;10891;5465;5534;5532;53632;2033;2932;5564;6256;5467;51106;4209;1385;5565;64216;7351;4899;5562;1432;4205;2308;2551;3065;100271849;4207;2101;10514;2309;5571;1386;814;4208;23082;5469;5533;23411;7352;133522;818;3276;23410;51422;5535;5563;8648","40574"
"WP5333","Enterocyte cholesterol metabolism","10999;4547;335;8694;337;4245;338;19;64241;64240;29881;948;39;51128;3157;3156;4597;10654;4598;3422;2224;6713;2222;4047;1718;10682;1717;6309;1595;51478;50814;6307;3930;7108;3949;2169","16247;16113;17002;17855;35366;18035;17408;15966;16961;15351;15467;17710;25351;17436;16584;16057;48861;16521;15441;17407;50277;15440;18252;17737;16608;28113;17168;17759"
"WP5396","Enterohepatic circulation of bile acids","2172;6554;10599;28234;1244;5243;8714;8647;10257;200931;123264;6555","23219;36078;29101;15422;36255"
"WP4535","Envelope proteins and their potential roles in EDMD physiopathology","107;108;109;196883;111;112;113;114;115;23345;7040;7042;6901;55249;7112;163183;5339;5605;4088;1072;161176;3265;6655;2885;23353;4893;5604;4087;5594;2010;1490;8815;5595;23224;4089;79188;55811;4293;23592;6722;3799;3845;6654;3930;387;7043",""
"WP4239","Epithelial to mesenchymal transition in colorectal cancer","5604;114793;7291;5629;4089;2932;9518;5290;56649;5894;94234;7046;182;7991;1499;3516;56648;11171;5595;11211;407047;80224;51384;4851;207;999;3265;9076;7157;10016;1282;4209;3728;7040;8828;7189;7182;5606;5608;6416;1432;5599;6464;2885;6654;6655;3845;5605;5594;208;10000;6615;6591;4853;4854;4855;3091;3714;28514;10683;54567;8788;8999;117581;1000;9839;2303;2305;2335;58190;5310;5058;26524;23512;5928;8726;2146;6935;7048;7042;7043;5600;5603;6300;4087;4088;1832;5317;5318;92359;64398;7448;4324;4313;4318;3397;3398;100506658;6678;3678;7082;9075;1365;1364;7122;9074;1366;9073;9080;9071;5010;9069;23562;24146;10686;26285;51208;149461;49861;53842;137075;100132463;1284;1285;1286;1287;1288;7471;54361;7472;101929777;7473;7474;7475;7476;7477;7478;7479;7480;7481;7482;7483;7484;80326;81029;89780;2535;7855;7976;8321;8322;8323;8324;8325;8326;4041;4040;5291;5293;5295;5296;8503","29108"
"WP673","ErbB signaling","NA","NA"
"WP5235","Estradiol regulation in porto-sinusoidal vascular disease","3782;2099;6667;6670;801","29108;16469;29103"
"WP5276","Estrogen metabolism","1545;1577;1559;1558;3294;6783;1312;7923;1576;3295;51478;51171;3028;3292;54575;8644;3293;7364;1588;574537;1551;1557;1544;54576","36489;36491;62845;1189;16422;17263;16469;1156;28744;28919;17347;27974;776;37450;28955;17474"
"WP697","Estrogen metabolism","1312;54578;1544;54658;6783;6817;415;1728;1576;1543;7364;54600;2938;54659;2944;412;414;1545","1156;17263;62845;36491;28744;4866;17474;15379;23965;87602;87262;776;37450;136969;36489;18421;137965;28955;791;28919;137911;1189;136972;87263"
"WP2881","Estrogen receptor pathway","6667;2099;3725;5166;6774;51;57678;5105;1543;5465;1544;8431;1545","4903;48705"
"WP712","Estrogen signaling","2353;6667;2099;2002;5594;2852;3725;5290;4790;596;2792;2782;207;1385;673;5601;2778;1432;5604;5566;1147;3551;8517","16469;17489"
"WP3996","Ethanol effects on histone modifications","55140;191;7298;1719;4524;10919;1386;3066;8850;4548;4143;3065;8520;6573;55902;125;1571;124;216;217;126;8854;220;8841;9759;10014;10013;51564;55869;9734;83933","17588;17115;17013;17622;16680;67016;27470;15414;16236;33696;16643;39447;15636;15428;15633;15641;15343;30089;15351;15346;26523"
"WP4269","Ethanol metabolism production of ROS by CYP2E1","5599;1571;6667;5605;23764;4097;5604;7975;4780","57491;15343;16236;38290;4489;90693;17051;4792;5615;9130;6015;29132;6843;46195;3655;45892"
"WP5275","Ether lipid biosynthesis","25979;64900;8443;5189;410;387521;79888;8540;51555;5191;9514;23175;7368;9663;10390;84188;55711;8504;9409;5824","17984;35366;16975;15346;16108;57560"
"WP5030","Ethylmalonic encephalopathy","7263;23474;6821","15356;10545;16136;46245;17359;58905;32816;15379;57925;16189;16094;15377"
"WP405","Eukaryotic transcription initiation","5430;55703;1022;2958;3611;2963;2959;5440;51728;6883;728340;2966;6908;5431;5434;5432;2071;171568;2968;6884;64425;2967;6877;5436;84172;661;2068;5438;2965;5439;6878;25885;2960;902;55718;5437;51082;6880;4331;2961;5435;6879",""
"WP3408","Evolocumab mechanism to reduce LDL cholesterol","255738;3949","47774"
"WP410","Exercise-induced circadian regulation","4618;687;9709;10946;11335;51582;5685;51663;7341;8341;5813;1408;5187;8864;1407;5507;1051;5516;8031;2120;26059;3108;3312;3301;7352;2947;7360;7122;5281;10381;2674;23118;6612;2950;10787;9218;8987;9802;3422;10140;11030;50486;406;9975;9575;694;1982;9444",""
"WP2870","Extracellular vesicle-mediated signaling in recipient cells","5894;4233;7039;4088;324;4240;1499;7049;7474;7046;3845;7042;2475;2064;7103;4087;7040;4089;3265;8312;7043;8842;1956;3082;27121;89780;207;4893;7048",""
"WP4300","Extracellular vesicles in the crosstalk of cardiac cells","3791;5728;3315;619556;406979;1950;967;2626;6696;332;8470;975;7099;6647;4318;6774;3569;1956;10611;3479;2114",""
"WP5218","Extrafollicular and follicular B cell activation by SARS-CoV-2","83416;933;3662;3433;8519;941;639;3394;6387;5133;9636;1401;29760;969;57823;7494;3586;6850;930;9839;30009;8741;5788;3687;283131;5079;2308;1378;6363;3689;9168;100885789;3312;60468;6366;931;10673;10148;2113;973;3732;3558;171558;958;3569;604;643;51284;6776;613;4094;29851;7099;3592;3565;1380;4240;1236;1880;102723996;23308;7852;6402;10563;912;151888;959;3458;59067;7124;3455;4068;57379;110384692;720;718","466659"
"WP4400","FABP4 in ovarian cancer","2167",""
"WP4553","FBXL10 enhancement of MAP/ERK signaling in diffuse large B-cell lymphoma","474382;474381;5594;5595;1848;8726;2146;23512;84759;54880;84678;604;6045;3020;3021;8351;8356;333932;126961;653604;8355;8357;8350;8968;8354;8353;83740;55766;94239;3014;9555;55506;3015",""
"WP4790","FGF23 signaling in hypophosphatemic rickets and related disorders","2261;1758;6098;84876;1585;56975;5251;9365;5741;595;2591;4791;249;8074;6696;1594;6569;4790;1026;5167;1591;2263;142680","29108;86319;30207;29888"
"WP4767","FGFR3 signaling in chondrocyte proliferation and terminal differentiation","7067;5745;6300;6615;1432;5744;8817;2254;5600;6772;9474;3549;650;5894;5603;2261;4882;1267;652;6662;5933;1026;5515;5604;5605;5594;5595","11684"
"WP5428","FGFR4 p.G388R signaling","3586;6774;2264",""
"WP5431","FLT3 p.Gln640SerfsTer8 signaling","1234;6774;2322;1235",""
"WP5066","FOXA2 pathway","8660;3170;133522;2194;2938;3667;10257;8714;1244;10998;10599;2308;2939;3169;2946;4547;338;31;51085;6720;3630","17855"
"WP5063","FOXP3 in COVID-19","3572;3570;3560;50943;3559;3569;6774;3575;3561;3558;6776;6777;942;940;941",""
"WP3407","FTO obesity variant mechanism","63976;79068;84159;10265;10891;79191;7350;6899",""
"WP3850","Factors and pathways affecting insulin-like growth factor (IGF1)-Akt signaling","2932;5294;4088;1977;8892;8976;10891;4087;5564;2660;64223;8744;207;3688;4703;114907;84557;84335;7132;84676;3667;5337;3611;5163;2475;6198;5728;3480;57521;3479;64798;3488;93;4790;79109;253260","33709"
"WP5108","Familial  hyperlipidemia type 1","55908;51129;336;4035;337;1071;3990;335;3931;3949;5360;338328;4023;27329;344;116519;6400;64788","39027;16113;47775;47774;6495;132933;17855;16247"
"WP5109","Familial hyperlipidemia type 2","7391;2053;2690;255738;26119;338;336;337;3990;335;3931;3949;5360;4023;338328;1071","64005;64007;39027;16113;47775;47774;6495;132933;17855;16247"
"WP5110","Familial hyperlipidemia type 3","7436;336;337;348;1071;3990;335;949;3931;4023;3949;5360;4035","39027;16113;47775;47774;6495;132933;17855;16247"
"WP5111","Familial hyperlipidemia type 4","84649;2646;355;6400;336;4035;337;1071;3990;335;3931;3949;5360;4023;64788;338328;344;116519;64714;4547;2645;84532","15531;39027;16113;47775;47774;6495;132933;35366;15522;17855;16247"
"WP5112","Familial hyperlipidemia type 5","6400;336;4035;337;1071;3990;335;3931;3949;5360;4023;64788;338328;344;116519","39027;16113;47775;47774;6495;132933;17855;16247"
"WP5102","Familial partial lipodystrophy","4001;8815;4023;1050;2167;5396;687;688;6720;2624;2625;57104;6777;11343;10365;84823;1149;5468;5465;63924;5346;3991;10269;2339;23463;4000;208;5601;5290;3630","85682;86019;17408;15356;17855"
"WP2879","Farnesoid X receptor pathway","9971;6256;7363;6822;10998;6554;1581;8431;9965;8660;8647;570;1576;2289;117283;5244;10891;11309;1582","48705"
"WP5274","Farnesyl to CoQ10 metabolism","","64136;18186;175763;32374;46245;17385;15999;30763"
"WP314","Fas ligand pathway and stress induction of heat shock proteins","6709;3552;11124;840;3315;8767;1677;5058;317;1616;113523636;9261;841;142;1676;397;54205;356;8772;843;5925;58;5599;3725;7867;6416;839;5062;6885;4001;84823;842;8837;596;4214;836;7124;5591;4000;4799;355;60;71","26078;16856;17761"
"WP143","Fatty acid beta-oxidation","3030;34;3032;57104;1376;35;1632;1892;2639;3033;37;2820;51703;1738;55902;7167;2712;2180;1666;3990;788;33;1384;3991;23305;1374;1375;2182;2710;8513;1120;38;2181;4023","28387;27868;35366;17859;27537;15532;27466;15351;15524;29052;15471;17754;28002;10723;28264;27648;29119;15517;28493;15530;15491;16108;28706;27402;15453;15521;27540;15978;17984;28325;28632;15525;15345;29126;17855"
"WP357","Fatty acid biosynthesis","2194;1892;51703;55825;55268;31;55862;2182;6319;55902;79746;47;2181;3033;32;2180;5091;10449;51102;1666;23305;1891","57318;17093;30744;37554;7896;17330;3247;2393;16947;15361;15904;57347;15531;15351;17984"
"WP206","Fatty acid omega-oxidation","126;216;131;1571;125;1576;107987478;1565;107987479;1543;130;217;127;124;1579;1544;1548","39567;30805;76273;77168"
"WP5061","Fatty acid transporters","23205;2180;948;23305;2167;2168;2171;2182;2170;2181;10999;2173;1622;646480;2169;51703;81616;2172","15346;15904"
"WP5323","Fatty acids and lipoproteins transport in hepatocytes","338;348;341;4035;26119;6272;29116;3949;255738;1622;2169;3988;10948;114879;10577;7416;6770;6646;8435;949;2180;2181;51703;23305;11001;10999;376497;11000;2170;2168;2167;19;337;4018;344","15904;37554;17002;17855;16247;16113;15346"
"WP2816","Felbamate metabolism","1576;1571","80590;80585;80589;80586;80584;4995;80583"
"WP5318","Female steroid hormones in cardiomyocyte energy metabolism","4547;6517;5465;3032;34;208;338;6794;2099;133522;4846;47;2101","41774;17489;50114"
"WP4313","Ferroptosis","51510;27235;5093;2222;1645;2180;5261;55240;84883;5447;7417;5621;79643;7018;7296;27035;81631;8644;2729;1536;6520;94033;3658;55847;440738;2643;64116;3315;3156;9474;3162;5094;1491;1803;875;100379661;571;2495;7037;50507;2879;23516;30061;23657;2730;2937;246;6303;112483;7157;10162;2181;2182;23305;51703;1356;2512;8031;84557;10533;4891;7419;6510;81539;1646","79110;50924;16856;15843;15346;18145;30413;176419;16643;94287;29034;15514;16240;15467;15372;27568;15440;75036;29033;46245;29191;17710;15351;14321;18050;27208;128769;17515;9334;35492;15356;17858;24654"
"WP4136","Fibrin complement receptor 3 signaling","207;3569;3551;5290;5340;6850;7098;868;4615;3456;387;3654;5327;3627;83593;4790;114609;7189;148022;929;7305;2921;51135;23643;3929;7099;6714;353376;3661;3684;3689;7124;6347;1147;8517;2243;3656;3593;4843;2244;2266;5966;5970","16412;5054"
"WP4238","Flavan-3-ol metabolic pathway","1312","136609;149599;16164;88738;90;70824;23053;30764;88700;52023;174946;32357;88746;174634;18135;176472;42255;134255;16433;28631;30746;545959;18101;88750;36062;75633;1427;30745;18089;137492;86612;137503;41941;90242;30763;4806;30816;71018;86369;168254;133508;88690;30778;15346;31018;28647;89613;89612;89615;88466"
"WP4966","Fluoroacetic acid toxicity","50;224;223;55902;217;1431","30887;30775;61646;30769;30089;14272;174045"
"WP1601","Fluoropyrimidine activity","7378;7083;10864;10057;1719;978;6996;8714;151531;1806;407026;2356;10257;23583;7298;1890;4524;1807;6240;7372;83549;7517;2068;1066;7371;8836;1548;9429;7157;6241;2030;51733;5471;8824","46345;31348;31521;17013;80625;32188;15640;17622;40101;80626;20502;15633;60761;2129;80627;80624"
"WP306","Focal adhesion","5156;824;5879;284217;1277;5595;7448;3082;53358;7059;5295;2268;673;3694;8515;1286;7057;3611;894;7060;3908;7143;3696;6093;3655;2534;4659;10188;7409;2002;80310;7422;4233;3791;1398;1499;3673;5649;3678;5599;5063;29780;7791;3381;6696;1292;5747;3725;106821730;56924;3685;3688;3911;3676;5894;3674;5604;3912;2277;2321;5170;2064;1950;857;4638;859;5594;1101;596;1311;2013;3371;10319;1399;6464;3913;8503;998;5908;5728;3909;60;2885;3680;1284;10298;595;7294;5881;10420;6725;1278;5601;8516;7423;208;50509;5159;7408;6654;3910;394;1280;3914;5906;8711;1290;1793;3695;1288;331;5296;7058;3055;3479;2316;2932;640;3915;2335;3918;5228;3675;5290;63923;330;896;329;207;7148;5058;5829;23396;572;3672;3480;81;6714;71;3265;3679;5154;9564;7414;858;5291;3693;10000;55359;7094;9475;5880;5293;56034;7450;22801;3691;2889;3690;1956;7424;5062;1729;5753;387;5923;85366;5155;4636;1282;25759;399694;5578;5579;5582;2909;4660;54776;5499;5500;5501;58498;93408;10627;103910;4633;10398;29895;91807;340156;87;55742;64098;2317;2318;83660;5602;7410;10451","16618;18348"
"WP3932","Focal adhesion: PI3K-Akt-mTOR-signaling","4843;4846;3678;7248;5290;1440;2885;3718;3717;2056;1284;1101;3695;7143;6794;1302;3914;3444;1442;1311;3682;1278;3691;2335;3687;3681;7058;3563;5295;1289;207;5649;5747;113791;10319;3560;3918;3454;3912;3679;3694;3674;3680;3673;3689;5296;1288;53918;9180;54541;3675;3371;1290;3910;8516;1282;3909;3915;3913;7060;1280;3716;5291;7059;8515;3685;5618;3575;3655;3911;3570;3688;3381;1292;7450;7148;3693;63923;6696;5728;3908;1441;3559;2057;1281;3683;3566;284217;6654;3690;7249;5293;3696;7448;7057;10000;1277;1301;30849;50509;3561;3455;1286;208;3676;2690;22801;23533;1942;2246;2256;2255;1943;1950;2257;1435;51378;285;284;7422;1944;1945;1946;2259;2258;9965;8822;8817;2247;2248;2249;2251;2252;2253;2254;2277;3082;3479;3630;4254;7424;7423;5155;5228;5154;4803;56034;26291;27006;80310;26281;8823;2263;3791;3643;2261;3480;3815;2260;1969;1956;1436;2264;2321;2324;4804;4233;5156;5159;7010;84335;3456;3558;5008;5617;1128;1902;2149;1129;57121;9170;23566;10161;2846;2787;2783;2782;59345;2792;2790;55970;2784;54331;2785;2786;2788;94235;2793;51764;2791;5294;4893;3845;3265;92335;51719;81617;5562;5563;64223;6009;2475;57521;3091;8408;200186;11140;3326;23239;8115;5170;5516;5515;5528;5526;5521;5519;5523;5527;5529;5522;5518;55844;5525;55012;3320;7184;23035;9623;5894;5605;5604;5594;5595;2932;2309;2308;3551;572;842;4193;8517;1027;1026;1386;10488;1385;468;64764;84699;1388;90993;148327;9586;23216;4218;5862;10890;9230;51552;6517;6513;6515;6514;10891;2997;2998;5208;5207;5209;5210;3991;6720;3169;31;1994;4842;2034;64344;6199;1978;1975;6198;6194;1977;9470;253314;5287;5286;3667;8471;8660","29120;5931"
"WP176","Folate metabolism","4790;2348;5970;6347;7157;390243;2352;6573;4791;2350;113235;10797;4552;4143;4522;4548;191;6472;1719;875;102724560;4353;847;5327;2155;5340;2147;5054;2879;6649;55312;2878;1491;257202;2877;2876;4524;2618;10588;6470;6647;12;338;335;6288;19;6291;6289;949;6290;3949;6648;3553;3558;1401;3043;3643;3039;3458;3565;1435;213;3630;3383;7124;3569;80308;2243;2244;2266","15544;142058;34505;15551;28728;15627;15553;44409;17561;16240;15636;63606;15637;18349;18272;15633;15641;37445;15377;17627;20506;16474;29035;27470;62764;17588;18405;15428;16467;17115;39026;39025;17855;16113;60151;39027;17621;47775;47776;15379;28911;16238;40304;16761;18420;17996;17482;15422;29105;16480;24757;25812;33101;25567;17015;18421;15414;16643;16680;25942;44454;59560;15903;24103;29033"
"WP1589","Folate-alcohol and cancer pathway hypotheses","216;4548;1051;1571;128;1385;10840;4524;875","20506;17482;16643;15343;30089;16680;17588;62501;15636;16236;15641;17561"
"WP2035","Follicle stimulating hormone (FSH) signaling","5594;2488;2492;1081;5595;207;6194;7249;1385;8290;6198;2308;1432;2870;6199;5894;1978;6714;6446;2475;26060;5578;5566;6009",""
"WP4549","Fragile X syndrome","26999;2563;2915;1268;6714;9456;2534;2903;18;627;160;23236;8218;5530;80852;1385;1742;6529;5578;2571;5566;1981;7915;6464;1213;163;2885;1212;10243;23426;2891;814;5781;2890;1175;27161;9495;2566;8536;9743;2549;2554;84867;23405;1173;9463;1605;2904;2561;4915;1211;8831;3708;5499;5335;816;50944;5605;2332;8569;6198;4131;5594;3845;23191;84335;23237;5604;6654;5526;1979;5894;4763;1977;815;64798;9894;57521;64223;2475;5291;9675;6009;2911;5163;116986;5728;7248;207;7249;107080638;51256;58512;1374;6566;224;5825;9524;5573;6455;1785;1973;6895;4204;2043;1029;3218;673;369;6457;351;2902;1845;1915;348980;3746;3751;4318;5909;54869;81631;1759","14321;17489;16865;18348;67197;16618"
"WP5091","Frustrated phagocytosis leading to malignant pleural mesothelioma","",""
"WP35","G protein signaling","5577;2790;27115;109;111;55970;2791;10270;5533;8165;5575;2778;5580;2784;5141;5153;2776;2775;5144;5579;6237;9630;9495;2781;196883;8622;4893;51764;2792;2783;5573;2767;5583;5530;2770;801;5567;5576;10681;3760;5331;9465;10672;112;10566;5136;5137;108;2774;5587;23683;115;9472;107;11214;2769;5151;9590;387;8852;2773;11215;2793;5588;5143;94235;5581;2788;5582;2782;5578;5584;2787;2785;3265;5590;9138;11216;114;113;5566;5142;3845;5150;10142;2786;2768;3708;5568;6548;2771","18228;29108;18035;17489"
"WP45","G1 to S cell cycle control","5925;1870;1869;5426;1027;1021;5111;1019;1026;8318;1029;983;1017;7157;5558;1028;894;898;148327;1030;4193;1022;901;6118;1032;10488;84699;4661;7029;891;896;595;902;4609;6119;4173;4172;1388;4998;4175;4176;4171;23595;1031;5427;4331;23594;4174;4999;1871;6117;1385;7027;7465;472;90993;1647;23649;5000;5557;993;8900;5001;9134",""
"WP524","G13 signaling","6242;5585;1073;85415;387;5216;9138;23191;10672;10788;8826;5293;397;5291;57630;3984;4608;5879;10188;5063;5305;5602;801;8976;5296;5500;7454;4216;4632;11113;398;6093;1729;5290;998;6198;9475;1072",""
"WP4157","GABA metabolism (aka GHB)","137872;4129;8574;18;2571;1800;2744;7915;5446;27165;2572","59888;30031;17768;89760;42639;15801;16724;85981;41189;7386;17645;17148;16810;17497;86371;18405;28300;57706;16015;17568;16958;17960;30830;173437;33404"
"WP4159","GABA receptor signaling","223;160;10243;161;140679;1175;6529;1173;2572;6538;2571;163;2564;2566;2568;55879;2565;2554;2563;2550;2561;2562;2560;18;2567;9568;2556;2558;2555;2557;2559","30830;29985;2972;16865;15741;29108;17996;16265"
"WP5143","GDNF signaling","2331","16393;29108;37550;16595"
"WP4830","GDNF/RET signaling axis","10252;2296;64321;2138;6664;5076;6299;186;2303;2668;2625;79633;6092;652;3975;9353;26585;5979;2674;2737;11020;51668;1499",""
"WP5452","GLP-1 from intestine and pancreas and role in glucose homeostasis","5122;5126;2740;3630;2641;6513","17234;33709;5391;80270"
"WP5447","GLP-1 in pancreatic islet cells","2740;2641;3569;3570;6513;6514;3630","17234;80270"
"WP5446","GLP-1 secretion from intestine to portal vein","5122;6523;6514;2641;2776","29108;80270"
"WP5437","GNAQ pathways in port-wine stain","2776;5290;7204;5163;207;2475;4790;5894;5604;5594;387;5879;154796;10413;5605;5606;6416;5607;5608;5609;5595",""
"WP455","GPCRs, class A rhodopsin-like","2854;8388;10692;2829;8392;1233;26532;1813;9293;4157;27334;4988;2150;5030;3357;57105;4544;3355;4888;26664;81696;116511;1268;54329;643;51554;2840;2866;5031;2832;8811;6755;26658;23620;1524;2838;9283;81797;6754;2830;26493;5029;57121;2863;6752;1815;26333;1237;1129;3061;4987;2833;4543;2652;2357;4986;9002;5731;5734;266747;5737;56656;26707;1269;150;2862;3360;8390;283297;134;4829;56923;7201;94233;3351;2842;2845;6010;2149;135;2358;390892;6751;1240;10316;152;140;2853;2865;2847;23432;5724;26212;2587;185;1132;26692;442184;5732;7932;5021;338674;3062;2861;54328;147;2857;9248;4991;4992;3973;653166;8386;5028;3361;144124;153;8111;3362;5733;1241;4886;8590;26188;8477;2859;2825;53829;442191;1232;105377067;8843;3354;2925;3350;135948;3579;81697;84636;1814;26539;10886;283160;81491;5739;1122;23596;2831;2834;11250;9034;611;27198;4994;1235;2492;27202;553;3577;9934;2827;79541;26476;2359;4985;8383;11255;11251;5032;2846;136;2151;442186;10798;2864;1238;887;4889;155;120776;148;57007;2867;26659;26538;53836;8484;442185;3356;1131;680;1909;4995;729230;26696;187;4158;1816;2844;10161;6915;154;146;26189;56670;4159;5729;10800;2852;2828;151;2843;1230;4923;186;719;4160;554;2850;1128;3269;5540;552;2826;2693;144125;26211;64106;3363;3274;64805;3358;29909;158131;4142;4161;1812;2841;886;5956;1910;623;26531;8387;624;4993;10888;4887;6753;3352;135946;7852;10936;1234;2835;1236;2848;10803;26716;126370;1133","60598;64628;18243;4698;3165;15544;16796;28790;2719;18295"
"WP334","GPCRs, class B secretin-like","799;10203;1394;104909134;1395;2696;9340;2740;2642;2692;5746;5745;117;6344;7433;7434;976;2015;30817;22859;23266;23284;64123;10149",""
"WP501","GPCRs, class C metabotropic glutamate, pheromone","2911;2915;2912;2913;2918;2914;2917;2916;846;2550;9568;55507;55890;51704;9052",""
"WP117","GPCRs, other","53831;51289;9288;9287;27202;9290;84539;54112;118442;64582;11245;9038;57191;59340;1234;26648;1951;2798;26494;2492;2149;135;1901;144124;4923;59352;254786;341416;81050;3355;3356;3579;3577;26333;341276;2837;4935;56413;83873;9289;221395;53829;29933;128674;283383;2841;146;140;154;3363;59350;26245;8387;401428;26212;4992;138883;8390;26211;4994;26716;393046;8392;2840;1952;9620;2918;79541;2925;1268;1131;1129;887;2833;2692;27239;10888;2911;1814;1815;30817;1880;1909;84658;2532;29929;5032;84059;23284;23266;5737;6752;6608",""
"WP4941","GPR143 in melanocytes and retinal pigment epithelium cells","115;5176;6490;2776;5567;2769;196883;434;7422;5443;5566;409;5568;1638;7299;108;7306;23236;408;2778;5331;5330;4935;1385;5332;5579;2315;3708;4286;4157","18228;17489;29108;17895;15765;2003;30616;27406;29888;17815;18243;16852;27404"
"WP3958","GPR40 pathway","23007;113026;5336;5310;3710;5333;89869;23236;2767;51196;5334;5330;5331;2864;5335","16595;18035;29108"
"WP4970","Galanin receptor pathway","6517;1401;2353;3630;10413;1028;5443;3569;9370;10018;7422;6844;1026;5468;1027;1385",""
"WP4518","Gamma-glutamyl cycle for the biosynthesis and degradation of glutathione, including diseases","2678;2937;26873;79017;2729;1800","14321;15428;15857;15422;16761;33704;15356;16856;16010;17515;4047"
"WP5299","Ganglio series sphingolipid metabolism","3074;3073;6489;338596;8705;6483;29906;6484;2583;129807;10825;8869;6482","27515;87992;15681;27691;87990;87994;28648;27938;17950;28175;60913;28058"
"WP1423","Ganglio sphingolipid metabolism","8705;2583;30815;9197;2523;29906;127550;6483;8869;51046;6482;8708;6489","90189;90265;59228;89636;27691;84758;87990"
"WP2596","Gastric acid production","4588;643834;6343;2520;885;7432;2694;2922;124906959;643847;124906960;5222;5225","18295;17544;32588;26710;15355;17883"
"WP2361","Gastric cancer network 1","56992;11082;4851;8209;6790;4605;286826;8900;1063;57122;64094;3020;4173;121504;9585;324;11065;54476;6286;144455;1894;7153;54891;8607;86;352954;22974;55125",""
"WP2363","Gastric cancer network 2","92140;962;84823;11065;1299;51316;7157;1297;29089;255488;55215;8926;5884;79075;5983;63922;7153;3930;55593;27101;6277;25909;1499;157769;29028;10153;4609;55299;54921;5984;1956",""
"WP4659","Gastrin signaling","29984;388;1027;387;6654;5295;5290;8503;5296;5468;2002;5594;6093;6667;5747;5595;1958;5829;998;5879;5578;5604;8649;5058;207;3717;6774;1499;6925;5335;6198;6194;64283;960;4792;4790;5970;1147;3551;2932;5599;4296;3725;332;598;7422;836;1385;5894;330;2776;6714;3667;6464;5781;5054;1113;329;182;4316;4609;3558;3688;5587;25865;2309;2308;5580;1432;5601;2885;9564;1398;5583;5581;5566;1026;1029;10524;51564;9314;5055;7032;595;3067;1386;100271849;4207;4208;4209;3265;3845;1978;572;7525;2534;5588;2353;5743;302;408;409;650;3576;2520;887;999;1956;6550;6548;3815;7082;9076;2475;1994",""
"WP2854","Gene regulatory network modeling somitogenesis ","4851;134701;89780;84667;6911;2253;145873;28514;3955;2043;3280",""
"WP5033","Genes associated with the development of rheumatoid arthritis","115352;26147;26191;4261;7185;6583;3123;23569;3572;6775;640;958;51744;3663;1493;1235;3559;3685",""
"WP4823","Genes controlling nephrogenesis","3611;2118;6469;2737;3975;1499;6928;2138;3688;3675;4010;2668;7852;6495;2297;5155;3207;6387;7422;55243;3913;3791;7490;2303;4690;8516;7827;4868;2253;5979;23607;54361;6092;8440;2296;4853;6943;5159;5076;948;9353;2018;2263;3237",""
"WP4536","Genes related to primary cilium development (based on CRISPR)","11159;583;8100;2121;51098;79770;23059;91147;80173;11020;51626;90410;23552;57560;26160;137392;79738;54903;51134;51259;55125;28981;150737;56912;26123;55112;8655;26146;23322;25776;79989;79959;255758;55081;27077;51668;10300;84314;89891;80178;11127;200728;283643;79659;6993;403;200894;585;129880;27241;55212;582;123016;8195;84100;54585;166379;22920;9371;22858;51715;9731;80210;56623;60684;79583;79867;57545;79600;132320;85302;132884;64927;84455;23288;57728;57539;79809;55764;9742;7289;112752;80199;123811;84984;8481;65250;26005;10464;79363;146057;51174;80817;153241;11116;51057;9851;51175;85459;22832;57534;79598;163786",""
"WP1992","Genes targeted by miRNAs in adipocytes","2697;610;10021;9759;3759;3784;7114;9464;3479;3753;6722;58155;2078",""
"WP5269","Genetic causes of porto-sinusoidal vascular disease","NA","NA"
"WP2276","Glial cell differentiation","5354;1267;11076;406989;2596;4478;4155;4099",""
"WP2261","Glioblastoma signaling","2260;5287;10253;595;5604;5925;5728;3480;207;898;1029;5170;3667;2308;54206;5295;7248;2065;2885;5286;5288;5296;5290;5291;5293;208;10000;6714;2549;5294;2309;4303;5156;5159;2064;1956;2263;4233;867;4763;4893;3845;3265;369;673;5894;5335;5590;5588;5583;5582;5580;5584;5579;5578;5336;5605;5606;6416;5607;5608;5609;5594;5595;1027;1017;1026;7249;1031;1030;894;1019;1021;1869;4193;4194;7157;2033;472;672;675;2956","52288;26034;16618"
"WP5280","Glucocorticoid biosynthesis","1109;1585;1589;1646;3291;1584;3290;1576;6716;873;6715;8644;6718;1645","28320;17650;34350;28324;89627;28697;17252;732;18093;16962;9901;3899;3898;89257"
"WP2880","Glucocorticoid receptor pathway","3725;2908;4791;3320;10728;8553;89795;3589;347902;9792;221079;57007;8454;9982;3895;5272;6347;8507;5743;7546;5375;5142;10769;6364;1907;8972;5997;241;1831;10602;6591;330;153218;10252;4616;79056;121512;1836;54566;221393;81706;329;387509;7049;51129;56262;27063;7056;1028;6337;10560;7128;5552;2040;6397;29103;92737;4240;11057;80315;8436;55224;84002;11214;5460;84951;6286;9970;8856;6256","63562"
"WP661","Glucose homeostasis","3630","17754;17191;16643;17687;15903;15729;422;16467;17368;15971;17066;36274;32816;16525;30797;17895;17295;16349;18019;18089;16414"
"WP5211","Glucose metabolism in triple-negative breast cancer cells","5163;3098;5214;6513;3939;6566;54704;5315","15351;16651;16474;18021;15946;78682;17234;15361;15954"
"WP698","Glucuronidation","7360;5238;5239;55276;3098;7358;5236;7367;54657;54576;79799;54578;7366;7363;7365;54575;54579;10941;54658;54600;54490;574537;7364;10720;54659;54577","17985;15378;4170;17659;44215;15377;15422;16908;46229;26078;29042;17200;15713;15903"
"WP100","Glutathione metabolism","2687;2678;2876;2936;290;2938;2946;2877;2937;2729;221357;3417;2730;2878;2953;26873;2879;2539;2944","17515;17561;4047;15428;18183;16924;16015;16474;50619;47911;15705;17257;47910;16613;44409;16856;8744;15351;17021;17858;167606"
"WP4722","Glycerolipids and glycerophospholipids","57678;54675;56994;5833;1040;23761;8694;81490;57104;5337;8525;9791;10400;56895;10423;1120;5130;55500;137964;84649;5319;80339","15525;15346;29089;15978;16975;15354;16732;64674;16038;17984;17815;17962;37393;17517;64716;64961;28494;16749;57643;16436;11750;64596;17152;17553;16000;64615;17855;17936;29017;15541;15527"
"WP2533","Glycerophospholipid biosynthetic pathway","57678;253430;9663;10390;5320;2819;2710;23175;8760;1120;56994;10400;8540;8443;9489;114971;54675;10423;55361;8394;346606;5833;9791;150763;84803;137964;5294;5290;5291;5293","17810;36712;17106;36702;37296;17476;16474;18009;17984;16732;17361;16240;49086;15354;16000;17555;15377;15351;16291;36707;15414;16680;17553;15850;15422;16761;64615;17855;57597;29089;45212;44215;13389;16108;17815;17754;16908;18132;57643;16975;17677;172525;15835;17517;64716;64961;28494;24848;16749;17962;18348;17719;58178;11750;64674;16038;17115"
"WP1495","Glycine metabolism","6470;6472;4524","17822;15361;29987;20502;36277;15428;57947;16919;30413;26401;53664;16891;16995;16856"
"WP5028","Glycine metabolism, including IMDs","51601;6470;27247;11019;51218;2731;200205;388962;55163;2653;275;1738;387787;23479;150274","137944;597326;15846;49601;33722;17115;15428;86459;58451;16526;16134;30314;1989;16908;15378;58589"
"WP500","Glycogen synthesis and degradation","5837;5516;5257;2998;5526;5261;5527;801;5255;5522;5834;7360;2997;2931;5523;2992;5518;808;5529;5515;8908;5528;5521;178;5525;805;28227;5256;5520;2932;5260;5519;2632;5236;5524;5836;80201;3098;3099;3101","28087;17489;29042;46229;15903;75052"
"WP534","Glycolysis and gluconeogenesis","7167;5214;2203;226;92483;5315;230;6514;2805;2597;1738;5091;5213;2806;5230;4190;5313;6518;5160;4191;3939;3098;6513;5224;1737;5211;2027;2023;3948;3101;3945;25874;51660;2026;2538;3099;5105;5232;6517;8789;6515;2645;5223;229;2821","24344;30744;16001;15351;17050;28013;422;15903;29052;32816;61527;17053;16108;44897;75052;57584;57579"
"WP5049","Glycolysis in senescence","5925;2539;3939;5230;7157;2597;5315;2023;230;3098;5562","24996;15361;28300;33365;18059;17822;36080"
"WP4815","Glycosaminoglycan degradation","2799;10855;2990;411;3425;3073;8692;6448;3423;2588;60495;23553;2720;3373;138050;4669;3074","18376;18331;132153;28815;37397"
"WP5395","Glycosaminoglycan synthesis in fibroblasts","113189;135152;9653;337876;10090;90161;9469;64579;9348;79586;56548;55790;29940;27087;11285;9955;64132;9957;26035;166012;2132;64131;9956;3340;9953;266722;2135;9394;55454;126792;55501;22856;2134;8509;2137;54480;8534;50515;26229;2131;51363","17174;4439;67138;24500;18250;18296;16137;57632;66914;58052;18376"
"WP5292","Glycosphingolipid metabolism","127550;129807;7357;53947;2629;2717;2581;7368;8703;9334;8702;8708;57704;10825;2583;410;84002;9514;8707;9331;8869","18368;27499;17950;18390;52639;15681"
"WP4521","Glycosylation and related congenital defects","22845;79868;1798;29925;2683;8818;4247;7841;7991;84061;79053;29929;79796;79087;9526;10195;4351;5373;8813;54344;79644;56052;440138;85365;199857","57683;58223;15903;57705;58427;58211;58189;132516;132519;132517;132520;132522;132521;59082;132537;60615;57527;58735;58409;61527;132515;15750;132511;16091;67132;132510;17710;58472;57269"
"WP5166","Glyoxylate metabolism","10861;58510;5827;112817;9380;54363;3939;1610;189;8659;2806","62612;29108;17742;15361;36655;30623;57972;57305;17180;33384;16659;16238;18095;29805;6331"
"WP5385","Growth factors and hormones in beta cell proliferation","3651;5595;207;7046;3845;3630;5154;673;3480;4092;5228;339122;200186;2321;2308;3643;3479;8788;11186;4609;1017;1019;2305;5594;208;10000","18258;18332;29108"
"WP3627","Gut-liver indole metabolism ","1571","17840;43580;16881;27897;43355"
"WP3969","H19, Rb-E2F1, and CDK-beta-catenin in colorectal cancer","9555;1019;1499;595;1869;1024;5469;1466;182;6659;999;7289;5366;5925",""
"WP5426","HDAC6 interactions in the central nervous system","NA","NA"
"WP2456","HIF1A and PPARG regulation of glycolysis","2597;3939;7167;2819;84803;6513;5468;3091","29052;32816;15361;28013;16108;422;16651;15978;16975;17855;18035;4167"
"WP4751","HIPK2 in kidney fibrosis","6477;28996",""
"WP2840","Hair follicle development: cytodifferentiation - part 3 of 3","6275;3866;4254;10804;2908;7704;4772;284110;4345;11005;25928;3516;1499;1991;1523;6662;6929;94234;3488;2625;22943;3228;64919;22822;4853;404203;85293;80070;657;3880;4851;6868;1747;55806;23581;6925;27122;8549;3725;4790;5653;2353;9355;11197;1824;6422;64065;3479;6657;8842;864;1828;23560;654;8626;4086;2304;2736;4089;147409;4487;947;26018;10468;55507;9622;26085;43847;337879;254950;337966;85294;2354;51176;7474;27121;1956;1490;8321;2619;652;3458;1959;8456;4488;25818;5650",""
"WP2839","Hair follicle development: organogenesis - part 2 of 3","860;8626;344167;999;3624;1499;10804;4684;595;51176;6615;8321;4790;10913;1896;6469;4041;652;5727;6608;23560;5156;5154;2263;2736;894;3688;2735;2246;7474;4609;3911",""
"WP4674","Head and neck squamous cell carcinoma","2280;54541;4089;9817;1977;5925;406885;8626;84962;2549;253260;64223;23533;329;841;8650;7015;1026;4851;2195;8772;1869;5294;79109;7157;3664;9794;1956;5728;207;5295;5296;5290;5291;208;10000;4893;3845;3265;7248;7249;5562;5563;6794;6009;2475;57521;6194;27244;83667;595;4853;1019;1021;7048;114788;7422;1029;6199;1978;5170;1499;8452;4780;2064;3480;2263;2260;2261;7187;5970;4790;5966;4791","6801;9168;68481;50914;16618"
"WP1591","Heart development","23493;7424;5594;4086;2253;8928;2626;1499;1482;2065;50805;5781;6910;4851;659;57057;8553;4208;150572;650;2296;27302;406937;2303;23462;406904;4776;3670;406935;4772;6909;7422;657;6469;7423;2255;2627;6722;4089;9464;4773;6899;3170;652;5308;4775;9421",""
"WP4249","Hedgehog signaling","1455;156;64839;2619;51684;122011;64399;408;5566;2735;11127;1452;5727;6608;2121;1456;1453;53944;1454;50846;6469;3549;8643;57154;64750;4036;50937;91653;132884;5567;5568;157;409;2736;2737;374654;23432;8405;339745;8452;595;894;596",""
"WP47","Hedgehog signaling","156;3549;2736;6469;10284;6608;27148;2735;50846;2737;51684;406;8643;374654;5727;25942",""
"WP2849","Hematopoietic stem cell differentiation","7148;399;4773;51176;4005;2353;5292;90485;1435;947;2624;2354;79366;3663;6688;7068;10320;1440;863;4602;80342;3071;10661;7409;4261;23650;6776;3757;23541;4066;3567;55502;4582;2623;4254;7173;3562;2056;3569;3552;1437;3553;7852;4601;8780;91;406948;406950;28;3674;2815;2993;100506403;861;4851;407008;2313;4778;3690",""
"WP3657","Hematopoietic stem cell gene regulation by GABP alpha/beta complex","6597;596;1789;1788;7014;2120;1786;7543;3002;4089;2551;5728;598;2309;2553;2322;1387;2033;472;574406;4170",""
"WP561","Heme biosynthesis","212;2235;5498;1371;3145;211;210;7390;7389","12109;15379;17381;16134;15378;16240;15346;15437;16526;15380;15428;15377;15439;16645;29033;26355;17627;15430"
"WP5169","Hemesynthesis defects and porphyrias","5498;3145;211;210;212;7390;7389;1371;2235","57306;15437;28607;15435;26355;17549;15428;17381;57845;28766;15380;89912;15439"
"WP4666","Hepatitis B infection","7040;537;4318;3716;10488;4772;5606;1026;1386;4615;5600;7124;3339;1642;4214;369;356;1959;6554;7042;7043;7046;7048;5599;5601;5602;4087;4088;4609;1643;1960;1387;2033;5290;5295;5296;5291;5293;8503;207;10000;208;3551;8517;1147;572;4790;5970;596;6416;10971;7529;7534;355;8772;841;843;637;581;836;54205;317;842;332;5578;5579;5582;4773;4775;4776;3717;3718;7297;6774;6772;6773;6775;6776;6777;6778;7419;2185;6714;2885;6654;6655;3265;3845;4893;5894;673;5604;5594;5595;5605;3725;4089;2002;2353;1385;468;1388;9586;64764;148327;90993;84699;5111;3576;7097;7099;3454;114609;3654;51135;353376;7189;10454;23118;6885;5608;3569;6300;5603;1432;5609;7098;148022;7187;9641;29110;1654;3661;3665;23586;64135;57506;3439;3444;3442;3443;3441;3440;3445;3446;3447;3448;3449;3451;3452;3456","29108"
"WP3646","Hepatitis C and hepatocellular carcinoma","330;1432;6241;7422;356;1284;5879;598;3577;332;407040;7410;6774;5420;5781;7345;5595;595;2487;7157;3716;3576;4312;100126313;4790;207;26509;3570;51176;672;960;3569;6654;842;7040;2017;4088;5743;1870;2885;3091;4609;836;1026;6927;3725;840;406947;407012;407013;407048;407049;4843;5599;4089;7046",""
"WP313","Hepatocyte growth factor receptor signaling","2353;5781;2002;11184;5829;5594;5290;5058;2885;5599;4233;2185;3725;6714;5908;1399;2549;3265;6774;1398;5728;5605;5894;5747;2889;5921;5595;5906;5604;3688;1793;3082;3672;6654",""
"WP4206","Hereditary leiomyomatosis and renal cell carcinoma pathway","7157;5163;5564;54583;4780;5160;3939;5562;5571;4891;6194;31;32;5161;5162;9817;8452;3091;6513;7422","16247;15422;17234;24996;29371;18248;29034;73634;16526;15361;15351;35366;57384;16947;15589;30744;16087;16810;15380;30031;29806;14321"
"WP2645","Heroin metabolism","1066;8824;590","17303;27808;2168"
"WP3924","Hfe effect on hepcidin production","3077;164656;148738;57817;654;4092;3397",""
"WP4860","Hijack of ubiquitination by SARS-CoV-2","8883;9039;8453;6921;6923;9978;865;79699","95028"
"WP4540","Hippo signaling regulation","5562;5563;5564;5565;5571;51422;53632;999;1008;1009;1010;1012;1013;1014;1015;1016;28513;1000;28316;64405;64403;1001;1002;1003;1004;1005;1006;1007;2767;2771;2773;2774;2776;2778;5566;5567;5568;5573;5575;5576;5577;5578;5579;5580;5581;5582;5583;5584;5588;5590;23683;23236;5330;5331;5332;4088;998;4087;2475;26524;6788;9113;4771;4485;7003;8463;7005;7004;2263;3791;3643;2261;3480;3815;2260;1969;1956;1436;2264;2321;2324;4804;4233;5156;5159;7010;2322;4914;4915;387;5879;51176;83439;6934;6932;1499;25937;10413",""
"WP4541","Hippo-Merlin signaling dysregulation","999;1008;1009;1010;1012;1013;1014;1015;1016;28513;1000;28316;64405;64403;1001;1002;1003;1004;1005;1006;1007;5566;5567;5568;5573;5576;5577;3672;3673;3675;3676;3678;3655;3679;8516;3680;8515;22801;3681;3682;3683;3684;3685;3674;3687;3688;3689;3690;3691;3693;3694;3695;3696;5575;26524;6788;9113;4771;4485;7003;10413;25937;8463;7005;7004;2263;3791;3643;2261;3480;3815;2260;1969;1956;1436;2264;2321;2324;4804;4233;5156;5159;7010;2322;4914;4915;3627;960;57144;60485;5063;106821730;56924;94274;1499;595;4609;5747;5332;154796;389421;10298;1490;9686;4893;3265;4659;2305;5058;84962;5062;3845;1495;407054;5499;5500;5501;9730;8451;1642;9978",""
"WP4537","Hippo-YAP signaling","3627;6788;23012;60485;9113;10413;50488;23043;4771;26524;10397;11186;25937;4485;11184;5871;9448;8491;7003;8463;7005;7004",""
"WP5231","Hippocampal synaptogenesis and neurogenesis","NA","NA"
"WP2369","Histone modifications","55870;3020;3021;8351;8356;333932;126961;653604;84444;79813;10919;2145;2146;4297;8085;58508;55904;64324;7799;6418;26040;9739;23067;29072;84193;54093;55209;79918;80854;387893;133383;9869;83852;6419;150572;56950;64754;114826;10322;6839;79723;51111;84787;8726;121536;9757;554313;8364;8365;8294;8363;121504;8355;8362;8367;8357;8366;8368;8350;8369;8968;8361;8354;8360;8359;8353",""
"WP186","Homologous recombination","10714;5888;675;6117;4683;5893;57804;472;25788;4361;5424;5425;10111",""
"WP4194","Hormonal control of pubertal growth spurt","3479;2796;2691;6750;2688","50114"
"WP4877","Host-pathogen interaction of human coronaviruses - MAPK signaling","4214;4293;4294;4296;5601;3725;2353;5600;5603;1649;6300;4216;5595;5609;5594;1386;5599;6416;5606;1977;1432;5604;6197;596;5602;6196;5608;5605;6195;5894;3429;684;3726;10581;10410;8519",""
"WP4864","Host-pathogen interaction of human coronaviruses - apoptosis","596;637;836;840;8772;5600;356;581;572;7124;207;842;6300;27113;10018;317;841;574406;4170;598;5603;1432","18070"
"WP4863","Host-pathogen interaction of human coronaviruses - autophagy","9776;84557;8408;9706;9821;8678;30849;2475;5289;55062;53349;10533;83734;9474;9140;55054;64422;115201;89849","16038"
"WP4880","Host-pathogen interaction of human coronaviruses - interferon induction","57506;148022;64135;23586;8737;9641;3661;7189;1147;4615;3551;7187;4790;29110;3716;51284;8517;4792;4938;5610;6885;5599;1432;3725;2353;3454;3455;7297;6772;6773;10379;4939;4940",""
"WP5445","Hunger and satiety","4160;5443;4852;181;3952;51738;2641;5697",""
"WP516","Hypertrophy model","9948;1978;3554;8013;3552;3458;1977;7422;467;6935;3727;2660;102;3491;27063;11072;1839;3475;4656;3606",""
"WP3668","Hypothesized pathways in pathogenesis of cardiovascular disease","5595;4089;5599;5594;7048;10631;6464;860;2200;1490;7182;4052;1432;285;2022;7049;7046;4087;4088;185;5054;2201;84467;4053;2316",""
"WP3655","Hypothetical craniofacial development pathway","387;105378858;9411;3664;9181;7020;8626;7043","16497;28862"
"WP2943","Hypoxia-mediated EMT and stemness","23405;6935",""
"WP53","ID signaling","5933;5925;2004;5079;4654;7849;2002;5934;3399;2005;898;5076;1017;6720;3398;3397",""
"WP5414","IDO metabolic pathway","3458;8942;883;8564;3620;169355;6999;56267;51166;2806;7124","1547;18344;28747;16828;15793;16675;30754;57959;13389"
"WP2865","IL1 and megakaryocytes in obesity","3554;2149;3383;3553;7077;8991;4318;7941;3654;7096;3606;4615;7076;1232;105377067;5290;114548;2205;2147;3458;6280;1839;6347;7097;4790",""
"WP195","IL1 signaling","7334;10746;5966;3316;5595;3551;5590;23118;9020;5605;5296;7189;4615;54472;51295;8878;1147;4793;5970;1432;4792;4790;207;5295;5606;57162;8517;5781;9261;5594;5604;5335;3552;257397;5608;7335;3556;3553;5599;3554;5601;57161;4214;5609;4215;10454;6416;51135;3654;11213;3656;6885;3725;1386","29108"
"WP4495","IL10 anti-inflammatory signaling","644;645;3587;3588;3552;3569;3716;6772;6773;6774;3586;3162","16990;30413;17033;17245"
"WP2332","IL11 signaling","3551;5296;3572;3590;7525;3717;6774;3589;5295;5524;5894;3265;5781;2885;2534;6194;6195;207;5595;5594;6772;1385;466;1147;5970;332;596;9021;860;632;3381;3383;6714;3716;7297;5604;5605;6198;2242;7040;8554;10401;3673;5170",""
"WP2112","IL17 signaling","7189;54756;8517;5594;5970;2932;6667;4790;132014;3605;207;112744;10758;3717;3551;53342;6774;4793;27189;64806;84818;6885;1051;23765;55540;9020;27190;1052;3716;7187;5595;5290",""
"WP4754","IL18 signaling","54205;581;5594;841;27035;353376;6559;3932;4790;653361;4688;55272;1994;1499;2932;5595;5295;1147;3551;4792;3315;1447;6885;5728;32;2904;5578;5579;7132;4205;1051;2623;6667;8837;637;836;3659;7124;7157;356;355;5601;4776;5970;5609;5562;142;6198;5580;3654;7189;8807;3606;8809;4615;27178",""
"WP5422","IL19 signaling","8651;9655;29949;3716;6774;5595;5594;6772;5879;53833;4790;891;207;7040;5599;7852;4312;7124;4586;59;53832;1432;3565;3566;7132;6356;6778;1277",""
"WP49","IL2 signaling","3559;3265;6777;6774;6772;5594;207;867;9846;5605;6464;2534;3558;1399;3932;3561;6194;4137;6654;5894;5604;3560;1154;2309;2885;3718;5595;2185;5781;6198;6199;3716;6776;6850;9111;9021;5295",""
"WP5347","IL26 signaling","836;581;3569;3586;7124;4318;59;8600;245972;1513;4772;81501;3605;6097;3576;3553;6364;90865;124906748;100289462;1673;9021;6772;6774;1437;3383;3588;53832;3717;4087;5595;5594;5599;1432;4513;4312;4792;55801;2042;207;1649;5970;5601;3716;7297;4353;5290;3725",""
"WP286","IL3 signaling","3563;3568;5169;7409;596;969;1232;5594;4067;7040;3576;6850;2534;942;3055;5599;2353;7529;2885;5566;3635;572;5296;6777;598;6654;1439;6776;5604;10971;6714;207;5777;1399;867;3265;3717;5595;5894;3716;9846;5295;6464;2889;6774;5781;5293;3725;3562",""
"WP395","IL4 signaling","6198;5595;6772;5781;6778;1051;5970;7297;5600;2316;2242;3717;6464;4790;9655;2033;1050;867;5777;1386;3635;3667;8660;5296;572;8651;9846;1432;2002;3565;3716;6777;3561;207;6654;2353;3566;6774;5594;5290;2885;5293;3718;9046;6776;5295;4792;3551;1147;9021",""
"WP127","IL5 signaling","5294;6777;6776;6198;5595;207;3845;5296;695;5295;6195;3716;2931;2932;3717;4067;161742;5781;2002;5605;6464;3558;6194;3725;4137;6654;5894;5604;3568;1439;6774;5594;2309;6772;2885;6199;6850",""
"WP364","IL6 signaling","5604;3569;6774;2885;5595;6772;6654;5605;6416;5580;2549;5594;6198;3055;207;5295;5879;2932;6464;3570;7409;3572;3716;5296;3717;9021;572;7297;5781;639;6885;3659;598;1387;7432;1401;3726;3065;7076;51701;8648;2063;183",""
"WP205","IL7 signaling","2534;5604;2185;6776;5605;2932;6777;5296;3561;5595;3716;3574;3575;6774;572;5594;207;3718;5295;6772",""
"WP22","IL9 signaling","6772;6777;5595;2885;6774;5296;6776;1025;5594;3578;3718;3561;5605;5295;3716;3581;5604",""
"WP3640","Imatinib and chronic myeloid leukemia","613;25;4609;5243;9429;3815;5156;5159;1027;6502;1436;1647;2309;4839;200734;4066;5292;11040;9846;2321","45783"
"WP5285","Immune infiltration in pancreatic cancer","6374;56477;6347;112744;2277;7043;6352;53342;6387;64806;3958;27189;51561;7042;3553;3586;1437;83998;27190;7423;6364;3956;3965;7424;4318;3593;3592;3605;7124;2919;3567;3569;3558;3596;3576;7040;7422;3565;3458","16480;17245"
"WP4197","Immune response to tuberculosis","10379;5696;4938;4599;3659;8651;6772;8554;8519;3459;5771;6890;3430;3434;7297;3716;3437;6773;3717;3460;3454;3455",""
"WP5120","Inclusion body myositis","23621;2660;23411;5663;23385;4137;55851;5664;4790;4791;351",""
"WP5336","Induction of autophagy and toll-like receptor signaling by graphene oxide ","3456;3458;7124;4790;7189;4615;7099;3661;54106;8678;84557",""
"WP5198","Inflammatory bowel disease signaling","4790;8807;6772;3567;3458;7124;30009;6778;112744;51561;6774;3561;3592;3565;3586;2625;7040;50943;3459;64127;3569;6095;7097;3595;7100;3596;149233;6775;3606;4772;3594;7099;3725;3558;59067;50615;3552;4087;3566;4094;6097;50616;3108","8005;183049"
"WP453","Inflammatory response pathway","942;7133;3913;3458;7059;7448;3558;3566;3560;3932;3912;3561;3565;1281;958;1277;3918;1278;940;959;7132;2335;941;3559;3915;7535;3911;7057;3567;3568",""
"WP4844","Influence of laminopathies on Wnt signaling","6517;406884;595;5468;1052;1051;1050;7480;2932;1452;1499;122011;324;8312;51176;6932;6934;83439;10269;4000;23463;2339;6720;693120;1021;27161;6895;8091;23405;6696;860;7088;3280;388585;2010;26092;9370","17376"
"WP1438","Influenza A virus infection","596","16856;45744"
"WP4301","Inhibition of exosome biogenesis and secretion by Manumycin A in CRPC cells","5873;369;5594;10015;3187;673;5894;6237;22800;22808;3265;3845;4893;5595;5868;5869;5878;9146",""
"WP3414","Initiation of transcription and translation elongation at the HIV-1 LTR","4776;4775;4773;6827;1025;3065;5534;25920;6667;10614;5530;6829;5533;5532;2033;904;5535;1387;7469;4792;4772;5970;4790;51497;7936;3066;8841;9759;10014;51564;55869;9734","69818"
"WP481","Insulin signaling","6813;5293;5289;9265;5792;5879;2932;5967;50488;2885;53358;3667;6513;8986;3551;9448;9021;5583;3799;30846;382;2992;208;6722;10746;5867;5580;207;10487;6009;5213;6812;8503;6300;5295;4217;8660;5288;5296;5602;4215;11184;5595;6197;5728;2002;6464;1398;57761;252983;27330;3643;7494;2308;1978;9882;5579;5609;6199;6654;5880;2353;5294;6236;5290;8471;23678;10603;5603;2997;7249;5291;10938;4214;8491;5167;5608;115703;6517;1326;5211;7248;7786;9252;6810;3480;5590;6616;6416;2888;5588;6195;5598;6196;1432;6198;23433;4296;5563;8773;5770;5599;3636;868;6885;6814;3631;6446;867;30849;5600;5601;5781;2998;3725;8651;5597;1977;25759;2319;23624;4641;2549;57381;2931;5584;5562;10580;6655;9175;5506;5894;375;2475;5578;3991;5606;5596;5871;5170;3265;2889;2309;5607;2887;1958;4294;6844;5286;5594;10211;5604;9064;10110;4216;4293;11127;11183;5605;9020",""
"WP3635","Insulin signaling in adipocytes (diabetic condition)","3643;3667;2475;208;9882;6517;6198;6194","36080"
"WP3634","Insulin signaling in adipocytes (normal condition)","9882;6517;3643;3667;208;6194;6198;2475","36080;5931;28659"
"WP1971","Integrated cancer pathway","466;994;993;100379661;571;5347;4609;5451;1026;1019;27113;472;842;841;545;1017;983;7157;10811;4361;4217;580;836;5925;572;1111;4087;4088;2956;207;4436;596;4193;672;6772;11200;581;10111;4312;3716;5728;1030;1027;641;1869",""
"WP185","Integrin-mediated cell adhesion","3676;10753;3611;5747;3690;3682;6654;7791;5906;3684;1398;3679;407042;3695;84665;726;3681;6414;6093;3685;3675;7414;2889;3674;827;5880;5829;106821730;56924;5604;9564;3691;3696;5170;825;6714;1793;10451;673;858;3683;369;11131;11132;3687;3672;2534;5602;1445;859;6010;3265;5598;857;3694;5597;6464;3688;824;10000;5605;5296;3680;7145;23473;3678;8515;5894;7410;998;5607;826;3689;5062;5606;5594;10580;5908;5608;5063;3673;208;823;5879;9475;9815;7408;3655;5058;207;2885;3693;8516;22801;8874;85366;10298;5596;6300;5881;7094;53358",""
"WP3670","Interactions between LOXL4 and oxidative stress pathway","23411;51295;84171;1728;4899;7040;4780;11140;650;1280;6839;54536;5310;2335;308;2252;780;3490",""
"WP4559","Interactions between immune cells and microRNAs in tumor microenvironment","7099;7048;8651;3559;1493;941;942;406929;406930;5133;406994;406986;100616173;407040;29126;406983;406984;406985;406991;10401;6774;6352;3627;6347;7040;7042;7043;3560;3561;407012;407013;406996;406886;406992;407010;407021;51135;7189;407018;6778;406938;51284;51311;4790;4791;3565;3566","52603"
"WP5092","Interactions of natural killer cells in pancreatic cancer","9437;648;259197;2624;374383;6868;102;4609;5817;22914;100528032;6346;6351;6352;6348;7124;6347;2308;3458;4277;100507436;5551;3002;1437;10666;10225;201633;2214","17234;24996;138181"
"WP2916","Interactome of polycomb repressive complex 2 (PRC2) ","22823;8178;3720;23087;11329;9967;9774;23064;23515;5931;121536;2146;8726;23512;2145;5928",""
"WP585","Interferon type I signaling","1398;5777;3716;8554;2534;5781;7535;5788;10401;3932;9846;867;2889;6198;3455;79109;1399;1977;1978;57521;27250;6774;3667;8651;9021;3454;6772;6773;1975;5293;5879;5606;6775;10379;8986;7297;2475;64223;1973;5966;1385;6776;3276;5608;5906;8660;9252;5295;7409;6194;4214;10399;1432;5296","15996;17552"
"WP4558","Interferon-mediated signaling","3716;7297;3717;6772;6773;5295;5290;5578;10379;3455;3454;3459;3460;3439;3444;3458;163702;3588;282618;282616;282617;101180976;3442;3443;3441;3440;3445;3446;3447;3448;3449;3451;3452;3456;338376;3467;56832",""
"WP2637","Interleukin-1 (IL-1) structural pathway","3552;4615;1326;4214;2002;1147;51135;4792;3654;3665;6885;4790;9252;7189;54472;5599;3656;5595;3554;5606;6294;5970;9020;9261;10454;4215;5600;4155;3556;23118;257397;5608;6416;5609;5604;5605;10010;3551;1432;5601;5602;5594;4793;1386;8569;2353;4609;2872;1977",""
"WP3656","Interleukin-1 induced activation of NF-kB","84962;5590;3552;8878;4790;7189;92610;7335;7334;3654","15422;16761"
"WP4856","Intracellular trafficking proteins involved in CMT neuropathy","8766;10397;5867;1959;5376;79628;9516;8898;1785;4359;53916;9230;57111;81846;9896;4747;3315;5864;121512;26353;54332;9927;23095;90678;7879;5865;10567",""
"WP4532","Intraflagellar transport proteins binding to dynein","57539;55764;9742;57728;64792;51668;11020;112752;56912;57560;28981;140735;255758;6993;51143;89891;1778;83658;79659;51626;8655;1781;1780;83657;55112;6990;1783",""
"WP5372","Involvement of δ-secretase in neurodegenerative diseases","5641;23621;208;4137;351;5516;6772;4915;627;6418;10000;1051;23435;4129;6622;6733;207","64645;18243;27978"
"WP229","Irinotecan pathway","54575;1244;8824;1066;1576;590;4363;54600;54658;1577;9429;10599","8990;80630;8988;80552;80551"
"WP5172","Iron metabolism disorders","55240;7036;1356;2512;148738;57817;3077;4891;7018;7037;30061;9843;79901;2495;617;80025;7386","29034;29033;10986;29032"
"WP2007","Iron metabolism in placenta","30061;3658;341208;48;55240;4891;57192;7036;57817;7018;7037","29033;29034"
"WP5152","Iron-sulfur cluster biogenesis","9054;57128;23479;2395;2230;2232;22;3313;150274;51218;10101;4682;26502;51647;27247","10545;17561;18248;49883;26833"
"WP5311","Isoglobo series sphingolipids","10317","17950"
"WP5358","JAK-STAT signaling in the regulation of beta cells","2305;3569;57521;3845;3460;3458;5618;2056;4893;208;3459;896;64223;6772;8835;8651;6774;6777;10000;2690;84335;3717;2688;2057;6776;1154;2475;894;207;3570;9021;5617;3265;1019",""
"WP4656","Joubert syndrome","200728;91147;51259;9786;1857;117177;51684;468;79598;4644;387;4646;407;2316;10464;585;26123;402;51524;10524;142;5108;153241;6102;5158;27241;472;6009;1855;129880;55212;9094;261734;6469;79600;65250;203286;27031;2475;123016;79848;79583;80210;200894;27130;9738;9731;5145;23090;284086;582;65062;4361;583;5148;79867;27077;10111;8481;56623;95681;4867;54806;5147;80776;57545;54903;403;4218;80184;22897;23322;5116;51199;1068;1069","17552;17526;53174;16618;16356;18348;84247;37565"
"WP5360","KCNQ2-related epilepsies","3786;3785;5566;6324;3708;185;1128;624;5028;9495;23621;5336;5578;5514;6804;1457;5533;288;801","17489;18348;15355;29103;16865;16595;29108;2719"
"WP5074","Kallmann syndrome","3972;5594;23129;55636;60675;9723;6663;5015;429;745;2885;128674;207;2253;5781;10818;2260;5605;5290;26022;10215;3730;4762;2796","30616;28815;16595;23965;18035;65307;29108;17347;50114;81569;17026"
"WP3933","Kennedy pathway from sphingolipids","23761;10390;10400;1120;8879;9791;1119;9468;5833;55500;5130;55224;56994;81490","16000;67040;15414;18361;18132;26739;11750;64674;16038;181457;16680;17361;16284;64482;17115;16761;16436;49086;15354;17553;73341;18035;16732;16311"
"WP4742","Ketogenesis and ketolysis","1376;5019;788;622;6566;7351;6513;38","15422;35366;37054;15347;15344;15351;17234;15345;15361;16526;30744"
"WP5089","Kinin-Kallikrein pathway","710;3818;1369;2161;623;624;3827","133068"
"WP4871","Kisspeptin/kisspeptin receptor system in the ovary","5580;5330;5581;4318;3283;5293;2661;6770;3265;9210;5291;5588;5579;207;23236;4790;5604;5894;1583;268;5332;5578;5605;5583;3814;2492;4893;408;5163;3845;5582;5595;208;5331;409;84634;5594;5290;5294","80312;18035;18348;16618;17026;29108;16595"
"WP304","Kit receptor signaling","6195;6197;207;1796;1398;2033;4254;7409;9846;7006;5605;2886;6464;10603;2534;3815;1399;3717;5296;6777;8651;5335;695;2887;4067;4145;5777;867;9306;6194;4137;6654;5894;5604;3635;6774;6772;5594;2309;2885;5595;5781;6198;6776;5578;572;5579;5599;1432;5295;6714;4286;3265",""
"WP5351","Kleefstra syndrome","57492;6597;6599;6601;6602;6603;6604;86;51412;79813;6256;9070;171023;23054;55777;7403;84661;5929;22976;58508;9970;11091;8289;6598;8314;3020;3021;6595;79447","59789;61929;29969;29105;61976;93986;57856;16991"
"WP4236","Krebs cycle disorders","2271;8803;51660;2875;3945;5106;3948;55526;1743;8050;8802;8801;3939","16977;16810;18012;30744;15466;30797;15361;24996;15380;15351;16761;26294;15422;30860;15996;133748;30031;30835;85473;73034;16510;28867;17552"
"WP5044","Kynurenine pathway and links to cell senescence","847;2308;688;23475;8564;3458;3620;27102;23498;4842;7157;130013;6999;8942;1026;125061;51166;169355;3456;7124;196;7099;7850;440275","15372;15497;995;18304;30754;18344;15346;1547;3715;15524;28683;15793;28747;15745;15345;15763;16796;15846;18377;10072;15351;606564;15473;27897;16675;15453"
"WP5272","LDL- influence on CD14 and TLR4","3586;6347;3569;3553;1432;6300;5603;5600;4790;929;1385;7099;468;10488;9586;90993;64764;84699;148327;5970;4791;5971;5966",""
"WP4904","LDLRAD4 and what we know about it","56937;4734;753;4087;55054;7048;7046",""
"WP4478","LTF danger signal response pathway","3552;3553;3569;3576;7124;3439;3456;3654;7189;7099;4057;54210;51135;7097;929;5594;177;4790;4615",""
"WP5239","Lac-Phe pathway","10057;55748","58095;16651;167456"
"WP5314","Lactate shuttle in glial cells","3939;3945;8671;9123;762;9194;6506;256281;760;6515;3098;6566;6513","17544;30616;15361;18066;15378;16526;16077;17234;29101;456216;24996;4170;16234;15379;28087;29103;16474;28300;14321;16134"
"WP5303","Lacto series sphingolipid metabolism","8708;2525;8707;2524;2523;84002","17950"
"WP4299","Lamin A processing pathway","10269;4000;23463","15356;33709"
"WP3934","Leptin and adiponectin","51094;5562;5564;3952;79602;31;5571;3953;1374;9370","35366;15351;15531"
"WP2034","Leptin signaling","3953;6772;5336;6464;3717;5335;5894;2885;8648;3952;5296;5295;6774;25970;6667;10657;30837;5781;9021;2064;3840;2099;2534;6714;2308;2475;207;5970;1154;8835;8517;1147;3551;32;5599;1977;1978;6777;2932;5728;5605;5604;1432;31;2931;4846;5747;1073;6194;1385;5563;572;6195;3667;6654;3265;5594;5595;5770;5140;4790;5966;2002;6198;5562;3716;387;6093;998;5879;9475",""
"WP3935","Leptin-insulin signaling overlap","3717;5170;3953;9021;6774;8503;207;8835;5294;3643;8651;3630;8525;3952;3667;8660;8471","18348;16618"
"WP4686","Leucine, isoleucine and valine metabolism","5096;593;586;1629;549;56922;3712;23417;197322;3028;54511;36;38;1738;26275;1892;27034;5095;4329;11112;4594;594;64087;587","17453;43433;15956;57344;37054;11851;73017;43074;24898;62638;30794;57762;70979;64669;15792;57327;13705;57335;165613;27266;15478;17191;57336;28654;15603;57288;17865;184285;15531;57345;62500;15479;57292;57392;62413;62611;133577;82957;25017;70984;28484;384411;90005;73025;68499;133513;70857;68566;30920;174063;73693;741548;30860;73028;73026;89228;86366;82956;73018;37079;78554;71179;27389;33404;16958;16510;89836;28867;10860;73031;57346"
"WP4542","Leukocyte-intrinsic Hippo pathway functions","10413;10971;6901;9113;26524;55233;4485;6788;60485;10397;23012;100132074;4303;2308;2309;50943;7003;83593;5879;83706;90417;2533;5872;639;5906;387;1236;930;406991;4023;1432;3683;8463;7005;7004",""
"WP5171","Leukotriene metabolic pathway","4048;22949;2687;4363;4051;241;240;4056;1800;2678;64174;26063;1666","27814;74014;28700;15651;16978;15650;134517;15646;16856;15843;7210;28666;27562;74017;63979;15632;63980;15647;74019"
"WP2646","Lidocaine metabolism","1576;1544","28738;80575;357241;6456;222828;80567;55545"
"WP4853","Linoleic acid metabolism affected by SARS-CoV-2","59272;10965;54898;60481;3992;9415","28733;15756;15843;17351;28842;53486;16196;37739;71488;28661;15530;15508;15514"
"WP5137","Linoleic acid oxylipin metabolism","240;246;2053","34498;34154;38559;91272;17351;72651;38299;72665;34506;68947;72842;34499"
"WP5149","Lipid metabolism in senescent cells","3265;50487;5743;1026;6578;240;7157;26279;5321;8605;283748;123745;255189;5322;8398;7941;8399;81579;84647;5319","26208;61121"
"WP3965","Lipid metabolism pathway","10000;5346;29923;57104;3991;31;53632;5160;5571;51099;593;2194;47;5562;55902;5565;208;5564;5563;207;51422;23205;5568;5566;5573;5577;5576;5575;5567","22918;35819;15361;15351;35804;15531;15756;15525;30089;17855;18035;17408;35366"
"WP3601","Lipid particles composition","1071;3949;3931;4023;345;344;336;348;335;338","26523;17002;39025;16113;17855;35366;39026;39027;17754;60151"
"WP2874","Liver X receptor pathway","10062;6256;64241;1576;64240;1555;1581;6720;2194;6319","86029"
"WP4010","Liver steatosis adverse outcome pathway","",""
"WP3624","Lung fibrosis","255520;51750;2920;6696;91039;2246;6351;4092;1490;729238;5073;6347;5265;6498;7124;653509;3569;1906;2006;1440;26585;1832;7015;4204;3576;79991;796;7039;3596;3553;1232;105377067;6352;5154;6356;23250;2247;1215;3567;1950;7076;3593;655;5155;5806;4780;4318;2252;727897;1051;57105;3162;4313;3082;6440;729230;3565;1437;5328;10144;6348;4502;3479;7040","26523"
"WP5146","Lung pathology of COVID-19","3569;6347;115004;51311;64135;23586;7124;3627;51284;7098;57506;4790;3553;340061;1437;3606;4283;29110;6373;3661","138181"
"WP4872","MAP3K1 role in promoting and blocking gonadal determination","5594;54361;4216;6093;4214;2263;8312;10023;387;6662;668;5600;2932;10912;6736;2254;1499",""
"WP3849","MAPK and NFkB signaling inhibited by Yersinia YopJ","9020;4214;5594;8517;3551;4792;7189;1147;5894;4790;6237;5608",""
"WP422","MAPK cascade","1432;3725;4893;5609;4215;4214;2002;4133;6416;3265;7786;5602;4155;6300;5608;6494;22821;6237;3845;10746;5606;5331;2885;6655;6654;369;673;5894;5604;5594;5595;8649;5605","16497;17552"
"WP4928","MAPK pathway in congenital thyroid cancer","8844;5605;2002;2353;4609;3725;5894;5604;6655;5595;6464;673;6654;3845;238;150946","15996;17552"
"WP382","MAPK signaling","7189;4208;6722;6197;5606;2005;5906;1398;3552;5155;10000;51295;9175;115727;6885;5601;2885;8569;1843;3925;2002;1956;5532;5533;11184;4772;409;4137;10125;5908;929;8517;627;1616;113523636;5602;7124;369;6789;1432;3551;408;120892;836;2316;5566;9261;7132;9020;3315;51776;2768;7040;4214;10746;4149;11221;5924;9448;5159;10454;4216;1647;5607;994;3554;5880;5580;5536;5604;5879;5778;7850;23118;7046;5594;5801;84867;283748;673;4914;1386;6416;2353;5582;4609;6655;7042;5598;1846;10368;3312;6300;9479;5494;3553;7186;5603;57551;5608;1850;208;8550;5922;1849;5535;2260;7043;5530;1950;1649;9064;1326;4803;1399;9344;5595;5599;3164;5578;468;4909;5154;4915;356;5495;2263;998;2261;8649;2264;3725;6654;3727;6237;3265;9252;7786;7157;22800;4790;55970;8605;4763;10235;207;25780;5921;5923;3310;4908;9693;5567;3303;5568;6788;1845;8491;1147;7048;4791;5871;5970;5609;5971;5534;1852;51701;1844;80824;355;2872;5321;4775;4217;4296;51347;1848;5605;5600;8986;7867;5881;23542;23162;2317;2318;3304;3305;3306;22808;4893;3845;5894;255189;100137049;123745;10369;27091;27092;55799;59283;59284;59285;773;774;100874369;775;776;777;778;779;781;782;783;784;785;786;8911;8912;8913;9254;93589;2249;2246;2247;2248;2250;2251;2252;2253;2254;2255;2256;2257;2258;2259;26281;26291;27006;8074;8817;8822;8823;9965;5062;5058","16412;16595;29108;17489;18035"
"WP3584","MECP2 and associated Rett syndrome","9611;4661;5457;1749;2475;344;3065;627;6750;9315;124906525;200424;4204;5454;1750;9126;4208;6890;7337;54715;1267;54790;6446;2289;6194;2146;2593;207;4354;4986;26084;25942;3481;6667;2571;6872;3187;1465;2894;50937;1052;815;4155;604;2570;10664;6670;84950;1869;2890;5978;4099;114787;80312;3480;3185;4904;1385;3479;2290;5728;1660;2521;23435;11168;2530;2247;2902;2248;2249;2250;4763;2892;2893","18243;16865;15428;18357;31882;29987;28790;16796;17268;16523"
"WP4205","MET in type 1 papillary renal cell carcinoma","3082;5290;6774;5599;867;5335;4233;2549;2885;6654;6655;3265;3845;4893;1398;1399;2889;5781;5906;5908;369;5894;673;5879;998;10298;5058;5062;5063;106821730;56924;57144;5604;5605;5594;5595;5291;5293;5295;5296;8503;207;208;10000;572;2113;3725;238;6801;3640;3718;6924;6135;116328;5747;6714;7030;5546;1026","91418;16618;91398;18035;84244;29108"
"WP4560","MFAP5 effect on permeability and motility of endothelial cells via cytoskeleton rearrangement","3708;7082;3685;4633;5747;5594;3725;4638;8076;7414;3690;4026;87;1385;5595;5829;5335;5588","29108"
"WP3301","MFAP5-mediated ovarian cancer cell motility and invasiveness","7134;1385;8076;3690;6263;5335;5747;5588;3710;3725;3685;5594;5595","29108;16595;82929;77276"
"WP4288","MTHFR deficiency","79813;4524;836;1788;1789;842;438;10919;1312;1786;54205;2906;3176;2902;2903;635;1119;55349;10400;55471;4141;501;56994;5130","15354;67040;49183;10167;17724;58199;10166;295975;29108;17761;57844;58779;15710;17750;1989;18035;64583;15641;16680;16038;26523;17230"
"WP3877","MYD88 distinct input-output pathway","3654;4615;54106;10333;7100;3552;7096;7189;7099;92610;51284;7097;81793;4790;7335;7334;51311;3725","16240"
"WP4146","Macrophage markers","929;9308;968;2152;9332;942;972;5880;4069",""
"WP5353","Macrophage-stimulating protein (MSP) signaling","6935;6591;9839;4485;6590;632;3381;121340;3586;4318;3553;7124;55554;1374;10891;4486;7422;3456;5594;5595;6714;5335;207;2475;6198;27250;6195;6194;1282;5111;25;7480;8321;1499;9076;4087;4088;5170;1000;999;6197;7431;5728;2932;6513;3939;3099;3725;8986;7157;9252;4086;4090;4093;5563;31;5747;59;4790;5599;5601;1432;4091;3480;2260;2321;3791;5156;5159;7040;2335;8651;9021;8431;1958;2353;3164;1843;1848;3569;2920;3627;2549;7122;100506658;7082;5295;6464;2885;5579;3315;5894;10397;2002;1846;1399;5970;3576;6374;2919;6495;5604;5605;142;3688;1437;6347;1440",""
"WP4589","Major receptors targeted by epinephrine and norepinephrine","154;153;150;107;146;151;152;108;109;196883;111;112;113;114;115;55811","29108;30616;28918;17115;18035;33019;58165;57926"
"WP4315","Malate-aspartate shuttle","8402;6507;2806;4190","17364;16015;30915;30744;30797"
"WP4673","Male infertility","124404;5243;3983;196;57491;338;367;406;472;596;635;675;847;8476;1106;9575;7180;1586;1543;56603;1618;57119;94240;2067;2068;2099;2100;2119;355;356;2346;2775;2876;158983;3122;84072;150280;3643;3817;3981;222229;116511;4193;4292;27030;54456;4438;4439;4477;4522;4524;4548;4552;340719;4780;4842;4843;4846;1728;343171;135138;142;10400;5192;9271;55124;440822;143689;5395;5428;5444;5445;56979;5619;5620;55170;29968;5896;9985;5981;8787;6470;140885;55423;9194;6648;6649;6660;128153;23626;6716;346673;5726;6948;56154;124842;7124;283629;83983;10537;7320;23304;83844;9101;7508;7516;7517;7518;7520;51087;5423;113235;58531;373863;57054;4313;1387;55818;904;8812;1617;1025;54514;8359;23369;6406;57135;26609;339834;905;8900;140690;57055;27161;1191;7057;4057;30827;8290;11218;9319;2033;3159;676;4318","15346;2676;15517;17833"
"WP5320","Male steroid hormones in cardiomyocyte energy metabolism","3293;3294;6715;8644;3284;3283;6716;51171;1588;1586;6817;1583;54658","17026;28689;28835;542034;17347;16032;28195;16422;541975;2150;428206;23965;84094;89524;2710;16113;86542;16581;28750;17263;16330"
"WP4842","Mammalian disorder of sexual development","6662;7490;2626;268;10468;30812;84733;668;2516;23543;3640;50846;1761;284654;1499;6715;54361;5087;5730;6736;2263;269;2254;2018;5600","17347;15555;428206"
"WP2813","Mammary gland development pathway - Embryonic development (Stage 1 of 4)","554210;406984;4609;6422;3655;249;9839;1364;7015;2066;3688;7040;10718;406983;595;207;999;7124","16991"
"WP2815","Mammary gland development pathway - Involution (Stage 4 of 4)","1116;9021;4609;4318;1869;6774;7157;581;999;3572","16991"
"WP2817","Mammary gland development pathway - Pregnancy and lactation (Stage 3 of 4)","84876;2064;595;5241;7528;5617;51083;23508;7170;598;8600;1956;1977;4609;139728;5770;2001;1147;857;2100;3717;2706;2066;2065;1447;2099;7392;1050;1051;9914;2908;8792;5618","4903;16991;7872;17026"
"WP2814","Mammary gland development pathway - Puberty (Stage 2 of 4)","5241;1950;2099;6776;2064;8061;374;2335;7431;8204;4609;7076;595","16991"
"WP5236","Markers of kidney cell lineage","284654;84870;5972;5175;2253;3815;7827;284252;2297;3791;3371;4851;6927;2138;655;5159;8313;5087;59;9096;130497;3172;2018;652;4435;182;4086;163;6299;54361;2056;2668;6928;7490;54583;6422;6943;1674;2252;338917;7474;3975;6495;4907;10736;5076;4868;4090;8854;3195;112398;112399;79633;9423;1634;1499;5914;7040;5915",""
"WP129","Matrix metalloproteinases","4313;4318;4316;4321;9313;4319;4314;4320;4327;4323;4324;4325;4326;10893;7077;7078;7079;682;7124;56547;79148;64386;64066;6942;118856;4312;4317;4322;7076;8510",""
"WP4630","Measles virus infection","81607;1459;1457;5610;6774;3665;1027;51284;3445;4938;27102;3303;3448;1965;3443;3310;3716;3449;9451;3661;595;3447;3312;3456;8717;3446;283106;8772;440275;637;841;355;10379;915;3442;25898;7128;23586;1460;7157;940;868;3444;356;9367;3440;4179;27113;8667;54205;3439;103;3558;5290;1017;3559;3552;3441;3569;10399;3305;57506;7097;6504;4478;10332;30835;7099;7189;23118;3654;6885;51135;4615;5602;5599;5601;3725;2353;3553;3592;3593;64135;7187;29110;9641;3451;3452;54106;1147;8517;3551;4790;4792;5970;4791;3454;3455;7297;6772;6773;4939;4940;4599;572;581;578;596;598;317;842;836;51209;7161;3304;3306;1019;1021;894;896;898;9134;3560;3561;916;917;3718;6776;6777;5291;5293;5295;5296;8503;4793;2213","16412"
"WP4534","Mechanoregulation and pathology of YAP/TAZ via Hippo and non-Hippo mechanisms","58;59;5602;6788;5058;5062;5063;10298;57144;106821730;56924;60485;8463;7005;7004;25937;3693;10971;5599;70;5871;6714;60;3695;10413;72;3696;3694;999;11183;259230;3691;8491;7003;3690;3689;71;9113;3688;8994;4771;9448;4485;11184;5601;1499;1495",""
"WP4685","Melanoma","3845;4893;2113;2913;4763;7414;5879;4193;999;3791;3815;2066;80243;8859;4286;5058;2885;6655;6654;3265;369;673;5894;5604;5594;5595;8649;5605;25759;2002;2353;1385;5290;5295;5296;5291;5293;8503;207;10000;208;572;5728;2903;801;805;808;810;91860;51806;163688;7157;1026;581;1643;51426;578;10912;1647;4616;1021;5925;1019;595;1869;1870;1871;1029","63637;50924;16618;68647;75045;90851;145371"
"WP3298","Melatonin metabolism and effects","4133;4544;6817;1906;801;1545;43;815;406;107987478;1565;107987479;7189;3654;8864;4543;9575;5578;15;2932;23411;153;4790;2308;1543;8863;1889;348;5187;1544;438;1557;1408;1407;1453;4128;1454","17697;28790;16412;27823;26519;2089;16796;4903;17489;28969;18293;33569;2198;3210"
"WP2857","Mesodermal commitment pathway","8554;51701;63035;23181;27245;23373;2005;5090;79776;23007;115825;80304;5566;8320;9241;9573;5916;79668;8463;4838;79977;84667;4086;27244;6001;4088;2296;688;3717;7546;1466;8450;4089;28514;10413;2131;23576;10155;57198;595;5080;10973;58499;79035;4211;652;442895;3064;7003;659;11190;56946;23499;5087;84159;6911;8030;26610;92;29970;3172;8728;203228;6926;2627;85363;4091;89780;83439;84295;2260;9113;6899;55704;7403;8312;3251;10124;57669;54799;655;93;79923;3169;6925;6615;3170;27324;5460;83881;6169;154091;8928;5308;8646;2303;101929777;7473;31;9314;29072;657;9760;3624;55809;404220;6657;343930;51176;5573;8091;6722;57045;9421;5515;90;4087;22943;2132;5915;10637;8553;10451;268;2625;64321;7044;8322;7855;8325;2253;8313;4780;51366;11166;708;7547;131405;1789;11169;3720;1488;22823;85416;121536;54892;23528;80312",""
"WP5105","Meta pathway lipodystrophy, dyslipidemia and hyperlipidemia","",""
"WP5355","Metabolic epileptic disorders","4337;2731;28972;10166;6510;10157;501;3141;275;1738;2593;435;445;383;5009;1373;27165;2746;5091;2806;5160;4191;1737;25874;51660;7167;5214;2203;226;92483;5315;230;6514;2805;2597;5213;5230;4190;5313;6518;3939;3098;6513;5224;5211;2027;2023;3948;3101;3945;2026;2538;3099;5105;5232;6517;8789;6515;2645;5223;229;2821;94081;6470;6472;4338;10243;27304;2628;6576;7498;1036;6542;2875;6821;292;23474;38;686;875;102724560;55526;51166;2639;1892;3033;48;5723;29968;26227;1491;58472","16947;15428;169109;17917;17027;60525;17561;16015;16134;26078;18367;15473;33384;26836;15345;17230;17588;58905;15753;27870;30913;17775;15846;44215;15524;15842;37565;16136;27363;15811;16810;15956;30831;37023;37024;16344;15729;16927;15452;17368;15636;1989;16977;1665;17359;49014;18050;15318;17482;16349;18405;15682;29967;30915;15356;15377;16474;44409;16238;25805;16240;18019;29888;18361;30616;16526;30314;18047;16908;29952;16680;67040;15414;16919;18012;16027;17053;16199;17672;16761;15422;15378;15346;30744;15351;32816;24344;16001;17050;28013;422;15903;29052;61527;16108;44897;75052;57584;57579;30933"
"WP4522","Metabolic pathway of LDL, HDL and TG, including diseases","4023;3931;3990;9388;1071;4547;255738;19;3949;949;26119;302;344;338;348;335;336","16113;59238;39027;132933;39026"
"WP5312","Metabolic pathways of fibroblasts","2260;948;2821;10609;1902;4017;649;2264;9509;10536;871;3939;6510;5351;283208;5033;8974;7358;5831;6513;2744;2746;7360;26227;387;5832;5723;5335;29968;2645;6566;5236","28815;150712;37397;60924;17200;35366;18376;15428;17203;15893;3815;17822;29985;4170;15351;32816;18050;30915;15903;17050;15946;422;29042;18066;17232"
"WP4290","Metabolic reprogramming in colon cancer","2806;5471;29968;2746;2539;2744;6510;5831;3101;2821;57103;5211;2597;229;5230;5223;3939;2023;5315;9123;5160;5162;50;8801;1743;3418;2271;4191;6390;3419;47;2194;5723;6472;10606;2618;6888;22934;7086;5226;29920;6513","16134;45522;16087;17234;18059;17202;14321;16810;18110;17196;4170;16084;29052;28013;24344;16001;17050;422;32816;44897;15351;30744;30769;18012;15380;17822;15428;15721;58273;48928;48153;37455;17363;17666;17797;28300;16856;26523;26271"
"WP5220","Metabolic reprogramming in pancreatic cancer","5211;4190;10498;3099;6646;2875;9122;8501;5238;3845;3098;3158;2673;5315;6513;3939;1431;47;27165;2805;5160;593;2746;1738;4199;22934;64841;6566;2806;3156;2194;6675;1737;5162;6510;3949;6120;2821;587;7157;8140;8050","17363;17002;191197;17797;16474;24996;16905;16264;17234;35366;22660;18009;16332;15946;39026;133748;15351;30744;7125;22918;16113;28300;14321;30915;58725;15361;15380;25115;15467;15784;17665"
"WP4586","Metabolism of alpha-linolenic acid","3992;9415;5743;240;239;246","15843;19138;53486;91268;28661;34145;78909;17351;72645;63989;27432;36006;36005;6498;6499;15554;27647;65341;15651"
"WP3666","Metabolism of dichloroethylene by CYP450","1571","34302;27869;34959;34253;34213;34031;34958"
"WP4142","Metabolism of sphingolipids in ER and Golgi apparatus","56848;8877;8706;8879;81537;130367;2531;204219;7368;64781;166929;7357;8708;2583;2683;57452;2589;256435;8707;8704;259230","25513;28541;27731;89636;15681;17553;31488;16566;17862;17761;17600;16893;16393;37550;36498;13956;64583;36500;36477;17822;51013;18216;18163;28648;28175;28058;61732;87992;87994;27938;62370"
"WP4174","Metabolism of tetrahydrocannabinol (THC)","1576;1559","66964"
"WP3602","Metabolism overview","","30744;16452;32816;15361;16084;18066;46229;167608;17672;17835;10729;15531;18050;16015;30797;15589;15570;15721;133983;17490;15705;17754;15682;16975;48928;17815;15978;61553;15946;27402;1639;16001;35366;57737;16332;17794;16349;28602;15741;17053;30769;16947;7725;15491;17330;17408;35759;29052;16938;16199;35910;16134;17984;30915;16810;15525;17855;4167;17363;15351;15756;16337;5697;16153;17093;17665;28935;61526;28087;18021;44897;16108;52742;17797;15345;16467;29042;50651;1655;10725;325;1637;4349;10724;1634;1646;5704;10727;326;1642;3247;2393;15532;27721;27466;28726;15521;15471;27668;28493;10723;28325;28528;15533;27537;28632;28264;27540;28706;28276;27648;15517;36926;15473;15453;15344;15380;15467;15347;10983;17066;30887;18012;29806;16891;15729"
"WP702","Metapathway biotransformation Phase I and II","221357;1580;64579;2941;8574;122830;27233;54579;10;54657;51302;1593;1565;8509;113612;2330;9348;9394;2953;54577;4051;1646;260293;9957;4258;9955;1549;126410;56548;7172;10249;3176;570;2328;1555;1557;8534;2938;1591;9469;54575;66002;7363;27284;54600;339761;1548;10858;1559;285440;24142;2948;2877;1584;1562;57834;92292;54658;1544;231;9956;57106;2878;1545;219970;9446;57404;29785;6783;1588;1589;22977;340665;6822;90161;1594;56603;10327;2326;7364;51126;574537;11185;4837;2946;8644;54905;55226;50515;83539;442038;79690;1551;7366;10720;1581;2954;8529;9435;1572;9514;222537;373156;89792;9653;1582;1543;2936;25830;266722;1585;2949;199974;1109;10941;3340;1645;7881;79807;166012;9420;1583;1558;79799;9486;6819;2052;26151;339983;6799;80218;9951;54578;2879;120227;9953;6820;2937;2880;11283;2053;23563;54490;1576;2944;9196;2327;2940;8514;79829;2329;1592;6817;1571;113189;391365;64711;1586;10164;4257;7367;124907837;445329;57016;9027;64816;100526830;1577;2939;2950;1312;4166;54659;1573;4259;6718;119391;2947;64090;653689;64377;1553;1595;55501",""
"WP2249","Metastatic brain tumor","1871;7157;998;1021;4609;406881;407026;406885;406886;406887;406888;406890;5295",""
"WP3580","Methionine de novo and salvage pathway","4144;27430;191;4548;635;55349;4482;22921;253827;262;6898;259307;4953;6723;6611;4507;84245;51074;55256;58478;4143;7295","16238;25107;17724;29103;15414;16643;16680;17588;44215;28911;29105;15354;41139;16335;15377;15422;18361;26078;15641;20506;17016;18191;15625;33574;15361;16526;18405;30915;16015;16134;16240;15379;49252;50604;28096;17509;27859;15729;17148;16610;15746;16708;29033;30751;18420;1438;17245;49786;48828"
"WP4292","Methionine metabolism leading to sulfur amino acids and related disorders","132;875;102724560;1491;1036;51380;4548;635;191;4143;27232;107080644;27430","16643;27891;17482;26836;15891;26823;67040;15356;16335;16680;28115;16668;15428;17750;61085;15422;16027;15611;18361;17230;18367;15377"
"WP704","Methylation pathways","4143;4144;7172;5409;27430;3176;11185;4837;1312","26078;16680;15414;15422;16643"
"WP4190","Mevalonate arm of cholesterol biosynthesis pathway","2222;38;3155;3157;3422;4598;2224;10654;4597;9453;91734;39;3156","57623;16474;13705;57287;57288;57945;43074;15345;36464;58146;57557;128769;58057;175763;58756;57310;15440;57286;18009;15378;57783;58349;57540"
"WP4189","Mevalonate arm of cholesterol biosynthesis pathway with inhibitors","3156;4597","83934;16057;38545;35699;15351;11814;15345;25350;17436;16584;17211;17407;48861;15442;15440;3558;39548;40303;9150;38565;27794;32374;183772"
"WP3963","Mevalonate pathway","39;10654;4597;3157;4598;2224;3156","15899;16057;15351;88766;16389;17211;15345;17436;15467;25350;16113"
"WP3593","MicroRNA for targeting cancer growth and vascularization in glioblastoma","3280;407035;7422;55662;23462;3091;7423;7424",""
"WP4399","MicroRNA network associated with chronic lymphocytic leukemia","7535;596;7157;406948;406950;574406;4170",""
"WP1544","MicroRNAs in cardiomyocyte hypertrophy","406976;406949;89780;406896;6774;5595;406912;407010;3976;91807;407034;406971;1827;5579;406991;406920;406884;5879;9759;9734;5170;3479;406977;5599;5594;442890;1147;406911;1022;406932;406922;1499;8517;183;1855;4776;2932;5598;5290;1489;5605;406990;5295;407019;5296;6416;4790;406923;406895;3480;9020;51564;1154;6093;406961;1025;5592;5293;5330;9641;1432;2263;4638;406996;5894;1906;3551;3572;5609;5291;8503;3084;1950;50804;5532;208;7040;2475;2247;5606;5596;5607;4878;5320;5294;7124;9475;5604;4879;10014;387;7474;2626;8893;207;5530;817;10454;5608;2535;4041;4040;8321;801","29108;16356;16595"
"WP3937","Microglia pathogen phagocytosis pathway","3055;712;7305;6850;5295;27036;54210;2207;2209;3684;54209;3689;4067;5777;5336;27040;5879;5880;5881;7409;7410;10451;3071;10095;4689;4688;653361;1536;1535;713;714;5294;5290;5293;5291;5296;5289;5286;146850;8503","15379;16618"
"WP2038","Microtubule cytoskeleton regulation","6010;4137;90102;11076;3984;10420;9261;1855;5578;50855;57551;161742;6093;5879;4139;1073;2932;2011;2151;5728;207;2048;998;2776;89780;5786;6774;3925;5058;5566;9212;814;983;11004;25;7204;7074;6714;23332;6249;4131;1808;22919;324;1729;4914;4915;4916","16618"
"WP5279","Mineralocorticoid biosynthesis","6718;7364;1584;1109;8644;6716;54575;1645;1589;6715;3291;3290;1585;1646","9481;89328;16485;27584;88734;16827;16973;17026"
"WP5241","Mitochondrial beta-oxidation","1962;2181;1892;1666;33;1632;10449;3028;36","15541;50570;50577;50571;15525;28935;27402;15491;15532;27721;27466;28726;15521;15471;27668;27868;28493;10723;28325;28528;15533;27537;28632;28264;27540;28706;28276;27648;15517;15473;15453;15345;15351;15534;78187;87781;88007;88008;88086;88087;88090;70712;88067;88072;88080;27989;15530;78190;74090;70713;28002;28387;29140;29119;29126;15514;51985;132271;85889;15508;53152;78178;65132;85443;76643;73887;63539;30805;28875;15756;28716;28842;16196;17351;27432;28661;15843;28364;28125"
"WP4324","Mitochondrial complex I assembly model OXPHOS system","4540;4708;4709;4713;4714;4715;4706;90871;91942;4722;4711;51300;4538;25915;55572;4723;4698;4535;4694;55744;55863;4719;25880;4700;4696;4729;4695;4701;55967;4724;4726;4731;4716;54539;4712;4707;4710;55101;54968;4536;4717;4718;51103;51295;28976;4541;4539;4705;4725;137682;80224;4720;55471;29078;4702;51079","64607"
"WP4944","Mitochondrial complex I inhibition leading to chemical-induced Fanconi syndrome","","4357"
"WP4945","Mitochondrial complex I inhibition leading to parkinsonian motor deficits","",""
"WP4920","Mitochondrial complex II assembly","6392;54949;6390;6389;6391;644096;57001;135154","16238"
"WP4921","Mitochondrial complex III assembly","790955;84300;7388;7385;90624;10975;7381;7384;4519;27089;7386;1537;617;55245;54902;29796","60344;30408"
"WP4922","Mitochondrial complex IV assembly","100131801;1345;1329;25994;4513;152100;6834;1349;1340;51241;389203;1347;28958;90639;388753;285521;1337;1355;100303755;1353;51204;9377;1351;1350;4697;80775;84987;4512;10063;4514;1327;1352;116228;25953","30052;24480;24479;26355"
"WP5034","Mitochondrial complex inhibition leading to liver injury","",""
"WP5123","Mitochondrial fatty acid oxidation disorders","6342;1962;1632;35;3030;33;34;3033;55825;2182;2180;80221;2181;6584;1374;1376;788;37;3032","57347;15351;10723;17984;15346;83139;3424;15904;141075;140940;140943;140947;140942;140945;141070;141071;141072;78118;78115;78116"
"WP4318","Mitochondrial fatty acid synthesis and respiration","57534;55669;51024;9927;4976;664;10059;581;598;6456;5337;51537;5245",""
"WP4317","Mitochondrial fatty acid synthesis pathway","51102;51144;109703458;31;27349;54995","15378;15531;57347;17330;7725;15351;15422;16526;57318;10727;17093;44409;16474;15377"
"WP391","Mitochondrial gene expression","7019;3054;51106;64216;23082;51001;7978;2551;5442;2101;4899;2553;6667;10891;133522;50804;814;1385;5530","16356;17489;29108"
"WP5038","Mitochondrial immune response to SARS-CoV-2","186;27035;185;115004;28976;4790;23586;64135;51103;617;51295;4715;9641;1514;3661;4791;29110;79671;7113;124905021;59272;340061;7098;148022;7189;7187;57506;5245;11331;51284;3665;1636;5972;9868","71580;26523;80128;2719;2718;2720;55438"
"WP368","Mitochondrial long chain fatty acid beta-oxidation","2182;6342;1376;1962;2180;1632;35;3030;1374;80221;2181;33;34;37;3033;788;55825","83139;57347;15351;15904;10723;17984"
"WP4397","Model for regulation of MSMP expression in cancer cells and its proangiogenic role in ovarian tumors","729230;692094;10664",""
"WP4485","Modified nucleosides derived from tRNA as urinary cancer markers","","89487;19702;16704;143283;70989;21891;16750;17596;20794;71169;17802;19065;17562;19289;16335;16020;40304;17509;17843"
"WP5192","Modulation of PI3K-Akt-mTOR signaling by bioactive sphingolipids","207;3091;4790;5290;10715;56624;1901;5337;2475;3480;64781;7248;1903;56848","26523;77113;37550;16197;33704;62764;45719;52639;29016;17234"
"WP5072","Modulators of TCR signaling and T cell activation","921;84065;10672;5777;8651;8065;9616;53347;9158;5922;8525;1606;6923;7128;6598;1027;677;58490;5094;10425;4209;26523;399;4068;4716;11184;3937;868;4790;5966;5970;1147;3551;4792;3932;919;84433;3702;5588;10019;916;9402;2885;915;5335;917;10892;8915;7409;5296;27040;5295;925;7535;940;207;5170;9020;1326;8517;7189","18035"
"WP4507","Molybdenum cofactor (Moco) biosynthesis","6821;10243;4337;54996;7498;316;4338","52994;71306;44074;37565;26823;17712;62728;26836;17775;17478;21437"
"WP58","Monoamine GPCRs","3269;152;3360;1814;3274;1131;148;1816;1815;155;147;1129;3362;3352;1128;3354;3363;1132;1813;1133;150;3356;3355;1812;3361;153;151;3358;3357;3350;146;3351;154","28790;28918;18357;15355;7034;18295;18243;4698"
"WP727","Monoamine transport","7249;10066;5934;273;6804;6853;5819;7124;60482;114907;6530;3690;995;4842;43;1621;6999;4982;183;6531;121278;11255;1432;7041;6529;3554;10497;135;7054;5516;3553;6532","42334;28487;18357;338412;90705;18243;28918;16865;59888;33567;28790;37537;3723;77397;57912;16828"
"WP4789","Multiple epiphyseal dysplasia and pseudoachondroplasia genes","4146;1311;1297;1298;1299;4148",""
"WP289","Myometrial relaxation and contraction pathways","10267;3489;51764;8786;5590;111;6261;489;468;5577;5582;108;5581;3488;2868;2784;2785;5570;2353;2869;5021;85366;55970;5997;54331;9628;3725;109;2788;5567;1388;59;10266;11318;796;114;107;409;466;4842;26575;5583;6262;64407;7529;3569;2870;27297;59350;1264;7533;818;6000;4635;5996;5579;1902;10268;817;5588;4846;800;9446;1392;5578;7534;1265;5576;2783;2791;3487;6263;6001;8525;8490;488;3485;8601;2776;10681;7531;5020;5573;8787;2810;113;22809;5336;3553;2787;133;6004;3710;5587;71;94235;122042;59345;5575;10287;60;10699;2553;5580;6667;2551;112;2980;3708;816;1394;104909134;6013;5144;2114;467;196883;5333;5999;10636;6546;2981;408;2697;7532;784;57007;3484;11142;5142;2792;5569;10971;10488;70;3486;5335;2778;23764;5566;808;1386;2786;805;115;801;58;2782;4633;5998;3709;5331;815;4790;1385;2982","16284;17489;16761;16356"
"WP5153","N-glycan biosynthesis","7841;9526;1603;201595;57171;91869;84920;23193;11253;4245;4121;4124;10905;57134;4122;4247;4248;2530;2683;8704;8703;6480;84620;4249;25834;79053;29929;79796;79087;10195;3703;1650;6184;6185;7991;22845;79644;1798;79868;199857;56052;85365;440138;8813;8818;54344;29880;29926;29925;5373;4351;2821;11282;11320;152586;146664;144245","88766;26199;15750;1220424;15946;84880;16214;15812;4170;49728;35374"
"WP2485","NAD biosynthesis II (from tryptophan)","23475;8942;125061;23498;8564;55191;6999;64802","18377;15422;30751;15379;15378;16977;18304;995;29888;18050;15377;16474;17111;44409;16946;15793;44215;16526;16828;16675;16015;16027;15763;17380"
"WP5046","NAD metabolism in oncogene-induced senescence and mitochondrial dysfunction-associated senescence","4191;2806;3553;3159;10850;2805;23408;3569;23057;142;23411;22933;10135;7157;23410;4190;2539;6517;6513;1994;5970;5562","16171;35391;30797;132560;17111;15361;24996;33365;16908;15846;44215;17154;138181"
"WP3630","NAD metabolism, sirtuins and aging","142;7019;4790;10135;2308;3091;23411;6098;2309;5468;23410","15927;44215;45713;83766"
"WP3645","NAD+ biosynthetic pathways","23411;55191;23475;6999;3620;952;683;64802;130013;10135;93100;142;22933;143;10038;8658;80351;23410;23409;23408;51548;51547","995;17154;15940;16828;16946;18377;18304;15793;15763;16908;16171;15927;77634;16675;44215"
"WP3644","NAD+ metabolism","4907;65220;64802;10135;23057;142;349565;203447;952;23411;22933;23408;51548;51547;23410;23409","17111;16284;16828;44409;16171;44215;17877;16908;15763;15927;32816;15940;17154;16474;422"
"WP5366","NF1 copy number variation syndrome ","23512;4763;51379;55803;55813;898;79915;2123;1407;5883;1956;5111;2124;3205;55352;79736;84282;101927057;4974;596;100616266;406968;100616449;9134;5187;4661;3198;890;8661;84440;6829;3632;10419;1786;574406;4170;6654;3456;382;5442;1876;4214;23586;5982;121504;8368;8367;8366;8365;8359;8360;8294;554313;8370;8364;8363;8362;8361;545;10988;5894;4804;5888;9475;6383;57506;387;65078;7398;3984;2145;203068;51466;1072;57599;5983;1950;6853;5985;5984;10746;5595;5594;4803;3720;8726;5931;8357;8356;8355;8354;8358;8968;8353;8352;8351;8350;333932;126961;653604;8766;55763;60412;11336;55770;23265;10640;149371;54536","59888;166489;16783;75909;17489;16595;15996;17552"
"WP5119","NIPBL role in DNA damage - Cornelia de Lange syndrome","11335;25836;472;545;9025;165918;9656;3014",""
"WP4008","NO/cGMP/PKG mediated neuroprotection","706;2906;88;1258;2974;331;5139;1261;2904;1260;818;2977;2982;4846;1259;4881;4790;54714;10142;842;596;4842;2983;816;4878;4747;5138;2903;801;815;54205;817;5481;2905;5593;2902;1262;4792;5970;1385;4879;1742;4843;572;3553;7124;3458","29108;18009;29372;37565;16467;29103;16349;16480;16015;16474;16356;64090;16027;18420;89981;17489"
"WP3413","NOTCH1 regulation of endothelial cell calcification","4851;1902;55553;249;6303;813;2261;3672;2702;7422;28514;10683;54567;182;3714;4256;5327",""
"WP5399","NPHP1 deletion syndrome","5594;23322;9564;5595;261734;2317;2316;27130;2185;2318;4867",""
"WP2884","NRF2 pathway","6513;23491;4199;5052;2938;66035;2877;3082;54657;2258;645;2729;4259;23657;4780;2940;114134;1244;7295;10257;6649;56606;2878;131;2042;2936;3326;155184;144195;140809;54577;5226;873;218;1548;5467;874;7040;2539;54578;7296;7042;8714;54600;2950;221223;22949;221357;54658;9588;3320;2678;2941;1728;3337;1066;283848;7039;2953;7364;81031;154091;2939;2730;10057;23764;3084;6518;4258;5265;8878;1958;8824;6517;6514;11182;29988;2512;1969;3162;4097;1839;3303;9817;2495;7048;6515;5155;177;114112;1579;6256;2949;2944;2946;2947;2948;6524;6523;6527;125206;200010;8884;115584;159963;6526;60482;160728;6528;6530;6529;6532;6538;6536;6533;6540;11254;6531;6534;6535;9152;28968;55117;348932;54716;388662;340024;29986;27173;55630;57181;55334;25800;201266;221074;29985;7922;64116;283375;91252;23516","48705"
"WP4357","NRF2-ARE regulation","2932;2048;1051;4094;5290;2729;5599;7965;4780;5578;3162;23657;1728;2939;2730;9817;2534;6714;7525;3643;192111;8452;9978",""
"WP5144","NRP1-triggered signaling in pancreatic cancer ","1278;8829;1277;5970;207;5879;4087;1950;5362;4233;4089;10000;6615;5604;1003;4790;4318;10371;91584;898;1017;55630;5175;5595;1027;1105;4313;4088;3082;1106;2931;5747;208;5361;1956;5594;5605;6714;9564;7046;7043;7042;7048;7049;6591;1490;2321;7422;3791;4791;5971;5966;9134","29105"
"WP5398","NRXN1 deletion syndrome","116444;2905;57502;2904;2902;9378;57555;2893;116443;1742;2903;2890;22871;54413;2891;2892;2906",""
"WP2507","Nanomaterial induced apoptosis","596;8772;841;9131;56616;840;578;356;842;8837;355;637;54205;317;839;836;581;5551;2021;27429","134403;16991;29108"
"WP3890","Nanomaterial-induced inflammasome activation","4790;7099;29108;1508;3553;834;27035","26523;29103"
"WP2509","Nanoparticle triggered autophagic cell death","3643;7248;596;55626;285973;81671;83734;8408;7249;8678;22863;10036;7405;51100;84557;64422;115201;10533;9140;9474;55054;9706;3630","38635"
"WP2513","Nanoparticle triggered regulated necrosis","7132;841;8717;148022;8737;8772;142;5321;5599;11035;7124;2512","29033;26523;15843;30441;16284;29108;17761;91658"
"WP2643","Nanoparticle-mediated activation of receptor signaling","2335;374;1277;3672;3265;1956;4893;3845;5894;5604;5605;5594;5599;5601;5602;6300;5603;1432;5600;3688;7094;5829;6714;5747;6654;2885;5293;10000","26523"
"WP5302","Neolacto series sphingolipid metabolism","","17950"
"WP4331","Neovascularization processes","4851;2324;3791;2050;4318;4254;3815;54567;182;4854;7852;6387;284;3091;7040;7042;7043;4086;4087;7046;94;2048;5595;5594;207;5601;5599;4090;4093;4088;5155;4855;4790;4791;5970;5971;5966",""
"WP5052","Nephrogenesis","130497;26281;80000;10736;655;2297;6943;4211;8854;284654;2253;182;5076;84870;7484;54361;89780;4853",""
"WP4758","Nephrotic syndrome","7490;4010;50485;1871;5076;84942;3913;3691;3675;4000;1285;1286;1287;977;4868;7827;23607;51196;7225;5800;79934;10269;57107;1585;27235;51004;8565;81;4627;64423;11346;4643;83478;396;54443;2013;8029;2262;5420;79809;1493;8542;5373;56052;950",""
"WP5229","Nephrotoxcicity adverse outcome pathway","6582;1317",""
"WP4747","Netrin-UNC5B signaling","9423;4917;59277;1612;5499;4756;23365;56963;81501;5578;5519;6714;57650;116986;2534;10413;3635;57475;5781;207;3725;2185;4617;7157;5290;5879;387;219699;3691;6018;6347;5747;5894;5604;5605;5594;5595;1490;5524;7124;3552;3586;1277;249;3383;7412;6401;1432;836;54538;3791;1003",""
"WP5115","Network map of SARS-CoV-2 signaling","836;841;842;6772;3717;4615;3654;7189;4090;4086;2244;5054;2266;3675;1294;2335;2353;1958;5743;3725;1843;83737;57506;7186;2920;7124;3569;7187;3661;4599;3434;10379;3429;684;2537;8519;3726;10410;64135;59272;3576;6356;4283;1234;3577;3579;6364;6372;10666;1235;58191;2919;3552;9332;2921;3553;6355;6374;6347;55922;81631;57617;23367;8408;3091;84335;1978;55240;8554;3605;2243;6403;51512;3312;5199;3716;3932;10850;731;10344;814;6288;6194;6352;3486;6346;9540;1401;1974;3700;54663;6351;332;196;8743;3606;6387;50616;3273;2934;7216;60;6366;5196;3458;350;1509;3043;3240;4939;116844;716;55937;3627;2247;336;71;8631;708;1369;335;90865;8542;54541;11119;84433;7850;4775;3567;1051;10038;6348;1522;9133;84985;10563;3586;341;715;838;2534;3574;1508;5879;3075;3596;3699;3045;929;51156;5777;3959;5599;3426;983;6367;3929;3603;6359;5588;6237;6289;3578;8807;7018;59067;629;3565;6241;347;3122;5104;920;926;3123;213;3543;10394;925;7173;64386;114548;10964;891;2811;4914;1514;914;22861;3127;919;917;916;7535;29110;23586;183;3592;7226;637;4791;7048;3456;11345;64601;55823;27072;51028;65082;64223;64798;57521;6009;9776;207;1977;2475;8517","18070"
"WP4564","Neural crest cell migration during development","208;10000;1009;25791;2353;2047;4318;4313;5290;5291;5293;8503;30849;23533;146850;7074;7204;4317;7291;5294;375;5879;5058;207;627;2151;3725;387;6774;4804;2048;2049;2050;2051;5062;5063;10298;57144;106821730;56924",""
"WP4565","Neural crest cell migration in cancer","208;10000;1009;25791;2353;2047;4318;4313;5290;5291;5293;8503;30849;23533;146850;7074;7204;4915;4317;7291;5294;375;5879;207;57498;627;2151;3725;387;6774;4804;2048;2049;2050;2051;5062;5063;10298;57144;106821730;56924;5058;6272",""
"WP2064","Neural crest differentiation","655;388;4602;3688;7471;7020;7545;5077;5081;1749;4487;4488;27022;6615;6591;89780;7976;2932;1499;83439;6925;2637;8313;8312;1857;1856;1855;652;4086;3397;4851;10683;4855;4853;54567;4854;28514;23493;7291;6663;2247;388585;3280;3516;2260;2263;2261;85416;4609;6662;3670;1004;1000;999;6660;2113;4790;1005;4791;4762;8929;2670;116448;10215;2705;429;4286;5376;4359;4155;3975;9355;2253;9965;3065;3066;8841;9759;10014;10013;51564;55869;9734;83933;79885;1488;1638;1280;1302;8190;7478;3211;283659;167826;6911;3198;64211;3196;7021;127343;9421",""
"WP4577","Neurodegeneration with brain iron accumulation (NBIA) subtypes pathway","10558;31;79152;4204;80347;5289;83734;26100;10533;22863;84335;9776;9821;5562;6009;8408;55054;9140;8678;64798;84557;23130;6794;30849;7248;9474;64223;7249;55062;115201;11152;2475;57521;60673;64422;8398;80067;83636;23400;54676;80025;2512;6342;1356","57379;10986;35235;17636;17862;57817;61723;29032;33019;17761;57287;83955;76177;33384;139048;57288;29033;57384;57328;26739;59458;29034;26034"
"WP5265","Neurogenesis regulation in the olfactory epithelium","",""
"WP4919","Neuroinflammation","5599;4513;51008;5970;4512;3725;2353;1147;1432;4843;2475;4792;7099","16467;16474;48107;29108;16301;16480;15379;57743;18009;15377"
"WP5083","Neuroinflammation and glutamatergic signaling","3597;4791;7850;3976;7188;3565;7133;3566;2670;3569;4087;4803;3552;3572;3458;7048;6774;7132;627;7040;4049;3596;3588;3716;6772;7049;1610;3592;9021;6778;3587;3667;207;7042;3570;4088;3554;7046;4092;3643;3593;2247;4842;7043;3553;4089;4790;2902;2918;2900;2903;2899;5501;2906;2901;2917;10645;5594;6470;814;26227;2805;815;23507;80131;56262;63826;2905;6509;2892;5723;2893;2898;2891;2914;116444;5330;5566;5582;107;55144;29968;5579;23236;5500;81539;6536;818;5160;2911;109;5578;5595;84254;5331;5499;26012;2904;6511;6472;1737;1738;114;27185;84230;54407;1072;54795;5332;816;2912;2897;817;2890;6505;801;116443;2744;27165;57084;57030;92745;10991;2915;56301;6513;6515;1270;7124;3586;3479;6506;6507;3460;3459;1385;23237;596;2353;2752","18421;29421;16412;16240;16480;15351;14321;17053;18110;92303;28300;16810;18420;17115;15378;35247;17489;47777;15428;17138;49172;37712;15361;15846;29108;16908;17234"
"WP4220","Neurotransmitter disorders","6571;1621;6531;5409;7054;4128;1644;7166;121278;1312","16796;41941;50157;27622;28918;1576;72587;59905;58315;28790;89951;144365;1240674;545959;16828;17780;27823;82913;1582;57504;18405;30436;43120"
"WP1603","Nicotine effect on chromaffin cells","1143;8913;100874369;775;1136","29101;29103;17688;29108;28918"
"WP1602","Nicotine effect on dopaminergic neurons","1137;2770;7054;5566;1813;1020;1815;84152;1814;108;1644;1138;1141;2782;51305;6571;8973;5499;54331;3777;1136","29101;18243;17895;15422;29108;29103;15765;17688;17489"
"WP1600","Nicotine metabolism in liver cells","1555;2328;1548;54657;316;54600","127762;173530;63860;28313;30734;17688;89087;173425;16082"
"WP4947","Nitric oxide metabolism in cystic fibrosis","4842;23576;23564;3276;3275;10196;10498;10419;55170;54496;56341;4846;4843","16467;17929;29952;16480;33101;29329;17170;25682;61896"
"WP288","Nod-like receptor (NLR) signaling","55914;1147;8517;5970;5599;2048;6885;3551;958",""
"WP5133","Non-classical role of vitamin D","183;185;186;120227;59272;5972;1594;1636","27584;17823;139503;17933;2718;17759;28940;2719"
"WP4341","Non-genomic actions of 1,25 dihydroxyvitamin D3","815;816;818;23236;5330;5331;5332;5333;51196;7097;51311;5581;5583;5588;6257;6772;6773;3716;10964;9636;4939;91543;3551;5469;5336;83982;1594;6670;5582;5579;5578;6258;959;5580;7421;6256;817;2113;7099;958;7297;6667;3725;3845;3265;4893;5595;5594;5598;5599;5601;5590;4790;5971;4791;7132;7124;5600;1432;5603;6300;1591;820;100289462;1673;64127;6347;3576;3569;857;3459;3458;3440;3455;3460","37537;17823;76578;18035;17933;15843"
"WP438","Non-homologous end joining","5591;7486;7520;2547;3981;7518;79840;27343;27434;64421",""
"WP4255","Non-small cell lung cancer","1950;5290;1381;27436;5295;578;7039;207;3265;3845;1026;572;5163;5925;1029;11186;1956;3718;5578;6789;5915;1019;7157;2064;2885;6654;6655;4893;369;673;5894;5604;5605;5594;5595;5335;5336;5579;5582;5291;5293;208;10000;842;2309;238;6774;6776;6777;5296;8503;595;83593;6256;6257;6258;1021;1869;1870;1871;581;1643;1647;4616;10912;51426;841;2272;637;836;54205;1382","18035;16618;71019;145371;29108;75998;6067;94793;16595;90227;90851"
"WP4396","Nonalcoholic fatty liver disease","4790;5970;5290;5293;5291;5295;5296;8503;207;208;10000;2931;2932;3552;3553;6945;22877;51085;51094;79602;5562;5563;5564;5565;5571;53632;51422;998;5879;5601;3576;7040;836;840;4723;4729;4731;4694;4695;4696;4697;56901;4698;4700;4701;4702;4704;4705;4706;126328;55967;51079;4707;4708;4709;4710;4711;4712;4713;4714;4715;4716;54539;4719;4720;4722;4724;4725;4726;374291;4728;4717;4718;100532726;6389;6390;6391;6392;7386;4519;1537;7384;7385;7388;440567;7381;27089;29796;10975;4514;4512;4513;84701;1327;9377;1329;1337;1339;1340;125965;1345;1346;1347;9167;1349;170712;1350;341947;1351;7186;6720;3667;54205;7124;9971;9451;578;7494;468;1050;10062;5313;3630;581;1649;3570;356;3953;3952;4217;841;1965;2081;3643;637;3551;355;5465;6256;4296;27113;5599;7132;8660;1571;3725;83737;9021;9370;3569;10018;6347;7412;4092","53030;26523;42758;35366"
"WP268","Notch signaling","9794;5664;83464;11317;1857;196403;10683;3714;3065;182;113878;8650;3955;9612;171558;1856;1387;151636;2648;51107;4854;1840;6868;4853;28514;3516;1855;54567;9253;5986;23385;4855;4851;3762;1487;51763;4242;388585;3280;23220;5663;55534;1488;8850;3066","16991"
"WP61","Notch signaling","2475;9794;4851;4853;4855;4854;84441;83464;51107;23385;55851;5663;5664;55534;2932;6015;2273;3066;3065;2033;9612;9611;23013;22938;54567;10683;28514;3714;182;6868;3516;8819;9541;55294;8454;6500;83737;8650;7088;4790;5296;5295;3932;4100;207;3717;6774;55502;388585;3280;9253;1840;6714;23493",""
"WP3865","Novel intracellular components of RIG-I-like receptor pathway","1540;340061;8653;5599;1432;5603;6300;5600;3576;10521;23586;9636;7706;9474;9140;79671;57506;79132;54941;64135;26007;55593;7187;8717;10010;64343;9755;8772;8737;80143;9641;29110;8517;841;843;1654;5300;3661;3665;1147;3551;4792;4793;4790;5970;5602;5601;6885;4214;7186;7189;3458;3439;3456;338376;56832;6387;3627;22938;7124",""
"WP170","Nuclear receptors","7067;7068;5914;5915;5916;5465;5467;5468;9975;190;4919;6095;6097;7376;10062;7421;3172;6256;6257;6258;7182;7025;7026;2063;7101;2099;2100;2101;2103;2908;5241;367;3164;4929;2516;2494;8856;9970","26536;53030;73558;50114;17026"
"WP299","Nuclear receptors in lipid metabolism and toxicity","19;1576;5465;1244;5468;8856;8647;5914;1582;1544;64240;9619;693120;407039;1559;1592;9970;7421;8714;1579;1555;1581;5915;1594;5916;1580;5244;1591;10062;9971;1571;225;5467;5825;5243","35703;35366;35341;16113;17759;17823;3098;15367;15351;16521;53030;24913"
"WP2882","Nuclear receptors meta-pathway","23657;1548;3320;27190;1836;2908;9817;6347;10252;5467;1555;6594;8436;1576;8648;1969;8431;7042;3895;1839;1066;5552;22949;10891;5166;7546;1831;8647;10499;8243;5997;873;1543;7040;8553;221079;3592;66035;2939;6513;2042;1559;221393;570;2878;54658;7128;218;6714;54600;84002;121512;8714;4097;387509;7039;11182;3337;6667;1577;1581;1579;23491;6822;10486;2938;5743;7056;1582;3593;3458;5465;7364;221223;6364;89795;1907;51129;51;5155;5243;11309;7295;2940;117283;6397;8140;4780;3303;64240;8660;6649;5460;5244;81031;3589;7266;1545;4791;4259;114112;2936;9971;10560;3553;2289;23054;1544;4258;23764;2953;2512;56262;140809;54566;10602;330;9792;3082;2941;6554;2877;1244;57678;54657;6817;29103;3725;56606;1958;6286;55224;4616;6591;80315;5265;7296;5105;2495;6774;1728;3726;2539;57007;347902;131;4240;10998;1557;7048;9588;5052;2040;6337;26509;2678;3326;9970;8507;81706;8824;241;8878;2729;79571;54577;283848;2258;5142;10057;155184;10062;114134;5226;6517;2194;2730;177;30;1028;6256;645;7363;9982;6720;54578;5055;6514;329;5375;221357;11214;84951;3084;8850;4199;10257;3162;51426;211;29988;874;2099;154091;2950;5524;2033;7049;1551;27063;11057;153218;5272;1962;144195;8454;92737;10769;64241;79056;4257;6518;6515;9965;57491;1027;9049;196;3727;3484;581;1956;7124;10728;3558;3280;405;11140;6342;1374;345;2168;595;5360;1622;336;1376;335;34;1019;4609;376497;55554;116519;983;10599;8856;27286;8202;2308;66002;8204;5705;7421;2949;2944;2946;2947;2948;6524;6523;6527;125206;200010;8884;115584;159963;6526;60482;160728;6528;6530;6529;6532;6538;6536;6533;6540;11254;6531;6534;6535;9152;28968;55117;348932;54716;388662;340024;29986;27173;55630;57181;55334;25800;201266;221074;29985;7922;64116;283375;91252;23516;6319",""
"WP80","Nucleotide GPCRs","10161;135;140;1241;134;5031;5030;5029;5028;2846;136","16335;16708"
"WP4753","Nucleotide excision repair","2074;404672;2968;5424;9978;8451;8450;1161;1642;2073;7507;6117;1022;4331;902;2068;2071;2965;728340;2966;2967;2067;2072;5425;10714;57804;5426;5427;54107;56655;5111;5981;5982;5983;5984;5985;3978;1643;7508;5886;5887;1069;6118;6119",""
"WP5114","Nucleotide excision repair in xeroderma pigmentosum ","2074;404672;2968;672;84464;56949;51426;9557;6119;7874;57654;7515;142;6118;3150;6117;128710;5887;7507;56852;5424;3980;5429;3978;9978;8451;8450;1161;1642;1022;4331;902;2068;2071;2965;728340;2966;2967;2067;2072;5425;10714;57804;5426;5427;54107;56655;5111;5981;5982;5983;5984;5985;1643;7508;5886;1069;2873;8334;3020;3021;121504;8368;8367;8366;8365;8359;8360;8294;554313;8370;8364;8363;8362;8361",""
"WP1433","Nucleotide-binding oligomerization domain (NOD) pathway","834;22861;9744;331;55914;64127;14;64170;338322;5970;199713;84674;840;147945;8767;841;8517;91662;3553;55655;114548;842;10910;3606;22900;51079;9447;50506;4671;639;3551;58484;4792;29108;838;10980;10392;3320;5879;4210;1147",""
"WP3971","OSX and miRNAs in tooth development","406937;860;121340;9314;1758;1834;655;4851;4853;4854;4855;249;22943;50964;6927;1499;442906;407036;693171;100126334;106614088;406881;406935;406987;406993;406882;406885;406886;406887;406888;406889;406890;406891;407024","48607"
"WP5324","Octadecanoid formation from linoleic acid","1557;59344;1544;2879;1576;242;5742;1558;1559;1579;246;79852","78730;34504;34494;143095;34496;17351;72842;88464;68947;91217;72663;15655;89606;72639;72665;72651;16196;34154;137495;34499;44526;38299;32798"
"WP4304","Oligodendrocyte specification and differentiation, leading to myelin components for CNS","2920;3479;4340;10215;5155;116448;6660;4155;3553;101927057;4974;4099;5354;1267;6469;1270;4821;429;4661;137814;2736;30812;6662;6663;55553;652;2247;2919;7124;3976;650","16038;16113;18303;23079;18318;61995;17636;18179;16110;16337;18258"
"WP4723","Omega-3 / omega-6 fatty acid synthesis","9415;2180;2181;2182;54898;60481;3992;51;8310;641371;10965;5322;8398;5321;100137049","37739;15843;17351;15530;15508;76534;15514;28661;63544;63548;73731;53486;27432;51985;63545;63542;63539;63541;65132;63543;63540;28125;77366;77360;53488;28364;71488;32389;65136;53487;77526;75117;74606;53460;63546;77527"
"WP5424","Omega-6-fatty acids in senescence","145482;7157;11283;9536;127281;246;6578;2678;6916;2876;59344;1666;2053;5730;10257;873;8644;27306;4056;10;247;1026;239;3248;5740;231;2950;80142;10728;5600;216;5742;5743;54898;60481;9415;3992;1800;64174;2687;4048;240;241;23411;5925;5321;10800;5054","28442;28130;34146;16595;15558;15556;82627;27820;53026;36190;73965;165318;63980;53487;27814;7210;63984;27624;73994;53486;6499;72789;63985;15544;15628;77527;89568;74014;138295;134499;183014;63986;35032;72603;15626;63991;15554;27562;88346;28209;185711;34821;27491;63981;28661;29108;15552;34820;15553;15550;63983;73731;133739;15546;165343;28852;36203;15545;17351;17489;15557;34784;15843;73944;28158;165317;64095;89315;175297;63976;6498;28667;28269;15551;53488;77526;15555;91133;27485;15548;27696;15627;27647;63982;34159;165313;15547;27555;28099;28728;16247;172589;72595;165323;89991;63999;15647;91268;28666;15651;15650;16978;165328;26523;15646;175523;34230;187201;131888"
"WP4724","Omega-9 fatty acid synthesis","3992;2180;2194;2181;2182;54898;60481;79071;83401;64834;9415;10965;79966;6319","15527;30805;28875;15525;53152;15534;82742;28842;28716;15541;15756;65088;52974;52966;28822;28941;28866;31009;74106;74142;78706;72865;16196;28792"
"WP2374","Oncostatin M signaling","3091;7422;3727;3845;5601;5599;5604;3977;3717;5583;5581;5579;5578;3572;5605;6774;6772;3716;1432;3718;7297;5970;5595;9021;9180;5781;5594;10401;6777;836;5008;6654;2885;6464;3667;6714;5894;3265;5295;207;2353;5829;2185;1017;1027;1051;6194;3726;5580;2475;253260;1385;1958;4790;4792;840",""
"WP241","One-carbon metabolism","4143;635;2745;10588;1719;10797;4522;25902;2346;123263;1786;55349;4548;4524;10841;1789;23382;10840;275;4552;27430;6470;7298;2618;6472;1788;471;191;6948","17622;17013;20506;15635;15641;16236;17750;15428;29105;17015;15637;15636;15638;15354;27470;15633;12071;16643;57844;16680;57856;67040;28911;17822;28115;17485;18405;17588;53374"
"WP3940","One-carbon metabolism and related pathways","NA","NA"
"WP4487","Ophthalmate biosynthesis in hepatocytes","","17561;17515;16856;35619;133093;84058"
"WP5093","Opioid receptor pathways","NA","NA"
"WP5094","Orexin receptor pathway","5295;3061;3062;2778;2770;836;3091;7428;5781;5296;6513;5578;5594;5595;6506;5601;5605;64106;4986;1432;1385;5170;2308;5163;5604;2776;6770;632;1081;3972;2488;5598;408;409;7054;2688;885;5599;5333;5581;5590;2641;2890;5580;5579;5587;6517;9370;5337;655;657;4086;4090;6993;6990;5562;10645;4852;51738;3952;6194;6198;1975;6195;2475;64121;747;842;1978;4780;6774;5443;2767;5162;6446;3060;860;2796;64111;3569;3576;7124;3553;3578;3565;3586;50507;2920","52392;4167;17650;180955;17855;17489;16595;29108;22984;88376;16618;17754;17347;15991;18156;17026;28918;16015;16337;15843"
"WP5373","Osteoarthritic chondrocyte hypertrophy","1734;860;2034;1300;4322;3727;1281;3726;3791;5970;2353;5578;3725;4790;1277;6774;3717;2355;3091;3381;5971;5595;5594;8061;4803;1490;6696;1280;2354;7422;5290;207;208;10000;6662;2595;176;11061;1051;4921;2260;8074;2263;2261;2264;55004;4914;405;54681;7428","18332;15379;18258"
"WP4787","Osteoblast differentiation and related diseases","4041;2736;23462;6608;390992;4040;6772;4851;3714;54626;4086;4654;28514;2737;650;2260;182;3549;652;3516;5580;5727;657;1499;10683;54567;4853;4854;4855;55502;23493;658;659;4090;4093;4089;2261;2263;2264;5468;860;6662;8326;8323;8324;8322;8321;8325;11211;2535;7976;7855;51384;89780;7476;7480;7475;7484;7481;7477;80326;7482;81029;7478;7471;7474;7483;101929777;7473;54361;7472;7479;5584;5591;5286;146850;5581;8503;30849;23533;5583;5582;5289;5590;5291;5290;5578;5579;5293;5588;5287;5288;5294;5296;5587;5295;2246;2255;2251;2247;2249;2248;2252;2253;2254;2250;8817;5601;5595;5603;5597;5602;5596;5594;5599;5600;6300;5598;1432",""
"WP322","Osteoblast signaling","5156;5155;5741;4982;8600;3381;5159;3685;5745;8074;1277;3690;10246;632","28940;29101;18367"
"WP12","Osteoclast signaling","7965;5599;4982;5155;56302;8600;54;1513;3456;6548;9550;8792;3454;3690;8111;6696","29108;15378;35780;29101"
"WP1434","Osteopontin signaling","5970;1147;5328;5594;3551;5604;4790;9020;3685;3690;4318;6696;5595",""
"WP34","Ovarian infertility","4292;7784;1019;3973;1958;4439;1588;2492;2661;2100;6908;344018;1618;1051;5888;6609;658;472;5618;1385;4088;2701;8204;7421;1027;23224;2475;11144;3623;894;2332;7783;2516;5241;5732;9611;207;7249;7248",""
"WP4879","Overlap between signal transduction pathways contributing to LMNA laminopathies","1387;8850;4088;2660;7477;1026;406884;3726;4087;4851;650;7040;2932;1452;1499;122011;324;8312;51176;6932;6934;83439;10269;4000;23463;2339;6720;693120;8091;7088;3280;388585;7480;5468;1050;1052;1051;27161;6895;23405;4654;4982;4129;4673;5925;7042;4128;1019;3065;60;860;7112;6696;1869;23592;2010;1513","17376"
"WP3287","Overview of nanoparticle effects","10000;1401;5743;5293;3681;3162;5747;5742;1001;2335;1282;4798;581;3569;3576;596;7124;896;3909","16856;50803;26333"
"WP5095","Overview of proinflammatory and profibrotic mediators","3565;3458;3456;6696;51561;3449;11009;3451;56832;282616;3593;3445;6346;3596;3447;27179;282617;2919;59067;3600;3440;3558;85480;84639;29949;26525;5008;7124;3578;55801;3586;3569;64806;3448;3574;1435;3552;282618;3444;50604;2056;56477;3467;3976;1437;3562;3592;246778;3557;3439;3589;50616;3442;386653;3567;1489;3553;10148;27178;3441;3443;3606;90865;1270;3576;4314;1440;6347;3627;4312;7422;4318;7040;374;112744;3605;4283;27177;56300;10673;8741;27190;53342;27189;3446;3452;6348;414062;6349;6351;388372;9560;6352;6357;6354;6355;6356;6358;6359;6360;6361;6362;6363;6364;6366;6367;6368;6369;6370;10850;10344;6375;6846;2920;2921;6374;6372;5473;6373;6387;58191;284340;6376;5196;5197;10563;9547;4790;4049","26523;15551;15552"
"WP43","Oxidation by cytochrome P450","1592;57834;80777;1559;1558;1555;51706;126410;1528;199974;11283;1545;1562;51167;284541;51700;1584;1594;1548;4051;340665;1595;1579;1549;9420;1588;64816;56603;1581;1576;54905;1582;29785;51302;120227;10858;1580;1544;285440;113612;1573;22952;260293;1571;1583;57404;5447;1586;8529;1577;1593;1553;1572;1557;339761;1727;1585;1591;66002;1543;107987478;1565;107987479;1551","16474;15379;29034;15377;18009;29033;16908;15846"
"WP3941","Oxidative damage response","5111;714;1028;713;728;7133;727;7187;596;1380;572;317;4293;5603;998;7186;721;1026;716;715;51567;54205;10188;719;6416;9530;717;1027;7185;4794;4790;7124;1647;4214;5602;7189;712;836;578;842",""
"WP623","Oxidative phosphorylation","374291;513;518;4697;4710;4725;4715;4719;4696;516;4713;4708;4707;4508;4726;4717;4731;4714;4702;4706;4698;4712;4705;4704;539;4701;515;4718;10632;4724;4539;56901;517;4716;3002;10476;4722;4729;4540;4537;4695;4720;4728;537;4711;514;521;506;4535;27109;522;10159;9551;4700;4541;126328;498;4723;4538;4536","44215;16908;16761;15422;15378"
"WP408","Oxidative stress response","4257;6667;6648;4790;4501;4784;27035;5602;4780;2729;3162;1432;10587;2353;847;1543;3726;2953;6649;2876;50507;7498;7296;2878;54578;4128;2936;25828;1728;6647;1536;50508;79400","26523"
"WP4545","Oxysterols derived from cholesterol","6822;133688;6820;1109;10998;1576;6718;1593;80270;1582;1628;8309;570;23600;6342;3929;11001;51302;3638;3605;9420;1717;641371;1880;10682;2099;8856;6097;1581;9023;10858;2053;27190;27189;53342;64806;112744;2100;7376;10965;122970;641372;11332;10005;23597;26027;134526;55856;284486;3290;3291","28477;18295;48043;48939;16113;81013;34310;37623;88109;17899;49305;42989;17500;42977;76591;76592;2288;16496;86378;87476;48833;187968;49269;16359;63838;37640;16755;17759;64294;87653;87783;178721;166811"
"WP2889","Oxytocin signaling","5333;5021;952;2776","29108;7872;16595;49172"
"WP5409","PAFAH1B1 copy number variation","5050;5049;1778;5649;6249;1641;10726;7846;81565;5048;7436","44811"
"WP2846","PCSK9-mediated LDL receptor degradation","3949;255738","47774"
"WP2526","PDGF pathway","3725;5921;5781;5159;5599;5595;6416;5335;5154;5594;4214;5155;5604;3265;4790;5321;2002;2353;6722;4792;2885;6772;6774;6654;5894;6464;3716;4513;5295;6714;7074;7410;5879;387;23647;5058;7409;998;8976;1147","17489;17815;15552;16595;29108;16247;15843;15378;29101"
"WP3972","PDGFR-beta pathway","5290;5159;5335;5578;5595;5295;3716;5579;6778;3717;5610;6774;6772;6776;2885;3265;6654;6464;5921;4214;5604;6777;5599;6416;5894;2002;6722;2353;3725",""
"WP5433","PGK1, PKM2, KHKC/KHKA acting as protein kinases","5315;3795;5230;8773;5062;9184;5163;5631;84335;3020;3021;4633;6774;8678;3014","32816;18105;17050;16001;28645;422;15903;44897"
"WP3844","PI3K-AKT-mTOR signaling and therapeutic opportunities in prostate cancer","7249;64223;4846;2887;57521;2309;207;7942;2308;9821;5728;572;8408;5163;1978;2475;1027;2932;9776;6009;253260;4303;5290;5291;5295;5296;8503;5294;3265;4893;3845;79109","145879"
"WP4172","PI3K-Akt signaling","2998;894;898;9134;2997;7249;3678;7248;5290;1440;2885;3718;3717;2056;1284;1101;3695;7143;1287;3914;3439;1442;1311;1278;3691;2335;7058;3563;5295;1293;207;5649;5747;10319;3560;3441;3918;3454;3912;3679;3694;3674;3680;3673;5296;1288;3672;9180;54541;3675;3371;131873;3910;8516;1282;3909;3915;3913;7060;1280;3716;5291;7059;8515;3685;5618;3575;3655;3911;3570;3688;3381;1292;7450;7148;3693;63923;6696;5728;3908;1441;3559;2057;1291;3566;284217;6654;3690;5293;3696;7448;7057;10000;1277;1285;8503;256076;3561;3440;3455;1286;208;3676;2690;22801;23533;1942;2246;2256;2255;1943;1950;2257;1435;51378;285;284;7422;1944;1945;1946;2259;2250;9965;8822;8817;2247;2248;2249;2251;2252;2253;2254;2277;3082;3479;3481;3630;4254;2323;7424;7423;5155;5228;5154;4803;56034;26291;8074;27006;80310;26281;2258;2263;3791;3643;2261;3480;3815;2260;1969;1956;1436;2264;2321;2324;4804;4233;5156;5159;7010;3442;3443;3444;3445;3446;3448;3456;3558;5008;5617;3447;1128;1902;2149;1129;57121;9170;23566;10161;2846;2783;2782;59345;2792;2790;55970;2784;54331;2785;2786;2787;2788;94235;2793;51764;2791;5294;4893;3845;3265;5562;5563;64223;6009;2475;57521;117145;11140;3326;23239;8115;5170;5516;5515;5520;5528;5526;5521;5519;124900587;124900588;28227;5523;5527;5529;5522;5518;55844;5525;55012;3320;7184;23035;9623;5894;5605;5604;5594;5595;2932;2309;3551;572;842;4193;8517;1027;1026;1386;10488;1385;468;64764;84699;1388;90993;148327;9586;6198;6199;1978;1975;6194;1977;9470;253314;3667;146850;1443;2688;2689;3449;3451;3452;3562;3565;3569;3574;10681;930;118788;6850;7097;7099;5879;6655;22798;1297;1298;1299;7157;1147;4790;5970;598;4602;4908;4909;627;7039;2322;4914;4915;6794;596;574406;4170;5934;356;10018;1017;1019;1021;595;896;5105;5106;2538;57818;92579;4609;672;4846;5578;5585;5586;29941;6446;10110;23678","18348;16480;16618;16027"
"WP4141","PI3K/AKT/mTOR - vitamin D3 signaling","2475;5160;3122;3101;207;5290;5210;3939;941;2932;7248;6515;7421;6256;5563;4609;942;1591;7249;5970;3586;3592","4170;15361;28931;65056;26523;24996;16084;17823;15422"
"WP4760","PKC-gamma calcium signaling in ataxia","2891;9454;6263;7222;2776;2911;2890;773;3708;23236;767;5582;5163;5330;5331;5332;2767;9630;2769;2892;2893;491","29101;16595;29108;18035;77276"
"WP3942","PPAR signaling","30;5467;5468;5106;1579;1582;7350;376497;3158;6257;364;6319;51;10062;6256;81616;2168;6258;23305;51129;1593;2181;2173;34;1375;126129;2170;2169;2182;1622;11001;10999;336;948;4199;9370;345;51703;2167;5465;9415;1581;5360;2713;5346;10998;8310;116519;8309;5105;1376;2180;2172;4312;4973;28965;23205;6342;4023;3611;335;2712;1374;10580;2171;1962;5170;33","27208;26607;23899;50867;35475;50648;35622"
"WP2878","PPAR-alpha pathway","5465;6256;30;54600;10062;6342;1374;345;2168;595;5360;1622;336;1376;335;1579;34;1019;1581;4609;376497;55554;116519;983;1582;1962","48705"
"WP4147","PTF1A related regulatory pathway","3651;3516;4825;1499;3280;5629;4851;2255;8850;11317;256297",""
"WP4263","Pancreatic adenocarcinoma pathway","1848;9459;5580;3845;7074;5879;5880;5881;10298;5058;5062;5063;106821730;56924;57144;387;207;208;10000;1147;3551;8517;4790;5970;572;598;842;5894;5604;5605;5594;5595;5900;5898;5899;5337;10928;998;5290;5291;5293;5295;5296;8503;369;673;5599;5601;5602;7039;1950;1956;2064;2475;6198;6199;3716;6772;6774;7422;7040;7042;7043;7046;7048;4087;4088;4089;675;5888;7157;1026;581;1643;1647;4616;10912;578;51426;1029;1019;1021;595;5925;1869;1870;1871;54101;5037","29089;16618"
"WP5390","Pancreatic cancer subtypes","4640;84951;1551;6707;7032;8796;3872;1474;9982;51442;4069;10551;4680;79170;8581;286887;6318;728113;8399;6699;55808;6273;3866;1515;3853;23584;7103;3960;84985;83998;93273;155465;7033;6513;7031;3855;1015;10170;54474;27290;1510;11199;374;119467;79908;6317;131177;53836",""
"WP2359","Parkin-ubiquitin proteasomal system pathway","5413;834;79861;3312;7277;7332;5714;7326;7327;9246;51465;347688;898;7317;5717;8454;118424;55294;5071;9627;8573;841;10273;2861;6622;6477;25897;6478;112714;113457;7278;84790;10376;7846;51807;80086;84617;10382;10381;10383;347733;7280;81027;203068;5716;5707;5706;5705;5704;5702;5701;5700;5713;9861;5711;5710;5709;5708;10213;5719;5718;5715;3310;3309;3308;3306;3305;3304;3303;51182;3313",""
"WP2371","Parkinson's disease pathway","2058;1644;6531;7345;5071;6622;7054;120892;65018;11315;27429;54205;2861;5413;9627;7314;7317;7318;7332;9246;118424;7326;7327;51465;6311;23208;898;9134;6300;5600;1432;5603;839;842;835;840;836;317","29191;17895;15765;18243"
"WP4884","Pathogenesis of SARS-CoV-2 mediated by nsp9-nsp10 complex","3122;920;926;3123;3543;10394;925;1401;64386;3929;3576;55922;914;3127;3569;919;917;3932;916;7535;2534",""
"WP2272","Pathogenic Escherichia coli infection","84617;3875;9181;10092;347688;51807;7430;25;3688;10381;8976;347733;2534;998;10383;7277;7278;10382;84790;71;7100;112714;5578;7846;7534;60;9076;23643;2017;4691;7454;113457;3059;6093;10376;10552;10093;1499;10094;387;79861;81873;9475;100506658;81027;10109;929;203068;999;4690;8440;10971;7280;7099;10095","64674;16038"
"WP5342","Pathophysiological roles of DUX4 in FSHD1","4654;10891;5081;154;391769;4609;100288687;124905408;124905409;124906462;124906452;124906463;124906460;124906461;124905410;124906466;124905411;124906456;124906453;124906464;124906454;124906465;124906459;124906457;124906458;1026;2033;4656;2100;114907;84676;5976;5979;7422;4617;340096","17489;23965"
"WP3651","Pathways affected in adenoid cystic carcinoma","6595;6605;546;8289;10847;1387;10933;7994;23774;2033;284058;29072;64324;58508;55783;51742;54880;63035;23135;7403;84159;221037;3008;8332;5591;472;8243;672;7157;29128;9874;4603;4602;4781;26292;9611;4609;4613;1050;23269;4149;54756;8823;55914;2264;3645;5290;2064;3265;5728;9223;9863;5894;207;2309;5605;27255;4851;1487;93986;23220;55294;55534;1111;11200",""
"WP4705","Pathways of nucleic acid metabolism and innate immune sensing","64135;23586;3456;340061;8635;25939;10535;11277;4938;6041;103;115004;57506;3661;79621;84153","61560;74411;18274;82852"
"WP134","Pentose phosphate metabolism","2539;25796;6120;6888;22934;7086;5226","15721;61553;15946;27354;29052;58273;48928;48153;37455;17363;17666;17797;4170;15954;16938"
"WP5043","Pentose phosphate pathway in senescent cells","6120;7157;2539;51071;22934;6888;221823;25796","15378;16027;16474;16526;29042;15721;15343;16938;48153;18009;58273;70817;29052;16332;48462;48928;30616"
"WP24","Peptide GPCRs","6752;3577;4887;2833;1234;8484;6869;624;2357;186;4829;554;255061;643;185;6754;623;23620;7852;4889;1236;2358;10396;2359;4988;552;2587;886;4159;3973;887;1909;1524;2693;1237;10803;6753;2925;1910;4160;2492;7253;6870;2798;680;7201;553;10663;4158;4886;6755;6865;4161;4157;5540;729230;5021;4986;1230;6751;4923;8811;3579;4985;4987;2826;4888;719;728;1232;105377067;2532;1233;1235;3061;3062","7872;3165"
"WP4873","Peroxiredoxin 2 induced ovarian failure","581;10038;1583;3284;5602;836;6770;7001","18070;26523;16469;17026"
"WP1941","Peroxisomal beta-oxidation of tetracosanoyl-CoA","3295;30;6342;51","15846;15379;52974;15351;15377;15346;52326;16240;52329;16908"
"WP4936","Perturbations to host-cell autophagy, induced by SARS-CoV-2 proteins","23367;55607;81631;115201;6198;9821;57617;84335;65082;23339;1975;3920;338;4077;8673;9528;55004;55102;64223;9474;64601;55823;9776;5563;8887;5315;8878;10133;10533;7879;27072;10241;11345;2475;64422;64798;6194;9140;207;55054;6009;57521;8408;79065",""
"WP136","Phase I biotransformations, non-P450","221223;2098;3988;5446;8824;5445;1066;5444","51277;37734;33308;32988"
"WP5411","Phosphatidyl inositol phosphate pathway","23236;93492;51763;5297;8821;4534;8776;5331;8395;9107;51196;5335;5291;79837;3635;55300;55613;5286;5332;84812;55529;200576;90809;5330;5336;5288;8898;113026;8396;5287;5305;22908;55361;5333;3631;5728;5298;9896;23396;4952;56623;253430;8394;5294;5290;5293","17815;16749"
"WP4195","Phosphatidylcholine catabolism","","15355;57394;17984;74965;17636;74968;15354;35366;15422;295975;15346;57597;28842;36313;17750;73792;77239;15843;16870;16761"
"WP4222","Phosphodiesterases in neuronal function","2903;2904;2905;5137;5143;5139;4842;8622;109;107;201626;1385;5140;196883;1812;5146;115;5145;5144;27115;5158;108;5147;5152;5138;5148;5149;8654;815;2906;114;5566;5151;55811;112;2902;1139;5153;10846;90632;50940;5141;135;5592;111;5150;2890;5136;84152;1813;5142;113;2977;2983;2982;2974","28931;16015;37565;29108;16356;17345;16480;104872;27732;31401;18243;9139;17489"
"WP5472","Phosphoinositide 3-kinase (PI3K) family","",""
"WP4971","Phosphoinositides metabolism","8394;5728;22908;5330;8776;200576;23007;5286;5335;4534;4952;23236;5294;90809;3635;23396;5305;79837;8396;55529;8395;5291;5290;5293;5331;5332;5336;51196;5333;113026;84812;9651;89869;54893;10903;54545;8898;8897;9110;9107;9108;55613;66036;81846;6305;5287;5288;5289;30849","57795;17815;30616;15377;43474;58456;57923;57880;58088;57658;58178;57836;203600;456216;15378"
"WP3611","Photodynamic therapy-induced AP-1 survival signaling","7189;5156;5600;3726;3569;3320;3558;7188;3458;8743;7124;595;7186;5603;2353;4313;6300;5609;1432;5606;4217;6416;5608;7132;890;898;1956;1839;2252;356;355;5925;7157;1026;596;598;10018;602;1029;637;8837;4780;578;581;574406;4170;90427;2002;3725;1386;5599",""
"WP3614","Photodynamic therapy-induced HIF-1 survival signaling","405;5211;6566;3939;55662;5315;5230;6513;54583;3098;6515;3091;5054;1906;4843;5743;284;7422;3484;3485;7039;7043;3486;2056;285;332;597;574406;4170;598;664;665;637;5366;7157;581;578;5160",""
"WP3617","Photodynamic therapy-induced NF-kB survival signaling","1437;3576;3569;3553;3552;3558;7422;595;7124;112398;3551;1147;4790;5970;5966;4791;7189;5743;3383;7412;2920;959;6401;7132;5971;8837;329;332;330;597;599;4314;4318;4313;4312","26523"
"WP3612","Photodynamic therapy-induced NFE2L2 (NRF2) survival signaling","2730;2729;2950;3725;9429;2353;8714;1244;9817;10257;368;3162;6300;5603;5600;4780;1432;5599;2052;1066;4835;140809;1728",""
"WP3613","Photodynamic therapy-induced unfolded protein response","7324;4189;7494;10130;9695;4780;468;83939;22926;3309;2081;9451;7184;121506;811;1649;5611;440;51726;6783;4677;467;27113;23645;10018;57761;7453",""
"WP3680","Physico-chemical features and toxicity-associated pathways","867;8321;58;5335;8536;10096;2885;6776;6654;1855;2002;1499;9475;6464;5515;4609;3725;51384;4744;4741;207;8312;5894;5058;5294;5604;6647;4747;5747;2932;2335;23002;5599;4690;387;2890;10097;1026;2876;4842;4632;5594;6416;7039;7481;5216;7114;1027;6714;4638;2535;7976;8322;7855;8323;8324;8325;8326;11211;324;5217;345456;375189;1956;2064;2066","15379;29108;25942;16480;16467;18237;16240;16234;15377"
"WP1528","Physiological and pathological hypertrophy of the heart","5606;50804;1432;5579;3977;5599;817;1489;3725;5532;5581;5879;1906;2353;5600;387;4776;5530;6774;2626;5594;183;3572;801","8093;29108"
"WP2253","Pilocytic astrocytoma","6654;2885;5894;5781;4763;673","28862"
"WP4462","Platelet-mediated interactions with vascular and circulating cells","6401;3553;958;7412;3383;5196;6352;7040;959;6347;7042;7043;6403;7097;7099;51284;6404","28790"
"WP5087","Pleural mesothelioma","83439;6932;171023;1490;7040;5928;5599;4609;5332;7403;64840;1437;23512;29126;11186;27123;6015;374;3688;580;3672;6387;1911;7039;50964;5156;83937;685;3054;58508;59;2247;9532;1649;283349;3710;8726;3479;3620;9686;54205;595;2246;90550;3082;284217;11197;3965;7422;9770;2146;9350;8045;5894;58;2335;3480;467;6520;1282;10891;147111;27121;648;3569;2305;22943;3915;4194;5176;6678;60;1435;8994;166824;2260;6513;6347;3586;1495;960;4233;83593;389421;7528;4254;6045;1839;3815;1956;672;1019;7157;596;1029;581;177;898;3091;574406;4170;4318;1022;5163;4217;4771;3265;4790;5607;2885;7248;8454;472;6772;6667;1432;6464;60485;5594;9113;9776;3716;1026;1017;29072;9706;3146;4313;6416;1869;26524;5154;8945;4149;23286;2551;3553;2308;27113;4485;5595;1981;3725;114548;5747;6009;4193;84962;55209;6195;5604;4293;5281;8061;7003;7249;834;154796;11091;1978;6714;8314;5728;5598;5608;7015;8678;578;8408;9869;8379;653247;5542;6654;2167;9821;8569;9261;10413;25937;84335;9894;9675;64223;64798;2475;5058;5062;5063;10298;57144;106821730;56924;7423;7424;2277;5155;56034;80310;4314;4323;1950;2263;2261;2264;3481;5159;1284;1285;1286;1287;1288;3908;3909;3910;3911;3912;3913;3914;3918;10319;3673;3675;3676;3685;3655;3689;3690;3691;6351;3627;6374;8140;146433;2919;1440;1003;999;1008;1015;1007;1014;1004;1012;28316;1000;28513;64405;1006;64403;1016;1010;1005;1013;1009;1001;1002;5565;5564;5563;5571;5562;51422;53632;3791;3643;1969;1436;2321;2324;4804;7010;2322;4914;4915;55233;1942;2256;2255;1943;2257;51378;285;284;1944;1945;1946;2259;2250;9965;8822;8817;2248;2249;2251;2252;2253;2254;3630;2323;5228;4803;26291;8074;27006;26281;2258;4908;4909;627;6352;961;70;71;72;1496;29119;92597;8463;7005;7004;6788;5601;5602;50488;23043;11184;5871;9448;8491;23012;10397;7976;8325;11211;8324;6424;8321;8323;7855;8326;2535;6422;6423;6425;89780;7476;7481;7471;81029;7472;7482;7475;7474;51384;54361;101929777;7473;7480;7477;80326;4919;6259;4920;4041;4040;83999;10023;2932;1460;324;1454;1499;1452;1457;8312;122011;283106;1459;23401;80319;59343;1857;1856;1855;51176;6934;57680;64321;1487;1488;5328;896;894;5290;5291;5293;6198;6199;1975;6194;5294;207;10000;208;5605;5609;5606;4214;10746;4215;4216;9064;4294;4296;4209;1386;1385;9252;2002;3150;2872;6197;57521;11113;7138;9510;4085;29128;11098;9493;5420;7186;4192;6401;115908;1825;8473;7529","29108;17234;16618;70982;62519;17552;18348;62764;37565;29016;16828;28683;15551"
"WP2848","Pluripotent stem cell differentiation pathway","4907;2247;3577;6469;652;7040;9241;3815;1950;7422;2249;3479;3082;4851;89780;4838;2255;4254;7173;2323;1435;3569;3562;2056;3624;5155;3589;22943;7471;7043;4909;10468;8200;3630;7018;1436;8600;7482;7474;7477;7472;3570;2253;238;10637;1270;5154;2246","29073;60871;15367;17154;91108;4021;86193;17270;41879;15891;17336;7465"
"WP2571","Polycystic kidney disease pathway","8321;2535;7976;8322;7855;8323;8324;8325;8326;11211;7471;7472;7482;101929777;7473;89780;54361;7474;81029;7475;7477;7478;7479;7483;7484;80326;7480;7481;51384;4893;7124;7476;3845;595;3551;5310;2475;3265;1855;5562;3791;6009;7249;6195;7248;5595;5605;2932;5136;112;5568;673;6714;5311;5336;1950;3479;7423;1080;6752;2778;6424;6794;2353;3725;4609;6558;3783;1499;1856;1857;2770;2771;2773;2767;2776;2321;2064;3480;5563;5564;5565;5571;51422;53632","29103;135694;17996;29101;16027;29108;17489;6801;16595;9747;16761;15422;32246"
"WP690","Polyol pathway","3795;229;231;6652","17924;15903;28645;16108;5445;16070;139419;29052;6060"
"WP5485","Post-COVID neuroinflammation","2670;5594;3606;3440;7098;3576;7099;3565;3458;3558;3146;3586;51311;7124;3569;3592;51284;6356;5045;59272;7113;124905021;3553;3552","190692;73240"
"WP3998","Prader-Willi and Angelman syndrome","791115;101928840;791114;10844;10426;27229;85378;11097;9631;7175;8021;23636;9972;5903;4928;6396;57122;8480;23279;2733;23511;53371;9688;348995;79023;129401;23225;55746;25909;23165;81929;9883;4927;55706;9818;79902;8086;10762;2332;283685;1977;653061;7334;9025;51151;2563;8924;3972;4194;1029;2488;2562;990;1081;4193;2558;54551;23191;5122;114791;4808;2567;81614;123606;57194;338427;8926;6638;4692;7337;7681;23742;347686;338428;338429;1869;4948;4487;1749;5108;9638;105369550;585;4803;5590;3358;2569;2570;200959;595;894;5925;1030;6870;3814;7299;7157;1019;2691;3630;5443;5020;51738;2796;627;1031;1021;9637;2566;2565","16852;58315;29108"
"WP3527","Pre-implantation embryo","55506;8538;7004;1649;10265;4306;6496;1875;8570;359787;678;126206;11189;360030;55509;2297;353238;7080;2625;1994;326340;201516;1958;503582;3182;2101;2624;4603;3662;284355;503834;4342;342900;7538;1746;4084;94234;7021;3159;5087;6664;83439;2354;57504;30812;6657;5460;79923;9314;29947;132625;6926;1045;6597;999;476;360;366",""
"WP2876","Pregnane X receptor pathway","6714;10499;8202;5705;8204;27286;8856;6256;3320;10891;7266;1551;54578;54600;1548;54657;10599;2308;66002;1576;54658;10257;1555;2939;8648;5243;1559;1577;1557;6822;1244;8714","77318"
"WP2572","Primary focal segmental glomerulosclerosis (FSGS)","3685;7099;816;207;1759;84623;3690;7414;182;84063;4690;977;1514;5800;3911;22943;2534;5329;5747;3664;7448;10971;11346;7040;375790;23607;3856;7827;3913;4868;5335;1027;1378;5076;5420;4010;4643;950;2195;3691;1287;1028;4311;7431;1026;51196;81;4627;50485;7490;64423;7225;5111;4288;1000;9076;1285;1286;3987;941;4851;1499;4040;4041;7094;3611;3688;3675;1605;55742;7402;7471","4031;8764"
"WP5316","Primary ovarian insufficiency","1588;9210;254394;7252;594;2100;93;2308;11077;60674;55213;407004;84168;9241;857;54361;326;29893;23514;2334;1901;207;402381;56478;23411;113510;4313;1586;5096;5728;7038;59067;55120;657;30812;10857;344018;2626;1730;431707;5746;54937;5618;23305;11144;8894;64374;7518;2492;4439;2827;26047;641;4438;3915;4683;658;2332;135935;4000;3123;79065;2778;268;1352;10657;7486;2099;2189;142;2592;23438;84057;5122;23304;8892;269;7049;7124;2309;5170;2661;6387;342977;57505;105376156;2176;9581;26284;659;10533;84515;2516;3295;1621;5888;9156;7249;57697;2074;116039;171568;3815;5054;7784;6134;10456;5460;9401;6770;1618;256006;8192;1581;7490;8891;8626;5373;672;23395;3569;186;627;4591;254528;284403;56652;639;675;3640;668;2547;2175;3558;646;139324;7048;693123;317761;3429;8893;57510;93426;57167;7516;284417;472;5110;84733;5095;57122;3791;1312;64506;56945;56979;3973;656;4853;80067;164045;5428;221711;10734;3623;5432;2701;2304;84690;8890;2488;92667;8991;346673",""
"WP3995","Prion disease pathway","5993;2002;2260;6908;53335;6774;5595;7184;5885;4684;2923;10664;5079;2534;5621;5452;4208;4790;836;10538;6688;2033;1879;596;3662;9126;6256;5594;5747;1106;3309;1385","138013;29108"
"WP5182","Pro-survival signaling of neuroprotectin D1","5516;7132;581;330;842;11035;54205;7186;836;8772;841;840;8717;7124;8737","138655"
"WP5103","Progeria-associated lipodystrophy","5468;5965;4089;4088;4087;142;2200;135656;8815;83932;5424;3763;7486;4001;84823;10269;2339;23463;4000;7040;2865;3630","86019;15356"
"WP2037","Prolactin signaling","5617;5479;5290;5618;5296;10401;4792;6777;3716;6776;5291;836;4793;4609;5058;116986;5777;2353;3725;2316;5595;6196;1509;5294;4790;5970;6772;867;4752;9846;1154;2064;5594;3688;7410;140885;5478;5879;2475;207;6194;5601;5599;2932;1432;1978;9021;3717;7409;6464;2885;5781;8835;5295;2534;3667;8660;7535;5770;6198;5747;2002;5829;6774;7532;7534;6654;5894;3265;5605;5604;8651;7006;6714",""
"WP5026","Proline and hydroxyproline pathways","8659;5184;5625;4942;5831","17388;57743;60039;50164;70744;16238;46911;57472;25523;16474;15378;29985;15846;16134;32682;17877;73393;58509"
"WP5122","Prostaglandin and leukotriene metabolism in senescence ","9536;2778;3488;5732;5730;5742;5600;5743;5740;6916;127281;5731;5733;5734;2770;2776;241;240;4056;4048;247;5925;246;23411;239;109;5321;23236;3265;1026;10800","15554;26523;15552;15551;15627;27647;53487;15843;16247;15555;17489;34159;15553;29108;15647;91268;28666;77731;15651;15650;16978"
"WP5321","Prostaglandin and leukotriene metabolism in senescence ","2678;240;9536;2778;64174;5742;5743;3488;4056;2687;5732;5730;4048;5600;5740;6916;127281;5731;5733;5734;2770;2776;241;247;5925;246;23411;239;109;5321;23236;3265;1026;10800","15554;26523;15552;15551;15627;27647;53487;15843;16247;15555;17489;34159;15553;29108;15647;91268;28666;77731;15651;15650;16978"
"WP5088","Prostaglandin signaling","3553;3665;3439;7422;3569;1435;4318;3605;3576;6347;2919;374;7040;112744;3592;4283;3627;4790;7124;3552;6348;29108;114548;834;729230;5294;940;5732;5734;196;3458;3824;9536","17489;29108;15551;15552"
"WP98","Prostaglandin synthesis and regulation","1583;308;1910;5734;6281;6277;5737;5740;5732;5731;3248;5743;5617;5321;307;7356;5730;1906;306;3290;301;5729;5739;3291;5742;309;1909;6916;5733;302;10257;27306;4286;9536;5468;10891;133522;6662;231;8644;873;1645;1646;6915;5738","16962;15553;29108;15843;17650;15547;15552;16247;15627;15544;17026;15555;36728"
"WP183","Proteasome degradation","5699;7316;8335;7347;5683;3135;5720;5689;5686;3133;5718;5715;5705;7320;5696;5713;5692;7323;5717;7317;6184;5702;3015;5690;5698;3458;5684;7345;3105;5716;3134;5709;5719;7322;6185;3014;9861;5688;5682;7318;5694;5687;5693;10197;5700;5711;7321;4734;5706;5704;5710;7314;3107;5685;5721;5695;5707;5701;3106;5691;5708;5714","16284"
"WP3980","Protein alkylation leading to liver fibrosis","","32497;35807;16605;50211;27385"
"WP4784","Proteoglycan biosynthesis","55790;347734;126792;54928;11285;22856;9060;2132;64131;9469;1836;64132;2137;26229;113189;51000;2131;124583","16082;17980;16189;17200;18222;29932;28260;17659;17996;16695;17985;16027;4178;28800;18307;59640;24769"
"WP4917","Proximal tubule transport","146802;9429;23428;55244;245972;8992;6582;11136;6524;481;762;6569;51382;6505;160728;54716;8671;51606;6560;50617;523;55867;6520;57393;533;117247;6513;9550;142680;10257;476;6550;5243;6528;486;9056;340024;9296;525;6522;153201;1244;528;348932;6514;529;65010;6575;527;6519;358;760;6523;10864;9356;9376;64849","17376;25696;25697;26271;30623;15740;16382;24996;29101;46818;15428;16449;43474;16234;58942;33709;16189;17544;16810;29103;15378;17996;28976;15377;16526;17234;39745"
"WP5199","PtdIns(4,5)P2 in cytokinesis pathway","387;60312;9493;4735;7430;4952;54443;4633;5962;29127;4478;11021","83419;17962;83416;53200"
"WP4792","Purine metabolism","353;471;100;158;5631;159;3614;3251;1716;270;4860;3704;7498","17111;30616;57464;58443;28498;456215;18107;17256;17596;58189;52742;18319;58595;71169;61404;58475;57667;16335;58245;61402;17368;16750;57567;17712;456216;37565;16497;17775;16708;16235;57673;58467;17172;58115;28997;58053"
"WP4224","Purine metabolism and related disorders","55034;316;353;50484;471;100;158;2915;4144;5631;159;3614;3251;1716;270;4860;3704;5471;7172;7498;2618;5198;10606","82685;17111;30616;57464;57844;58443;18420;28498;58681;456215;18107;17256;17596;58189;52742;28279;18319;58595;71169;61404;15422;58475;57667;16335;58245;18050;61402;17368;16750;59789;57567;15377;17712;456216;37565;16497;50667;17775;171302;16708;16235;57673;58467;17172;58115;28997;58053;58017;58457;58426;58478;137981;77657;16761;16015;18367;15637;17544;17053;18012"
"WP4900","Purinergic signaling","5028;140;134;9934;286530;346562;9127;5026;2773;53829;5030;5025;2846;27334;2775;2770;64805;2779;22953;5029;136;24145;2781;5027;2780;5023;135;5032;5031;10161;5024;2778;2771","73283;16027;91832;93424;131358;132742;91624;15713;16335;27732;46229;134726;93269;92667;73282;92361;135613;15422;92714;17489;109538;28177;58223;73286;59732;92848;92814;6078;29105;45906;34941;16856;29108;18420;29036"
"WP4022","Pyrimidine metabolism","NA","NA"
"WP4225","Pyrimidine metabolism and related diseases","7372;790;6240;6241;4329;50484;7084;5009;1806;27165;51251;51733;1373;7298;64902;1890;1723;1807;30833;18","57731;58359;30839;46398;58228;57762;46245;17748;57538;15351;29991;32814;58069;11892;16704;64183;46911;15901;17562;27468;57865;57743;60471;57700;246422;141212;17568;60377;25722;74414;37563;57966;17111;58223;17821;17544;16450;63528;30864;29985;28938;58655;62413;57392"
"WP2435","Quercetin and Nf-kB / AP-1 induced apoptosis","4512;3551;4790;7975;4097;8309;4792;2353;4842;7422;3725;4312;1548;4780;9817;5743","27647;16243;15554;15843;15552;15627;15553;15555;15551"
"WP3303","RAC1/PAK1/p38/MMP2 pathway","6776;3551;5600;7010;284;5595;4690;2335;1432;10318;5594;9068;3265;5781;5879;5290;5603;6774;4790;5295;207;1147;2886;572;8517;332;5058;4842;7157;79931;4792;581;10413;6300;6247;79155;9046;5599;5601;3925;4609;842;6654;5888;6714;4893;1956;1978;3688;5921;2888;1499;7075;51378;5829;4436;2064;3845;840;5970;2308;285;2885;1398;6777;5747;4843;4313","16618;77276"
"WP2018","RANKL/RANK signaling","4790;2353;5971;5879;5604;2274;4286;4067;5608;6850;4982;5609;7189;8600;9846;8792;7186;7187;7188;7185;5295;4772;5296;6772;8517;3551;207;4792;5601;6885;5335;3725;5747;5970;208;5599;5595;5594;1432;1147;2475;6714;23118;10454;867;998;8878;6688;9060;4791","16595;26523"
"WP4969","RAS and bradykinin pathways in COVID-19","5054;4790;7421;5594;710;1591;3816;2161;3818;185;1369;186;623;3827;1636;5972;59272;183;624;1576;5592;387;6093;4842;4846;7124;3552;3553;4881","34306;28940;133068;16467;27584;3165;2719;2718;55438;80128;15843;29108;15996;16480;16356;15551;15552"
"WP3873","RIOK1 and RIOK2 in EGFR- and PI3K-mediated tumorigenesis","5728;83732;5290;207;6135;2309;55781;1956;2475;7157;208;10000;253260;64223;79109",""
"WP3943","ROBO4 and VEGF signaling crosstalk","54538;9353;3791;5879;7422;6714",""
"WP5258","ROS in COVID-19 endothelial dysfunction","3454;7132;3383;27035;7124;59272;4790;3439","16480;2719;26523"
"WP2290","RalA downstream regulated genes","8531;55770;149371;10928;998;5881;5880;5879;3265;3845;4893;5898",""
"WP4223","Ras signaling","100137049;2902;11145;6237;2903;2904;3363;1436;1956;1969;2260;2261;2263;2264;2321;2322;2324;3480;3643;3791;3815;4233;4804;4914;4915;5156;5159;7010;801;805;808;810;91860;51806;163688;5923;5924;5566;5567;5568;10681;2782;2783;2784;2785;2786;2787;2788;2790;2791;2792;2793;51764;54331;55970;59345;94235;5335;5336;10125;10235;25780;115727;7535;27040;2885;6464;25759;53358;399694;2549;9846;5781;6654;6655;22800;22808;3265;3845;4893;4763;100271927;10156;22821;5921;5922;64926;8437;8831;9462;11186;83593;6789;7074;5879;5880;5881;10298;5058;5062;5063;106821730;56924;57144;387;207;208;10000;1147;3551;8517;4790;5970;572;598;4303;356;4301;8036;5894;8844;283455;5604;5605;5594;5595;8315;2113;2114;2002;123745;255189;26279;283748;30814;391013;50487;51365;5319;5320;5321;5322;64600;81579;8398;8399;84647;8605;8681;9771;5906;5908;5900;23179;5863;5898;5899;5599;5601;5602;55770;84630;5966;5337;5338;10928;998;51196;5578;5579;5582;9610;382;5868;5869;5878;25;27;5290;5291;5293;5295;5296;8503","17552;29108;16618;17489;18035;16595;15996"
"WP5471","Receptor tyrosine kinase (RTK) family","",""
"WP4838","Regucalcin in proximal tubule epithelial kidney cells","581;5741;56302;4087;4089;5594;2475;7040;207;7132;578;59;317;673;5894;5290;8600;841;5534;842;7046;9104;836;2865;4842;4217;10146;796;5153;111240474;89866;90550","37537;26523;45951;16595;28398;31991;17489;41847;16027;16480;52242;18348;27584;133022;32682;18070;34956;29101;18035;29108;70982"
"WP3664","Regulation of Wnt / B-catenin signaling by small molecule compounds","8312;8325;51176;27122;6424;8324;1856;4035;154141;8321;8658;2932;7471;324;6925;1452;1499","125649;3556;26537;62878;8687;24261;17823;95032;92168"
"WP51","Regulation of actin cytoskeleton","81624;8396;5594;55845;1131;8395;2934;54434;5058;5216;5289;2250;5154;2245;23533;6655;10458;8826;7414;2255;9138;8874;10672;5962;4628;10152;1129;1128;5287;2254;1956;55740;85464;2909;5881;10163;57144;138429;22808;5604;3984;623;2252;7429;2768;10787;2259;60;5296;5062;2264;2248;1133;2257;998;7114;5288;1950;50649;9564;4638;54961;2249;5295;5063;1793;1132;1073;929;5159;10092;5290;5747;26281;8822;387;6548;2261;5286;8074;5291;624;9475;9965;8817;5305;26291;4893;2247;8503;7430;6093;71;27006;2335;8823;5294;9459;4632;5879;673;4659;7454;22800;30849;6237;324;8045;5156;3845;2258;8394;8936;10298;87;55970;1729;23396;6654;4478;1398;3672;5894;1445;79837;5595;5155;26999;4634;5605;5829;5880;2263;5293;5597;106821730;56924;10297;28964;1072;4342;2251;2246;2147;2149;2260;2256;2253;7409;5596","18348;3165;15355;16412;16618"
"WP3872","Regulation of apoptosis by parathyroid hormone-related protein","2931;207;10017;3655;666;83596;597;440603;3691;2932;4609;5744;637;598;5294;599;578;79370;596;581;23786;208;10000;574406;4170",""
"WP4240","Regulation of sister chromatid separation at the metaphase-anaphase transition","8379;9700;991;8243;4085;699;701;9184;1062;324;9232;9126;5885;10274",""
"WP4538","Regulatory circuits of STAT3 signaling","1844;2690;3454;3559;3575;5788;5594;1439;9021;3459;79109;1432;1387;6714;225689;5159;6300;9180;80854;3587;5601;3560;10155;53833;3561;3717;1438;5156;1441;185;3595;5599;3601;3588;1956;64223;9002;2151;6774;5598;58985;163702;2475;5597;3563;3977;1489;186;53832;3570;84335;4352;253260;11122;3572;3925;9466;5579;50615;57521;5595;3460;5789;2149;5600;5602;64798;10401;5603;3581;3455;3590;1271;3568;5596;3716;7297;3718",""
"WP4483","Relationship between inflammation, COX-2 and EGFR","2099;3845;4893;3265;5291;5293;5294;207;208;10000;5595;5594;1588;80142;673;5290;5743;1956;4312;6714;51365;5733;5732;5731;5734","15843;606564"
"WP4756","Renin-angiotensin-aldosterone system (RAAS)","1583;3284;51806;57118;1589;1585;801;163688;3708;810;1511;91860;3709;3283;3710;805;5330;1215;5972;1388;183;1636;808;2776;186;185;57172;814;815;816;817;818;8536;1386;466;9586;148327;84699;64764;90993;10488;1385;468;6770","16485;16595;16827;16973;17026;16113;2719;2718;35457;16581;29108;27584"
"WP4481","Resistin as a regulator of inflammation","5595;5594;5290;5291;5293;5294;207;208;10000;4790;4792;23236;5330;5331;5332;5335;5336;5333;84812;113026;51196;3569;3576;7124;3593;3592;1147;3551;8517;5970;3708;1432;56729",""
"WP5191","Resolvin E1 and resolvin D1 signaling decrease inflammation","1241;2358;5163;207;1240;2048;6011;5294;5291;5290;5293;2475","81559;15647;30616;81564;17489"
"WP2446","Retinoblastoma gene in cancer","4998;5894;11124;4176;6117;9133;8318;10592;10733;54443;4863;6241;4172;7298;5422;4193;81620;2956;3146;983;6839;24137;5985;407025;5984;407024;9134;1869;8819;8030;4175;5877;580;10714;1019;4173;5557;1017;5426;896;993;3275;994;1026;891;5427;5931;1027;1633;6595;7153;7465;898;1719;9126;6502;25;7027;595;25942;5603;1786;3015;7272;8243;1111;5947;5925;3148;7157;8317;5591;3065;6596;4609;2189;5928;5111;890;3925;6240;5983;1870;1871;7029;1021;6119;6118;79027",""
"WP5188","Retinol metabolism","","16254;78272;17898;16066;80656;78273;17336;35291;17579;80657;63795;78630;16302;63410;5949;138676"
"WP4312","Rett syndrome","8892;4204;9014;2556;9611;6595;4208;9001;2290;6326;23314;6907;2775;6323;222183;10014;9568;6334;10765;1108;8243;2904;6925;55869;6792;8831;2563;85358;23224;3065;27443;673;2874;3064;6594;51412;3615;6812;79718;3097;6597;9612;3766;2903;56949;8295;23221;1398",""
"WP5037","Riboflavin and CoQ disorders","2110;23590;55312;56997;54840;80308;55065;79581;2108;27235;51004;10229;57017;57107","16389;58307;33019;58210;60721;46245;128769;175763;16027;17015;17621;16238;57692;17976;30763;64136;61011;29888;50775;64183;64181;64182;50776;50774;64180;29033;58391"
"WP4486","Role of carnosine in muscle contraction","","15727;16958;131429;18295;15971;18323;67249;85981;172495;16865"
"WP5181","Roles of ceramides in development of insulin resistance","5599;207;5610;3651;7185;1375;6198;2180;7132;948;6517;2081;3667;8660;3643;5515;5590;7124;5295;389692;3630;55512;53632","26523;15756;89490;52639;15525;17234;16196"
"WP5367","Rubinstein-Taybi syndrome 1","2308;5111;9188;4089;406;3660;1387;8202;2091;1385;9575;64425;4097;8092;4862",""
"WP26","S1P receptor signal transduction","5330;5594;2773;53637;6610;427;56848;207;5598;5595;9294;8877;1901;2771;5597;5287;23236;29127;5596;5331;1903;286223;2770;6300;10000;208",""
"WP4912","SARS coronavirus and innate immunity","3439;3440;3441;3442;3443;3444;3445;3446;3447;3448;3449;3451;3452;3716;6772;6773;29110;9641;7098;3456;3454;7297;59272;10379;7187;64135;3661;57506;3455;23586;148022",""
"WP5116","SARS-CoV-2 B.1.1.7 variant antagonises innate immune activation","3456;29110;23586;7189;7187;57506;3661;9641;9868",""
"WP5065","SARS-CoV-2 altering angiogenesis via NRP1","5045;8829;3791;59272;7422",""
"WP4883","SARS-CoV-2 and ACE2 receptor: molecular mechanisms","5972;4142;183;185;7113;59272;1636","80128;2719;2718;55438;90710;35222"
"WP4846","SARS-CoV-2 and COVID-19 pathway","949;340024;38;1514;51284;56649;5045;7113;59272;8829","42977;39025;28815;16393;16113"
"WP5039","SARS-CoV-2 innate immunity evasion and cell-specific immune response","2920;2921;5196;6374;6372;5473;3576;4283;3627;6373;6387;10563;2919;3066;3579;7187;4599;3456;11126;6347;57506;7020;7189;8480;51284;3665;3902;59272;7706;79132;29110;4088;4790;6352;8717;8519;8772;4928;9540;7186;6348;8737;10010;6773;3433;2033;7040;23367;3661;7188;84868;6351;23586;284340;164;3454;3570;3586;3569;6772;682;3455;7124;1437;3716;841",""
"WP5183","SARS-CoV-2 mitochondrial chronic oxidative stress and endothelial dysfunction","NA","NA"
"WP5156","SARS-CoV-2 replication organelle formation","NA","NA"
"WP4030","SCFA and skeletal muscle substrate metabolism","2865;5467;6517;2867;2641;5697","17272;17968;30089;35366"
"WP5118","SMC1/SMC3 role in DNA damage - Cornelia de Lange Syndrome","9126;5885;8243;672;4683;4361;10111;472;22976;56852;9656",""
"WP2011","SREBF and miR33 in cholesterol and lipid homeostasis","6720;10891;2194;51548;3156;23411;2475;6319;10062;5465;51586;6721;3157;3949;19;5562",""
"WP1991","SRF and miRs in smooth muscle differentiation and proliferation","817;93649;9314;6722;4209;1482;894;2002;4205;100271849;4207;4208",""
"WP4961","STING pathway in Kawasaki-like disease and COVID-19","2152;1147;9641;3553;79792;3456;3708;2212;114548;29110;79671;340061;3661;115004;3551;8517;5970;4792;5966;4790;4794","2719;15365;28940;71580;16991"
"WP5315","Sebaleic acid formation and metabolism","2180;9415;240;3992;4051","15756;15525;76244"
"WP2597","Secretion of hydrochloric acid in parietal cells","NA","NA"
"WP4494","Selective expression of chemokine receptors during T-cell polarization","6348;1236;7852;3592;3593;3565;3567;7040;7042;7043;920;3558;1437;3458;6351;940;959;3594;3595;8809;3566;3459;3460;1232;1233;2833;729230;1230;1234",""
"WP28","Selenium metabolism and selenoproteins","6156;83642;6667;79048;22928;55829;54952;257202;2876;114112;5451;1390;51734;85465;6670;2878;58515;9403;57190;3725;2168;60678;4780;1735;51540;6415;51714;5970;7296;2879;6301;1734;51091;1491;1733;10587;22929;2877;118672;4790;140606;6414;54938;348303;280636;2353;8991","64685;16633;16503;30021;15075"
"WP15","Selenium micronutrient network","5970;4790;4791;2243;5743;5742;4548;7296;875;102724560;8564;4353;847;2155;2147;5327;5054;5340;2678;2879;10587;7498;25824;240;247;51734;6649;5052;55312;2878;1491;55163;58515;9403;257202;2877;6414;7295;10549;2876;4524;280636;22928;83642;57190;1734;51714;140606;1735;1733;348303;85465;55829;6647;10935;2936;335;338;3949;6291;949;19;12;6289;6288;6290;7001;6648;3383;3458;7124;213;3630;3553;3643;3043;1401;6347;241;3569;3039;6415;8942;114112;80308;2244;2266","6498;15555;15843;15544;28728;6499;15627;17351;18145;142058;28125;34505;15552;15551;566274;15553;27432;28364;53486;65136;134407;27647;15554;28031;16946;36897;28774;18258;15558;30660;15632;64095;28209;44409;17775;17561;16240;29036;28911;15636;16828;15641;15377;17154;17627;16474;30314;29035;16238;17016;17242;15651;20506;1547;27470;60871;16856;29108;16643;17621;16633;15076;16144;16978;29073;17588;26523;62764;18405;17115;17368;39027;39026;16113;39025;47776;47775;17855;60151;15379;40304;16761;28666;17996;17482;18047;15422;29105;143243;15940;15647;16675;18335;16480;25812;25567;33101;24757;17015;38290;18421;17712;44454;25942;15650;27491;15903;24103"
"WP3391","Senescence-associated secretory phenotype (SASP)","3569;1051;3552;3576;1030;3490;25906;6233;119504;27338;8335;3012;7316;8349;11065;8900;55766;3017;7324;85236;94239;10393;8334;3018;7321;29945;64682;3020;3021;8881;3725;51529;8697;54145;124908234;102724334;5595;890;7311;3013;1031;8340;255626;6197;333932;126961;653604;2353;51433;246184;8338;8342;6196;3014;29882;7314;723790;8337;3015;8331;996;5594;1027;1021;10919;8357;8356;8355;8354;8358;8968;8353;8352;8351;8350;51434;8346;8344;8343;8339;8347;5970;8970;1029;51343;1032;8348;8345;8341;474382;1019;121504;8368;8367;8366;8365;8359;8360;8294;554313;8370;8364;8363;8362;8361;79813;27287;1017;128312;4790;1026;6774;6195;5598","30616;456216;15414;16680"
"WP4688","Serine metabolism","26227;7298;6470;63826;29968;6472;1719;5723","35247;57524;18420;15846;58272;18303;18405;57305;15636;15361;17234;15378;29052;18110;33384;57945;29985;16810;15377;43474;63528;246422;57451;57453;26739;17761"
"WP722","Serotonin HTR1 group and FOS pathway","2002;5923;5608;5595;5170;10125;387;5906;5290;9252;5604;6722;2005;7867;1385;673;9261;5605;1432;4214;2353;3708;5606;5594;3356;3717;2776;6774;2770;2771;3352;3350;3351;2775;2773;3354;3355","173246;57836;16595;29108;29320;22984;28790"
"WP3947","Serotonin and anxiety","84812;5341;5443;2911;7442;5579;816;2332;1392;5530;2554;23237;3358;2353;3350;148;3356","6123;29108;16973"
"WP3944","Serotonin and anxiety-related events","3356;23237;3358;3350;2353;5341;5530;5579;84812;2906;22871;1394;104909134;1392","28790;6123"
"WP732","Serotonin receptor 2 and ELK-SRF/GATA4 signaling","3708;4893;3265;5894;2002;5594;3358;9261;5595;3356;2626;5605;5923;5604;10125;3357;3845;2005;2776;6722","29108;29320;22984;28790;16595"
"WP734","Serotonin receptor 4/6/7 and NR3C signaling","673;3363;6722;2005;1958;3362;2778;466;5605;5595;1385;5594;5604;9252;2908;5906;9261;2002;3360","17489;28790"
"WP1455","Serotonin transporter activity","10066;7041;6532;3690;3553;5516;6804;4128;4842;121278;3554","28790;16828;77397"
"WP5151","Sialylation ","NA","NA"
"WP4496","Signal transduction through IL1R","3439;3569;3656;11213;4790;4792;5970;7040;7042;7043;7124;54472;5606;7189;4214;3551;3654;5599;3456;6885;9020;4615;3557;3725;1432;1147;51295;5608;10454;3556;3554;3552;3553",""
"WP5294","Sildenafil treatment","207;7019;5592;5071;208;155061;4899;2977;2597;8654;5141;5144;2932;10891;5143;4842;5142;2974;2982;2983;10000;4846;4843","16356;16480;16027;37565;70817;17345;147398;9139;68844"
"WP3591","Sleep regulation","4887;594857;100;8911;1814;7054;1812;2030;5020;2353;1471;3356;191;134;5021;4544;135;3569;6770;2903;4862;1737;1141;2837;114781;5729;1813;5730;51738;1392;3061;3606;3062;22871;8863;2691;10911;117194",""
"WP4658","Small cell lung cancer","6256;1163;4609;841;2272;637;5915;6257;6258;7157;1026;581;1643;51426;578;10912;1647;4616;596;54205;317;836;842;898;9134;1017;1021;5925;1019;595;1869;1870;1871;6500;1028;1027;1164;4149;1030;7709;284217;1286;3908;3911;3912;10319;3913;3909;1284;3910;3914;1287;1288;3915;2335;3918;1282;1285;22798;3688;3655;3673;3674;3675;3685;5295;5747;8503;5728;208;5296;5290;207;5291;10000;5293;8517;3551;1147;4790;5970;4792;4793;329;330;79444;112401;598;7186;7187;9618;7188;7189;7185;5743;4843","133021;6067;16618"
"WP247","Small ligand GPCRs","4543;1269;9248;5731;5732;9294;5734;1903;286223;1901;1268;6915;5724;1902;5739;5729;5733;8698;4544;5737","26347;67194;16796"
"WP5381","Smith-Magenis and Potocki-Lupski syndrome copy number variation","83450;23164;10400;56953;23495;8533;91647;10743;79018;54890;1819;125170;7156;2314;51655;146691;201163;51168;6720;55090;3996;6470;140775;693120;140771;105371564;201164;3394;3705;3725;7030;7942;5728;1407;1385;6774;3939;5562;9101;29109;64223;10670;351;322;10413;374986;4609;7157;10498;10296;92749;5071;203228;10062;7099;4218;10193;4790;28981;5105;7376;54472;55255;4620;1213;7124;23426;84612;1211;54329;26959;23026;384;8562;2665;3169;57600;9020;4659;639;581;23274;1073;10018;1408;5187;6093;3984;641;8741;116028;80010;406;387;983;329;604;9575;116442;8408;9821;9776;60673;57521;2475;4615;5970;3553;5584;56288;10890;85478;2622;202500;222235;84229;84288;84223;115811;79781;80173;64792;79989;56912;51098;26160;57560;8100;150737;55081;23059;90410;11020;51668;26146;1212;2538;3170;55502;222894;4289;25852;80232;64795;10048;84895;51422;5564;25937;2119;94274;96459;50813;10987;10980;10920;9318;51138;2873","17821;64572;57739;16038;17568;28494;85694;26523;33699;17650;29105;64708;33384;16796;57305;18420;597326;64573;64482"
"WP5076","Soluble ACE2-mediated cell entry of SARS-CoV-2","59272;6868;185;553",""
"WP4814","Somatic sex determination","50846;668;6662;268;54361;2626;6736;2516;284654;7490;30812;2254;1761;5730",""
"WP4186","Somatroph axis (GH) and its relationship to dietary restriction and aging","2308;3480;23411;2475;207;5728","37845"
"WP4785","Somitogenesis in the context of spondylocostal dysostosis","10683;6911;2043;3955;134701;84667;28514;4851;145873",""
"WP5121","Sphingolipid metabolism in senescence","1019;10557;8877;5925;53637;9294;1901;79603;166929;55512;81537;2475;29956;8560;5594;1017;1869;427;2720;7015;5578;5579;2531;2629;1026;7357;10558;23236","17862;134507;37550;16566;18368;17761;49183;139048;77731;18035;62490;17822;45719;15525;78331"
"WP4725","Sphingolipid metabolism overview","64781;81537;427;259230;56848;2629;10558;8877;8560;9517;123099;8613;130367;57704;8611;8879;7357;2531;79603;253782;6609;166929;8612;7368;10715;29956;204219","30616;17862;15525;17115;17600;17553;15377;16393;16566;16893;139048;52639;16197;64583;18368;18390;37550;17585;15541;15527;65088;52974;74142;52966;456216"
"WP4726","Sphingolipid metabolism: integrated pathway","8611;64781;81537;427;259230;56848;8879;7357;10558;8877;8560;2531;9517;79603;91012;253782;6609;123099;166929;8613;8612;7368;10715;29956;204219;130367","30616;17862;15525;17115;17600;17553;15377;16393;16566;16893;78646;84716;78647;84782;37550;15541;15527;65088;52974;74142;67042;52966;74149;456216;72959;83358;84719;89483;84697;67033;72961;83359;84721;89491;84703;67027;72962;74532;62107;89490;84705;67021;72966;83360;84744;142699;84495;84707;52961;72965;74535;84746;91146;84699;74130;74450;84476;84750;84713;74132;84375;83361;75344;85022;84710;52962;72968"
"WP1422","Sphingolipid pathway","57515;56624;253782;130367;91012;79603;9517;9514;2531;55304;10087;9331;125981;427;64781;56848;204219;8611;29956;8877;10558;259230;8879;5499;166929;5515;2629;57704;7368;7357","15525;16566;16393;31488;72959;84757;20096;17553;84782;16893;17862;17115;37550;13956;36498;83358;84758"
"WP5150","Spina bifida","4548;4524;6470;4522;4552;4143;1786;1789;23382;27430;1788;191","27470;15637;57455;20506;30411;16236;17230;17588;12071;16643;85452;28115;85454;15641;57856;67040"
"WP2431","Spinal cord injury","4804;328;4282;3952;3958;8741;1241;358;10673;199;5803;5173;4050;5362;1464;961;713;998;7538;2212;653247;5542;5786;3553;4843;7124;3164;3565;7832;1017;4842;3558;3569;7099;2353;7040;1958;4321;3458;4155;57142;727;2919;3576;361;383;2043;1948;3627;900;4318;1463;6585;9353;6586;9423;56963;729230;3554;3552;2920;6347;8398;5322;5320;301;3383;6403;11202;2670;1019;6869;1875;5925;5578;1869;5594;595;4609;1647;5595;7157;50515;1462;1282;64131;1280;176;63827;6662;2902;7431;5530;2596;2280;4099;387;389;388;9475;101927057;4974;65078;107987462;102725035;11025;107987425;5743;6098;50507;983;2668;57556;2697;627;5879;2309;1027;1956;836","16480;6736;61049;15843;15554;44661;28955;131504"
"WP4148","Splicing factor NOVA regulated synaptic proteins","858;2037;5596;1000;22938;22883;3763;23332;3778;8573;23154;2566;5601;490;5332;5909;2054;818;23705;4756;10243;1600;334;3785;6813;2035;23136;10752;22854;54386;1946;2904;2902;288;2898;5590;9568;2036;57863;4134;375790;1448",""
"WP430","Statin inhibition of cholesterol production","19;64241;335;337;344;407039;345;341;116519;1581;949;5360;64240;336;3931;3949;338;8694;4023;693120;6713;3990;6646;348;4035;2222;1071;3156;84532;4547;64714","16113;15440;15522;16247;136912;18035;39027;17002;35664;15467;132933;6495;25350;47775;35366;16359;47774;17855"
"WP496","Steroid biosynthesis","3295;3283;1369;3294;2165;3284;1586;3292;3293;51478","28689;17160;17026;34386;16330;17347;28750;17263;16581;17252;16113;16422"
"WP5277","Steroid hormone precursor biosynthesis","6718;1583;6715;1645;6716;1589;1586;3284;3283","1294;166781;30154;1712;17252;28750;67237;16973;50169;16113;28324;28453;17026;16581;28952"
"WP1982","Sterol regulatory element-binding proteins (SREBP) signaling","5566;22937;1024;5563;820;51422;207;267;53632;3837;6721;5290;3638;23175;7376;4800;5565;11236;6720;22926;5562;8720;26291;2931;5564;5950;5571;2475;3156;23411;51141;56681;51128;10484;10483;10802;10427;9632;9871;6396;22872;25956;51360;1385;6667;7528;133522;51586;4047;3157;4597;3422;2224;2222;6713;1595;4023;3949;949;31;57678;2194;1622;47;4190;5468;84532;6319;3630","15903;26208;16113;18050;53030"
"WP383","Striated muscle contraction pathway","7137;1674;4604;8557;7135;8736;59;71;7138;58;4635;7136;4607;4624;7134;7169;7125;7431;7170;4634;4633;4703;89;4626;70;4621;7171;7273;7140;7139;10398;4606;1756;81;7111;88;7168;4632",""
"WP706","Sudden infant death syndrome (SIDS) susceptibility pathways","6331;6869;116;226;3586;7166;1385;4150;6752;4128;2908;6667;3280;34;721;5978;3350;54862;4790;10664;4824;3030;6262;1143;7124;2033;4208;4803;406950;5354;110384692;720;406919;864;4760;3091;1746;3725;2624;406992;1387;3757;1644;6670;859;3576;551;117;10891;7068;133522;4010;1137;4800;3784;429;2100;8553;6095;10522;3356;7434;2019;6929;3569;4904;2625;7433;121278;6532;7161;55536;3329;5454;54738;6751;1889;2784;5316;367;5087;2305;3570;401;5979;388585;30012;4821;1958;8929;1499;6657;79923;5460;627;4915;2554;1129;2697;6640;3764;5577;7531;7534;5575;5576;10971;7532;5573;7533;7529;5567;5566;6550;836;2328;2538;2645;23171;2902;3032;3359;55800;6330;6750;361;1374;3552;3553;3557;3596;7259;7422;1103;5053;7054;9722;4133;6863;6507;291;6616;4791;9734;4602;1051;5452;1390;1141;1139;3065;4152;4204;6844;11076;478;2597;7184;7018;6711","28790;16828;17688;86990;5118;17780;27823;16865;169453;18243;4698;58095;17295;15765;57504;15355;15354;17895;58315"
"WP5368","Sulfatase and aromatase pathway","6783;3292;3283;10599;28234;3294;28231;2100;1588;11309;2099;3293;6579;353189","57945;17263;4866;57540;16469;57783;16814;58343;28689;58339;16422;58349;17474;17347"
"WP692","Sulfation biotransformation reaction","6783;9060;6817;9061;2539;391365;25830;445329;6799;2936;6822;442038;100526830;27233;6819;27284;6820","26836;15422;16856;17980;16474;17858;17709;17985;44409;16761"
"WP2542","Sulindac metabolic pathway","4482;22921;1545;253827;1544","75408;64212"
"WP4479","Suppression of HMGB1-mediated inflammation by THBD","1147;3551;8517;4792;5970;7056;3146;177;4790",""
"WP4539","Synaptic signaling associated with autism spectrum disorder","208;5562;5563;5564;5565;5571;51422;53632;2911;2902;2903;2904;2906;5290;5291;5293;8503;1742;3265;8831;2475;2932;5595;9456;3845;4915;6198;1978;116444;4763;7337;627;5728;207;7248;4893;116443;6009;23237;100874369;775;816;5594;2905;7249;10000;57521;85358;5296;5295;814","9168;29108;15996;17552"
"WP2267","Synaptic vesicle pathway","6853;5864;6854;8224;6857;6844;112755;2054;6804;6809;6616;22999;6812;440279;10497;23025;594855;10814;10815;8775;4905;773;774;6855;1759;10059;1785;26052;1211;1213;8218;1175;160;161;163;1173;140679;246213;57030;57084;6570;6571;6572;6581;81539;11315;6507;2055;6532;291;477","18050;18243;15422;29108;16761;28790;29987"
"WP5194","Synthesis of ceramides and 1-deoxyceramides","79603;7368;7357;84002;2531;8694;2583;64781;427;53947;10715;127550;166929;29956;8877;259230;204219;1674;2683;91012;253782;10558","16449;52639;37550;17862;17585;17822;133444;17553;36774;72963;27499;18318;16566;16393;31488;18390;134507;88154;62490;15525;18368;140817;67109"
"WP5078","T cell modulation in pancreatic cancer","29851;10666;356;84868;3569;6361;3965;567;355;6387;383;5817;6367;7293;64115;201633;29126;7422;7424;2191;79679;80381;958;3586;3958;3604;5133;3105;3956;5228;7040;7043;3620;959;940;7042;2277;1493;7423;942;80380;941;8744;7292;953;4907","16335;16708;16199;15729;29016;15551;57719;28683;57912"
"WP2583","T cell receptor and co-stimulatory signaling","3932;7535;5335;207;5578;5777;4790;5921;10125;3558;5530;5163;1452;2931;2932;1859;8445;2534;925;926;940;1493;5133;3702;4773;801;4792;5728","29108;89224;16783"
"WP5098","T-cell activation SARS-CoV-2","3122;3123;919;916;915;917;27040;941;920;3932;7535;940;5295;5170;207;2475;2932;7249;4772;5335;5533;2885;6654;10125;3265;5894;5604;5595;3708;5588;4790;6009;7248;29851;84433;8915;10892;1147;3551;8517;4792;5788;2534;5970;3725;2353;2309;1493;7297;3717;3595;6775;149233;3454;3592;51561;3593;3594;3455;595;3558;1029;7157;1026;64207;4615;3458;7124;8809;3937;9402;5293;5728;3565;3605;6363;56477;4049;3456;64223;64798;57521;942;581;598;253260;5605;5594","145877;139109;84974;84238"
"WP3863","T-cell antigen receptor (TCR) pathway during Staphylococcus aureus infection","1605;5777;5335;4792;5588;5894;7124;3558;2885;4690;9020;5788;6237;3937;867;1326;207;3725;11261;9402;3565;1739;8517;5595;5605;5604;3551;925;27040;3586;10892;5163;2534;5290;3932;1493;5609;915;10598;4790;959;5601;3702;3458;920;84433;5133;3567;8915;2353;5058;1437;2932;6654;940;6885;1019;29851;4773;7535;1147;801","16595;29108"
"WP69","T-cell receptor signaling","11184;5601;5599;5605;3937;7454;868;1385;4790;5966;5970;3725;1147;3551;4792;2533;3932;919;2353;2185;5580;84433;3702;5588;998;2534;6464;1432;10019;9846;916;5058;9402;5595;5781;2885;915;5335;917;4773;9051;4690;5894;6654;5604;5594;10892;8915;10451;3708;7409;5296;27040;5295;920;925;7535;940;207;5170;867;8631;29851;1386;9020;1326;3265;6885;8517;4772;7189;1398;1399;28988;8767",""
"WP5362","TAR syndrome","142680;10616;653519;1956;10158;11216;9748;6583;9855;9112;7329;10623;3932;3688;5174;116085;3458;1182;3106;11126;4233;148741;6613;8764;9368;7852;54541;148738;57805;5824;2322;1759;915;2972;9775;463;6774;919;1080;7295;129531;57817;3135;3107;8515;3066;4116;10621;5045;10622;23411;4790;3105;114814;84305;84265;23786;8799;10401;200035;3133;3134;55004","60815;16991;3815;35019;33697"
"WP78","TCA cycle (aka Krebs or citric acid cycle)","3420;6389;8801;50;8802;1743;3421;6391;3418;6392;6390;1431;3419;1738;4967;2271;4191;8803","15996;17552;16526;15377;16908;30744;46245;32805;44409;30887;44215;64183;30797;15741;15422;15346;15351;30915;16761;16474;30769;18012;15380;26078"
"WP2453","TCA cycle and deficiency of pyruvate dehydrogenase complex (PDHc)","1743;1738;48;2271;4190;4967;3417;5105;47;1431;8801;5160;3419;6389;5091;1737","9532;32816;15361;30887;15351;978;7815;44712;30769;16947;15741;30744;16452;80219;80218;1463;15380;18021;44897;30797;15589;30915;16810;80403;18012;29806;50623;80404"
"WP5050","TCA cycle in senescence","2271;673;7157;4190;5160;4200;2805;57546;5163;4199","26523;40823;16908;16810;15351;30744;18009;17234;15361;18059;29806;30797;15846;16474"
"WP2868","TCA cycle nutrient use and invasiveness of ovarian cancer","6774;5595;3716;5594;1956","422;17061;32816;15903"
"WP560","TGF-beta receptor signaling","7049;9839;7040;4093;3716;5601;4086;860;7050;6497;4089;652;7124;10468;2280;6696;7471;7048;7057;3976;9241;51176;2022;4091;6498;23090;5595;864;7046;4790;4088;25805;2033;5054;3624;4052;4087;6774;407028;9372;3458;3725;4092;8928;3265;1499;2353;7030;1950;6772;1387;4090;3694;10637;7044",""
"WP4816","TGF-beta receptor signaling in skeletal dysplasias","7049;9839;7040;4093;3716;5601;4086;860;9719;7050;6497;4089;652;7124;10468;2280;6696;2200;4054;7471;7048;7057;3976;9241;51176;2022;4091;81794;6498;23090;5595;864;7046;4790;4088;25805;2033;5054;3624;4052;4087;6774;407028;9372;3458;3725;4092;8928;3265;1499;2353;7030;1950;6772;1387;4090;3694;10637;7044",""
"WP3859","TGF-beta signaling in thyroid cells for epithelial-mesenchymal transition","860;1014;999;3371;5595;4088;4089;3397;5594;2335;6615;1004;7431;4087;6591;207;1000",""
"WP366","TGF-beta signaling pathway","51377;6497;5594;112267931;1601;4092;4088;5599;150094;54778;6667;1386;1875;50943;3726;983;55802;11059;7071;4739;7040;8021;1026;57154;1387;10987;2033;5371;6711;64219;7046;6885;3985;5576;4089;11171;595;1030;7329;5601;83737;9839;207;4205;9372;1432;5934;4609;387;7057;5596;8312;6654;998;7048;1316;467;23327;4321;4087;57559;9972;4233;8945;7050;5604;5894;64750;22938;1874;6500;2113;163126;9978;7157;857;7041;6464;5605;8928;3688;6498;2335;11184;4435;3690;5296;5879;7027;5295;8454;5062;351;9133;5608;5494;3065;8462;7015;8554;3725;7341;4312;10131;6093;9564;25942;3371;2353;4208;6416;5606;6714;1278;9765;3673;3727;2885;6935;7189;9063;5163;7049;5933;5747;860;2354;10454;10413;9146;3691;50855;79753",""
"WP5382","TGFB / Smad signaling","4088;4087;5054;4089;6678;1490;10631;25937;7046;7532;7048;7049",""
"WP3851","TLR4 signaling and tolerance","9641;7124;114609;3661;3654;11213;7189;1147;148022;6885;4615;3551;7187;4790;29110;3576;8737;3456;23118;23471;7099;8517;10454;3569;3635;51135;4792;3665",""
"WP231","TNF-alpha signaling","3845;3265;4893;5608;4217;4791;5966;4793;842;5609;581;5836;1387;11140;117584;4792;1535;10454;2752;1326;8717;317;124056;2885;5601;23118;6610;56616;27035;841;5894;8517;11035;29110;8454;3320;8567;8837;23291;5790;4794;207;7132;637;1457;10010;283455;5590;7133;5347;9020;7124;7295;5594;5871;1147;8844;6416;5879;8737;56957;5599;257397;8945;5606;7128;6654;7185;8772;330;7186;840;836;329;598;5708;3551;3725;4215;5515;5595;55312;4790;572;6885;10131;8439;4214;6500","17761;26523;35923;15843"
"WP2036","TNF-related weak inducer of apoptosis (TWEAK) signaling","5894;5971;4790;7185;4791;3551;9020;7187;5595;3065;51330;5879;8742;7186;329;841;8772;5594;4793;8737;208;7188;207;1147;4792;1499;6885;5599;5601;5970;2932;1432;836;840;3725;84676;330;7124",""
"WP1742","TP53 network","1026;637;25;666;581;5366;4609;596;7157;1029;27113;7161;1647;8626;472;5015;4193;8743;7341",""
"WP5300","TROP2 regulatory signaling","NA","NA"
"WP3945","TYROBP causal network in microglia","26157;10312;1806;388813;64092;3597;2876;654346;3684;51411;170954;107987457;10261;29108;3071;6510;23307;10577;58191;7305;3142;920;10257;9056;54502;54518;714;3689;55803;113277;822;6776;2000;6195;6696;64764;678;864;5341;375387;4066;84695;718;4688;202309;951;7046;79690;8832;3687;6039;3059;3587;10019;54360;7133;5996;3606;10008;375035;4094;10184",""
"WP691","Tamoxifen metabolism","107987478;1565;107987479;1548;6822;1559;1577;1557;1576;54575;1544;7364;6783;6817;2326;1571;2328;54657;1545;54576;1543;1558;7366","63825;44616;50949;80557;17985;32663;17980;41774;80553;80556;25212"
"WP1471","Target of rapamycin signaling","5564;53632;7249;5565;8408;64223;64121;5879;54541;998;6009;5571;2475;3156;55615;57521;58528;6198;25989;10325;5563;10670;207;2280;9706;5562;115265;3422;84335;79899;7248;79109;5578;51422;1978;253260",""
"WP3674","Tgif disruption of Shh signaling","60436;6469;7080;2253;4087;2290;7050;2737;4838",""
"WP5130","Th17 cell differentiation pathway","9021;3553;3662;50616;3091;7046;3569;149233;3716;6095;3570;59067;5335;6097;1432;3108;2475;7040;51561;50615;7297;3717;3320;6774;4087;196;3605;112744;4792;3725;2353;4790;4772;5599;5594;5588;7535;3932;919;3566;3565;27040;916;915;917;920;6778;5530;3551;2625;30009;100506403;861;50943;6256;5914;6776;6772;3559;3459;3558;3458;9466;246778;4783;1407;5187;9572;406;9575",""
"WP4321","Thermogenesis","353500;63976;5346;788;6009;57521;9658;26291;51780;2885;10891;51422;5592;6195;1374;10818;57492;7248;57104;6198;10488;7350;27330;11343;155;53632;23028;4217;123096;1386;5468;2180;51548;2778;3265;1376;5566;6196;51412;6194;6197;2641;107;108;109;111;112;113;114;115;196883;55811;1268;4881;152831;2260;6654;6655;3845;4893;7249;2475;64223;84335;6199;5593;3991;5567;5568;5606;1432;5600;5603;6300;1385;148327;64764;84699;90993;9586;55818;60;6595;6597;6598;6599;6601;6602;6603;6604;6605;71;8110;8193;8289;86;2181;2182;51703;23305;1375;126129;5562;5563;5564;5565;5571;656","16761;52392;17754;17489;15346;16908;3424;17688;17984;35759;2700;75659;15378;15351;11684;75844;16356;16469;17877;80233;18035;18357;35366;80234;15422"
"WP4297","Thiamine metabolic pathways","10560;7086;80704;60386;5160;10295;4967;27010;593","61912;16991;4170;16087;29042;30031;16108;22918;15978;30744;133748;15361;29052;45931;17822;15351;16810;18189;26739;16247;9533;33283"
"WP2203","Thymic stromal lymphopoietin (TSLP) signaling","5605;5595;85480;64109;6772;6774;6775;5290;207;5594;2475;6194;5781;3717;3716;3575;5604;1432;1978;4792;5971;5970;4790;4791;5599;7006;55361;9846;6778;6714;6777;6776;5601;7525;3932;695;2242;3055;2534;4067",""
"WP5227","Thyroid hormone imbalance leading to neurodevelopmental abnormalities","",""
"WP4746","Thyroid hormones production and peripheral downstream signaling effects","5443;9882;5172;63976;1386;4851;1733;26291;9658;2885;7249;6198;3690;10488;6009;4193;389692;2308;2932;6194;6469;5468;53919;1499;7253;7350;57224;572;7270;9728;54361;3265;10818;10000;181;5894;5346;364;7248;11343;3685;117247;3709;405753;57521;51548;6714;64223;6528;2260;7252;23028;5208;389434;84335;50506;152831;6256;4160;842;2475;10891;8458;7200;51412;5290;7157;7068;6654;27330;4852;1734;1735;7067;5593;7849;6567;109;7867;4879;4881;11183;5604;5594;7038;51780;1432;7173;57104;5566;114;155;23236","16382;18258;25400;75602;18035;33569;18009;17855;17489;15378;16595;35366;29101;16618;16240;16474;16356;17754;25805;85053;29108;17408;89575"
"WP2032","Thyroid stimulating hormone (TSH) signaling","896;5604;5595;5296;673;6772;1081;5894;23513;3265;30818;2782;54331;7252;7253;6774;5170;5290;5295;1017;6714;5606;5608;207;5934;6198;5594;5925;1385;5144;2770;10672;2771;2768;2775;2776;2773;103910;5900;2778;3717;3716;6194;2475;108;109;1019;6195;5337;23236;5908;5906;3480;898;1432;1027;5909;328",""
"WP1981","Thyroxine (thyroid hormone) production","1081;7200;7038;7173;7253;95;5562;5563;1385;5906;5908;5604;5605;5595;5594;2002;5578;5894;4790;6528;65010;55107;1184;53905;50506","16284;16240;17489;83416;18258;16382;17895;18332;138527;18035;29108"
"WP75","Toll-like receptor signaling","23643;6300;3654;941;3446;7096;114609;54106;6772;51135;7100;5295;4790;148022;3445;1432;7189;208;6352;54472;3593;5291;5294;3449;7187;10333;5602;23533;3440;1147;29110;10000;23118;3592;3444;3452;7124;958;3451;841;6696;6348;7097;3627;7099;3448;51284;3441;9641;3439;3665;6416;3553;4615;51311;6885;353376;3661;3569;942;5595;5293;5603;3447;929;3456;3454;5599;8737;3929;3663;10454;3576;5594;5604;8772;5605;3455;3442;8503;1326;5879;5296;5609;4283;7098;3443;207;5600;6351;2353;5290;6373;5601;257397;8517;3551;5970;4792;4793;3725;5606;5608","37671;52603;8005;6495;59524"
"WP3858","Toll-like receptor signaling related to MyD88","7100;51284;51311;54106;4615;51135;3654;114609;7099;7096;7097;10333;54472;7189;7098;353376;148022;7187;9641;29110;3661;3665;3551;4790;4791;5970;5971;5966;5594;1147;8517",""
"WP2333","Trans-sulfuration pathway","4548;27430;1786;191;875;1491;2805;4357;2730;51380","20506;15635;16643;15641;17588;67040;15414;181457;16680;17561;16856;15891;16015;32816;15361;15422;16761;26078;18367"
"WP2525","Trans-sulfuration, one-carbon metabolism and related pathways","26227;29968;5723;7298;1719;200895;4522;10797;441024;25902;4548;635;875;2937;2729;2730;55224;2880;6647;51380;56994;5130;4144;2936;9468;55500;10390;6649;4143;2882;1491;55349;1788;23743;4524;1759;5337;6648;257202;1120;2571;1036;2572;27232;107080644;6470;5833;1757;2879;2877;2876;2878;10768;102724560;29958;570;6472;1119;10400;586;64902;587;275;27430;1789;29947;191;23382","17050;30933;15811;37712;20506;15635;17622;15636;15638;15637;1989;15633;63528;17013;17148;57443;15729;15746;16610;181457;16680;16247;16643;16345;17561;18009;44409;16668;16856;18132;16000;28865;181348;17858;167606;16525;9407;15966;16436;49086;17553;64674;16038;17724;17750;61995;16110;49183;18303;17115;15891;16474;15611;16732;15634;18183;16924;15641;17482;27470;67040;15414;17230;15428;15354;17515;16763;35619;84058;15355"
"WP4533","Transcription co-factors SKI and SKIL protein partners","7003;8463;7005;7004;9113;26524;6498;4204;23314;10461;4763;3622;6497;3065;10419;8841;6788;25942",""
"WP3599","Transcription factor regulation in adipogenesis","3643;6256;23175;5106;1050;6517;5468;1385;1051;1052;2908;8204;3667;8660;9370;3952;5599;2308;7291;10891;7124;3569","24261"
"WP1559","Transcription factors regulate miRNAs related to cardiac hypertrophy","4790;5923;207;5534;407021;7040;50804;208;6774",""
"WP3","Transcriptional activation by NRF2 in response to phytochemicals","2048;1051;4094;5290;2729;5599;7965;4780;5578;9817;3162;23657;1728;2939;2730","3962;8062;47807;138799"
"WP4211","Transcriptional cascade regulating adipogenesis","2624;2625;1050;1054;688;6720;1052;1051;5468;10365;1959;1649;28999",""
"WP107","Translation factors","27102;2107;1978;8891;23708;10209;1915;10605;9086;1973;8662;8672;8667;1983;23277;8894;1975;7458;1968;8890;1979;3692;8668;5610;1967;1981;9669;1933;1917;26986;8666;8664;1937;1965;8669;29904;8892;1974;1977;1938;8637;3646;1936;8663;8661;8893;9451;1984;8665;1964",""
"WP4566","Translation inhibitors in chronically activated PDGFRA cells","5580;1432;6416;6195;6194;8986;6198;5292;5163;6199;207;27250;2475;57521;5604;5594;5595;5605;5290;5291;5295;5296;8503;5294;5607;5608;5609;5601;5602;5599;5606;5578;9252;1457;5566;6196;208;10000;1978;1977;1973;1974;8672;1981;11040;1975","91329"
"WP325","Triacylglyceride synthesis","8613;2819;84649;8513;10554;8611;116255;8443;2710;8612;10555;4023;57678;80168;57104;8540;55326;2712;8694;3990;346606;56894;3991;56895","18035;15835;37554;17754;17855;17408;35759;16108;15978"
"WP4210","Tryptophan catabolism leading to NAD+ production","23498;54981;3620;93100;10135;64802;55191;6999;125061;51166;8564;8942;23475;23057;349565;27231","37008;76072;7563;28790;16828;16977;995;15927;30249;16946;1547;15793;16675;17154;18344;10072;30754;16411"
"WP465","Tryptophan metabolism","NA","NA"
"WP4204","Tumor suppressor activity of SMARCB1","5928;8193;5727;6601;6598;8289;6597;5925;6599;6608;2735;2736;2737;2738;23512;8726;2146;3021;3020;1029;1019;1021;86;51412;5977;8110;6605;6602;6603;6604;57492",""
"WP4241","Type 2 papillary renal cell carcinoma","2271;2034;29072;7030;5546;1026;6421;1856;1513;79444;1729;3091;7942;81578;253559;54583;112398;112399;6921;6923;7428;9978;8453;405;9915;1387;2033;6513;7422;7040;7042;7043;5155;7039","25805;18012;15589"
"WP4786","Type I collagen synthesis in the context of osteogenesis imperfecta","90993;3708;10491;121340;8974;5033;4982;8792;8720;8321;649;8600;4040;5352;9509;5351;7471;55151;4015;871;1277;64175;4041;5176;375056;60681;1278;51360;79709;5479;5034;387733;55214","29103;29108"
"WP4868","Type I interferon induction and signaling during SARS-CoV-2 infection","9641;3661;7189;4615;7187;29110;3716;4938;5610;3454;3455;7297;6772;6773;10379;4939;4940;59272;51284;3665;7098;54106;64135;285852;23586;7113;7097;51135;57506;10333;7099","167176;2955"
"WP1584","Type II diabetes mellitus","NA","NA"
"WP619","Type II interferon signaling","3458;3459;3460;3716;3717;9021;8651;5781;6772;6773;10379;5580;5967;3662;6688;3440;3456;3106;4843;2633;8370;5698;6890;4938;3627;4261;1536;3553;3433;5610;2537;3659;3383;4283;9636;3394;3660",""
"WP2113","Type III interferon signaling","10379;282616;282618;282617;3716;3588;7297;163702;6772;6773",""
"WP4506","Tyrosine metabolism and related disorders","2954;3242;2184;3081;6898","27386;31128;59560;29256;17295;16134;149584;16169;16526;87897;17105;29806;13705;36242;58315;50378;18101;87999;17381;36659;17549;36090;15642"
"WP5394","UDP-derived sugars synthesis in fibroblasts","7358;2582;2821;3101;80146;2645;3099;5238;5236;3098;2673","58885;66914;57634;61970;142399;71674;58725;67138;57705;57776;57513;58516;58225;4170;4167;57632;58052"
"WP5174","Ulcerative colitis signaling","7124;3108;4790;64127;7097;7040;3596;3586;50943;3561;4772;6778;4094;3566;3565;3567;2625;3458","8005"
"WP4284","Ultraconserved region 339 modulation of tumor suppressor microRNAs in cancer","7157;9134",""
"WP4925","Unfolded protein response","596;4780;5366;1965;1649;8795;468;27113;23645;2081;8720;3553;7494;3309;51493;10628;51360;22926;10018;637;9451;7157;834;835",""
"WP4595","Urea cycle and associated pathways","383;27165;8659;10165;445;435;2746;3945;2875;162417;4190;4191;5009;4942;8604;2806;2271;5831;1373;10166;2805;4843;4842;4846","16810;57743;17388;29991;57288;58066;16452;57472;46911;16199;60039;29985;58228;29806;28938;44337;15361;16651;58359;57972;15589;17544;32682;30839;57538;16704;57865;17568;25722;16480"
"WP497","Urea cycle and metabolism of amino groups","2593;1757;1152;4953;1373;1158;6723;65263;2746;6611;383;384;4942;5832;2628;445;5831;435;162417;5009;95","16015;17232;16034;17053;16134;16199;17148;15729;15832;9889;184023;15682;57947;16919;60039;17203;29972;16349;57743;16467;16344;181895;16543;16842;15611;57433;16610;44337;172431;17533;15746;16737;17672;16354;30751;17287;15737;16526;371;17388;18012;29806"
"WP4571","Urea cycle and related diseases","383;27165;10166;10165;445;435;162417;5009;1373","57743;29991;57288;57472;46911;16199;29985;58228;29806;28938;44337;58359;17544;32682"
"WP5158","Urotensin-II-mediated signaling","1535;4689;653361;4688;1536;3162;596;842;581;836;5111;815;3306;4318;1277;1281;185;1387;3569;59;898;19;983;240;7124;5566;3383;2033;4313;1280;50507;7412;1017;7040;2335;84883;1649;9700;3553;4088;4087;3661;4879;4878;5728;1499;2837;6624;207;5595;10911;7223;5594;3717;6774;5599;5601;1432;4790;5970;387;1956;5781;1147;3551;2932;2931;10014;5350",""
"WP3888","VEGFA-VEGFR2 signaling","10061;23597;71;213;226;301;160;1175;378;51309;81873;10973;9114;1466;3491;1666;54505;170506;3301;11080;8813;1823;8664;8665;8667;1981;1982;2926;3045;3146;3320;5654;10525;3418;51763;8826;23189;83473;3939;3998;5034;26986;57326;9659;10130;5216;5226;5230;8985;5496;5499;5515;7001;9588;8575;6129;6181;6205;6301;6418;83442;357;8402;27044;56907;6729;6732;6747;6748;10963;529;682;781;811;813;832;115098;10574;9578;84952;1192;1267;22820;1397;1465;2035;2058;2130;23196;10056;152273;29109;2314;91010;2335;6624;9513;2597;26058;2746;55379;9209;55692;9645;84953;4343;4629;4641;4646;4673;8775;4691;91624;8650;4952;8974;23215;5717;5710;5757;5784;9444;9584;5954;4736;23521;6142;6154;6155;6125;8867;9344;6902;6921;7019;7024;7086;7111;29766;112268148;9168;7114;7170;1200;9325;84790;347688;81567;9898;9100;23339;7531;55854;6774;9475;25865;5595;5594;5606;5608;5601;5599;5590;5296;32;4688;6300;5908;3791;8772;6924;11124;355;274;660;3065;8794;3303;6595;1796;2549;7422;1432;4690;2534;5062;6772;6778;10818;1398;5584;6714;2889;5906;3685;3690;9564;5335;6464;25759;5747;5879;3693;3688;9047;219931;9261;5328;824;4633;6093;387;389;5604;867;3748;5579;5578;5894;55872;3265;5587;10014;5580;5581;5321;3315;8821;857;1003;5781;1445;2185;4301;2274;5331;998;8936;653361;5058;5780;5803;4627;207;2308;5970;4792;5322;9252;5295;4846;3984;1072;7410;2317;1386;2885;5829;2697;5795;6461;6198;10628;52;7295;5777;2887;5562;1385;10645;31;5563;22899;57381;5170;253260;64223;79109;2475;10397;2932;84335;6194;9451;2081;22926;83939;468;4189;9709;7430;7220;9365;5290;5868;1500;1499;1495;5605;23291;8411;6546;9146;8027;10755;5770;8766;409;7414;1213;8550;8828;4217;5609;6416;3725;382;4773;4772;5743;27289;1958;6722;4929;8013;5530;182;22943;6347;3576;154796;27302;7004;4790;3383;6401;4303;2309;5867;2060;29924;100506658;83737;51564;9734;9759;4208;595;10231;4319;4323;8569;1977;2002;5329;4313;2152;3164;598;1558;6648;9510;57007;1960;1839;1827;596;2078;4855;2113;5592;2243;79812;7148;3490;2817;1490;5228;2244;2266;2321;10399;332;4193;8754;102;1901;57758;2022;405;6886;2624;9079;54567;2876;54205;79094;56905;326624;154;10758;1847;1969;24147;124491;23753;144195;51278;148254;3142;441478;114789;9034;4860;81575;2523;6478;399726;7222;6541;23476;51574;1387;650;80031;56999;3486;1536;50507;2048;6386;25;8718",""
"WP3871","Valproic acid pathway","116285;3032;1962;1555;3065;3028;3030;1548;1559;36;3712;18","16865;15536;80638;80644;80637;80642;410867;15539;80635;17659;80636;39867;17200"
"WP5085","Vasopressin-regulated water reabsorption","8766;6810;5868;360;5566;2778;359;396;10540;551;109;9230;5567;5568;10488;1385;64764;84699;90993;148327;9586;79659;51626;140735;8655;51143;1781;1780;1783;1778;51164;1639;84516;10671;6844;4905;112;115;397;398;554;361;5869;5878","17489;15377"
"WP716","Vitamin A and carotenoid metabolism","53630;116362;216;5914;8854;64241;145226;5959;9249;56603;29881;220;64240;4023;1571;6121;83875;5594;949;6820;9227;6257;157506;54884;5947;6256;127;6817;1592;158835;948;5916;50700;124;6258;1382;1381;6017;5948;5950;5915;195814;8694","17579;17336;16302;80656;10223;27547;28838;16066;15948;545914;17898;52075;78273;28940;15367;35288;3362;40968;78272;35147"
"WP5397","Vitamin A1 and A5/X pathways","6256;6257;6258;5914;5915;5916","17579;67188;15367;17898;17336"
"WP4271","Vitamin B12 disorders","4594;27249;51293;6948;6947;8029;2694;81693;25974;326625;166785;4552;4548","30860;17230;18009;16238;16680;17621;16474;15414;15380;16811;15641;30411;16304;28911;16625;28115;20506"
"WP1533","Vitamin B12 metabolism","6347;4791;2694;6948;5970;6947;4036;8029;4790;326625;4143;4548;84693;4552;4594;6472;875;102724560;4353;5054;5327;5340;2147;2155;6649;1491;4524;6647;12;3949;338;949;19;6291;6290;335;6288;348;6289;6648;7124;3553;3643;3569;3458;213;3630;6352;3039;3383;3043;1401;2243;2244;2266","15551;28728;15553;34505;142058;18145;15544;15627;16908;44409;17561;16240;15636;16737;15641;20506;16474;44215;17588;18405;17115;39026;47776;47775;39027;39025;60151;47774;16113;17855;18408;28115;28911;15982;16238;40304;17996;27300;17482;29105;16480;17632;33101;25812;24757;25567;17045;17015;18421;16680;16643;15414;15380;30860;15466;44454;25942;24103;15903;29073"
"WP4228","Vitamin B6-dependent and responsive disorders","55163;11212;249;248;501;55650;8566","17534;18019;17310;30913;17388;18405;18335;16187;27306;58066;16927;17203;28803;57761;29985;17027;37024;16709;17382;16987"
"WP4482","Vitamin D in inflammatory diseases","4790;1147;3551;8517;5970;4792;3569;7124;6256;4089;5530;5534;5606;4088;4772;1843;1432;5608;4214;7421;9282;2908","27300;17650"
"WP1531","Vitamin D metabolism","6256;5741;120227;1717;1593;2638;6257;7421;1591;1594","89324;17933;8403;17823;26078;28940;16113;17759;29108"
"WP2877","Vitamin D receptor pathway","604;412;126364;54210;9926;3684;7421;6256;3662;3123;23274;3294;54901;1305;7128;8074;1591;1474;100289462;1673;958;5588;3663;9173;3118;3117;81037;820;7292;8027;3091;1493;79789;4084;5741;56302;55503;1594;5734;8600;639;10125;10568;1581;1555;1559;7056;9365;838;22906;4041;11221;7869;5653;6822;1992;8204;1576;6696;634;5744;6273;632;8853;3400;25928;151888;929;9314;240;3592;976;219855;6304;875;56262;4650;623;4814;4345;928;7168;248;6517;1543;795;9914;6546;7040;79689;11096;4982;29923;251;9075;490;6819;6280;55090;353137;215;1045;168002;3827;3394;4600;27035;7042;5005;2050;5243;3726;29785;2539;6279;7078;1050;997;727936;1577;23581;5004;353134;79963;1946;7077;85285;3860;112802;386672;6275;6699;6277;386679;387267;26239;3885;387264;3868;386675;8687;337879;57167;283229;6927;84766;107987478;1565;107987479;3397;386676;353323;400830;200407;78989;113835;1469;768;5368;92737;373863;1026;3965;1027;64806;6422;147;654;22997;154;4773;595;1032;1647;898;1029;1017;1030;1031;892;4609;2308;3484;3486;5467;3488;50486","48705"
"WP4698","Vitamin D-sensitive calcium signaling in depression","2678;6256;493;492;3710;2539;221656;2936;1128;55818;2729;121278;2904;23135;2906;3708;491;5816;2905;7166;2902;23028;3709;490;1593;2915;2903;3785;7421;3786;6546;596;1594;4780;100874369;775;793","16595;6121;18035;14321;15355;18348;16240;29101;18421;17933;28940;29103;29108;49713;17759"
"WP5186","Vitamin K metabolism and activation of dependent proteins","29914;2159;5624;84883;2155;2677;5627;2158;2147;79001;1728;8858;154807","16374;28869;18067;48343;15759;16474;61938;23853;87732;18009;28384;14321;28433;78277;44245"
"WP4342","Vitamins A and D - action mechanisms","7421;6256;5914","17579;17759;17336;15035;50648;17933;28940"
"WP5216","Warburg effect modulated by deubiquitinating enzymes and their substrates","51547;78990;2308;207;3099;7874;51633;4609;5230;3939;6513;57646;7428;2203;5290;5223;84101;56957;2475;3091;10869;2538;11338;7422;57695;3791","32966;17138;89363;17050;15361;24996;4167;18021;4170;61527;24344"
"WP4149","White fat cell differentiation","7480;1879;6720;1050;1051;2122;6095;1649;1385;3661;6777;28999;688;2624;83439;23090;1959;2625;7026;5468;10062;1052;1495;9314;5914;2308;6776;7090;3630;2908;3662;10365","17489;24261"
"WP363","Wnt signaling","1857;207;10023;4040;5594;1454;8312;409;6929;1452;2646;1855;387;1453;53944;51176;1487;1499;595;55361;324;607;1021;5578;6259;2931;7248;6885;4041;5879;8395;5468;5579;1856;6934;5582;4773;2475;4919;6656;6925;2932;4920;5601;5599;7249;51701",""
"WP428","Wnt signaling","1857;387;5879;5328;5579;817;10023;2932;1460;324;89780;5534;5535;7976;5601;51176;1454;595;8325;83439;7476;6934;7481;7471;5578;3725;4041;11211;8324;5533;81029;5530;1499;7472;1452;7482;6424;5582;816;1856;7475;896;7474;4919;8321;4040;83999;51384;8323;818;6259;54361;815;101929777;7473;1457;8312;7480;7855;7477;1855;57680;5532;80326;283106;8061;4609;1459;894;8326;6885;6932;2535;4920;22943;27123;27121;50964;5176;23401;6422;6423;6425;147111;9350;11197;64840;23236;5330;5331;5332;4772;4773;4775;4776;2239;81839;57216;27130;144165;166336;85407;85409;23002;23500;9475;5599;80319;59343;51701;56998;64321;1487;1488","29108"
"WP399","Wnt signaling and pluripotency","8325;324;1487;4316;1856;1499;89780;3725;11211;4800;5584;2103;7480;5328;7482;1387;5515;5516;6932;6934;5578;51176;6657;10009;29127;5602;2535;51384;7472;7484;7474;5518;83439;5467;2033;5588;26190;51701;333926;7471;5579;5587;27022;4609;7475;1855;5048;6416;7481;7157;595;101929777;7473;5521;5601;124900587;124900588;28227;5460;7476;1488;5519;5529;5590;4040;8322;1857;5582;8061;8313;8326;387;8323;85407;8324;85409;10023;8312;79923;5527;2932;54361;5520;1454;5522;7976;1500;80326;3949;6885;5581;7855;896;5523;5583;960;7477;81029;8321;5580;5524;4041;894;120892",""
"WP4150","Wnt signaling in kidney disease","387;1499;27130;4041;4040;7471;80326;7480;7476;51384;7475;7474;7482;7481;54361;89780;81029;7484;7472;101929777;7473;7477;8321;8325;8322;2535;8324;8326;7855;8323;7976;1856;1857;1855;5601;5602;5599","29108"
"WP5442","Wnt/Beta-catenin signaling inhibitors in current and past clinical trials","1387;64840;4041;1499;4040","78030"
"WP3658","Wnt/beta-catenin signaling in leukemia","22943;4609;6929;51176;5467;2932;7471;5914;7704;607;862;2322;5371;207;4040;324;1452;4041;11197;8313;57167;26108;3728;8323;595;1499","26078"
"WP3529","Zinc homeostasis","4520;7779;91252;55334;57181;221074;64116;283375;55630;29985;29986;27173;4489;4490;4493;4494;4495;4496;4499;4501;4502;4504;4500;84560;7922;201266;10463;7782;55532;7781;7780;23516;64924;148867;55676;25800;169026","29105"
"WP3302","eIF5A regulation in response to inhibition of the nuclear export system","1984;64328;10642;7514",""
"WP2805","exRNA mechanism of action and biogenesis","23405;57510;29102;90459;54487;27161","39025"
"WP3299","let-7 inhibition of ES cell reprogramming","4609;131405;1958;406881;6657;9314;5460;406882;406885;406886;406887;406888;406889;406890;406891",""
"WP4258","lncRNA in canonical Wnt signaling and colorectal cancer","10297;1857;5328;8607;10023;2932;1460;324;89780;7976;51176;3190;1454;595;8325;83439;7476;1021;6934;7481;7471;3725;4041;11211;8324;106614088;81029;1499;7472;6929;1452;7482;6424;1856;7475;896;2146;7474;4919;8321;4040;83999;51384;8323;6259;54361;101929777;7473;1457;8312;7480;6885;7855;7477;1855;57680;80326;1024;122011;283106;8061;55506;4609;1459;894;7020;8326;467;6932;2535;4920;22943;27123;27121;50964;5176;23401;6422;6423;6425;147111;9350;11197;64840;85407;85409;80319;59343;51701;56998;64321;1487;1488;406951;406950;283120;3192;8313",""
"WP3672","lncRNA-mediated mechanisms of therapeutic resistance","7475;3091;5243;598;7157;1026",""
"WP4829","mBDNF and proBDNF regulation of GABA neurotransmission","2554;5335;627;387;160;1390;1385;6774;57468;4915;4804;5728;5290;5291;5295;5296;8503;5294;161;163;6093;3717;6464;2555;2556;2557;2558;2559;2560;2561;2562;2565;2566;2567;2563;2564;2568;55879",""
"WP411","mRNA processing","9128;6627;84991;6634;22916;22826;8732;6632;8175;6633;22803;8449;4670;3178;10659;8405;3181;84844;83443;10236;24148;4904;8683;57794;4809;23450;55660;5681;6629;3188;9410;3192;5094;51690;1653;6732;7307;6434;6733;3190;6829;6729;8899;10658;6426;10978;6636;56339;6431;10482;10992;6421;10181;9129;10772;1479;10914;3184;51692;3182;11129;5430;23405;8106;6066;3276;10898;6433;6428;10291;10421;57819;10972;53981;29894;6427;5496;11051;10262;1478;9785;3183;140890;6429;1196;10594;10946;6638;57396;23451;3275;11218;4841;56853;6430;8559;23283;5725;1477;3191;11338;6432;1660;10147;10250;8731;6635;51362;6637;27316;6628;8243;6625;10907;4686;1659;1195;1198;58155;9343;9584;6626;3187;2521;10921;1665","17345;16284"
"WP5187","mRNA vaccine activation of dendritic cell and induction of IFN-1","3140;57506;3665;3661;23586;64135;7098;8792;51284;51311",""
"WP3953","mRNA, protein, and metabolite inducation pathway by cyclosporin A","6520;8140;6510;468;23657;4780;9817","18367;15603;26523;15356;17191;17895;16414;16828;16857;16977;18050;17196;16761;17561"
"WP3938","miR-222 in exercise-induced cardiac growth","1027;79618;28996;204851",""
"WP3967","miR-509-3p alteration of YAP1/ECM axis","9564;1909;2335;6678;7058;10082;1277;1281;1289;5090;7291;6591;10413;100126337;7003;8463;7005;7004",""
"WP3596","miR-517 relationship with ARCN1 and USP1","7398;372;1026;3397;3398",""
"WP2338","miRNA biogenesis","5901;57510;29102;23405;54487;6895","16497"
"WP4316","miRNA degrading enzymes","54512;87178;54464",""
"WP1530","miRNA regulation of DNA damage response","5888;317;9133;5893;5925;4616;1026;25;545;1017;896;1647;1027;5884;5981;1111;55367;63970;595;637;842;10912;894;5371;4683;11200;2177;1020;11011;9874;2810;406948;672;1643;5366;6118;4193;355;9134;5810;5591;841;900;581;836;1021;472;27244;1869;1019;8243;54205;406982;7157;406937;135458;898;85417;27113;10111;4609;50484;983;1385;4361;995;84126;5883;8795;3014;407012;891;993","22333;16469;27732"
"WP3982","miRNA regulation of p53 pathway in prostate cancer","472;11200;100616323;7157;693129;100302270;693128;4193;6477;5728;1643;143686;5054;51246;9538;581;8795;5366;27113;841;407019;64065;64393;100616330;637;406958;63970;192668;317;842;836","16991;26523;16480"
"WP3981","miRNA regulation of prostate cancer signaling","5604;1387;4790;5154;367;7157;4792;596;354;595;5159;5290;2885;6654;3845;5894;5594;10000;842;572;2308;1026;1027;4193;2932;8517;2475;90993;1499;6932;5605","16991;16618"
"WP4329","miRNA role in immune response in sepsis","7099;51284;6885;3654;3552;4615;3383;406891;574447;115891964;51135;7189;23118;10454;114614;8517;1147;3551;406950;406951;406976;406977;406913;407046;7187;51311;406941;406984;406985;406986;100616173;768212;1432;5599;3663;3659;3665;4792;5970;4791;5971;5966;4790;3576;6348;6351;7412;1991;3934;3002;3569;406991;407021;406937;406947;7124;3586;406899;406900;406979;406911;406912;406963;406906","16412"
"WP2911","miRNA targets in ECM and membrane receptors","3910;6383;407031;407033;1281;7058;1284;1282;50509;1291;1292;1278;1290;1293;1289;7148;3913;7057;3915;2335;407032;406933;442892;406983;407014;693124;693174;100500863;100500895;407030;407049;406985;3694;3693;22801;3672;406984;554210",""
"WP1545","miRNAs involved in DNA damage response","406953;442916;1869;4609;406888;472;664617;100313923;406886;406900;100422842;442917;494336;407008;407024;406992;100126317;100126302;25;1021;407019;1026;406935;595;407026;407010;406948;898;574506;406971;574505;406881;406950;406991;407014;1027;407006;406979;406995;3014;407050;407021;896;406955;406892;406986;406937;407041;406980;1385;406884;442918;407042;574456;993;407007;693122;407011;554213;7157;407018;406949;406952;406982;407048;693123;5893;442902",""
"WP3595","mir-124 predicted interactions with cell cycle and differentiation ","51804;55437;6794;5562;5725;58190",""
"WP4337","ncRNAs involved in STAT3 signaling in hepatocellular carcinoma","3716;5970;3569;3572;4790;406991;3590;6774;3589;3570;3717;3718;6935;6659;406983;406984;406985",""
"WP4336","ncRNAs involved in Wnt signaling in hepatocellular carcinoma","1857;5328;10023;2932;406996;1460;324;89780;7976;51176;1454;595;8325;83439;7476;6934;7481;83595;7471;3725;4041;11211;8324;81029;1499;7472;1452;7482;6424;1856;7475;896;7474;4919;8321;4040;83999;51384;8323;574412;6259;54361;101929777;7473;1457;8312;7480;7855;7477;1855;57680;80326;122011;283106;8061;4609;1459;894;8326;6932;2535;1994;2146;4920;22943;27123;27121;50964;5176;23401;6422;6423;6425;147111;9350;11197;64840;85407;85409;80319;59343;51701;56998;64321;1487;1488;92140;406953;9314",""
"WP5027","nsp1 from SARS-CoV-2 inhibits translation initiation in the host cell","8662;8667;8668;8666;8664;8669;3646;8663;8661;8665;8894;1968;1983;1965;1964;10209","13145"
"WP400","p38 MAPK signaling","9261;2885;7186;8550;3315;6464;5608;4293;5879;7046;4209;1386;6772;1385;4217;8569;6885;8737;9252;1432;2002;4149;3265;998;3150;5321;6416;1649;5923;7042;1616;113523636;4214;4609;8717",""
"WP4963","p53 transcriptional gene network","57521;407040;84335;144455;5563;317;2810;2475;1017;356;5111;9540;6790;9997;53632;54541;64223;8795;5562;51422;7124;995;64798;898;5571;7249;407042;581;355;5366;63970;9618;64065;55367;27113;10572;8793;7832;900;1026;1647;407041;10879;56475;64393;5054;5371;1643;2073;105376156;2176;7520;4255;4292;4436;5429;51426;50484;7508;6303;23657;27165;406985;5268;3976;406937;79923;4851;84129;136;8659;126129;55332;2517;6513;2876;5564;5565;5728;27244;83667;57103;94241;8408;9706;575;6376;3383;3663;10379;9636;6347;4688;7057;80329;80328;993",""
